game_id,playerNameI,period,y_true_drop,y_pred_drop,severity,reason
S2324-G0011,B. Ingram,2,-1.1113247863247864,9.808923249869984,HIGH,Predicted next-period drop in performance (fatigue risk).
S2324-G0011,B. Ingram,3,-1.0353921568627449,8.168554945744427,HIGH,Predicted next-period drop in performance (fatigue risk).
S2324-G0011,J. Green,1,17.680833333333336,14.583133471551244,HIGH,Predicted next-period drop in performance (fatigue risk).
S2324-G0011,J. Hawkins,3,30.334343434343435,16.409669920342417,HIGH,Predicted next-period drop in performance (fatigue risk).
S2324-G0011,Z. Williamson,1,12.453535353535354,12.829291346065917,HIGH,Predicted next-period drop in performance (fatigue risk).
S2324-G0024,A. Gordon,1,10.250000000000002,8.654679444001463,HIGH,Predicted next-period drop in performance (fatigue risk).
S2324-G0024,J. Harden,1,23.03809523809524,15.241135679439068,HIGH,Predicted next-period drop in performance (fatigue risk).
S2324-G0024,J. Harden,3,19.3030303030303,8.027808342290161,HIGH,Predicted next-period drop in performance (fatigue risk).
S2324-G0024,N. Jokic,1,13.262027972027967,18.69011226016193,HIGH,Predicted next-period drop in performance (fatigue risk).
S2324-G0024,P. George,1,-2.8249999999999993,9.049049506547208,HIGH,Predicted next-period drop in performance (fatigue risk).
S2324-G0024,P. George,2,18.897727272727273,10.861712815195965,HIGH,Predicted next-period drop in performance (fatigue risk).
S2324-G0024,R. Jackson,2,17.531135531135533,10.800007389546783,HIGH,Predicted next-period drop in performance (fatigue risk).
S2324-G0032,D. Fox,2,-5.743650793650794,10.649970374776554,HIGH,Predicted next-period drop in performance (fatigue risk).
S2324-G0032,D. Fox,3,-3.4525641025641,16.44917671579988,HIGH,Predicted next-period drop in performance (fatigue risk).
S2324-G0032,D. Sabonis,1,15.263492063492064,9.653251177041644,HIGH,Predicted next-period drop in performance (fatigue risk).
S2324-G0032,V. Wembanyama,1,14.095833333333331,17.00737195460076,HIGH,Predicted next-period drop in performance (fatigue risk).
S2324-G0032,Z. Collins,2,16.12744039586145,11.35911393438117,HIGH,Predicted next-period drop in performance (fatigue risk).
S2324-G0044,D. Booker,1,9.346984126984124,11.743199280150014,HIGH,Predicted next-period drop in performance (fatigue risk).
S2324-G0044,G. Allen,2,15.267857142857142,9.362010407209358,HIGH,Predicted next-period drop in performance (fatigue risk).
S2324-G0044,S. Aldama,2,5.546190476190475,9.963175171528478,HIGH,Predicted next-period drop in performance (fatigue risk).
S2324-G0045,J. Jaquez Jr.,2,6.107936507936511,15.643802249378718,HIGH,Predicted next-period drop in performance (fatigue risk).
S2324-G0045,J. Randle,1,13.803333333333336,9.513968857183844,HIGH,Predicted next-period drop in performance (fatigue risk).
S2324-G0045,K. Lowry,3,16.10465367965368,9.426524441744384,HIGH,Predicted next-period drop in performance (fatigue risk).
S2324-G0050,A. Edwards,2,1.5960317460317448,9.300284413881991,HIGH,Predicted next-period drop in performance (fatigue risk).
S2324-G0050,D. Fox,2,-1.949242424242424,8.81497795823589,HIGH,Predicted next-period drop in performance (fatigue risk).
S2324-G0050,D. Fox,3,-19.965476190476192,9.615769007974109,HIGH,Predicted next-period drop in performance (fatigue risk).
S2324-G0050,D. Sabonis,1,18.491774891774888,11.543041691989975,HIGH,Predicted next-period drop in performance (fatigue risk).
S2324-G0050,H. Barnes,1,21.633333333333333,11.033423927295988,HIGH,Predicted next-period drop in performance (fatigue risk).
S2324-G0050,K. Towns,2,13.86984126984127,10.875311749453209,HIGH,Predicted next-period drop in performance (fatigue risk).
S2324-G0050,M. Monk,2,22.562545787545787,12.823870362657136,HIGH,Predicted next-period drop in performance (fatigue risk).
S2324-G0052,B. Ingram,1,31.45833333333333,22.48322607383441,HIGH,Predicted next-period drop in performance (fatigue risk).
S2324-G0052,J. Hawkins,2,14.777777777777777,9.163434692621443,HIGH,Predicted next-period drop in performance (fatigue risk).
S2324-G0052,N. Powell,2,22.924786324786325,14.859105552947334,HIGH,Predicted next-period drop in performance (fatigue risk).
S2324-G0052,P. George,2,4.258577533577533,11.07214090878959,HIGH,Predicted next-period drop in performance (fatigue risk).
S2324-G0052,P. George,3,-14.81819291819292,8.316112949061397,HIGH,Predicted next-period drop in performance (fatigue risk).
S2324-G0052,Z. Williamson,3,5.235436507936509,12.994516405645191,HIGH,Predicted next-period drop in performance (fatigue risk).
S2324-G0055,B. Bogdanovic,2,17.576610644257705,11.87013948603636,HIGH,Predicted next-period drop in performance (fatigue risk).
S2324-G0055,D. Murray,1,17.295238095238094,8.65287277638222,HIGH,Predicted next-period drop in performance (fatigue risk).
S2324-G0057,B. Miller,2,16.057142857142857,8.110484550690428,HIGH,Predicted next-period drop in performance (fatigue risk).
S2324-G0057,J. Brunson,3,9.658730158730158,8.516133129811083,HIGH,Predicted next-period drop in performance (fatigue risk).
S2324-G0057,J. Randle,1,13.81047619047619,10.99554142921256,HIGH,Predicted next-period drop in performance (fatigue risk).
S2324-G0057,J. Randle,3,19.85796164619694,9.20126472890853,HIGH,Predicted next-period drop in performance (fatigue risk).
S2324-G0057,P. Washington,3,22.175579975579975,10.461644839464284,HIGH,Predicted next-period drop in performance (fatigue risk).
S2324-G0059,A. Holiday,3,10.362710622710626,8.898305884803415,HIGH,Predicted next-period drop in performance (fatigue risk).
S2324-G0059,J. Green,1,9.738487394957986,10.20891719780701,HIGH,Predicted next-period drop in performance (fatigue risk).
S2324-G0059,J. Green,3,21.297844075429214,8.3486075101052,HIGH,Predicted next-period drop in performance (fatigue risk).
S2324-G0059,K. Irving,3,-6.968506493506492,8.900193219862986,HIGH,Predicted next-period drop in performance (fatigue risk).
S2324-G0059,L. Doncic,1,0.6313797313797309,9.175260525768843,HIGH,Predicted next-period drop in performance (fatigue risk).
S2324-G0059,L. Doncic,3,-7.972727272727273,11.44353586761064,HIGH,Predicted next-period drop in performance (fatigue risk).
S2324-G0059,T. Hardaway Jr.,1,4.625,9.59007298519588,HIGH,Predicted next-period drop in performance (fatigue risk).
S2324-G0064,B. Mathurin,2,11.147610722610722,11.366254144459512,HIGH,Predicted next-period drop in performance (fatigue risk).
S2324-G0064,D. Gallinari,1,14.683333333333332,9.02345515376816,HIGH,Predicted next-period drop in performance (fatigue risk).
S2324-G0064,T. Haliburton,3,42.62943722943723,22.65620912161439,HIGH,Predicted next-period drop in performance (fatigue risk).
S2324-G0064,T. Jones,1,12.3,9.797888540784689,HIGH,Predicted next-period drop in performance (fatigue risk).
S2324-G0071,B. Ingram,1,7.379166666666666,7.959195827823994,HIGH,Predicted next-period drop in performance (fatigue risk).
S2324-G0071,B. Ingram,3,15.030124777183602,10.309121921009448,HIGH,Predicted next-period drop in performance (fatigue risk).
S2324-G0071,D. Bane,1,10.97969696969697,12.06587336222158,HIGH,Predicted next-period drop in performance (fatigue risk).
S2324-G0071,M. Ryan,2,18.289177489177487,7.961660657910179,HIGH,Predicted next-period drop in performance (fatigue risk).
S2324-G0077,C. Cunningham,1,12.954761904761906,9.309561542647444,HIGH,Predicted next-period drop in performance (fatigue risk).
S2324-G0077,G. Hayward,3,22.62161172161172,13.83457022262088,HIGH,Predicted next-period drop in performance (fatigue risk).
S2324-G0077,J. Ivey,3,10.025,9.351914828187352,HIGH,Predicted next-period drop in performance (fatigue risk).
S2324-G0079,B. Bogdanovic,2,14.250641025641029,11.44544356959503,HIGH,Predicted next-period drop in performance (fatigue risk).
S2324-G0079,C. Capela,3,18.735897435897435,8.548021263461946,HIGH,Predicted next-period drop in performance (fatigue risk).
S2324-G0079,D. Hunter,1,11.361752136752138,9.303069313784093,HIGH,Predicted next-period drop in performance (fatigue risk).
S2324-G0079,I. Quickley,2,16.217307692307696,9.596732392435747,HIGH,Predicted next-period drop in performance (fatigue risk).
S2324-G0079,J. Brunson,3,18.50064102564103,17.59554075326038,HIGH,Predicted next-period drop in performance (fatigue risk).
S2324-G0082,C. White,3,17.15302197802198,8.316112949061397,HIGH,Predicted next-period drop in performance (fatigue risk).
S2324-G0082,D. DeRozan,4,23.259523809523813,15.465058159056143,HIGH,Predicted next-period drop in performance (fatigue risk).
S2324-G0082,G. Trent Jr.,4,31.742650103519665,19.891433915575075,HIGH,Predicted next-period drop in performance (fatigue risk).
S2324-G0082,P. Siakam,3,11.044175824175822,9.189744419770085,HIGH,Predicted next-period drop in performance (fatigue risk).
S2324-G0087,K. Murray,3,12.958888888888888,9.0607930560492,HIGH,Predicted next-period drop in performance (fatigue risk).
S2324-G0087,K. Thompson,3,12.852380952380951,11.378785973246057,HIGH,Predicted next-period drop in performance (fatigue risk).
S2324-G0087,S. Curry,3,18.30555555555555,16.263091164326173,HIGH,Predicted next-period drop in performance (fatigue risk).
S2324-G0089,C. Kispert,2,36.75739750445633,20.159960638501623,HIGH,Predicted next-period drop in performance (fatigue risk).
S2324-G0089,D. Avdija,2,10.537272727272724,8.531707596518924,HIGH,Predicted next-period drop in performance (fatigue risk).
S2324-G0089,D. Bane,3,-2.953333333333333,11.706783700019376,HIGH,Predicted next-period drop in performance (fatigue risk).
S2324-G0089,J. Poole,3,23.17233082706767,20.9053853675022,HIGH,Predicted next-period drop in performance (fatigue risk).
S2324-G0089,K. Kuzma,1,8.282251082251085,9.295144537592824,HIGH,Predicted next-period drop in performance (fatigue risk).
S2324-G0089,T. Jones,3,12.777777777777777,9.072900747335533,HIGH,Predicted next-period drop in performance (fatigue risk).
S2324-G0097,B. Bogdanovic,2,20.417307692307695,10.966053630089506,HIGH,Predicted next-period drop in performance (fatigue risk).
S2324-G0097,C. Capela,1,15.657575757575756,9.54647768610462,HIGH,Predicted next-period drop in performance (fatigue risk).
S2324-G0097,D. Hunter,3,15.324761904761903,11.2550759410091,HIGH,Predicted next-period drop in performance (fatigue risk).
S2324-G0097,D. Murray,2,13.816666666666666,10.433206885885602,HIGH,Predicted next-period drop in performance (fatigue risk).
S2324-G0097,J. Johnson,2,20.4275,8.030412563030742,HIGH,Predicted next-period drop in performance (fatigue risk).
S2324-G0102,D. DeRozan,3,4.727960927960929,12.480030253740448,HIGH,Predicted next-period drop in performance (fatigue risk).
S2324-G0102,N. Vucevic,1,15.422987012987011,9.112255106956004,HIGH,Predicted next-period drop in performance (fatigue risk).
S2324-G0102,N. Vucevic,3,9.28860962566845,11.454239313461802,HIGH,Predicted next-period drop in performance (fatigue risk).
S2324-G0102,T. Haliburton,1,7.760000000000002,9.14335957689984,HIGH,Predicted next-period drop in performance (fatigue risk).
S2324-G0108,C. McCollum,2,11.316872800402209,20.39144374393448,HIGH,Predicted next-period drop in performance (fatigue risk).
S2324-G0108,C. McCollum,3,20.840392156862745,8.501163005796085,HIGH,Predicted next-period drop in performance (fatigue risk).
S2324-G0108,G. Payton II,2,20.717307692307692,12.929603265983836,HIGH,Predicted next-period drop in performance (fatigue risk).
S2324-G0108,M. Moody,3,10.893939393939393,8.00030610645469,HIGH,Predicted next-period drop in performance (fatigue risk).
S2324-G0108,S. Curry,1,25.666666666666664,17.669354419896678,HIGH,Predicted next-period drop in performance (fatigue risk).
S2324-G0108,S. Curry,3,-2.0712287712287747,12.21848273711179,HIGH,Predicted next-period drop in performance (fatigue risk).
S2324-G0108,Z. Williamson,1,18.714285714285715,13.933210355714818,HIGH,Predicted next-period drop in performance (fatigue risk).
S2324-G0110,A. Gordon,2,13.070476190476192,7.925580395093101,HIGH,Predicted next-period drop in performance (fatigue risk).
S2324-G0110,J. Collins,2,16.123376623376622,11.179507675783723,HIGH,Predicted next-period drop in performance (fatigue risk).
S2324-G0110,J. Murray,1,17.76666666666667,14.22788231750068,HIGH,Predicted next-period drop in performance (fatigue risk).
S2324-G0110,L. Markkanen,3,11.680183868419164,17.989848377346085,HIGH,Predicted next-period drop in performance (fatigue risk).
S2324-G0114,G. Harris,2,11.783333333333331,8.035580320322637,HIGH,Predicted next-period drop in performance (fatigue risk).
S2324-G0114,N. Powell,2,19.257142857142856,9.0421311258811,HIGH,Predicted next-period drop in performance (fatigue risk).
S2324-G0114,P. George,3,22.535714285714285,14.728598582921563,HIGH,Predicted next-period drop in performance (fatigue risk).
S2324-G0114,R. Westbrook,3,36.95823894775301,21.71414133289323,HIGH,Predicted next-period drop in performance (fatigue risk).
S2324-G0124,D. DeRozan,3,14.96095238095238,10.9636550837483,HIGH,Predicted next-period drop in performance (fatigue risk).
S2324-G0124,D. Jones Jr.,3,16.2993894993895,11.357668222010483,HIGH,Predicted next-period drop in performance (fatigue risk).
S2324-G0124,G. Williams,1,13.903030303030302,8.09213956935426,HIGH,Predicted next-period drop in performance (fatigue risk).
S2324-G0124,T. Hardaway Jr.,3,3.3000000000000007,8.46743850202213,HIGH,Predicted next-period drop in performance (fatigue risk).
S2324-G0124,Z. LaVine,1,3.466666666666669,10.512818239553887,HIGH,Predicted next-period drop in performance (fatigue risk).
S2324-G0129,A. Thompson,1,14.652852049910871,11.466680553563725,HIGH,Predicted next-period drop in performance (fatigue risk).
S2324-G0129,C. McCollum,1,-13.680311355311355,9.303069313784093,HIGH,Predicted next-period drop in performance (fatigue risk).
S2324-G0129,C. McCollum,2,16.746520146520147,17.044304488591994,HIGH,Predicted next-period drop in performance (fatigue risk).
S2324-G0129,M. Ryan,1,14.990000000000002,8.181893991527023,HIGH,Predicted next-period drop in performance (fatigue risk).
S2324-G0136,C. Thomas,2,0.0761904761904759,11.057765170293402,HIGH,Predicted next-period drop in performance (fatigue risk).
S2324-G0136,C. Thomas,3,7.600000000000001,11.150058875428034,HIGH,Predicted next-period drop in performance (fatigue risk).
S2324-G0136,J. Tatum,1,-9.724675324675324,9.452556335150897,HIGH,Predicted next-period drop in performance (fatigue risk).
S2324-G0136,J. Tatum,2,27.22242424242424,18.325119709443925,HIGH,Predicted next-period drop in performance (fatigue risk).
S2324-G0136,S. Dinwiddie,3,21.438095238095244,15.911629222637202,HIGH,Predicted next-period drop in performance (fatigue risk).
S2324-G0141,J. Poeltl,3,23.959047619047617,11.482979828636038,HIGH,Predicted next-period drop in performance (fatigue risk).
S2324-G0141,K. Johnson,4,20.473809523809525,8.040034126274175,HIGH,Predicted next-period drop in performance (fatigue risk).
S2324-G0141,O. Anunoby,1,11.575,7.866367787531707,HIGH,Predicted next-period drop in performance (fatigue risk).
S2324-G0141,S. Barnes,3,-11.240043859649116,10.309432699828308,HIGH,Predicted next-period drop in performance (fatigue risk).
S2324-G0141,S. Barnes,4,33.36754385964912,17.37393672412506,HIGH,Predicted next-period drop in performance (fatigue risk).
S2324-G0148,J. Embiid,1,-9.894848484848485,9.193277983744514,HIGH,Predicted next-period drop in performance (fatigue risk).
S2324-G0148,J. Embiid,2,-20.2852380952381,12.645457483567952,HIGH,Predicted next-period drop in performance (fatigue risk).
S2324-G0148,J. Poole,3,12.512307692307694,10.648830050903948,HIGH,Predicted next-period drop in performance (fatigue risk).
S2324-G0148,K. Kuzma,2,18.61948051948052,21.630732102689763,HIGH,Predicted next-period drop in performance (fatigue risk).
S2324-G0148,T. Harris,1,6.3941558441558435,9.288124160290913,HIGH,Predicted next-period drop in performance (fatigue risk).
S2324-G0148,T. Jones,3,14.96060606060606,11.601124406247848,HIGH,Predicted next-period drop in performance (fatigue risk).
S2324-G0148,T. Maxey,3,-2.293939393939393,8.002011682562907,HIGH,Predicted next-period drop in performance (fatigue risk).
S2324-G0156,B. Ingram,1,-0.3095238095238066,8.020700398711769,HIGH,Predicted next-period drop in performance (fatigue risk).
S2324-G0156,J. Hawkins,2,14.720833333333337,17.080129783502944,HIGH,Predicted next-period drop in performance (fatigue risk).
S2324-G0156,J. Strawther,2,-14.611942959001777,8.241292083938976,HIGH,Predicted next-period drop in performance (fatigue risk).
S2324-G0156,K. Caldwell-Pope,3,4.589047619047619,9.278514127969467,HIGH,Predicted next-period drop in performance (fatigue risk).
S2324-G0156,M. Porter Jr.,1,12.30995670995671,9.346575911962818,HIGH,Predicted next-period drop in performance (fatigue risk).
S2324-G0156,N. Jokic,1,16.04583333333333,22.438024430350023,HIGH,Predicted next-period drop in performance (fatigue risk).
S2324-G0156,Z. Williamson,3,7.376709401709402,14.937526890762436,HIGH,Predicted next-period drop in performance (fatigue risk).
S2324-G0157,D. Gallinari,2,15.012857142857142,12.282694771200426,HIGH,Predicted next-period drop in performance (fatigue risk).
S2324-G0157,K. Kuzma,1,6.350396825396828,15.380186136108629,HIGH,Predicted next-period drop in performance (fatigue risk).
S2324-G0157,K. Kuzma,2,13.005303030303027,9.752161306146627,HIGH,Predicted next-period drop in performance (fatigue risk).
S2324-G0157,L. Ball,1,14.125133689839572,16.186494365404503,HIGH,Predicted next-period drop in performance (fatigue risk).
S2324-G0157,L. Ball,3,7.366666666666667,8.190787614442282,HIGH,Predicted next-period drop in performance (fatigue risk).
S2324-G0159,J. Embiid,1,19.58763197586727,13.734289732491158,HIGH,Predicted next-period drop in performance (fatigue risk).
S2324-G0159,J. Embiid,3,22.640837104072396,16.3856251723196,HIGH,Predicted next-period drop in performance (fatigue risk).
S2324-G0159,K. Porzingis,2,14.752272727272723,8.044946772537712,HIGH,Predicted next-period drop in performance (fatigue risk).
S2324-G0159,S. Hauser,2,9.525,7.841663550836416,HIGH,Predicted next-period drop in performance (fatigue risk).
S2324-G0159,T. Maxey,2,25.814210526315783,20.4406730575626,HIGH,Predicted next-period drop in performance (fatigue risk).
S2324-G0164,J. Jackson Jr.,3,0.7136752136752129,11.217924719214729,HIGH,Predicted next-period drop in performance (fatigue risk).
S2324-G0164,L. Kennard,1,15.830555555555556,9.807330951191584,HIGH,Predicted next-period drop in performance (fatigue risk).
S2324-G0169,A. Wiggins,3,8.096969696969696,9.558090535834706,HIGH,Predicted next-period drop in performance (fatigue risk).
S2324-G0169,M. Porter Jr.,1,12.717748917748915,10.474912025472449,HIGH,Predicted next-period drop in performance (fatigue risk).
S2324-G0169,N. Jokic,1,-1.3848076923076924,9.46690103869176,HIGH,Predicted next-period drop in performance (fatigue risk).
S2324-G0169,N. Jokic,3,17.15897435897436,14.016796555662602,HIGH,Predicted next-period drop in performance (fatigue risk).
S2324-G0169,R. Jackson,2,23.06969696969697,14.249400200665404,HIGH,Predicted next-period drop in performance (fatigue risk).
S2324-G0169,S. Curry,2,6.461904761904762,8.947641988402513,HIGH,Predicted next-period drop in performance (fatigue risk).
S2324-G0171,B. Hield,3,16.50888888888889,14.71370717591648,HIGH,Predicted next-period drop in performance (fatigue risk).
S2324-G0171,B. Mathurin,2,15.158333333333331,10.504909547173808,HIGH,Predicted next-period drop in performance (fatigue risk).
S2324-G0171,G. Antetokounmpo,1,-14.68976608187134,8.572613530886906,HIGH,Predicted next-period drop in performance (fatigue risk).
S2324-G0171,G. Antetokounmpo,2,-2.159122807017546,16.55480702385246,HIGH,Predicted next-period drop in performance (fatigue risk).
S2324-G0171,G. Antetokounmpo,3,14.42862745098039,18.64886501841123,HIGH,Predicted next-period drop in performance (fatigue risk).
S2324-G0171,K. Middleton,2,20.880952380952383,12.132132447045608,HIGH,Predicted next-period drop in performance (fatigue risk).
S2324-G0171,M. Turner,2,9.831493506493503,8.798173395734818,HIGH,Predicted next-period drop in performance (fatigue risk).
S2324-G0175,B. Adebayo,1,8.614285714285716,9.28777765221272,HIGH,Predicted next-period drop in performance (fatigue risk).
S2324-G0175,D. Murray,3,25.82470588235294,17.00032487212665,HIGH,Predicted next-period drop in performance (fatigue risk).
S2324-G0175,J. Jaquez Jr.,2,6.202564102564104,8.506098304120226,HIGH,Predicted next-period drop in performance (fatigue risk).
S2324-G0179,P. George,2,25.257878787878784,14.192946382078317,HIGH,Predicted next-period drop in performance (fatigue risk).
S2324-G0185,J. Williams,2,16.53030303030303,11.408389984290965,HIGH,Predicted next-period drop in performance (fatigue risk).
S2324-G0185,S. Gilgeous-Alexander,1,12.966666666666669,13.114769642131662,HIGH,Predicted next-period drop in performance (fatigue risk).
S2324-G0185,S. Gilgeous-Alexander,3,-0.2704761904761916,8.28979944203901,HIGH,Predicted next-period drop in performance (fatigue risk).
S2324-G0193,B. Bogdanovic,2,3.8923076923076927,9.68099238286155,HIGH,Predicted next-period drop in performance (fatigue risk).
S2324-G0193,D. DiVincenzo,2,13.244444444444444,7.945166800450647,HIGH,Predicted next-period drop in performance (fatigue risk).
S2324-G0193,I. Quickley,2,13.255000000000004,10.710732679900683,HIGH,Predicted next-period drop in performance (fatigue risk).
S2324-G0193,J. Randle,1,32.885,26.659776831383432,HIGH,Predicted next-period drop in performance (fatigue risk).
S2324-G0193,Q. Grimes,3,15.273333333333332,10.364595938235816,HIGH,Predicted next-period drop in performance (fatigue risk).
S2324-G0193,S. Bey,2,13.316666666666666,13.287406233514238,HIGH,Predicted next-period drop in performance (fatigue risk).
S2324-G0197,A. Edwards,2,18.26666666666667,10.017520593537924,HIGH,Predicted next-period drop in performance (fatigue risk).
S2324-G0197,D. Booker,1,8.674999999999997,13.928144724660225,HIGH,Predicted next-period drop in performance (fatigue risk).
S2324-G0197,D. Eubanks,2,28.96111111111111,22.18489100105417,HIGH,Predicted next-period drop in performance (fatigue risk).
S2324-G0197,K. Durant,2,1.0857142857142854,9.16535884091708,HIGH,Predicted next-period drop in performance (fatigue risk).
S2324-G0197,K. Durant,3,15.389177489177488,8.519031920308866,HIGH,Predicted next-period drop in performance (fatigue risk).
S2324-G0197,K. Towns,1,25.674242424242426,16.906941922738635,HIGH,Predicted next-period drop in performance (fatigue risk).
S2324-G0197,K. Towns,3,22.847619047619048,11.559810599723807,HIGH,Predicted next-period drop in performance (fatigue risk).
S2324-G0199,D. Mitchell,2,6.528373518466399,9.810269270000466,HIGH,Predicted next-period drop in performance (fatigue risk).
S2324-G0199,D. Reath,3,12.273333333333332,8.38145582978011,HIGH,Predicted next-period drop in performance (fatigue risk).
S2324-G0200,J. Butler,3,32.17727272727272,24.599119575574186,HIGH,Predicted next-period drop in performance (fatigue risk).
S2324-G0200,L. Walker IV,2,-13.877499999999998,8.904170250104517,HIGH,Predicted next-period drop in performance (fatigue risk).
S2324-G0200,L. Walker IV,3,22.640833333333333,20.389391288283836,HIGH,Predicted next-period drop in performance (fatigue risk).
S2324-G0209,B. Brown,2,17.8468253968254,13.39878939549802,HIGH,Predicted next-period drop in performance (fatigue risk).
S2324-G0209,F. Wagner,2,15.4875,14.834225438467383,HIGH,Predicted next-period drop in performance (fatigue risk).
S2324-G0209,J. Nwora,3,-3.4244444444444433,10.723017619201356,HIGH,Predicted next-period drop in performance (fatigue risk).
S2324-G0209,P. Banchero,2,8.628406593406591,13.215858254216435,HIGH,Predicted next-period drop in performance (fatigue risk).
S2324-G0210,A. Gordon,2,5.018181818181821,10.238114348059003,HIGH,Predicted next-period drop in performance (fatigue risk).
S2324-G0210,J. Allen,3,29.362357250592545,20.351215494728883,HIGH,Predicted next-period drop in performance (fatigue risk).
S2324-G0210,M. Porter Jr.,1,16.386324786324785,10.624328140262898,HIGH,Predicted next-period drop in performance (fatigue risk).
S2324-G0211,C. Cunningham,1,1.336363636363636,10.433025996238174,HIGH,Predicted next-period drop in performance (fatigue risk).
S2324-G0211,C. Cunningham,2,9.640476190476193,11.270142315660928,HIGH,Predicted next-period drop in performance (fatigue risk).
S2324-G0211,D. Schroder,1,20.467307692307692,14.789948267842224,HIGH,Predicted next-period drop in performance (fatigue risk).
S2324-G0211,S. Barnes,2,13.495238095238095,10.41943246152336,HIGH,Predicted next-period drop in performance (fatigue risk).
S2324-G0219,D. Lillard,1,22.2175,13.32211741093117,HIGH,Predicted next-period drop in performance (fatigue risk).
S2324-G0219,G. Antetokounmpo,1,2.3454751131221734,10.577769817600124,HIGH,Predicted next-period drop in performance (fatigue risk).
S2324-G0219,G. Antetokounmpo,3,15.345079365079371,13.500691701633937,HIGH,Predicted next-period drop in performance (fatigue risk).
S2324-G0219,J. Poole,1,1.3285714285714292,8.89801225822512,HIGH,Predicted next-period drop in performance (fatigue risk).
S2324-G0219,J. Poole,2,12.785844155844154,8.230944733808679,HIGH,Predicted next-period drop in performance (fatigue risk).
S2324-G0219,K. Kuzma,3,17.621212121212125,16.966863907929753,HIGH,Predicted next-period drop in performance (fatigue risk).
S2324-G0219,K. Middleton,2,14.87952380952381,10.437658024883833,HIGH,Predicted next-period drop in performance (fatigue risk).
S2324-G0221,A. Edwards,3,7.690357142857142,12.857227241549875,HIGH,Predicted next-period drop in performance (fatigue risk).
S2324-G0221,I. Quickley,2,6.911558441558441,10.22962007182045,HIGH,Predicted next-period drop in performance (fatigue risk).
S2324-G0221,J. Brunson,1,15.036507936507938,10.813315894787928,HIGH,Predicted next-period drop in performance (fatigue risk).
S2324-G0221,J. Randle,2,12.972380952380956,11.555397791282685,HIGH,Predicted next-period drop in performance (fatigue risk).
S2324-G0221,R. Barrett,1,9.438536463536463,9.480837229817874,HIGH,Predicted next-period drop in performance (fatigue risk).
S2324-G0232,A. Edwards,1,13.138039215686277,19.281833023065353,HIGH,Predicted next-period drop in performance (fatigue risk).
S2324-G0232,A. Edwards,3,26.8875,13.664362804422437,HIGH,Predicted next-period drop in performance (fatigue risk).
S2324-G0232,D. Melton,2,14.799545454545456,10.086467780829537,HIGH,Predicted next-period drop in performance (fatigue risk).
S2324-G0232,M. Morris Sr.,3,22.64444444444444,10.634894155925664,HIGH,Predicted next-period drop in performance (fatigue risk).
S2324-G0232,T. Maxey,3,19.675238095238093,10.884026534590935,HIGH,Predicted next-period drop in performance (fatigue risk).
S2324-G0234,A. Caruso,3,8.844444444444443,8.147500767647069,HIGH,Predicted next-period drop in performance (fatigue risk).
S2324-G0234,C. White,2,23.626666666666665,16.71375708114287,HIGH,Predicted next-period drop in performance (fatigue risk).
S2324-G0234,D. DeRozan,3,5.381372549019609,11.602518357028268,HIGH,Predicted next-period drop in performance (fatigue risk).
S2324-G0234,S. Gilgeous-Alexander,1,9.993333333333334,12.10426981801933,HIGH,Predicted next-period drop in performance (fatigue risk).
S2324-G0234,S. Gilgeous-Alexander,3,14.669206349206352,15.243290075450844,HIGH,Predicted next-period drop in performance (fatigue risk).
S2324-G0241,C. Capela,2,2.6401515151515156,9.237228008898413,HIGH,Predicted next-period drop in performance (fatigue risk).
S2324-G0241,D. Murray,1,21.937878787878788,12.385780099871852,HIGH,Predicted next-period drop in performance (fatigue risk).
S2324-G0241,S. Bey,2,7.988095238095239,10.94159799700459,HIGH,Predicted next-period drop in performance (fatigue risk).
S2324-G0241,T. Young,3,12.003333333333336,9.903614053978185,HIGH,Predicted next-period drop in performance (fatigue risk).
S2324-G0244,K. Irving,1,25.80302197802198,16.163906534815602,HIGH,Predicted next-period drop in performance (fatigue risk).
S2324-G0244,K. Irving,3,0.1022755022755035,8.253702123118117,HIGH,Predicted next-period drop in performance (fatigue risk).
S2324-G0244,L. Doncic,2,19.95,19.63874639547068,HIGH,Predicted next-period drop in performance (fatigue risk).
S2324-G0244,P. George,2,8.935897435897438,8.24531262901569,HIGH,Predicted next-period drop in performance (fatigue risk).
S2324-G0244,T. Mann,1,14.025,9.61382740817406,HIGH,Predicted next-period drop in performance (fatigue risk).
S2324-G0245,D. Lillard,1,7.63111111111111,10.072834198897544,HIGH,Predicted next-period drop in performance (fatigue risk).
S2324-G0245,G. Antetokounmpo,1,-0.5138888888888893,9.677049405848676,HIGH,Predicted next-period drop in performance (fatigue risk).
S2324-G0245,G. Antetokounmpo,2,7.861616161616162,9.298652759480635,HIGH,Predicted next-period drop in performance (fatigue risk).
S2324-G0245,M. Brogdon,2,14.753214285714284,12.53646603660408,HIGH,Predicted next-period drop in performance (fatigue risk).
S2324-G0245,S. Sharpe,3,20.767307692307693,8.785881066150129,HIGH,Predicted next-period drop in performance (fatigue risk).
S2324-G0248,B. Miller,3,13.916422466422468,11.325302616097312,HIGH,Predicted next-period drop in performance (fatigue risk).
S2324-G0248,F. Wagner,2,-5.989797457444514,13.071562313060635,HIGH,Predicted next-period drop in performance (fatigue risk).
S2324-G0248,F. Wagner,3,10.91214177978884,18.70066752747439,HIGH,Predicted next-period drop in performance (fatigue risk).
S2324-G0248,P. Banchero,3,5.743606393606395,8.199576776734734,HIGH,Predicted next-period drop in performance (fatigue risk).
S2324-G0266,B. McGowens,3,15.266666666666666,7.927671057215561,HIGH,Predicted next-period drop in performance (fatigue risk).
S2324-G0266,C. Thomas,1,-0.9620129870129864,10.94265025200953,HIGH,Predicted next-period drop in performance (fatigue risk).
S2324-G0266,C. Thomas,2,5.399999999999999,8.320181915422834,HIGH,Predicted next-period drop in performance (fatigue risk).
S2324-G0266,M. Bridges,1,11.864980117921297,23.052938648434015,HIGH,Predicted next-period drop in performance (fatigue risk).
S2324-G0266,M. Bridges,2,-15.251693404634576,10.43746020476808,HIGH,Predicted next-period drop in performance (fatigue risk).
S2324-G0266,M. Bridges,3,21.858080808080803,24.264824182454134,HIGH,Predicted next-period drop in performance (fatigue risk).
S2324-G0266,T. Rozier,2,0.658991596638657,16.0856592961659,HIGH,Predicted next-period drop in performance (fatigue risk).
S2324-G0266,T. Rozier,3,6.892039072039072,14.20531032619112,HIGH,Predicted next-period drop in performance (fatigue risk).
S2324-G0267,A. Nesmith,2,14.013333333333332,7.845101120496325,HIGH,Predicted next-period drop in performance (fatigue risk).
S2324-G0267,C. Martin,2,12.567543859649126,7.874442891887448,HIGH,Predicted next-period drop in performance (fatigue risk).
S2324-G0267,J. Butler,3,24.351378446115287,22.541309063881005,HIGH,Predicted next-period drop in performance (fatigue risk).
S2324-G0267,O. Toppin,3,13.71919191919192,13.77470370042781,HIGH,Predicted next-period drop in performance (fatigue risk).
S2324-G0267,T. Haliburton,1,-6.641168831168827,12.49056433930483,HIGH,Predicted next-period drop in performance (fatigue risk).
S2324-G0267,T. Haliburton,2,16.97840659340659,18.69919441472551,HIGH,Predicted next-period drop in performance (fatigue risk).
S2324-G0271,A. Davis,1,25.002272727272725,20.525309237084123,HIGH,Predicted next-period drop in performance (fatigue risk).
S2324-G0271,A. Davis,3,17.450641025641026,9.35213257370186,HIGH,Predicted next-period drop in performance (fatigue risk).
S2324-G0271,S. Gilgeous-Alexander,1,19.25730769230769,18.599044270647237,HIGH,Predicted next-period drop in performance (fatigue risk).
S2324-G0271,S. Gilgeous-Alexander,3,21.06571428571429,11.88867353888368,HIGH,Predicted next-period drop in performance (fatigue risk).
S2324-G0276,D. DiVincenzo,2,-8.406666666666666,8.674798121720318,HIGH,Predicted next-period drop in performance (fatigue risk).
S2324-G0276,J. Brunson,1,11.13650793650794,12.278465409883824,HIGH,Predicted next-period drop in performance (fatigue risk).
S2324-G0276,J. Hart,3,31.214285714285715,17.5887108038021,HIGH,Predicted next-period drop in performance (fatigue risk).
S2324-G0276,J. Randle,1,18.572222222222223,11.035948095451731,HIGH,Predicted next-period drop in performance (fatigue risk).
S2324-G0276,R. Barrett,1,3.248518148518148,8.89801225822512,HIGH,Predicted next-period drop in performance (fatigue risk).
S2324-G0276,S. Barnes,3,8.922222222222224,9.963764719273104,HIGH,Predicted next-period drop in performance (fatigue risk).
S2324-G0278,C. Osman,1,17.25,9.398177431107047,HIGH,Predicted next-period drop in performance (fatigue risk).
S2324-G0278,J. Valanciunas,1,5.64235347985348,9.943736481536114,HIGH,Predicted next-period drop in performance (fatigue risk).
S2324-G0278,M. Branham,2,18.501190476190477,8.018751286755675,HIGH,Predicted next-period drop in performance (fatigue risk).
S2324-G0278,T. Murphy III,3,6.7233333333333345,8.994959682521657,HIGH,Predicted next-period drop in performance (fatigue risk).
S2324-G0278,Z. Williamson,2,15.3625,12.807376652537103,HIGH,Predicted next-period drop in performance (fatigue risk).
S2324-G0287,J. Williams,1,8.014705882352935,17.640397025684308,HIGH,Predicted next-period drop in performance (fatigue risk).
S2324-G0287,L. Doncic,1,3.6104278074866336,11.070048011562642,HIGH,Predicted next-period drop in performance (fatigue risk).
S2324-G0290,A. Gordon,2,11.366666666666664,8.819564239287757,HIGH,Predicted next-period drop in performance (fatigue risk).
S2324-G0290,D. Sabonis,1,9.9590367965368,10.477993098145618,HIGH,Predicted next-period drop in performance (fatigue risk).
S2324-G0290,J. McGee,2,17.3,10.221739466675762,HIGH,Predicted next-period drop in performance (fatigue risk).
S2324-G0290,K. Murray,3,14.983333333333333,10.334325830046875,HIGH,Predicted next-period drop in performance (fatigue risk).
S2324-G0290,N. Jokic,1,34.8658371040724,28.37940320941885,HIGH,Predicted next-period drop in performance (fatigue risk).
S2324-G0290,N. Jokic,3,4.581372549019612,9.807716190000065,HIGH,Predicted next-period drop in performance (fatigue risk).
S2324-G0291,A. Davis,1,11.505714285714284,13.663668251732709,HIGH,Predicted next-period drop in performance (fatigue risk).
S2324-G0291,A. Reaves,2,21.07638888888889,18.45915918167984,HIGH,Predicted next-period drop in performance (fatigue risk).
S2324-G0291,A. Sengun,1,22.865714285714283,14.935523507460829,HIGH,Predicted next-period drop in performance (fatigue risk).
S2324-G0291,A. Sengun,3,18.7875,20.594467009684433,HIGH,Predicted next-period drop in performance (fatigue risk).
S2324-G0291,F. VanVleet,2,16.368333333333332,12.85704643284874,HIGH,Predicted next-period drop in performance (fatigue risk).
S2324-G0291,J. Green,1,12.691087344028524,9.350060715817705,HIGH,Predicted next-period drop in performance (fatigue risk).
S2324-G0291,L. James,2,17.133214285714285,9.940680861427102,HIGH,Predicted next-period drop in performance (fatigue risk).
S2324-G0293,B. Mathurin,2,14.103203463203464,17.656316815683432,HIGH,Predicted next-period drop in performance (fatigue risk).
S2324-G0293,C. Cunningham,1,20.303896103896108,20.386075423491516,HIGH,Predicted next-period drop in performance (fatigue risk).
S2324-G0295,J. Embiid,1,5.269523809523811,13.067677416096409,HIGH,Predicted next-period drop in performance (fatigue risk).
S2324-G0295,J. Poole,1,22.885560053981106,10.130069445881029,HIGH,Predicted next-period drop in performance (fatigue risk).
S2324-G0295,K. Kuzma,1,10.853383609854198,13.627642355318764,HIGH,Predicted next-period drop in performance (fatigue risk).
S2324-G0295,P. Beverley,1,15.297619047619047,9.878859185226602,HIGH,Predicted next-period drop in performance (fatigue risk).
S2324-G0295,T. Maxey,1,-6.852092352092356,8.009670796144508,HIGH,Predicted next-period drop in performance (fatigue risk).
S2324-G0295,T. Maxey,2,20.522222222222226,12.172108391829296,HIGH,Predicted next-period drop in performance (fatigue risk).
S2324-G0297,J. Brunson,3,10.888917748917748,9.212671089187308,HIGH,Predicted next-period drop in performance (fatigue risk).
S2324-G0297,J. Randle,1,30.731942959001778,22.84134179771908,HIGH,Predicted next-period drop in performance (fatigue risk).
S2324-G0297,J. Randle,3,17.246666666666666,9.95893316560021,HIGH,Predicted next-period drop in performance (fatigue risk).
S2324-G0297,O. Anunoby,1,18.417748917748916,10.503816403128784,HIGH,Predicted next-period drop in performance (fatigue risk).
S2324-G0297,O. Anunoby,3,24.17470588235294,20.290973851097153,HIGH,Predicted next-period drop in performance (fatigue risk).
S2324-G0297,P. Siakam,3,14.114285714285714,9.66823534018262,HIGH,Predicted next-period drop in performance (fatigue risk).
S2324-G0297,Q. Grimes,2,20.4,13.812479331157384,HIGH,Predicted next-period drop in performance (fatigue risk).
S2324-G0297,S. Barnes,2,17.150396825396825,14.26660005650139,HIGH,Predicted next-period drop in performance (fatigue risk).
S2324-G0298,D. Vassell,2,12.919523809523811,13.382201136638718,HIGH,Predicted next-period drop in performance (fatigue risk).
S2324-G0298,J. Green,2,22.96323529411765,14.95647253228109,HIGH,Predicted next-period drop in performance (fatigue risk).
S2324-G0298,M. Branham,2,15.212301587301583,9.799037459028774,HIGH,Predicted next-period drop in performance (fatigue risk).
S2324-G0298,V. Wembanyama,3,17.91748917748918,8.488105729983806,HIGH,Predicted next-period drop in performance (fatigue risk).
S2324-G0299,D. Bane,2,10.594705882352942,9.408486741332052,HIGH,Predicted next-period drop in performance (fatigue risk).
S2324-G0299,D. Exum,2,18.23088235294118,14.625264020452946,HIGH,Predicted next-period drop in performance (fatigue risk).
S2324-G0299,J. Hardy,2,9.366666666666667,8.699173419117207,HIGH,Predicted next-period drop in performance (fatigue risk).
S2324-G0299,J. Jackson Jr.,1,-1.2279365079365083,8.742227345218108,HIGH,Predicted next-period drop in performance (fatigue risk).
S2324-G0299,J. Jackson Jr.,2,-7.919999999999998,7.824071489184367,HIGH,Predicted next-period drop in performance (fatigue risk).
S2324-G0299,J. Jackson Jr.,3,1.8566666666666656,14.948886305077364,HIGH,Predicted next-period drop in performance (fatigue risk).
S2324-G0299,L. Doncic,1,1.3571428571428577,12.153618675741734,HIGH,Predicted next-period drop in performance (fatigue risk).
S2324-G0299,L. Doncic,3,4.613095238095241,7.889357870573286,HIGH,Predicted next-period drop in performance (fatigue risk).
S2324-G0304,I. Zubac,1,34.94583333333333,20.131744499129763,HIGH,Predicted next-period drop in performance (fatigue risk).
S2324-G0304,J. Harden,2,5.866666666666669,10.96214953630648,HIGH,Predicted next-period drop in performance (fatigue risk).
S2324-G0304,K. Leonard,1,13.730844155844151,8.844383715788588,HIGH,Predicted next-period drop in performance (fatigue risk).
S2324-G0304,K. Leonard,3,11.877272727272723,21.89935071912627,HIGH,Predicted next-period drop in performance (fatigue risk).
S2324-G0304,M. Thybulle,3,18.299999999999997,9.140793663602889,HIGH,Predicted next-period drop in performance (fatigue risk).
S2324-G0304,N. Powell,2,18.59157509157509,14.53200653544376,HIGH,Predicted next-period drop in performance (fatigue risk).
S2324-G0304,S. Henderson,2,6.663888888888888,9.905587230608786,HIGH,Predicted next-period drop in performance (fatigue risk).
S2324-G0304,S. Sharpe,1,17.824285714285715,14.79383690124012,HIGH,Predicted next-period drop in performance (fatigue risk).
S2324-G0307,A. Gordon,2,14.803030303030305,7.9611092910707475,HIGH,Predicted next-period drop in performance (fatigue risk).
S2324-G0307,C. White,3,16.226173826173827,11.311701269275051,HIGH,Predicted next-period drop in performance (fatigue risk).
S2324-G0307,J. Strawther,3,4.1351648351648365,7.86840387910773,HIGH,Predicted next-period drop in performance (fatigue risk).
S2324-G0307,M. Porter Jr.,3,24.842738095238097,13.754565839473727,HIGH,Predicted next-period drop in performance (fatigue risk).
S2324-G0307,N. Vucevic,2,7.896703296703297,7.94509307603527,HIGH,Predicted next-period drop in performance (fatigue risk).
S2324-G0307,R. Jackson,1,0.0901098901098897,8.65287277638222,HIGH,Predicted next-period drop in performance (fatigue risk).
S2324-G0310,B. Bogdanovic,1,3.074450549450553,9.424204533907568,HIGH,Predicted next-period drop in performance (fatigue risk).
S2324-G0310,C. Cunningham,2,4.981818181818181,12.33727338068678,HIGH,Predicted next-period drop in performance (fatigue risk).
S2324-G0310,J. Embiid,1,10.561417748917751,27.27863113108565,HIGH,Predicted next-period drop in performance (fatigue risk).
S2324-G0310,J. Wiseman,1,17.599999999999998,11.09206636679998,HIGH,Predicted next-period drop in performance (fatigue risk).
S2324-G0322,C. Thomas,2,14.317058823529417,10.665537802393466,HIGH,Predicted next-period drop in performance (fatigue risk).
S2324-G0322,J. Murray,2,12.451666666666668,8.295210826509345,HIGH,Predicted next-period drop in performance (fatigue risk).
S2324-G0324,D. Fox,2,-2.7134523809523827,10.105755290421277,HIGH,Predicted next-period drop in performance (fatigue risk).
S2324-G0324,D. Fox,3,-8.752380952380946,8.77200605841062,HIGH,Predicted next-period drop in performance (fatigue risk).
S2324-G0324,D. Sabonis,2,8.908333333333331,12.285687238486416,HIGH,Predicted next-period drop in performance (fatigue risk).
S2324-G0324,J. Giddey,3,6.372954545454544,11.458883356391038,HIGH,Predicted next-period drop in performance (fatigue risk).
S2324-G0324,M. Monk,3,12.757142857142858,9.194813401638733,HIGH,Predicted next-period drop in performance (fatigue risk).
S2324-G0324,S. Gilgeous-Alexander,1,21.918888888888887,19.977450941995592,HIGH,Predicted next-period drop in performance (fatigue risk).
S2324-G0324,S. Gilgeous-Alexander,3,7.319813519813515,16.88733772580936,HIGH,Predicted next-period drop in performance (fatigue risk).
S2324-G0328,B. Hield,3,5.555555555555557,8.600857320706023,HIGH,Predicted next-period drop in performance (fatigue risk).
S2324-G0328,C. Kispert,2,7.680000000000003,11.884628377548207,HIGH,Predicted next-period drop in performance (fatigue risk).
S2324-G0328,D. Gafford,3,19.58904761904762,8.56293524313998,HIGH,Predicted next-period drop in performance (fatigue risk).
S2324-G0328,J. Poole,2,1.3000000000000007,11.24310255198756,HIGH,Predicted next-period drop in performance (fatigue risk).
S2324-G0328,J. Poole,3,25.914285714285715,11.500805032238691,HIGH,Predicted next-period drop in performance (fatigue risk).
S2324-G0329,J. Brown,1,15.123809523809523,13.114769642131662,HIGH,Predicted next-period drop in performance (fatigue risk).
S2324-G0329,J. Tatum,2,13.245833333333334,14.784051137714233,HIGH,Predicted next-period drop in performance (fatigue risk).
S2324-G0329,P. Banchero,3,22.555555555555557,11.95697864111244,HIGH,Predicted next-period drop in performance (fatigue risk).
S2324-G0329,P. Pritchard,1,16.418571428571425,10.054245774531736,HIGH,Predicted next-period drop in performance (fatigue risk).
S2324-G0334,B. Bogdanovic,2,5.089377289377289,10.184983160947166,HIGH,Predicted next-period drop in performance (fatigue risk).
S2324-G0334,B. Portis,2,26.575555555555553,23.5383920751797,HIGH,Predicted next-period drop in performance (fatigue risk).
S2324-G0334,C. Cunningham,1,5.473333333333333,7.974884875769367,HIGH,Predicted next-period drop in performance (fatigue risk).
S2324-G0334,D. Lillard,1,20.980714285714285,23.875524485378403,HIGH,Predicted next-period drop in performance (fatigue risk).
S2324-G0343,D. DiVincenzo,1,18.066666666666663,8.950153858114048,HIGH,Predicted next-period drop in performance (fatigue risk).
S2324-G0343,I. Zubac,1,22.77171717171717,10.400222014233242,HIGH,Predicted next-period drop in performance (fatigue risk).
S2324-G0343,J. Randle,1,11.513888888888888,12.086141162454554,HIGH,Predicted next-period drop in performance (fatigue risk).
S2324-G0343,J. Randle,3,20.818181818181817,8.039678406820931,HIGH,Predicted next-period drop in performance (fatigue risk).
S2324-G0343,K. Leonard,1,8.482251082251084,11.407400867633848,HIGH,Predicted next-period drop in performance (fatigue risk).
S2324-G0343,P. George,3,14.35904761904762,13.899143457717413,HIGH,Predicted next-period drop in performance (fatigue risk).
S2324-G0343,R. Barrett,3,20.34444444444444,11.495501813199224,HIGH,Predicted next-period drop in performance (fatigue risk).
S2324-G0343,T. Mann,2,13.586666666666666,9.581344551490153,HIGH,Predicted next-period drop in performance (fatigue risk).
S2324-G0345,B. Ingram,1,8.416452991452992,11.000388426958692,HIGH,Predicted next-period drop in performance (fatigue risk).
S2324-G0345,C. McCollum,2,5.30952380952381,8.461959312840692,HIGH,Predicted next-period drop in performance (fatigue risk).
S2324-G0345,C. Osman,2,18.142307692307693,14.658893653533935,HIGH,Predicted next-period drop in performance (fatigue risk).
S2324-G0345,D. Vassell,3,18.61428571428571,8.036344353915627,HIGH,Predicted next-period drop in performance (fatigue risk).
S2324-G0351,C. White,1,23.866666666666667,18.264095652672157,HIGH,Predicted next-period drop in performance (fatigue risk).
S2324-G0351,J. Embiid,1,18.972380952380952,20.77775917430017,HIGH,Predicted next-period drop in performance (fatigue risk).
S2324-G0351,J. Embiid,3,18.237012987012985,16.312328186318627,HIGH,Predicted next-period drop in performance (fatigue risk).
S2324-G0356,J. Murray,2,-2.012626262626263,10.50133904551924,HIGH,Predicted next-period drop in performance (fatigue risk).
S2324-G0356,L. Doncic,1,-20.41372549019608,8.779157850895162,HIGH,Predicted next-period drop in performance (fatigue risk).
S2324-G0356,L. Doncic,2,23.139201680672272,20.24706908668031,HIGH,Predicted next-period drop in performance (fatigue risk).
S2324-G0359,A. Davis,3,12.359166666666669,14.086573520280613,HIGH,Predicted next-period drop in performance (fatigue risk).
S2324-G0359,A. Reaves,1,2.57032967032967,8.462208793563558,HIGH,Predicted next-period drop in performance (fatigue risk).
S2324-G0359,I. Quickley,1,9.181818181818178,10.577432357221644,HIGH,Predicted next-period drop in performance (fatigue risk).
S2324-G0359,J. Randle,1,13.335858585858588,13.204480328382122,HIGH,Predicted next-period drop in performance (fatigue risk).
S2324-G0362,D. Saric,2,10.384415584415583,9.102564850175462,HIGH,Predicted next-period drop in performance (fatigue risk).
S2324-G0362,D. White,3,15.347619047619045,17.85781746195981,HIGH,Predicted next-period drop in performance (fatigue risk).
S2324-G0362,J. Brown,1,22.835427807486628,17.878719972038752,HIGH,Predicted next-period drop in performance (fatigue risk).
S2324-G0362,J. Kuminga,2,18.636363636363637,11.200125828250988,HIGH,Predicted next-period drop in performance (fatigue risk).
S2324-G0362,K. Thompson,1,11.687272727272727,9.492591071307627,HIGH,Predicted next-period drop in performance (fatigue risk).
S2324-G0362,S. Curry,4,12.747272727272726,15.492350911736615,HIGH,Predicted next-period drop in performance (fatigue risk).
S2324-G0364,J. Collins,2,14.869444444444444,7.950925831110386,HIGH,Predicted next-period drop in performance (fatigue risk).
S2324-G0364,M. Strus,3,9.94761904761905,10.710431655992505,HIGH,Predicted next-period drop in performance (fatigue risk).
S2324-G0364,S. Merrill,2,24.866666666666667,13.530279092151922,HIGH,Predicted next-period drop in performance (fatigue risk).
S2324-G0364,W. Kessler,3,19.5,8.926836609499361,HIGH,Predicted next-period drop in performance (fatigue risk).
S2324-G0366,D. Robinson,2,15.090476190476188,8.961839753924497,HIGH,Predicted next-period drop in performance (fatigue risk).
S2324-G0366,F. Wagner,1,16.642307692307696,8.997030115614082,HIGH,Predicted next-period drop in performance (fatigue risk).
S2324-G0366,H. Highsmith,2,28.169230769230772,17.85156989060386,HIGH,Predicted next-period drop in performance (fatigue risk).
S2324-G0366,J. Isaac,2,13.5,10.490966603826427,HIGH,Predicted next-period drop in performance (fatigue risk).
S2324-G0366,T. Herro,1,7.845164835164834,10.812099296595916,HIGH,Predicted next-period drop in performance (fatigue risk).
S2324-G0368,C. Johnson,2,7.605860805860807,10.649385855458569,HIGH,Predicted next-period drop in performance (fatigue risk).
S2324-G0368,C. Thomas,3,23.895238095238096,12.571406923581062,HIGH,Predicted next-period drop in performance (fatigue risk).
S2324-G0368,D. DiVincenzo,1,8.653896103896104,9.745052019119576,HIGH,Predicted next-period drop in performance (fatigue risk).
S2324-G0368,I. Quickley,2,13.346320346320343,9.936599815694102,HIGH,Predicted next-period drop in performance (fatigue risk).
S2324-G0368,J. Randle,1,16.45571428571428,19.50650900013143,HIGH,Predicted next-period drop in performance (fatigue risk).
S2324-G0368,R. O'Neale,2,12.97802197802198,10.824182572564816,HIGH,Predicted next-period drop in performance (fatigue risk).
S2324-G0372,K. Leonard,1,13.01904761904762,12.773583977205128,HIGH,Predicted next-period drop in performance (fatigue risk).
S2324-G0372,L. Doncic,1,-4.745833333333337,14.54565164542958,HIGH,Predicted next-period drop in performance (fatigue risk).
S2324-G0372,L. Doncic,2,23.26602564102565,13.056238973159608,HIGH,Predicted next-period drop in performance (fatigue risk).
S2324-G0372,T. Hardaway Jr.,2,2.573974358974361,13.88025959598153,HIGH,Predicted next-period drop in performance (fatigue risk).
S2324-G0372,T. Hardaway Jr.,3,9.968333333333334,10.280219789250728,HIGH,Predicted next-period drop in performance (fatigue risk).
S2324-G0377,D. Bane,1,5.070129870129868,10.00663418651978,HIGH,Predicted next-period drop in performance (fatigue risk).
S2324-G0377,D. Bane,3,8.43888888888889,14.34895734035226,HIGH,Predicted next-period drop in performance (fatigue risk).
S2324-G0377,J. Jackson Jr.,1,23.554545454545455,13.997647016807656,HIGH,Predicted next-period drop in performance (fatigue risk).
S2324-G0377,J. Morant,3,3.921969696969697,9.209652586858963,HIGH,Predicted next-period drop in performance (fatigue risk).
S2324-G0377,S. Aldama,2,17.335238095238097,10.836741749465997,HIGH,Predicted next-period drop in performance (fatigue risk).
S2324-G0377,T. Haliburton,3,10.56034632034632,12.658816569876338,HIGH,Predicted next-period drop in performance (fatigue risk).
S2324-G0378,D. Lillard,1,11.866666666666664,9.33413326722079,HIGH,Predicted next-period drop in performance (fatigue risk).
S2324-G0378,D. Lillard,3,14.780952380952384,12.512564561588317,HIGH,Predicted next-period drop in performance (fatigue risk).
S2324-G0378,G. Antetokounmpo,1,14.5971052631579,22.76426285112895,HIGH,Predicted next-period drop in performance (fatigue risk).
S2324-G0378,M. Wagner,1,2.958333333333332,8.882982612455544,HIGH,Predicted next-period drop in performance (fatigue risk).
S2324-G0378,P. Banchero,3,12.436969696969696,10.4459273071567,HIGH,Predicted next-period drop in performance (fatigue risk).
S2324-G0383,C. Thomas,3,-4.899440909967225,10.513191536770492,HIGH,Predicted next-period drop in performance (fatigue risk).
S2324-G0383,J. Murray,3,12.871774891774894,19.776136480075973,HIGH,Predicted next-period drop in performance (fatigue risk).
S2324-G0383,N. Jokic,1,8.840833333333332,8.080361645373348,HIGH,Predicted next-period drop in performance (fatigue risk).
S2324-G0411,A. Edwards,1,17.46923076923077,12.086141162454554,HIGH,Predicted next-period drop in performance (fatigue risk).
S2324-G0411,M. Conley,3,7.300000000000001,9.297445994908207,HIGH,Predicted next-period drop in performance (fatigue risk).
S2324-G0411,S. Gilgeous-Alexander,1,6.142812742812744,11.09767503723479,HIGH,Predicted next-period drop in performance (fatigue risk).
S2324-G0411,S. Gilgeous-Alexander,3,21.54,12.640150588789696,HIGH,Predicted next-period drop in performance (fatigue risk).
S2324-G0414,J. Harden,1,0.0257142857142831,9.23088361165852,HIGH,Predicted next-period drop in performance (fatigue risk).
S2324-G0414,M. Bridges,3,11.68034188034188,10.515779983545116,HIGH,Predicted next-period drop in performance (fatigue risk).
S2324-G0414,P. Washington,3,8.484415584415583,8.119976182702164,HIGH,Predicted next-period drop in performance (fatigue risk).
S2324-G0416,O. Anunoby,2,14.285714285714288,13.282544807179146,HIGH,Predicted next-period drop in performance (fatigue risk).
S2324-G0416,P. Siakam,1,22.412665112665113,9.08515992802899,HIGH,Predicted next-period drop in performance (fatigue risk).
S2324-G0416,P. Siakam,3,17.272058823529413,12.083253633724809,HIGH,Predicted next-period drop in performance (fatigue risk).
S2324-G0421,A. Burks,4,15.244444444444444,8.816025005183512,HIGH,Predicted next-period drop in performance (fatigue risk).
S2324-G0421,B. Bogdanovic,4,14.15302197802198,12.520066156983598,HIGH,Predicted next-period drop in performance (fatigue risk).
S2324-G0421,C. Cunningham,1,4.949999999999999,14.468028865152712,HIGH,Predicted next-period drop in performance (fatigue risk).
S2324-G0421,D. White,4,0.5642857142857132,7.850867377674592,HIGH,Predicted next-period drop in performance (fatigue risk).
S2324-G0421,J. Ivey,4,6.821111111111108,10.2209093930885,HIGH,Predicted next-period drop in performance (fatigue risk).
S2324-G0421,J. Tatum,1,17.326984126984126,21.714384768605864,HIGH,Predicted next-period drop in performance (fatigue risk).
S2324-G0421,J. Tatum,3,4.716666666666669,12.888958858630865,HIGH,Predicted next-period drop in performance (fatigue risk).
S2324-G0421,K. Porzingis,1,22.229166666666668,8.582482039715456,HIGH,Predicted next-period drop in performance (fatigue risk).
S2324-G0421,K. Porzingis,4,14.4,14.845729116332944,HIGH,Predicted next-period drop in performance (fatigue risk).
S2324-G0421,P. Pritchard,2,27.491575091575093,18.515929825303836,HIGH,Predicted next-period drop in performance (fatigue risk).
S2324-G0424,B. Ingram,3,5.008888888888887,10.268156245089884,HIGH,Predicted next-period drop in performance (fatigue risk).
S2324-G0424,C. Sexton,3,0.1391025641025649,8.579780379641132,HIGH,Predicted next-period drop in performance (fatigue risk).
S2324-G0425,D. Bane,1,13.96984126984127,9.554494718058429,HIGH,Predicted next-period drop in performance (fatigue risk).
S2324-G0425,N. Jokic,1,22.33137254901961,14.719113617812312,HIGH,Predicted next-period drop in performance (fatigue risk).
S2324-G0429,F. Wagner,2,8.206854256854257,13.177988976276248,HIGH,Predicted next-period drop in performance (fatigue risk).
S2324-G0429,J. Randle,1,26.722483130904187,22.913019720810173,HIGH,Predicted next-period drop in performance (fatigue risk).
S2324-G0429,J. Randle,3,1.1909090909090914,9.256788805104645,HIGH,Predicted next-period drop in performance (fatigue risk).
S2324-G0429,J. Suggs,3,17.78888888888889,12.356336582394071,HIGH,Predicted next-period drop in performance (fatigue risk).
S2324-G0429,P. Banchero,1,10.920000000000002,9.494061447677062,HIGH,Predicted next-period drop in performance (fatigue risk).
S2324-G0429,P. Banchero,3,16.825714285714287,11.27195157494076,HIGH,Predicted next-period drop in performance (fatigue risk).
S2324-G0430,C. Thomas,2,6.389696969696969,9.345368154092354,HIGH,Predicted next-period drop in performance (fatigue risk).
S2324-G0430,K. Kuzma,1,20.56142857142857,12.052649144362393,HIGH,Predicted next-period drop in performance (fatigue risk).
S2324-G0430,K. Kuzma,3,1.1585858585858588,9.14939044959022,HIGH,Predicted next-period drop in performance (fatigue risk).
S2324-G0433,D. Lillard,1,16.254945054945054,8.172504463073004,HIGH,Predicted next-period drop in performance (fatigue risk).
S2324-G0433,D. Lillard,3,13.15858585858586,15.88759083831916,HIGH,Predicted next-period drop in performance (fatigue risk).
S2324-G0433,D. Mitchell,1,7.583097165991905,11.325385195456285,HIGH,Predicted next-period drop in performance (fatigue risk).
S2324-G0433,G. Antetokounmpo,2,-8.332722832722833,8.067165905766519,HIGH,Predicted next-period drop in performance (fatigue risk).
S2324-G0433,G. Antetokounmpo,3,17.05534188034188,13.269097926150398,HIGH,Predicted next-period drop in performance (fatigue risk).
S2324-G0433,J. Allen,1,27.783333333333335,23.527614429067786,HIGH,Predicted next-period drop in performance (fatigue risk).
S2324-G0434,A. Sengun,3,16.134632034632034,14.642543339280053,HIGH,Predicted next-period drop in performance (fatigue risk).
S2324-G0434,F. VanVleet,1,18.68940476190476,13.302384479570163,HIGH,Predicted next-period drop in performance (fatigue risk).
S2324-G0434,J. Green,1,4.6170274170274155,15.812379920837158,HIGH,Predicted next-period drop in performance (fatigue risk).
S2324-G0434,J. Green,2,-4.720436507936505,9.777826267397284,HIGH,Predicted next-period drop in performance (fatigue risk).
S2324-G0434,J. Green,3,8.39304226475279,13.59216120959183,HIGH,Predicted next-period drop in performance (fatigue risk).
S2324-G0434,T. Eason,2,13.127272727272723,9.847036477710862,HIGH,Predicted next-period drop in performance (fatigue risk).
S2324-G0434,T. Maxey,1,-15.576631701631698,12.561759666806068,HIGH,Predicted next-period drop in performance (fatigue risk).
S2324-G0434,T. Maxey,2,22.375757575757575,25.059085738727443,HIGH,Predicted next-period drop in performance (fatigue risk).
S2324-G0439,B. Adebayo,3,12.775901875901877,8.416345931456412,HIGH,Predicted next-period drop in performance (fatigue risk).
S2324-G0439,C. Sexton,2,16.247008547008548,12.147220787349632,HIGH,Predicted next-period drop in performance (fatigue risk).
S2324-G0439,K. Love,1,14.0,8.883087889131211,HIGH,Predicted next-period drop in performance (fatigue risk).
S2324-G0439,S. Fontecchio,3,13.658333333333331,8.715593255418376,HIGH,Predicted next-period drop in performance (fatigue risk).
S2324-G0439,T. Herro,2,3.3000000000000007,7.861219421160992,HIGH,Predicted next-period drop in performance (fatigue risk).
S2324-G0448,D. Vassell,1,11.828333333333337,9.538919307648426,HIGH,Predicted next-period drop in performance (fatigue risk).
S2324-G0448,J. Sochan,2,20.47619047619047,9.898909745218518,HIGH,Predicted next-period drop in performance (fatigue risk).
S2324-G0448,J. Tatum,2,-2.620119047619049,13.458344816100867,HIGH,Predicted next-period drop in performance (fatigue risk).
S2324-G0448,J. Tatum,3,28.579166666666666,13.020474049603866,HIGH,Predicted next-period drop in performance (fatigue risk).
S2324-G0448,V. Wembanyama,1,3.492207792207793,9.602073566684307,HIGH,Predicted next-period drop in performance (fatigue risk).
S2324-G0454,B. Mathurin,3,5.933943833943836,10.182649995744637,HIGH,Predicted next-period drop in performance (fatigue risk).
S2324-G0454,D. Lillard,1,13.724999999999998,8.903878067472247,HIGH,Predicted next-period drop in performance (fatigue risk).
S2324-G0454,G. Antetokounmpo,1,10.976025641025643,10.46429545105336,HIGH,Predicted next-period drop in performance (fatigue risk).
S2324-G0454,K. Middleton,2,14.019047619047615,10.014634879718065,HIGH,Predicted next-period drop in performance (fatigue risk).
S2324-G0454,T. Haliburton,3,-0.3877899877899864,8.108798347722889,HIGH,Predicted next-period drop in performance (fatigue risk).
S2324-G0459,A. Drummond,3,23.32878787878788,9.23691738897754,HIGH,Predicted next-period drop in performance (fatigue risk).
S2324-G0459,J. Embiid,2,10.5144315333789,16.261447450951323,HIGH,Predicted next-period drop in performance (fatigue risk).
S2324-G0459,K. Oubre Jr.,1,19.242307692307698,10.82952587907154,HIGH,Predicted next-period drop in performance (fatigue risk).
S2324-G0479,J. Tatum,2,21.575901875901877,15.725752644406125,HIGH,Predicted next-period drop in performance (fatigue risk).
S2324-G0483,J. Brunson,2,21.215584415584416,22.75587947822271,HIGH,Predicted next-period drop in performance (fatigue risk).
S2324-G0483,J. Embiid,1,3.984415584415583,13.845067843923562,HIGH,Predicted next-period drop in performance (fatigue risk).
S2324-G0483,J. Embiid,3,21.729166666666664,12.758081324176375,HIGH,Predicted next-period drop in performance (fatigue risk).
S2324-G0483,M. McBride,1,21.497142857142855,10.32684337111679,HIGH,Predicted next-period drop in performance (fatigue risk).
S2324-G0483,O. Anunoby,2,7.408333333333333,9.057217209265906,HIGH,Predicted next-period drop in performance (fatigue risk).
S2324-G0483,T. Maxey,1,6.903174603174605,13.933210355714818,HIGH,Predicted next-period drop in performance (fatigue risk).
S2324-G0486,K. Leonard,3,8.930555555555555,8.449018540754567,HIGH,Predicted next-period drop in performance (fatigue risk).
S2324-G0486,P. George,1,1.1142857142857103,8.440213714314748,HIGH,Predicted next-period drop in performance (fatigue risk).
S2324-G0487,D. Reath,2,20.57802197802198,10.484988054848444,HIGH,Predicted next-period drop in performance (fatigue risk).
S2324-G0487,J. Hardy,2,19.00785714285714,12.504618853455288,HIGH,Predicted next-period drop in performance (fatigue risk).
S2324-G0487,K. Irving,1,13.722398190045253,14.076403153002625,HIGH,Predicted next-period drop in performance (fatigue risk).
S2324-G0487,T. Hardaway Jr.,1,14.29636363636364,9.453395725519425,HIGH,Predicted next-period drop in performance (fatigue risk).
S2324-G0487,T. Hardaway Jr.,3,19.133333333333333,9.546136439557165,HIGH,Predicted next-period drop in performance (fatigue risk).
S2324-G0494,D. Avdija,3,18.138914027149323,14.15466516634436,HIGH,Predicted next-period drop in performance (fatigue risk).
S2324-G0494,J. Brunson,3,6.059848484848484,11.92703686044755,HIGH,Predicted next-period drop in performance (fatigue risk).
S2324-G0494,J. Randle,1,9.6090367965368,16.068885061646967,HIGH,Predicted next-period drop in performance (fatigue risk).
S2324-G0494,J. Randle,3,4.434451659451657,8.916075769469654,HIGH,Predicted next-period drop in performance (fatigue risk).
S2324-G0494,K. Kuzma,1,15.788888888888891,11.454608783953612,HIGH,Predicted next-period drop in performance (fatigue risk).
S2324-G0494,K. Kuzma,3,11.832222222222224,10.98806471417921,HIGH,Predicted next-period drop in performance (fatigue risk).
S2324-G0495,K. Oubre Jr.,2,-8.568890374331552,12.403430630994531,HIGH,Predicted next-period drop in performance (fatigue risk).
S2324-G0495,K. Oubre Jr.,3,23.7475,14.420459323660271,HIGH,Predicted next-period drop in performance (fatigue risk).
S2324-G0495,L. Markkanen,1,11.044155844155844,9.852966525910494,HIGH,Predicted next-period drop in performance (fatigue risk).
S2324-G0495,L. Markkanen,3,18.88888888888889,12.65674346547056,HIGH,Predicted next-period drop in performance (fatigue risk).
S2324-G0495,P. Beverley,2,19.473809523809525,11.599486292931486,HIGH,Predicted next-period drop in performance (fatigue risk).
S2324-G0498,A. Simons,1,5.920833333333334,9.252188840844363,HIGH,Predicted next-period drop in performance (fatigue risk).
S2324-G0498,A. Simons,4,23.029166666666665,17.47626555284722,HIGH,Predicted next-period drop in performance (fatigue risk).
S2324-G0498,C. Thomas,2,14.11730769230769,11.439537060732814,HIGH,Predicted next-period drop in performance (fatigue risk).
S2324-G0498,D. Finney-Smith,3,16.014285714285712,10.29472721683487,HIGH,Predicted next-period drop in performance (fatigue risk).
S2324-G0498,D. Sharpe,1,18.43611111111111,9.030017984903852,HIGH,Predicted next-period drop in performance (fatigue risk).
S2324-G0498,J. Grant,3,16.503030303030304,11.524414798813176,HIGH,Predicted next-period drop in performance (fatigue risk).
S2324-G0498,M. Bridges,1,22.25952380952381,11.37187649386603,HIGH,Predicted next-period drop in performance (fatigue risk).
S2324-G0498,M. Bridges,3,4.455089355089356,15.27949900808262,HIGH,Predicted next-period drop in performance (fatigue risk).
S2324-G0498,M. Bridges,4,5.028030303030302,8.15237563598115,HIGH,Predicted next-period drop in performance (fatigue risk).
S2324-G0498,S. Sharpe,2,4.6,9.498367374219733,HIGH,Predicted next-period drop in performance (fatigue risk).
S2324-G0514,D. Reath,2,18.557142857142857,10.210438456878116,HIGH,Predicted next-period drop in performance (fatigue risk).
S2324-G0514,J. Grant,1,20.735353535353532,19.281833023065353,HIGH,Predicted next-period drop in performance (fatigue risk).
S2324-G0514,J. Randle,1,6.976666666666668,8.739122484928666,HIGH,Predicted next-period drop in performance (fatigue risk).
S2324-G0514,M. McBride,1,21.99047619047619,11.185021808999435,HIGH,Predicted next-period drop in performance (fatigue risk).
S2324-G0514,O. Anunoby,1,26.52925962925963,20.950148941725335,HIGH,Predicted next-period drop in performance (fatigue risk).
S2324-G0515,D. Bane,1,30.97083333333333,22.34208157173824,HIGH,Predicted next-period drop in performance (fatigue risk).
S2324-G0515,D. Bane,3,17.441414141414143,19.014132480129145,HIGH,Predicted next-period drop in performance (fatigue risk).
S2324-G0515,D. Roddy,2,13.103030303030302,8.935123614399165,HIGH,Predicted next-period drop in performance (fatigue risk).
S2324-G0515,K. Irving,1,1.0397146712936198,9.56837126991032,HIGH,Predicted next-period drop in performance (fatigue risk).
S2324-G0515,K. Irving,2,-13.535829959514167,8.066216448371318,HIGH,Predicted next-period drop in performance (fatigue risk).
S2324-G0515,K. Irving,3,20.860877192982453,16.5535417883212,HIGH,Predicted next-period drop in performance (fatigue risk).
S2324-G0515,L. Doncic,1,5.837890179995441,8.808918464436658,HIGH,Predicted next-period drop in performance (fatigue risk).
S2324-G0515,X. Tillman,2,4.123333333333335,9.334048047053546,HIGH,Predicted next-period drop in performance (fatigue risk).
S2324-G0523,A. Sengun,4,15.964646464646464,16.101958637259067,HIGH,Predicted next-period drop in performance (fatigue risk).
S2324-G0523,D. DeRozan,1,12.666810966810967,10.415058578374133,HIGH,Predicted next-period drop in performance (fatigue risk).
S2324-G0523,J. Green,1,6.61167557932264,13.051168167109548,HIGH,Predicted next-period drop in performance (fatigue risk).
S2324-G0530,D. DiVincenzo,3,14.334523809523809,9.02055953051168,HIGH,Predicted next-period drop in performance (fatigue risk).
S2324-G0530,J. Green,1,24.9502886002886,11.000388426958692,HIGH,Predicted next-period drop in performance (fatigue risk).
S2324-G0530,J. Randle,3,34.42914979757085,22.384165320725916,HIGH,Predicted next-period drop in performance (fatigue risk).
S2324-G0530,K. Irving,1,-2.567245989304812,9.58284651930176,HIGH,Predicted next-period drop in performance (fatigue risk).
S2324-G0530,K. Irving,2,-16.65006170300288,10.31563298647106,HIGH,Predicted next-period drop in performance (fatigue risk).
S2324-G0530,K. Irving,3,23.3596279537456,21.29609075981799,HIGH,Predicted next-period drop in performance (fatigue risk).
S2324-G0530,T. Hardaway Jr.,1,4.034523809523812,9.744257489152185,HIGH,Predicted next-period drop in performance (fatigue risk).
S2324-G0536,A. Wiggins,1,7.278066378066376,7.973414499399933,HIGH,Predicted next-period drop in performance (fatigue risk).
S2324-G0536,D. DeRozan,2,-0.014285714285716,9.820836292554793,HIGH,Predicted next-period drop in performance (fatigue risk).
S2324-G0536,D. DeRozan,3,1.1826923076923102,11.0604450491101,HIGH,Predicted next-period drop in performance (fatigue risk).
S2324-G0536,J. Kuminga,2,-4.509523809523813,7.8182436429911935,HIGH,Predicted next-period drop in performance (fatigue risk).
S2324-G0536,K. Thompson,3,13.236969696969698,16.51630608829164,HIGH,Predicted next-period drop in performance (fatigue risk).
S2324-G0536,S. Curry,3,-15.84889037433155,8.316388183063253,HIGH,Predicted next-period drop in performance (fatigue risk).
S2324-G0539,A. Gordon,3,14.474285714285717,10.149669796728022,HIGH,Predicted next-period drop in performance (fatigue risk).
S2324-G0539,J. Murray,2,13.026666666666666,8.0983971608328,HIGH,Predicted next-period drop in performance (fatigue risk).
S2324-G0539,J. Valanciunas,3,18.160714285714285,9.07564846700512,HIGH,Predicted next-period drop in performance (fatigue risk).
S2324-G0539,N. Jokic,1,18.291038961038957,15.095486942935256,HIGH,Predicted next-period drop in performance (fatigue risk).
S2324-G0542,A. Sengun,2,11.654761904761902,10.641294618650251,HIGH,Predicted next-period drop in performance (fatigue risk).
S2324-G0542,J. Green,1,17.38666666666667,11.537301744488346,HIGH,Predicted next-period drop in performance (fatigue risk).
S2324-G0542,J. Tatum,2,16.853609625668447,15.443110497751684,HIGH,Predicted next-period drop in performance (fatigue risk).
S2324-G0542,K. Porzingis,1,20.795833333333334,13.764179211611092,HIGH,Predicted next-period drop in performance (fatigue risk).
S2324-G0543,B. Bogdanovic,2,16.69587912087912,8.237086683771707,HIGH,Predicted next-period drop in performance (fatigue risk).
S2324-G0543,K. Kuzma,1,3.886691086691087,14.444856806886593,HIGH,Predicted next-period drop in performance (fatigue risk).
S2324-G0543,T. Young,3,15.187301587301588,11.76625936596866,HIGH,Predicted next-period drop in performance (fatigue risk).
S2324-G0544,D. DiVincenzo,3,16.84448717948718,11.857857311949356,HIGH,Predicted next-period drop in performance (fatigue risk).
S2324-G0544,G. Jackson II,2,12.204761904761904,9.26868406181864,HIGH,Predicted next-period drop in performance (fatigue risk).
S2324-G0544,J. Randle,1,22.64803921568627,17.65486602495462,HIGH,Predicted next-period drop in performance (fatigue risk).
S2324-G0544,J. Randle,3,12.555555555555555,8.463227826314059,HIGH,Predicted next-period drop in performance (fatigue risk).
S2324-G0544,L. Kennard,2,21.589177489177487,12.813225761071893,HIGH,Predicted next-period drop in performance (fatigue risk).
S2324-G0544,V. Williams Jr.,1,14.893162393162394,12.172060391025314,HIGH,Predicted next-period drop in performance (fatigue risk).
S2324-G0546,C. Holmgren,3,22.51944444444444,11.57842481888486,HIGH,Predicted next-period drop in performance (fatigue risk).
S2324-G0546,C. Houstan,1,17.523333333333333,8.032317765481224,HIGH,Predicted next-period drop in performance (fatigue risk).
S2324-G0546,P. Banchero,3,5.413888888888888,8.965401744436443,HIGH,Predicted next-period drop in performance (fatigue risk).
S2324-G0546,S. Gilgeous-Alexander,1,8.254112554112556,17.109716109691114,HIGH,Predicted next-period drop in performance (fatigue risk).
S2324-G0549,A. Reaves,1,19.353357753357756,9.44592563314145,HIGH,Predicted next-period drop in performance (fatigue risk).
S2324-G0549,C. Sexton,2,16.688675213675214,10.843856686749422,HIGH,Predicted next-period drop in performance (fatigue risk).
S2324-G0549,C. Wood,2,23.74871794871795,11.008895153708533,HIGH,Predicted next-period drop in performance (fatigue risk).
S2324-G0549,D. Russell,1,6.118655462184872,13.850405893115903,HIGH,Predicted next-period drop in performance (fatigue risk).
S2324-G0549,J. Clarkson,2,30.478609625668444,19.090101486550388,HIGH,Predicted next-period drop in performance (fatigue risk).
S2324-G0549,L. Markkanen,1,6.809523809523808,8.053540672687303,HIGH,Predicted next-period drop in performance (fatigue risk).
S2324-G0549,L. Markkanen,3,21.8575,13.327193100627456,HIGH,Predicted next-period drop in performance (fatigue risk).
S2324-G0553,A. Edwards,3,36.50999999999999,26.26666959474578,HIGH,Predicted next-period drop in performance (fatigue risk).
S2324-G0553,K. Leonard,1,4.209848484848479,11.505697270892131,HIGH,Predicted next-period drop in performance (fatigue risk).
S2324-G0553,K. Towns,1,17.31238095238095,9.201640981858434,HIGH,Predicted next-period drop in performance (fatigue risk).
S2324-G0553,N. Powell,2,14.873333333333337,9.049348042956224,HIGH,Predicted next-period drop in performance (fatigue risk).
S2324-G0561,A. Dosunmu,3,19.336363636363636,12.430231619202807,HIGH,Predicted next-period drop in performance (fatigue risk).
S2324-G0561,C. LeVert,1,16.26190476190476,8.842062137496766,HIGH,Predicted next-period drop in performance (fatigue risk).
S2324-G0561,D. Mitchell,1,-3.763888888888893,9.31612945345605,HIGH,Predicted next-period drop in performance (fatigue risk).
S2324-G0561,D. Mitchell,2,6.1555555555555586,9.518355271731078,HIGH,Predicted next-period drop in performance (fatigue risk).
S2324-G0561,N. Vucevic,3,16.347619047619048,13.482719891781883,HIGH,Predicted next-period drop in performance (fatigue risk).
S2324-G0562,B. Adebayo,4,14.365837104072398,8.098151126555921,HIGH,Predicted next-period drop in performance (fatigue risk).
S2324-G0562,J. Butler,3,9.133333333333336,8.912936503622893,HIGH,Predicted next-period drop in performance (fatigue risk).
S2324-G0562,J. Richardson,4,16.35,8.705270765348764,HIGH,Predicted next-period drop in performance (fatigue risk).
S2324-G0562,M. Bridges,1,1.043284950343775,8.607265824369051,HIGH,Predicted next-period drop in performance (fatigue risk).
S2324-G0562,R. O'Neale,4,14.516666666666667,10.078047004643905,HIGH,Predicted next-period drop in performance (fatigue risk).
S2324-G0562,T. Herro,3,13.834545454545456,14.787737238444274,HIGH,Predicted next-period drop in performance (fatigue risk).
S2324-G0567,A. Vezenkov,2,19.305555555555557,10.035167264515728,HIGH,Predicted next-period drop in performance (fatigue risk).
S2324-G0567,D. Fox,2,8.922366522366524,12.921645721969409,HIGH,Predicted next-period drop in performance (fatigue risk).
S2324-G0567,D. Sabonis,1,11.9741452991453,8.970416518087799,HIGH,Predicted next-period drop in performance (fatigue risk).
S2324-G0567,G. Allen,1,-0.4326923076923066,10.389653622635176,HIGH,Predicted next-period drop in performance (fatigue risk).
S2324-G0567,K. Murray,1,18.6,9.398177431107047,HIGH,Predicted next-period drop in performance (fatigue risk).
S2324-G0567,K. Murray,3,12.172727272727274,9.6897839314892,HIGH,Predicted next-period drop in performance (fatigue risk).
S2324-G0573,F. VanVleet,3,15.33727272727273,15.597099189329498,HIGH,Predicted next-period drop in performance (fatigue risk).
S2324-G0573,J. Brunson,3,-6.327883227883227,10.788482818281793,HIGH,Predicted next-period drop in performance (fatigue risk).
S2324-G0573,J. Green,1,12.898997493734338,17.174674508140964,HIGH,Predicted next-period drop in performance (fatigue risk).
S2324-G0573,J. Randle,1,19.738888888888887,14.637012150935078,HIGH,Predicted next-period drop in performance (fatigue risk).
S2324-G0573,J. Randle,3,7.391111111111108,8.324134304550933,HIGH,Predicted next-period drop in performance (fatigue risk).
S2324-G0573,O. Anunoby,3,18.92440476190476,16.19893332394283,HIGH,Predicted next-period drop in performance (fatigue risk).
S2324-G0589,A. Wiggins,3,10.341269841269842,8.842066398400036,HIGH,Predicted next-period drop in performance (fatigue risk).
S2324-G0589,L. Doncic,1,18.53604700854701,15.761198589308483,HIGH,Predicted next-period drop in performance (fatigue risk).
S2324-G0589,L. Doncic,3,15.770357142857142,9.700099721598994,HIGH,Predicted next-period drop in performance (fatigue risk).
S2324-G0589,P. Washington,1,12.61904761904762,9.008652231292196,HIGH,Predicted next-period drop in performance (fatigue risk).
S2324-G0589,S. Curry,2,13.06923076923077,9.028160148866974,HIGH,Predicted next-period drop in performance (fatigue risk).
S2324-G0590,J. Grant,2,6.5818181818181785,12.969626104543208,HIGH,Predicted next-period drop in performance (fatigue risk).
S2324-G0590,J. Grant,3,7.51883116883117,9.194829933641405,HIGH,Predicted next-period drop in performance (fatigue risk).
S2324-G0590,M. Brogdon,1,10.724450549450552,12.1141627442038,HIGH,Predicted next-period drop in performance (fatigue risk).
S2324-G0590,T. Haliburton,3,-5.369696969696971,9.093730488030843,HIGH,Predicted next-period drop in performance (fatigue risk).
S2324-G0591,A. Davis,1,3.3817094017094025,8.994671380142936,HIGH,Predicted next-period drop in performance (fatigue risk).
S2324-G0591,C. Thomas,1,7.891666666666669,15.310569502021114,HIGH,Predicted next-period drop in performance (fatigue risk).
S2324-G0591,D. Russell,1,22.764705882352946,17.21304881190322,HIGH,Predicted next-period drop in performance (fatigue risk).
S2324-G0591,L. James,2,18.950854700854705,17.837513780152104,HIGH,Predicted next-period drop in performance (fatigue risk).
S2324-G0591,L. Walker IV,2,12.06111111111111,9.274553434353532,HIGH,Predicted next-period drop in performance (fatigue risk).
S2324-G0591,N. Claxton,3,1.845192307692308,9.287361083070948,HIGH,Predicted next-period drop in performance (fatigue risk).
S2324-G0591,S. Dinwiddie,3,20.1030303030303,10.749306484617998,HIGH,Predicted next-period drop in performance (fatigue risk).
S2324-G0595,D. Murray,1,7.91666666666667,8.979980648558383,HIGH,Predicted next-period drop in performance (fatigue risk).
S2324-G0595,G. Niang,2,10.112987012987016,9.202177490310069,HIGH,Predicted next-period drop in performance (fatigue risk).
S2324-G0595,S. Merrill,3,19.43333333333333,10.559409980493118,HIGH,Predicted next-period drop in performance (fatigue risk).
S2324-G0610,A. Edwards,3,5.6510989010989015,9.490654960838276,HIGH,Predicted next-period drop in performance (fatigue risk).
S2324-G0610,K. Towns,1,6.9559180757323205,27.511058455373707,HIGH,Predicted next-period drop in performance (fatigue risk).
S2324-G0610,K. Towns,2,5.728546479320471,24.811673193233784,HIGH,Predicted next-period drop in performance (fatigue risk).
S2324-G0610,K. Towns,3,5.5586452762923315,14.589616626014433,HIGH,Predicted next-period drop in performance (fatigue risk).
S2324-G0610,M. Bridges,1,18.35,18.19296100316189,HIGH,Predicted next-period drop in performance (fatigue risk).
S2324-G0610,M. Bridges,3,23.325396825396822,13.25472465173524,HIGH,Predicted next-period drop in performance (fatigue risk).
S2324-G0611,J. Brown,2,6.304761904761907,8.418124388945209,HIGH,Predicted next-period drop in performance (fatigue risk).
S2324-G0611,J. Tatum,1,10.480995475113122,11.466530432558208,HIGH,Predicted next-period drop in performance (fatigue risk).
S2324-G0611,L. Doncic,1,9.80833333333333,13.841271195205426,HIGH,Predicted next-period drop in performance (fatigue risk).
S2324-G0611,T. Hardaway Jr.,2,26.576190476190476,22.26413628735362,HIGH,Predicted next-period drop in performance (fatigue risk).
S2324-G0615,C. Johnson,1,20.39047619047619,9.650403564169844,HIGH,Predicted next-period drop in performance (fatigue risk).
S2324-G0615,C. Johnson,3,12.67777777777778,8.082037590178532,HIGH,Predicted next-period drop in performance (fatigue risk).
S2324-G0615,J. Brunson,1,-1.9666666666666688,9.296337324788256,HIGH,Predicted next-period drop in performance (fatigue risk).
S2324-G0615,J. Randle,1,14.344805194805195,12.341507823026506,HIGH,Predicted next-period drop in performance (fatigue risk).
S2324-G0615,M. Bridges,1,10.603896103896105,16.182436799947077,HIGH,Predicted next-period drop in performance (fatigue risk).
S2324-G0615,M. Bridges,3,21.93904761904762,21.38624130908741,HIGH,Predicted next-period drop in performance (fatigue risk).
S2324-G0627,A. Nesmith,2,16.246031746031747,9.278919488683664,HIGH,Predicted next-period drop in performance (fatigue risk).
S2324-G0627,B. Mathurin,2,11.669155844155844,13.316160615459822,HIGH,Predicted next-period drop in performance (fatigue risk).
S2324-G0627,J. Embiid,1,23.139999999999997,23.20709163587574,HIGH,Predicted next-period drop in performance (fatigue risk).
S2324-G0627,O. Toppin,2,18.50586080586081,8.222822587149217,HIGH,Predicted next-period drop in performance (fatigue risk).
S2324-G0627,T. Maxey,2,25.96388888888889,22.45823161074158,HIGH,Predicted next-period drop in performance (fatigue risk).
S2324-G0629,A. Edwards,1,9.173737373737376,10.724357593422322,HIGH,Predicted next-period drop in performance (fatigue risk).
S2324-G0629,A. Edwards,3,26.079047619047618,16.24934566699064,HIGH,Predicted next-period drop in performance (fatigue risk).
S2324-G0629,C. Thomas,2,14.118333333333334,10.73071224548237,HIGH,Predicted next-period drop in performance (fatigue risk).
S2324-G0629,N. Reid,2,16.453030303030303,8.929972711976653,HIGH,Predicted next-period drop in performance (fatigue risk).
S2324-G0629,S. Dinwiddie,3,15.77207792207792,9.65320724743622,HIGH,Predicted next-period drop in performance (fatigue risk).
S2324-G0630,J. Tatum,3,23.59155844155844,10.252893201784838,HIGH,Predicted next-period drop in performance (fatigue risk).
S2324-G0630,K. Porzingis,1,22.667307692307695,15.813794379283642,HIGH,Predicted next-period drop in performance (fatigue risk).
S2324-G0630,T. Herro,1,15.464285714285715,8.020071645639653,HIGH,Predicted next-period drop in performance (fatigue risk).
S2324-G0637,B. Brown,3,18.713675213675213,8.64158176440145,HIGH,Predicted next-period drop in performance (fatigue risk).
S2324-G0637,G. Trent Jr.,3,17.2,10.183035364182505,HIGH,Predicted next-period drop in performance (fatigue risk).
S2324-G0637,J. Harden,2,19.332380952380948,12.343092634401302,HIGH,Predicted next-period drop in performance (fatigue risk).
S2324-G0637,P. George,2,3.4285714285714306,11.34111626318939,HIGH,Predicted next-period drop in performance (fatigue risk).
S2324-G0637,S. Barnes,1,9.667307692307691,9.428404496522315,HIGH,Predicted next-period drop in performance (fatigue risk).
S2324-G0650,A. Davis,1,8.094683257918552,11.569981678587755,HIGH,Predicted next-period drop in performance (fatigue risk).
S2324-G0650,A. Davis,4,12.931372549019608,10.60656080961431,HIGH,Predicted next-period drop in performance (fatigue risk).
S2324-G0650,A. Wiggins,2,6.603463203463203,11.01912016001957,HIGH,Predicted next-period drop in performance (fatigue risk).
S2324-G0650,D. Russell,4,20.185714285714287,8.788454402886163,HIGH,Predicted next-period drop in performance (fatigue risk).
S2324-G0650,J. Kuminga,2,8.599786096256684,10.344494925451018,HIGH,Predicted next-period drop in performance (fatigue risk).
S2324-G0650,K. Thompson,3,10.281880341880342,13.55517179295855,HIGH,Predicted next-period drop in performance (fatigue risk).
S2324-G0650,L. James,1,4.710644910644913,9.480837229817874,HIGH,Predicted next-period drop in performance (fatigue risk).
S2324-G0650,S. Curry,1,10.733974358974358,10.972036625715363,HIGH,Predicted next-period drop in performance (fatigue risk).
S2324-G0650,S. Curry,4,15.582727272727272,17.128500347573738,HIGH,Predicted next-period drop in performance (fatigue risk).
S2324-G0655,D. Booker,1,3.694285714285716,12.019166665694112,HIGH,Predicted next-period drop in performance (fatigue risk).
S2324-G0655,D. Booker,2,-21.455824175824183,7.924896585278542,HIGH,Predicted next-period drop in performance (fatigue risk).
S2324-G0655,D. Booker,3,32.8448717948718,22.71146074154358,HIGH,Predicted next-period drop in performance (fatigue risk).
S2324-G0655,P. Banchero,3,12.11,8.362779496136282,HIGH,Predicted next-period drop in performance (fatigue risk).
S2324-G0661,D. Booker,3,14.777307692307694,13.071402998870362,HIGH,Predicted next-period drop in performance (fatigue risk).
S2324-G0661,D. Eubanks,1,22.7,11.257697315340776,HIGH,Predicted next-period drop in performance (fatigue risk).
S2324-G0661,E. Gordon,2,1.7533333333333303,10.727315712815804,HIGH,Predicted next-period drop in performance (fatigue risk).
S2324-G0661,K. Durant,2,13.576190476190474,9.538229141960084,HIGH,Predicted next-period drop in performance (fatigue risk).
S2324-G0661,T. Herro,2,17.141666666666666,13.460028112070374,HIGH,Predicted next-period drop in performance (fatigue risk).
S2324-G0661,T. Rozier,1,15.020634920634922,9.452485428574544,HIGH,Predicted next-period drop in performance (fatigue risk).
S2324-G0662,A. Davis,1,0.5153651903651948,10.669960808323156,HIGH,Predicted next-period drop in performance (fatigue risk).
S2324-G0662,A. Sengun,1,11.200420168067229,10.08282688816326,HIGH,Predicted next-period drop in performance (fatigue risk).
S2324-G0662,C. Whitmore,1,17.380259740259742,15.02418577230472,HIGH,Predicted next-period drop in performance (fatigue risk).
S2324-G0662,D. Brooks,2,19.775,9.62356356919479,HIGH,Predicted next-period drop in performance (fatigue risk).
S2324-G0662,D. Russell,1,20.373333333333335,13.73424083473863,HIGH,Predicted next-period drop in performance (fatigue risk).
S2324-G0662,D. Russell,3,14.960714285714284,11.168041587009176,HIGH,Predicted next-period drop in performance (fatigue risk).
S2324-G0662,J. Green,1,5.371116138763195,18.29931656134216,HIGH,Predicted next-period drop in performance (fatigue risk).
S2324-G0662,J. Green,2,6.632478632478634,11.18192797870768,HIGH,Predicted next-period drop in performance (fatigue risk).
S2324-G0677,C. Johnson,1,17.547619047619047,9.3989943825207,HIGH,Predicted next-period drop in performance (fatigue risk).
S2324-G0677,C. Thomas,3,-7.209740259740261,8.791982148605157,HIGH,Predicted next-period drop in performance (fatigue risk).
S2324-G0677,D. Booker,1,29.9625,16.440669911125372,HIGH,Predicted next-period drop in performance (fatigue risk).
S2324-G0677,J. Nurkic,2,7.294285714285714,10.64463602711784,HIGH,Predicted next-period drop in performance (fatigue risk).
S2324-G0677,J. Okogie,2,9.975396825396825,9.662433400969237,HIGH,Predicted next-period drop in performance (fatigue risk).
S2324-G0677,K. Durant,3,16.41111111111111,12.253763254511702,HIGH,Predicted next-period drop in performance (fatigue risk).
S2324-G0677,M. Bridges,2,10.079047619047618,10.44194787835447,HIGH,Predicted next-period drop in performance (fatigue risk).
S2324-G0677,N. Claxton,1,15.363636363636363,11.177518433831452,HIGH,Predicted next-period drop in performance (fatigue risk).
S2324-G0678,B. Adebayo,2,8.417272727272726,13.62869345474316,HIGH,Predicted next-period drop in performance (fatigue risk).
S2324-G0678,D. Sabonis,2,13.190187590187591,10.31432363409988,HIGH,Predicted next-period drop in performance (fatigue risk).
S2324-G0678,J. Butler,3,8.68155844155844,9.423134249806688,HIGH,Predicted next-period drop in performance (fatigue risk).
S2324-G0678,J. Richardson,2,7.328174603174606,19.115413621469216,HIGH,Predicted next-period drop in performance (fatigue risk).
S2324-G0678,K. Huerter,1,18.738961038961037,9.452556335150897,HIGH,Predicted next-period drop in performance (fatigue risk).
S2324-G0678,K. Murray,2,11.523809523809526,11.517784940260846,HIGH,Predicted next-period drop in performance (fatigue risk).
S2324-G0705,B. Beal,1,11.207936507936504,20.672244174564906,HIGH,Predicted next-period drop in performance (fatigue risk).
S2324-G0705,B. Beal,3,24.659047619047616,16.92502215370855,HIGH,Predicted next-period drop in performance (fatigue risk).
S2324-G0705,D. Avdija,2,-1.0861538461538451,8.239046096274974,HIGH,Predicted next-period drop in performance (fatigue risk).
S2324-G0705,D. Booker,1,19.06666666666667,8.82359866928607,HIGH,Predicted next-period drop in performance (fatigue risk).
S2324-G0705,E. Gordon,3,18.558333333333337,8.348537655737895,HIGH,Predicted next-period drop in performance (fatigue risk).
S2324-G0705,J. Nurkic,1,5.773772893772897,8.548634568185257,HIGH,Predicted next-period drop in performance (fatigue risk).
S2324-G0705,L. Shamet,2,5.1952380952380945,10.731093108571557,HIGH,Predicted next-period drop in performance (fatigue risk).
S2324-G0708,C. Martin,2,5.540548340548341,10.304339683270936,HIGH,Predicted next-period drop in performance (fatigue risk).
S2324-G0708,J. Richardson,3,11.436363636363636,9.270511506469132,HIGH,Predicted next-period drop in performance (fatigue risk).
S2324-G0708,K. Leonard,1,7.977272727272727,9.586236087763464,HIGH,Predicted next-period drop in performance (fatigue risk).
S2324-G0708,K. Leonard,3,21.936928104575166,10.795084359068666,HIGH,Predicted next-period drop in performance (fatigue risk).
S2324-G0711,B. Portis,2,4.325685425685425,14.597156996137592,HIGH,Predicted next-period drop in performance (fatigue risk).
S2324-G0711,B. Portis,3,15.12873015873016,9.66823534018262,HIGH,Predicted next-period drop in performance (fatigue risk).
S2324-G0711,C. Sexton,1,9.244444444444442,10.041805924205756,HIGH,Predicted next-period drop in performance (fatigue risk).
S2324-G0711,D. Lillard,1,17.751082251082252,10.531967890596135,HIGH,Predicted next-period drop in performance (fatigue risk).
S2324-G0711,G. Antetokounmpo,2,3.312380952380952,8.911893264920645,HIGH,Predicted next-period drop in performance (fatigue risk).
S2324-G0711,J. Collins,2,6.056132756132758,8.700872275026764,HIGH,Predicted next-period drop in performance (fatigue risk).
S2324-G0712,A. Simons,1,7.35,8.09213956935426,HIGH,Predicted next-period drop in performance (fatigue risk).
S2324-G0712,A. Simons,3,5.831593406593409,8.306883227578336,HIGH,Predicted next-period drop in performance (fatigue risk).
S2324-G0712,D. Ayton,1,22.1575,14.78311212702925,HIGH,Predicted next-period drop in performance (fatigue risk).
S2324-G0712,J. Murray,2,5.691452991452994,10.409077238617732,HIGH,Predicted next-period drop in performance (fatigue risk).
S2324-G0712,N. Jokic,3,24.288333333333338,14.460270387541442,HIGH,Predicted next-period drop in performance (fatigue risk).
S2324-G0715,J. Green,2,8.265584415584415,12.383893260814496,HIGH,Predicted next-period drop in performance (fatigue risk).
S2324-G0715,K. Irving,3,12.86402852049911,11.162228143911264,HIGH,Predicted next-period drop in performance (fatigue risk).
S2324-G0715,K. Oubre Jr.,1,15.07904761904762,15.013708652898949,HIGH,Predicted next-period drop in performance (fatigue risk).
S2324-G0718,B. Ingram,1,9.914603174603172,14.114160126109049,HIGH,Predicted next-period drop in performance (fatigue risk).
S2324-G0718,G. Dick,2,9.391666666666666,9.53799442388516,HIGH,Predicted next-period drop in performance (fatigue risk).
S2324-G0728,D. Mitchell,2,12.17271062271062,12.802876080253146,HIGH,Predicted next-period drop in performance (fatigue risk).
S2324-G0728,E. Mobley,3,8.648595848595852,7.9529900636219555,HIGH,Predicted next-period drop in performance (fatigue risk).
S2324-G0728,K. Kuzma,1,0.2613247863247849,11.101920113422128,HIGH,Predicted next-period drop in performance (fatigue risk).
S2324-G0728,K. Kuzma,2,-4.589499389499391,9.970264191587535,HIGH,Predicted next-period drop in performance (fatigue risk).
S2324-G0728,K. Kuzma,3,21.513174603174605,13.816595920181012,HIGH,Predicted next-period drop in performance (fatigue risk).
S2324-G0729,A. Horford,2,22.619047619047617,18.162096980917337,HIGH,Predicted next-period drop in performance (fatigue risk).
S2324-G0729,J. Brown,1,5.416666666666668,9.296337324788256,HIGH,Predicted next-period drop in performance (fatigue risk).
S2324-G0729,J. Johnson,2,2.576728826728825,8.183012164965326,HIGH,Predicted next-period drop in performance (fatigue risk).
S2324-G0729,K. Porzingis,1,10.892307692307694,9.25977235904758,HIGH,Predicted next-period drop in performance (fatigue risk).
S2324-G0729,K. Porzingis,3,10.214545454545457,12.482117599843413,HIGH,Predicted next-period drop in performance (fatigue risk).
S2324-G0729,S. Bey,1,1.9222222222222207,9.274553434353532,HIGH,Predicted next-period drop in performance (fatigue risk).
S2324-G0729,T. Young,1,6.916593406593407,14.560971332433745,HIGH,Predicted next-period drop in performance (fatigue risk).
S2324-G0732,A. Burks,1,14.21190476190476,11.68658312626824,HIGH,Predicted next-period drop in performance (fatigue risk).
S2324-G0732,D. Sabonis,3,15.180555555555555,17.041392491362686,HIGH,Predicted next-period drop in performance (fatigue risk).
S2324-G0732,J. Duren,1,8.889350649350646,9.480837229817874,HIGH,Predicted next-period drop in performance (fatigue risk).
S2324-G0732,K. Huerter,1,8.368571428571432,8.11215438760293,HIGH,Predicted next-period drop in performance (fatigue risk).
S2324-G0732,M. Sasser,2,11.641666666666667,16.30568028028543,HIGH,Predicted next-period drop in performance (fatigue risk).
S2324-G0732,T. Lyles,2,9.503333333333334,12.380110913375628,HIGH,Predicted next-period drop in performance (fatigue risk).
S2324-G0733,J. Kuminga,1,12.9720695970696,10.631406993211735,HIGH,Predicted next-period drop in performance (fatigue risk).
S2324-G0733,J. Smith,1,17.266666666666666,11.257697315340776,HIGH,Predicted next-period drop in performance (fatigue risk).
S2324-G0733,P. Siakam,1,21.370164835164836,9.28777765221272,HIGH,Predicted next-period drop in performance (fatigue risk).
S2324-G0733,S. Curry,1,9.23289210789211,18.81282915238893,HIGH,Predicted next-period drop in performance (fatigue risk).
S2324-G0733,S. Curry,3,17.226666666666667,13.93451428352006,HIGH,Predicted next-period drop in performance (fatigue risk).
S2324-G0737,G. Jackson II,2,5.323636363636364,10.819988128542317,HIGH,Predicted next-period drop in performance (fatigue risk).
S2324-G0737,J. Jackson Jr.,1,12.605555555555558,14.185103587515746,HIGH,Predicted next-period drop in performance (fatigue risk).
S2324-G0737,N. Vucevic,3,24.285067873303163,22.40704638350589,HIGH,Predicted next-period drop in performance (fatigue risk).
S2324-G0739,E. Gordon,3,19.35,7.890574089931529,HIGH,Predicted next-period drop in performance (fatigue risk).
S2324-G0739,J. Collins,2,18.51555555555555,8.241148724839677,HIGH,Predicted next-period drop in performance (fatigue risk).
S2324-G0739,K. Durant,1,40.406666666666666,32.19117897331898,HIGH,Predicted next-period drop in performance (fatigue risk).
S2324-G0739,L. Markkanen,2,-0.7428030303030297,9.478797756842464,HIGH,Predicted next-period drop in performance (fatigue risk).
S2324-G0740,A. Davis,1,22.154534412955464,21.420627559987135,HIGH,Predicted next-period drop in performance (fatigue risk).
S2324-G0740,A. Davis,3,8.672727272727272,13.390834638239992,HIGH,Predicted next-period drop in performance (fatigue risk).
S2324-G0740,J. Murray,2,11.879047619047618,12.928964109016572,HIGH,Predicted next-period drop in performance (fatigue risk).
S2324-G0740,L. James,3,-3.961324786324788,8.60671856905829,HIGH,Predicted next-period drop in performance (fatigue risk).
S2324-G0740,M. Porter Jr.,1,19.63080808080808,14.708876175782711,HIGH,Predicted next-period drop in performance (fatigue risk).
S2324-G0740,N. Jokic,3,26.44898550724638,17.346187979700677,HIGH,Predicted next-period drop in performance (fatigue risk).
S2324-G0740,R. Jackson,2,11.953030303030303,9.457219650577873,HIGH,Predicted next-period drop in performance (fatigue risk).
S2324-G0755,A. Nesmith,2,-1.925252525252528,8.241658903088629,HIGH,Predicted next-period drop in performance (fatigue risk).
S2324-G0755,B. Bogdanovic,2,13.603333333333332,10.723017619201356,HIGH,Predicted next-period drop in performance (fatigue risk).
S2324-G0755,D. DiVincenzo,1,10.949177489177488,11.103820208289736,HIGH,Predicted next-period drop in performance (fatigue risk).
S2324-G0755,J. Brunson,1,5.285714285714285,10.474912025472449,HIGH,Predicted next-period drop in performance (fatigue risk).
S2324-G0755,J. Brunson,3,15.78949938949939,18.22339612311399,HIGH,Predicted next-period drop in performance (fatigue risk).
S2324-G0766,B. Ingram,2,12.923809523809526,8.53795009108227,HIGH,Predicted next-period drop in performance (fatigue risk).
S2324-G0766,J. Jackson Jr.,1,26.69145299145299,17.045614719862705,HIGH,Predicted next-period drop in performance (fatigue risk).
S2324-G0766,L. Stevens,3,10.71953601953602,8.345864229067535,HIGH,Predicted next-period drop in performance (fatigue risk).
S2324-G0766,Z. Williamson,2,11.0760989010989,10.979555277347592,HIGH,Predicted next-period drop in performance (fatigue risk).
S2324-G0769,A. Wiggins,3,15.45,10.521724345612473,HIGH,Predicted next-period drop in performance (fatigue risk).
S2324-G0769,C. Sexton,2,4.648809523809522,9.915615432613851,HIGH,Predicted next-period drop in performance (fatigue risk).
S2324-G0769,J. Clarkson,2,15.080952380952382,12.41387546140242,HIGH,Predicted next-period drop in performance (fatigue risk).
S2324-G0769,K. Thompson,3,-1.0004662004661995,11.274600255466195,HIGH,Predicted next-period drop in performance (fatigue risk).
S2324-G0769,L. Markkanen,2,12.564935064935066,9.719719951155678,HIGH,Predicted next-period drop in performance (fatigue risk).
S2324-G0773,B. Portis,2,20.642307692307693,11.67854165390753,HIGH,Predicted next-period drop in performance (fatigue risk).
S2324-G0773,D. Lillard,3,20.342307692307692,9.81733058073302,HIGH,Predicted next-period drop in performance (fatigue risk).
S2324-G0773,D. Robinson,1,11.891596638655464,10.315275160226207,HIGH,Predicted next-period drop in performance (fatigue risk).
S2324-G0773,G. Antetokounmpo,1,16.618560606060605,16.53883117467577,HIGH,Predicted next-period drop in performance (fatigue risk).
S2324-G0773,M. Beasley,1,14.716666666666669,8.547609870914538,HIGH,Predicted next-period drop in performance (fatigue risk).
S2324-G0773,N. Jovic,1,12.692063492063491,8.009599889568156,HIGH,Predicted next-period drop in performance (fatigue risk).
S2324-G0773,N. Jovic,3,17.05,9.62944695040562,HIGH,Predicted next-period drop in performance (fatigue risk).
S2324-G0773,T. Herro,2,12.983333333333334,14.660512683566376,HIGH,Predicted next-period drop in performance (fatigue risk).
S2324-G0778,J. Brunson,1,36.651948051948054,30.71436155732385,HIGH,Predicted next-period drop in performance (fatigue risk).
S2324-G0778,P. Banchero,1,-8.583333333333332,8.65988381075897,HIGH,Predicted next-period drop in performance (fatigue risk).
S2324-G0778,P. Banchero,3,9.461904761904762,8.028504095689419,HIGH,Predicted next-period drop in performance (fatigue risk).
S2324-G0786,D. Sabonis,3,19.69238095238095,10.948807334895609,HIGH,Predicted next-period drop in performance (fatigue risk).
S2324-G0788,A. Davis,1,6.290870240870241,10.733785573138585,HIGH,Predicted next-period drop in performance (fatigue risk).
S2324-G0788,A. Davis,3,17.764388552623842,22.237003404650835,HIGH,Predicted next-period drop in performance (fatigue risk).
S2324-G0788,A. Reaves,1,13.313636363636364,9.296337324788256,HIGH,Predicted next-period drop in performance (fatigue risk).
S2324-G0788,C. Sexton,3,27.44444444444444,19.722096497251396,HIGH,Predicted next-period drop in performance (fatigue risk).
S2324-G0788,J. Clarkson,2,18.06645299145299,14.290068635803292,HIGH,Predicted next-period drop in performance (fatigue risk).
S2324-G0788,K. Dunn,1,12.996666666666666,7.895192326107075,HIGH,Predicted next-period drop in performance (fatigue risk).
S2324-G0788,R. Hachimura,1,1.374458874458874,9.3164069064732,HIGH,Predicted next-period drop in performance (fatigue risk).
S2324-G0788,R. Hachimura,2,3.7952380952380977,10.341429835046975,HIGH,Predicted next-period drop in performance (fatigue risk).
S2324-G0789,J. Harden,2,16.317857142857143,11.628652041577038,HIGH,Predicted next-period drop in performance (fatigue risk).
S2324-G0789,N. Powell,2,14.5,9.438876798470195,HIGH,Predicted next-period drop in performance (fatigue risk).
S2324-G0789,P. George,3,19.079166666666666,16.969981544191775,HIGH,Predicted next-period drop in performance (fatigue risk).
S2324-G0789,S. Curry,2,4.674014581909319,18.828093537046783,HIGH,Predicted next-period drop in performance (fatigue risk).
S2324-G0789,S. Curry,3,-1.6506379585326982,15.386028716733708,HIGH,Predicted next-period drop in performance (fatigue risk).
S2324-G0799,I. Joe,3,18.323333333333338,8.760669663278692,HIGH,Predicted next-period drop in performance (fatigue risk).
S2324-G0799,K. Leonard,1,6.109999999999999,8.462208793563558,HIGH,Predicted next-period drop in performance (fatigue risk).
S2324-G0799,K. Leonard,3,19.54083333333333,8.731839827012726,HIGH,Predicted next-period drop in performance (fatigue risk).
S2324-G0799,N. Powell,2,20.092063492063495,19.390588304565167,HIGH,Predicted next-period drop in performance (fatigue risk).
S2324-G0799,S. Gilgeous-Alexander,1,3.1642857142857146,10.920078993354386,HIGH,Predicted next-period drop in performance (fatigue risk).
S2324-G0799,S. Gilgeous-Alexander,3,13.095512820512822,8.214579100960565,HIGH,Predicted next-period drop in performance (fatigue risk).
S2324-G0803,D. Vassell,1,8.36060606060606,10.541144891637549,HIGH,Predicted next-period drop in performance (fatigue risk).
S2324-G0803,J. Sochan,3,19.739487179487178,9.899835861380696,HIGH,Predicted next-period drop in performance (fatigue risk).
S2324-G0803,K. Huerter,2,-1.349358974358971,9.371920483571856,HIGH,Predicted next-period drop in performance (fatigue risk).
S2324-G0807,J. Jackson Jr.,1,16.533044733044733,15.730150530605776,HIGH,Predicted next-period drop in performance (fatigue risk).
S2324-G0807,K. Leonard,1,17.45873015873016,11.02856948058029,HIGH,Predicted next-period drop in performance (fatigue risk).
S2324-G0807,K. Leonard,3,12.912409812409814,11.475885731020416,HIGH,Predicted next-period drop in performance (fatigue risk).
S2324-G0807,T. Mann,1,14.018181818181818,9.879176472338653,HIGH,Predicted next-period drop in performance (fatigue risk).
S2324-G0808,A. Edwards,1,0.5415584415584433,9.103797335159548,HIGH,Predicted next-period drop in performance (fatigue risk).
S2324-G0808,A. Edwards,3,-9.516161616161618,8.055172823940676,HIGH,Predicted next-period drop in performance (fatigue risk).
S2324-G0808,B. Lopez,1,5.662380952380953,9.378423063285652,HIGH,Predicted next-period drop in performance (fatigue risk).
S2324-G0808,B. Portis,1,13.271666666666668,9.458050962529605,HIGH,Predicted next-period drop in performance (fatigue risk).
S2324-G0808,D. Lillard,3,2.7458333333333336,11.416532119167458,HIGH,Predicted next-period drop in performance (fatigue risk).
S2324-G0808,K. Towns,1,13.027922077922078,13.652379714997137,HIGH,Predicted next-period drop in performance (fatigue risk).
S2324-G0808,M. Beasley,3,37.27440476190476,25.926129319858337,HIGH,Predicted next-period drop in performance (fatigue risk).
S2324-G0808,N. Alexander-Walker,2,5.992380952380955,9.044798410128424,HIGH,Predicted next-period drop in performance (fatigue risk).
S2324-G0808,N. Reid,1,15.266666666666667,8.83411328644072,HIGH,Predicted next-period drop in performance (fatigue risk).
S2324-G0809,B. Coulibaly,3,12.05,9.990918315018131,HIGH,Predicted next-period drop in performance (fatigue risk).
S2324-G0809,C. Holmgren,2,21.83171390013495,16.83931159728012,HIGH,Predicted next-period drop in performance (fatigue risk).
S2324-G0809,C. Kispert,2,25.796791443850267,18.73767934292287,HIGH,Predicted next-period drop in performance (fatigue risk).
S2324-G0809,J. Poole,1,-0.0595238095238102,9.1304681798653,HIGH,Predicted next-period drop in performance (fatigue risk).
S2324-G0809,K. Kuzma,1,12.788888888888888,9.289845095924903,HIGH,Predicted next-period drop in performance (fatigue risk).
S2324-G0809,S. Gilgeous-Alexander,1,21.82424242424242,17.277526285825957,HIGH,Predicted next-period drop in performance (fatigue risk).
S2324-G0833,F. Wagner,2,13.687631975867273,13.7800583234809,HIGH,Predicted next-period drop in performance (fatigue risk).
S2324-G0840,B. Miller,3,4.396969696969695,9.26858740374628,HIGH,Predicted next-period drop in performance (fatigue risk).
S2324-G0840,B. Portis,2,13.950396825396826,15.952164310366392,HIGH,Predicted next-period drop in performance (fatigue risk).
S2324-G0840,D. Lillard,1,18.79317460317461,15.529148762675186,HIGH,Predicted next-period drop in performance (fatigue risk).
S2324-G0840,G. Antetokounmpo,1,18.292063492063495,12.289053296527404,HIGH,Predicted next-period drop in performance (fatigue risk).
S2324-G0863,B. Ingram,1,37.71754385964912,22.78225150400919,HIGH,Predicted next-period drop in performance (fatigue risk).
S2324-G0863,B. Ingram,3,24.93916666666667,12.666288090693918,HIGH,Predicted next-period drop in performance (fatigue risk).
S2324-G0863,P. Siakam,1,12.966666666666669,9.61382740817406,HIGH,Predicted next-period drop in performance (fatigue risk).
S2324-G0863,T. Murphy III,2,27.8969696969697,24.27137334794855,HIGH,Predicted next-period drop in performance (fatigue risk).
S2324-G0866,D. Hunter,2,23.067857142857143,14.27141725767508,HIGH,Predicted next-period drop in performance (fatigue risk).
S2324-G0866,M. Bridges,1,-5.18888888888889,10.363211553678449,HIGH,Predicted next-period drop in performance (fatigue risk).
S2324-G0866,M. Bridges,2,-4.073611111111113,14.574168168453404,HIGH,Predicted next-period drop in performance (fatigue risk).
S2324-G0866,M. Bridges,3,19.91011904761905,16.375917283709022,HIGH,Predicted next-period drop in performance (fatigue risk).
S2324-G0866,S. Bey,2,19.24,9.964594004834384,HIGH,Predicted next-period drop in performance (fatigue risk).
S2324-G0869,A. Davis,1,9.938888888888888,8.936900112575888,HIGH,Predicted next-period drop in performance (fatigue risk).
S2324-G0869,D. Russell,2,9.242307692307694,13.344447171045362,HIGH,Predicted next-period drop in performance (fatigue risk).
S2324-G0869,J. Murray,2,-5.543214285714285,8.694633716644745,HIGH,Predicted next-period drop in performance (fatigue risk).
S2324-G0869,J. Murray,3,-3.351428571428574,9.564191677814868,HIGH,Predicted next-period drop in performance (fatigue risk).
S2324-G0869,L. James,2,15.502564102564104,10.09046746731513,HIGH,Predicted next-period drop in performance (fatigue risk).
S2324-G0869,N. Jokic,1,26.46606060606061,24.10519353117079,HIGH,Predicted next-period drop in performance (fatigue risk).
S2324-G0869,N. Jokic,3,18.51619047619048,13.574380618867016,HIGH,Predicted next-period drop in performance (fatigue risk).
S2324-G0869,R. Hachimura,3,16.849999999999998,9.389630587704389,HIGH,Predicted next-period drop in performance (fatigue risk).
S2324-G0870,D. Booker,1,16.625,11.799924443691063,HIGH,Predicted next-period drop in performance (fatigue risk).
S2324-G0870,F. VanVleet,1,11.229177489177488,10.334252304294475,HIGH,Predicted next-period drop in performance (fatigue risk).
S2324-G0870,J. Green,1,8.558119658119661,14.597493672865047,HIGH,Predicted next-period drop in performance (fatigue risk).
S2324-G0870,J. Smith Jr.,3,8.546320346320346,10.570407716956735,HIGH,Predicted next-period drop in performance (fatigue risk).
S2324-G0870,K. Durant,3,3.21086956521739,14.15039231595314,HIGH,Predicted next-period drop in performance (fatigue risk).
S2324-G0876,B. Bogdanovic,2,17.140833333333333,12.866853132823016,HIGH,Predicted next-period drop in performance (fatigue risk).
S2324-G0876,D. DiVincenzo,1,28.27367521367521,19.696731541287836,HIGH,Predicted next-period drop in performance (fatigue risk).
S2324-G0876,D. DiVincenzo,3,27.64583333333333,21.747584245754243,HIGH,Predicted next-period drop in performance (fatigue risk).
S2324-G0876,I. Okoro,3,24.45873015873016,9.62794294621808,HIGH,Predicted next-period drop in performance (fatigue risk).
S2324-G0876,M. McBride,1,6.041666666666666,8.547609870914538,HIGH,Predicted next-period drop in performance (fatigue risk).
S2324-G0876,S. Merrill,2,11.19469696969697,13.62433703194953,HIGH,Predicted next-period drop in performance (fatigue risk).
S2324-G0880,B. Portis,2,10.846031746031745,11.734077693428375,HIGH,Predicted next-period drop in performance (fatigue risk).
S2324-G0880,D. Lillard,1,15.44922077922078,17.401014358712928,HIGH,Predicted next-period drop in performance (fatigue risk).
S2324-G0880,D. Lillard,3,2.033824786324786,10.250231957339782,HIGH,Predicted next-period drop in performance (fatigue risk).
S2324-G0880,J. Harden,1,18.190952380952385,11.356654255397226,HIGH,Predicted next-period drop in performance (fatigue risk).
S2324-G0880,K. Leonard,3,18.322150072150073,14.558038254805838,HIGH,Predicted next-period drop in performance (fatigue risk).
S2324-G0880,P. Beverley,2,18.541666666666664,9.756113513066715,HIGH,Predicted next-period drop in performance (fatigue risk).
S2324-G0882,C. Sexton,2,12.968333333333334,11.220189982227454,HIGH,Predicted next-period drop in performance (fatigue risk).
S2324-G0882,J. Clarkson,2,12.327575757575758,21.26565596661893,HIGH,Predicted next-period drop in performance (fatigue risk).
S2324-G0882,J. Clarkson,3,-6.211666666666666,10.86976479244419,HIGH,Predicted next-period drop in performance (fatigue risk).
S2324-G0882,J. Poole,1,-9.929841269841267,8.497460975842744,HIGH,Predicted next-period drop in performance (fatigue risk).
S2324-G0882,J. Poole,2,12.629841269841272,13.124729491191603,HIGH,Predicted next-period drop in performance (fatigue risk).
S2324-G0886,D. Garland,1,16.879212454212457,8.261173541297639,HIGH,Predicted next-period drop in performance (fatigue risk).
S2324-G0886,D. Garland,3,25.41136363636364,14.311835446283087,HIGH,Predicted next-period drop in performance (fatigue risk).
S2324-G0886,J. Allen,1,4.973333333333333,9.9882781072438,HIGH,Predicted next-period drop in performance (fatigue risk).
S2324-G0886,J. Brown,1,8.002564102564104,8.201031771771977,HIGH,Predicted next-period drop in performance (fatigue risk).
S2324-G0886,J. Tatum,1,6.377499999999998,10.85787768031487,HIGH,Predicted next-period drop in performance (fatigue risk).
S2324-G0886,K. Porzingis,1,6.026623376623377,9.372145666350956,HIGH,Predicted next-period drop in performance (fatigue risk).
S2324-G0900,A. Simons,3,-3.227960927960929,17.69510622278802,HIGH,Predicted next-period drop in performance (fatigue risk).
S2324-G0900,J. Williams,2,4.2976190476190474,8.461719190821828,HIGH,Predicted next-period drop in performance (fatigue risk).
S2324-G0900,S. Gilgeous-Alexander,1,3.934432234432237,11.026235586116606,HIGH,Predicted next-period drop in performance (fatigue risk).
S2324-G0900,S. Gilgeous-Alexander,3,29.733333333333334,26.492116455701524,HIGH,Predicted next-period drop in performance (fatigue risk).
S2324-G0901,D. Fox,1,-6.618611111111111,9.458293915443088,HIGH,Predicted next-period drop in performance (fatigue risk).
S2324-G0901,D. Fox,2,-5.805,10.786108963606267,HIGH,Predicted next-period drop in performance (fatigue risk).
S2324-G0901,D. Fox,3,-4.459722222222219,14.974149048194649,HIGH,Predicted next-period drop in performance (fatigue risk).
S2324-G0901,L. James,3,27.044444444444437,20.10466894777137,HIGH,Predicted next-period drop in performance (fatigue risk).
S2324-G0901,M. Monk,2,22.54083333333333,16.842084669067955,HIGH,Predicted next-period drop in performance (fatigue risk).
S2324-G0902,C. Cunningham,2,2.2581196581196608,8.350501563102483,HIGH,Predicted next-period drop in performance (fatigue risk).
S2324-G0902,D. Schroder,3,5.027380952380955,12.534605185242896,HIGH,Predicted next-period drop in performance (fatigue risk).
S2324-G0902,L. Walker IV,2,13.828030303030303,11.013059746861892,HIGH,Predicted next-period drop in performance (fatigue risk).
S2324-G0904,D. Robinson,1,14.9,7.986819354293632,HIGH,Predicted next-period drop in performance (fatigue risk).
S2324-G0904,L. Doncic,1,17.263492063492066,11.982153993573805,HIGH,Predicted next-period drop in performance (fatigue risk).
S2324-G0904,L. Doncic,3,20.290384615384617,20.24195960892853,HIGH,Predicted next-period drop in performance (fatigue risk).
S2324-G0904,T. Rozier,3,1.6120588235294129,11.534829163658015,HIGH,Predicted next-period drop in performance (fatigue risk).
S2324-G0905,G. Allen,1,25.214880952380952,28.15618352685096,HIGH,Predicted next-period drop in performance (fatigue risk).
S2324-G0905,G. Trent Jr.,2,1.927389277389274,9.418622413356456,HIGH,Predicted next-period drop in performance (fatigue risk).
S2324-G0905,G. Trent Jr.,3,4.3623076923076916,9.637016382733462,HIGH,Predicted next-period drop in performance (fatigue risk).
S2324-G0905,K. Durant,1,14.35811965811966,8.357004368102622,HIGH,Predicted next-period drop in performance (fatigue risk).
S2324-G0905,K. Durant,3,26.293045112781954,25.73319460534635,HIGH,Predicted next-period drop in performance (fatigue risk).
S2324-G0905,R. Barrett,3,-0.852503052503053,8.424595158715269,HIGH,Predicted next-period drop in performance (fatigue risk).
S2324-G0906,J. Brown,2,14.625286478227654,23.4963216607635,HIGH,Predicted next-period drop in performance (fatigue risk).
S2324-G0906,J. Brown,3,2.4715389185977443,10.656580208776354,HIGH,Predicted next-period drop in performance (fatigue risk).
S2324-G0906,J. Tatum,1,17.243636363636366,9.48368185575981,HIGH,Predicted next-period drop in performance (fatigue risk).
S2324-G0906,K. Caldwell-Pope,3,14.439047619047615,9.60449113285121,HIGH,Predicted next-period drop in performance (fatigue risk).
S2324-G0906,K. Porzingis,3,8.580341880341884,12.914191342475013,HIGH,Predicted next-period drop in performance (fatigue risk).
S2324-G0906,N. Jokic,2,9.4008547008547,10.831413021572477,HIGH,Predicted next-period drop in performance (fatigue risk).
S2324-G0909,K. Oubre Jr.,3,5.980194805194802,8.718514507684484,HIGH,Predicted next-period drop in performance (fatigue risk).
S2324-G0909,T. Harris,3,9.934603174603172,10.976356257126342,HIGH,Predicted next-period drop in performance (fatigue risk).
S2324-G0909,T. Murphy III,2,12.261363636363637,8.858713930423805,HIGH,Predicted next-period drop in performance (fatigue risk).
S2324-G0912,J. Brunson,1,3.033333333333335,9.553024341688994,HIGH,Predicted next-period drop in performance (fatigue risk).
S2324-G0912,P. Banchero,1,16.821593406593408,13.750941635015003,HIGH,Predicted next-period drop in performance (fatigue risk).
S2324-G0917,D. DeRozan,2,14.984761904761903,14.248302343140264,HIGH,Predicted next-period drop in performance (fatigue risk).
S2324-G0917,I. Zubac,3,19.676666666666662,7.973823935179005,HIGH,Predicted next-period drop in performance (fatigue risk).
S2324-G0917,K. Leonard,1,5.670000000000002,8.103493149957425,HIGH,Predicted next-period drop in performance (fatigue risk).
S2324-G0917,N. Vucevic,1,-0.0032085561497332,9.085972078850675,HIGH,Predicted next-period drop in performance (fatigue risk).
S2324-G0922,B. Sensabaugh,3,19.333333333333332,14.347924417193294,HIGH,Predicted next-period drop in performance (fatigue risk).
S2324-G0922,J. Clarkson,2,-4.768181818181816,17.333725694794968,HIGH,Predicted next-period drop in performance (fatigue risk).
S2324-G0922,J. Murray,1,-12.83863636363636,8.202242428752108,HIGH,Predicted next-period drop in performance (fatigue risk).
S2324-G0922,J. Murray,2,20.03849206349206,18.467042911038924,HIGH,Predicted next-period drop in performance (fatigue risk).
S2324-G0922,K. George,3,15.71948717948718,19.07322559709536,HIGH,Predicted next-period drop in performance (fatigue risk).
S2324-G0922,N. Jokic,1,6.983371530430354,9.097598571258892,HIGH,Predicted next-period drop in performance (fatigue risk).
S2324-G0923,C. Boucher,4,23.234210526315792,13.542076716532035,HIGH,Predicted next-period drop in performance (fatigue risk).
S2324-G0923,D. Ayton,1,-4.854025974025973,8.182985124375094,HIGH,Predicted next-period drop in performance (fatigue risk).
S2324-G0923,D. Ayton,2,13.524155844155844,9.603361348709708,HIGH,Predicted next-period drop in performance (fatigue risk).
S2324-G0923,D. Ayton,4,10.743578643578642,8.31614388895351,HIGH,Predicted next-period drop in performance (fatigue risk).
S2324-G0923,G. Trent Jr.,1,12.620000000000005,11.284162696046858,HIGH,Predicted next-period drop in performance (fatigue risk).
S2324-G0923,G. Trent Jr.,3,8.292307692307691,12.484168592885986,HIGH,Predicted next-period drop in performance (fatigue risk).
S2324-G0923,I. Quickley,3,0.0955266955266935,9.86339146077197,HIGH,Predicted next-period drop in performance (fatigue risk).
S2324-G0923,I. Quickley,4,11.71888888888889,10.457927279508471,HIGH,Predicted next-period drop in performance (fatigue risk).
S2324-G0923,M. Thybulle,4,19.646320346320344,9.54316131620502,HIGH,Predicted next-period drop in performance (fatigue risk).
S2324-G0933,C. Cunningham,1,25.64761904761905,15.910762564062123,HIGH,Predicted next-period drop in performance (fatigue risk).
S2324-G0933,J. Ivey,3,17.56923076923077,11.49599945351108,HIGH,Predicted next-period drop in performance (fatigue risk).
S2324-G0933,M. Bridges,1,10.62,9.202437037132754,HIGH,Predicted next-period drop in performance (fatigue risk).
S2324-G0933,M. Bridges,3,11.244761904761903,14.28791841887042,HIGH,Predicted next-period drop in performance (fatigue risk).
S2324-G0937,A. Gordon,1,17.342307692307692,9.526213823391451,HIGH,Predicted next-period drop in performance (fatigue risk).
S2324-G0937,J. Murray,3,-12.190158730158732,8.424221918268636,HIGH,Predicted next-period drop in performance (fatigue risk).
S2324-G0937,K. Olynyk,3,23.824786324786324,13.50965918040602,HIGH,Predicted next-period drop in performance (fatigue risk).
S2324-G0937,N. Jokic,2,-19.954179807120983,8.274489911181096,HIGH,Predicted next-period drop in performance (fatigue risk).
S2324-G0937,N. Jokic,3,35.78229946524064,24.650546103419227,HIGH,Predicted next-period drop in performance (fatigue risk).
S2324-G0946,C. Cunningham,2,11.674603174603174,13.591712010730992,HIGH,Predicted next-period drop in performance (fatigue risk).
S2324-G0946,J. Duren,1,12.09188034188034,11.592603004805088,HIGH,Predicted next-period drop in performance (fatigue risk).
S2324-G0949,J. Murray,2,0.7230303030303027,8.145510365917664,HIGH,Predicted next-period drop in performance (fatigue risk).
S2324-G0949,N. Jokic,1,19.813333333333333,9.452247072715783,HIGH,Predicted next-period drop in performance (fatigue risk).
S2324-G0951,J. Allen,1,12.939277389277391,9.424204533907568,HIGH,Predicted next-period drop in performance (fatigue risk).
S2324-G0951,S. Merrill,2,2.1952380952380945,8.306393657299976,HIGH,Predicted next-period drop in performance (fatigue risk).
S2324-G0951,T. Murphy III,2,9.937301587301588,12.19915057187251,HIGH,Predicted next-period drop in performance (fatigue risk).
S2324-G0951,Z. Williamson,1,8.646457489878543,10.64502258419566,HIGH,Predicted next-period drop in performance (fatigue risk).
S2324-G0959,J. Williams,2,24.81426900584795,16.09496658776844,HIGH,Predicted next-period drop in performance (fatigue risk).
S2324-G0959,K. Irving,2,4.036111111111108,7.997068163822327,HIGH,Predicted next-period drop in performance (fatigue risk).
S2324-G0959,S. Gilgeous-Alexander,3,3.397398190045248,10.677061308820914,HIGH,Predicted next-period drop in performance (fatigue risk).
S2324-G0959,T. Hardaway Jr.,2,6.687445887445886,8.156035322902873,HIGH,Predicted next-period drop in performance (fatigue risk).
S2324-G0962,B. Adebayo,2,21.567086834733896,21.79144029958468,HIGH,Predicted next-period drop in performance (fatigue risk).
S2324-G0962,C. Martin,2,21.29230769230769,11.06115843068503,HIGH,Predicted next-period drop in performance (fatigue risk).
S2324-G0962,D. Robinson,3,20.7125,11.88725999941458,HIGH,Predicted next-period drop in performance (fatigue risk).
S2324-G0962,J. Butler,1,21.282683982683984,9.290609159184031,HIGH,Predicted next-period drop in performance (fatigue risk).
S2324-G0963,P. Banchero,3,18.020833333333336,8.969218491362273,HIGH,Predicted next-period drop in performance (fatigue risk).
S2324-G0967,A. Thompson,2,17.446666666666665,8.774393420338829,HIGH,Predicted next-period drop in performance (fatigue risk).
S2324-G0967,D. Brooks,1,26.1425,12.697483816927823,HIGH,Predicted next-period drop in performance (fatigue risk).
S2324-G0967,F. VanVleet,3,21.200641025641023,15.00666065642843,HIGH,Predicted next-period drop in performance (fatigue risk).
S2324-G0967,J. Green,1,29.41666666666667,21.34124642948616,HIGH,Predicted next-period drop in performance (fatigue risk).
S2324-G0967,J. Green,3,4.302852049910872,10.503463884456927,HIGH,Predicted next-period drop in performance (fatigue risk).
S2324-G0967,J. Smith Jr.,2,16.50945165945166,10.663121131807603,HIGH,Predicted next-period drop in performance (fatigue risk).
S2324-G0978,C. Braun,2,12.989177489177486,11.512147501686302,HIGH,Predicted next-period drop in performance (fatigue risk).
S2324-G0978,K. Irving,3,16.604444444444443,15.368889632402672,HIGH,Predicted next-period drop in performance (fatigue risk).
S2324-G0978,L. Doncic,1,-3.36472073677956,12.58057971100368,HIGH,Predicted next-period drop in performance (fatigue risk).
S2324-G0978,L. Doncic,2,23.853609625668447,13.302493041749756,HIGH,Predicted next-period drop in performance (fatigue risk).
S2324-G0978,M. Porter Jr.,1,18.180952380952384,12.021218528945068,HIGH,Predicted next-period drop in performance (fatigue risk).
S2324-G0978,N. Jokic,1,26.50714285714286,14.782750915442463,HIGH,Predicted next-period drop in performance (fatigue risk).
S2324-G0983,C. LeVert,2,17.855396825396824,9.742356320701248,HIGH,Predicted next-period drop in performance (fatigue risk).
S2324-G0983,D. Garland,3,25.327272727272728,16.165843425280567,HIGH,Predicted next-period drop in performance (fatigue risk).
S2324-G0983,P. Siakam,3,19.89848484848485,8.686650410296426,HIGH,Predicted next-period drop in performance (fatigue risk).
S2324-G0984,D. White,1,-7.957264957264957,9.289845095924903,HIGH,Predicted next-period drop in performance (fatigue risk).
S2324-G0984,D. White,2,20.957264957264957,14.739229364160945,HIGH,Predicted next-period drop in performance (fatigue risk).
S2324-G0984,E. Fournier,2,19.126190476190473,13.604706632837283,HIGH,Predicted next-period drop in performance (fatigue risk).
S2324-G0984,J. Brown,1,-5.474007936507938,9.518463482679882,HIGH,Predicted next-period drop in performance (fatigue risk).
S2324-G0984,J. Ivey,1,13.293181818181814,11.269564075434298,HIGH,Predicted next-period drop in performance (fatigue risk).
S2324-G0984,J. Ivey,3,20.544444444444444,11.692218584026984,HIGH,Predicted next-period drop in performance (fatigue risk).
S2324-G0984,K. Porzingis,1,-5.565714285714286,7.81997723036923,HIGH,Predicted next-period drop in performance (fatigue risk).
S2324-G0984,K. Porzingis,3,17.63238095238095,12.125244214630465,HIGH,Predicted next-period drop in performance (fatigue risk).
S2324-G0988,C. Paul,2,15.75666666666667,9.520850300930547,HIGH,Predicted next-period drop in performance (fatigue risk).
S2324-G0988,J. Brunson,2,-2.6892857142857096,12.735391835472845,HIGH,Predicted next-period drop in performance (fatigue risk).
S2324-G0988,J. Brunson,3,16.889285714285712,17.591102086224673,HIGH,Predicted next-period drop in performance (fatigue risk).
S2324-G0988,K. Thompson,3,-1.6111111111111107,8.046070059004853,HIGH,Predicted next-period drop in performance (fatigue risk).
S2324-G0988,M. McBride,1,7.624999999999998,9.832825500664518,HIGH,Predicted next-period drop in performance (fatigue risk).
S2324-G0989,D. Fox,3,0.1900349650349682,8.142308442735542,HIGH,Predicted next-period drop in performance (fatigue risk).
S2324-G0989,D. Sabonis,1,16.345238095238095,9.958301989654974,HIGH,Predicted next-period drop in performance (fatigue risk).
S2324-G0989,G. Jackson II,1,8.933333333333335,7.9595180302187565,HIGH,Predicted next-period drop in performance (fatigue risk).
S2324-G0989,J. Jackson Jr.,1,16.638333333333335,8.489269674519388,HIGH,Predicted next-period drop in performance (fatigue risk).
S2324-G0989,J. Jackson Jr.,4,29.8375,16.07457899881222,HIGH,Predicted next-period drop in performance (fatigue risk).
S2324-G0997,A. Nesmith,2,19.31948051948052,13.515538244298126,HIGH,Predicted next-period drop in performance (fatigue risk).
S2324-G0997,C. Cunningham,1,5.379166666666666,12.653753210714386,HIGH,Predicted next-period drop in performance (fatigue risk).
S2324-G0997,P. Siakam,1,22.73611111111111,11.316755376426578,HIGH,Predicted next-period drop in performance (fatigue risk).
S2324-G0997,P. Siakam,3,25.976923076923075,16.24032397210137,HIGH,Predicted next-period drop in performance (fatigue risk).
S2324-G0997,T. McConnell,2,18.52857142857143,11.735011099564533,HIGH,Predicted next-period drop in performance (fatigue risk).
S2324-G1000,C. Holmgren,1,9.191486291486292,8.006756545507756,HIGH,Predicted next-period drop in performance (fatigue risk).
S2324-G1000,C. Sexton,3,11.009415584415583,8.72227911523658,HIGH,Predicted next-period drop in performance (fatigue risk).
S2324-G1000,J. Juzang,2,20.52857142857143,8.993641667646191,HIGH,Predicted next-period drop in performance (fatigue risk).
S2324-G1000,J. Williams,2,12.90920168067227,9.901707324521466,HIGH,Predicted next-period drop in performance (fatigue risk).
S2324-G1000,S. Gilgeous-Alexander,1,9.978896103896105,11.78893894939674,HIGH,Predicted next-period drop in performance (fatigue risk).
S2324-G1000,S. Gilgeous-Alexander,3,12.39090909090909,15.473974669297144,HIGH,Predicted next-period drop in performance (fatigue risk).
S2324-G1005,D. Fox,2,19.44705882352941,14.452204480598796,HIGH,Predicted next-period drop in performance (fatigue risk).
S2324-G1005,K. Kuzma,2,3.32011133603239,10.990504185032195,HIGH,Predicted next-period drop in performance (fatigue risk).
S2324-G1005,K. Murray,1,21.958333333333332,9.331421115027425,HIGH,Predicted next-period drop in performance (fatigue risk).
S2324-G1005,M. Monk,3,13.60108225108225,10.328277628935776,HIGH,Predicted next-period drop in performance (fatigue risk).
S2324-G1011,C. Cunningham,1,9.76190476190476,10.71834089269951,HIGH,Predicted next-period drop in performance (fatigue risk).
S2324-G1011,D. White,2,11.997222222222222,9.54423636127188,HIGH,Predicted next-period drop in performance (fatigue risk).
S2324-G1011,J. Brown,1,10.951515151515157,12.449358916474038,HIGH,Predicted next-period drop in performance (fatigue risk).
S2324-G1011,J. Brown,3,31.03571428571429,20.027312327506504,HIGH,Predicted next-period drop in performance (fatigue risk).
S2324-G1011,J. Ivey,3,27.166666666666668,11.793955426106429,HIGH,Predicted next-period drop in performance (fatigue risk).
S2324-G1011,J. Wiseman,1,13.189393939393938,12.367065839662528,HIGH,Predicted next-period drop in performance (fatigue risk).
S2324-G1011,P. Pritchard,1,2.370303030303031,10.31701675303324,HIGH,Predicted next-period drop in performance (fatigue risk).
S2324-G1011,S. Hauser,2,15.321428571428571,9.999491997295676,HIGH,Predicted next-period drop in performance (fatigue risk).
S2324-G1011,T. Evbuomwan,3,11.875,11.106306612385582,HIGH,Predicted next-period drop in performance (fatigue risk).
S2324-G1014,A. Edwards,1,12.34155844155844,8.062950886761787,HIGH,Predicted next-period drop in performance (fatigue risk).
S2324-G1014,A. Edwards,3,21.130952380952383,12.15866662344009,HIGH,Predicted next-period drop in performance (fatigue risk).
S2324-G1014,D. Garland,1,12.68214285714286,11.04519721480962,HIGH,Predicted next-period drop in performance (fatigue risk).
S2324-G1014,J. McLaughlin,2,15.900000000000002,10.215677501013548,HIGH,Predicted next-period drop in performance (fatigue risk).
S2324-G1014,N. Reid,1,21.585714285714285,10.730270712036416,HIGH,Predicted next-period drop in performance (fatigue risk).
S2324-G1014,S. Merrill,2,26.1875,9.506248979636352,HIGH,Predicted next-period drop in performance (fatigue risk).
S2324-G1025,D. Booker,1,21.953333333333333,18.958178121206384,HIGH,Predicted next-period drop in performance (fatigue risk).
S2324-G1025,E. Gordon,2,10.56969696969697,9.927240056218045,HIGH,Predicted next-period drop in performance (fatigue risk).
S2324-G1025,K. Durant,2,9.873333333333337,13.963924607622353,HIGH,Predicted next-period drop in performance (fatigue risk).
S2324-G1036,D. Schroder,2,5.569841269841271,8.369522822644548,HIGH,Predicted next-period drop in performance (fatigue risk).
S2324-G1036,G. Trent Jr.,2,4.141414141414142,8.886546414629919,HIGH,Predicted next-period drop in performance (fatigue risk).
S2324-G1036,T. Watford,2,25.002272727272725,14.053597560411518,HIGH,Predicted next-period drop in performance (fatigue risk).
S2324-G1042,D. Mitchell,2,17.227777777777778,14.09878116879482,HIGH,Predicted next-period drop in performance (fatigue risk).
S2324-G1042,K. Murray,1,24.28636363636363,22.563690285571163,HIGH,Predicted next-period drop in performance (fatigue risk).
S2324-G1042,T. Maxey,1,36.627575757575755,28.04131360828992,HIGH,Predicted next-period drop in performance (fatigue risk).
S2324-G1049,C. Anthony,2,-3.4766666666666666,10.158138037104417,HIGH,Predicted next-period drop in performance (fatigue risk).
S2324-G1049,P. Banchero,1,5.810256410256411,9.79129520497758,HIGH,Predicted next-period drop in performance (fatigue risk).
S2324-G1049,S. Curry,2,2.4206793206793193,8.383891066868813,HIGH,Predicted next-period drop in performance (fatigue risk).
S2324-G1050,C. Thomas,1,19.118869365928187,22.53372137623843,HIGH,Predicted next-period drop in performance (fatigue risk).
S2324-G1050,D. Schroder,3,8.858333333333334,9.847313641538436,HIGH,Predicted next-period drop in performance (fatigue risk).
S2324-G1050,J. Poole,1,15.124603174603177,10.977470487350784,HIGH,Predicted next-period drop in performance (fatigue risk).
S2324-G1050,J. Poole,3,-4.430735930735931,11.982622896907746,HIGH,Predicted next-period drop in performance (fatigue risk).
S2324-G1050,J. Poole,4,21.47835497835498,15.322832413894467,HIGH,Predicted next-period drop in performance (fatigue risk).
S2324-G1050,K. Kuzma,1,18.257142857142856,8.36146928997574,HIGH,Predicted next-period drop in performance (fatigue risk).
S2324-G1050,M. Bagley III,2,8.366666666666667,9.49997779551138,HIGH,Predicted next-period drop in performance (fatigue risk).
S2324-G1050,N. Claxton,2,11.919047619047618,8.669157932108112,HIGH,Predicted next-period drop in performance (fatigue risk).
S2324-G1055,D. Bane,1,17.804761904761904,11.001410042338607,HIGH,Predicted next-period drop in performance (fatigue risk).
S2324-G1055,D. Bane,3,20.34787878787879,12.410951248019986,HIGH,Predicted next-period drop in performance (fatigue risk).
S2324-G1055,D. Russell,3,25.260714285714283,13.636903474905994,HIGH,Predicted next-period drop in performance (fatigue risk).
S2324-G1055,L. Stevens,2,25.550641025641024,13.718118409663536,HIGH,Predicted next-period drop in performance (fatigue risk).
S2324-G1055,R. Hachimura,2,2.2750915750915723,9.394317447581018,HIGH,Predicted next-period drop in performance (fatigue risk).
S2324-G1055,S. Pippen Jr.,1,15.472222222222223,8.943614994459447,HIGH,Predicted next-period drop in performance (fatigue risk).
S2324-G1056,C. Cunningham,1,15.821452991452992,16.469180074005664,HIGH,Predicted next-period drop in performance (fatigue risk).
S2324-G1056,C. Cunningham,3,12.231428571428571,11.868233043189608,HIGH,Predicted next-period drop in performance (fatigue risk).
S2324-G1056,K. Anderson,3,11.748333333333337,8.922223351058433,HIGH,Predicted next-period drop in performance (fatigue risk).
S2324-G1056,N. Reid,1,9.576507936507936,12.063468660654111,HIGH,Predicted next-period drop in performance (fatigue risk).
S2324-G1062,D. Bertans,2,18.06111111111111,15.769591659402414,HIGH,Predicted next-period drop in performance (fatigue risk).
S2324-G1062,M. Bridges,3,17.694683257918555,9.939189813107848,HIGH,Predicted next-period drop in performance (fatigue risk).
S2324-G1062,M. Moody,2,8.816666666666668,9.389135102825282,HIGH,Predicted next-period drop in performance (fatigue risk).
S2324-G1062,S. Curry,3,16.008333333333333,15.306823203975052,HIGH,Predicted next-period drop in performance (fatigue risk).
S2324-G1062,T. Jackson-Davis,3,11.347008547008548,8.084979627285302,HIGH,Predicted next-period drop in performance (fatigue risk).
S2324-G1064,I. Zubac,3,19.624786324786324,8.626742391344337,HIGH,Predicted next-period drop in performance (fatigue risk).
S2324-G1064,K. Leonard,3,17.792543859649122,17.209812118884596,HIGH,Predicted next-period drop in performance (fatigue risk).
S2324-G1064,P. Banchero,3,20.37045454545454,21.796582676553896,HIGH,Predicted next-period drop in performance (fatigue risk).
S2324-G1067,G. Niang,2,20.543956043956044,14.299769090243103,HIGH,Predicted next-period drop in performance (fatigue risk).
S2324-G1067,K. Lowry,3,4.411255411255411,13.28419596627977,HIGH,Predicted next-period drop in performance (fatigue risk).
S2324-G1067,T. Harris,1,1.7096703296703275,8.856849256986509,HIGH,Predicted next-period drop in performance (fatigue risk).
S2324-G1067,T. Maxey,1,14.198160173160172,10.391139683020508,HIGH,Predicted next-period drop in performance (fatigue risk).
S2324-G1067,T. Maxey,3,7.770818070818073,9.748892464421523,HIGH,Predicted next-period drop in performance (fatigue risk).
S2324-G1071,A. Edwards,1,11.149841269841271,11.929571205996238,HIGH,Predicted next-period drop in performance (fatigue risk).
S2324-G1071,A. Edwards,3,16.482045454545453,8.125190399286057,HIGH,Predicted next-period drop in performance (fatigue risk).
S2324-G1071,M. Conley,3,6.127777777777776,8.488682011868246,HIGH,Predicted next-period drop in performance (fatigue risk).
S2324-G1071,N. Jokic,3,-8.553675213675213,8.753217238302845,HIGH,Predicted next-period drop in performance (fatigue risk).
S2324-G1073,D. Fox,2,7.262987012987011,9.476138562050432,HIGH,Predicted next-period drop in performance (fatigue risk).
S2324-G1073,H. Barnes,1,0.3940476190476154,11.000388426958692,HIGH,Predicted next-period drop in performance (fatigue risk).
S2324-G1073,H. Barnes,2,19.905952380952385,9.741146104779393,HIGH,Predicted next-period drop in performance (fatigue risk).
S2324-G1073,K. Ellis,1,20.205714285714286,11.547980357484455,HIGH,Predicted next-period drop in performance (fatigue risk).
S2324-G1075,B. Clarke,2,9.8,8.188512689029455,HIGH,Predicted next-period drop in performance (fatigue risk).
S2324-G1075,C. Anthony,2,7.635714285714286,10.557959331794306,HIGH,Predicted next-period drop in performance (fatigue risk).
S2324-G1075,J. Ingles,1,15.723333333333334,8.261796973367908,HIGH,Predicted next-period drop in performance (fatigue risk).
S2324-G1093,C. Holmgren,3,4.625396825396825,7.934752050135094,HIGH,Predicted next-period drop in performance (fatigue risk).
S2324-G1093,I. Joe,2,16.045844155844154,16.014280522548265,HIGH,Predicted next-period drop in performance (fatigue risk).
S2324-G1094,A. Davis,1,13.26590909090909,10.499166675343732,HIGH,Predicted next-period drop in performance (fatigue risk).
S2324-G1094,D. Russell,1,9.63030303030303,8.202242428752108,HIGH,Predicted next-period drop in performance (fatigue risk).
S2324-G1094,L. James,2,5.823809523809526,10.083678282685977,HIGH,Predicted next-period drop in performance (fatigue risk).
S2324-G1094,R. Barrett,1,-0.9412337662337648,8.257990610947072,HIGH,Predicted next-period drop in performance (fatigue risk).
S2324-G1095,C. Kispert,2,10.249206349206348,17.10455225359994,HIGH,Predicted next-period drop in performance (fatigue risk).
S2324-G1095,D. Avdija,1,11.84870423693953,8.7044986834744,HIGH,Predicted next-period drop in performance (fatigue risk).
S2324-G1095,G. Antetokounmpo,3,-6.1175678733031695,10.078208173407123,HIGH,Predicted next-period drop in performance (fatigue risk).
S2324-G1095,J. Poole,1,14.655714285714286,9.206267531644132,HIGH,Predicted next-period drop in performance (fatigue risk).
S2324-G1095,K. Middleton,2,10.60518207282913,14.412048395380667,HIGH,Predicted next-period drop in performance (fatigue risk).
S2324-G1099,J. Champagnie,3,20.99047619047619,9.451362077944133,HIGH,Predicted next-period drop in performance (fatigue risk).
S2324-G1099,M. Branham,2,5.293772893772893,15.608697825009752,HIGH,Predicted next-period drop in performance (fatigue risk).
S2324-G1099,N. Jokic,1,31.735610766045543,31.80491380599272,HIGH,Predicted next-period drop in performance (fatigue risk).
S2324-G1099,N. Jokic,3,18.76171310629515,24.839225491541804,HIGH,Predicted next-period drop in performance (fatigue risk).
S2324-G1099,V. Wembanyama,1,26.424903038138332,26.052460849708815,HIGH,Predicted next-period drop in performance (fatigue risk).
S2324-G1102,D. Ayton,1,28.899047619047614,16.202940827019397,HIGH,Predicted next-period drop in performance (fatigue risk).
S2324-G1102,D. Ayton,3,10.875000000000004,11.310000553498924,HIGH,Predicted next-period drop in performance (fatigue risk).
S2324-G1119,A. Dosunmu,1,29.526666666666667,19.13162374587877,HIGH,Predicted next-period drop in performance (fatigue risk).
S2324-G1119,D. DiVincenzo,3,18.628571428571423,9.010214596416,HIGH,Predicted next-period drop in performance (fatigue risk).
S2324-G1119,J. Brunson,1,-15.682105263157895,8.793264443947336,HIGH,Predicted next-period drop in performance (fatigue risk).
S2324-G1119,J. Brunson,2,23.5571052631579,23.80918286524657,HIGH,Predicted next-period drop in performance (fatigue risk).
S2324-G1119,J. Green,2,11.604595404595406,13.49205161334441,HIGH,Predicted next-period drop in performance (fatigue risk).
S2324-G1119,N. Vucevic,1,5.216666666666665,8.98331500222404,HIGH,Predicted next-period drop in performance (fatigue risk).
S2324-G1120,B. Adebayo,2,14.65,10.316472913476192,HIGH,Predicted next-period drop in performance (fatigue risk).
S2324-G1120,D. Brooks,1,27.958333333333332,17.414376698826565,HIGH,Predicted next-period drop in performance (fatigue risk).
S2324-G1120,J. Butler,1,14.308963585434176,9.274728736417002,HIGH,Predicted next-period drop in performance (fatigue risk).
S2324-G1120,T. Rozier,2,2.6108225108225103,8.214528088245396,HIGH,Predicted next-period drop in performance (fatigue risk).
S2324-G1121,G. Jackson II,1,10.230952380952385,11.280401198382568,HIGH,Predicted next-period drop in performance (fatigue risk).
S2324-G1121,J. Ivey,1,19.26803921568628,15.435793327582124,HIGH,Predicted next-period drop in performance (fatigue risk).
S2324-G1121,L. Stevens,1,16.020714285714284,14.907039188453464,HIGH,Predicted next-period drop in performance (fatigue risk).
S2324-G1121,M. Pereira,2,12.986904761904762,11.676061625267314,HIGH,Predicted next-period drop in performance (fatigue risk).
S2324-G1121,S. Pippen Jr.,3,6.012987012987015,8.316766378175014,HIGH,Predicted next-period drop in performance (fatigue risk).
S2324-G1132,C. LeVert,1,2.3500000000000014,7.961660657910179,HIGH,Predicted next-period drop in performance (fatigue risk).
S2324-G1132,D. Garland,2,10.36749851455734,10.92923970761155,HIGH,Predicted next-period drop in performance (fatigue risk).
S2324-G1132,E. Mobley,1,12.872063492063496,12.289053296527404,HIGH,Predicted next-period drop in performance (fatigue risk).
S2324-G1132,J. Allen,3,11.852380952380951,8.313953811297374,HIGH,Predicted next-period drop in performance (fatigue risk).
S2324-G1133,A. Nembhard,3,15.405555555555557,8.18605154591232,HIGH,Predicted next-period drop in performance (fatigue risk).
S2324-G1133,B. Adebayo,2,7.80848484848485,8.200400222927769,HIGH,Predicted next-period drop in performance (fatigue risk).
S2324-G1133,J. Butler,1,9.59095238095238,9.823646500961734,HIGH,Predicted next-period drop in performance (fatigue risk).
S2324-G1133,J. Butler,3,11.103174603174605,9.487696319321437,HIGH,Predicted next-period drop in performance (fatigue risk).
S2324-G1133,N. Jovic,3,8.660000000000002,10.645797933226897,HIGH,Predicted next-period drop in performance (fatigue risk).
S2324-G1133,T. Herro,2,12.286666666666669,8.73755009919532,HIGH,Predicted next-period drop in performance (fatigue risk).
S2324-G1133,T. McConnell,2,8.545238095238094,9.01779764692088,HIGH,Predicted next-period drop in performance (fatigue risk).
S2324-G1140,K. Oubre Jr.,1,8.100952380952382,12.021218528945068,HIGH,Predicted next-period drop in performance (fatigue risk).
S2324-G1140,K. Oubre Jr.,4,12.933333333333334,9.482070337424052,HIGH,Predicted next-period drop in performance (fatigue risk).
S2324-G1140,M. Branham,2,14.91904761904762,11.101762501697976,HIGH,Predicted next-period drop in performance (fatigue risk).
S2324-G1140,T. Maxey,2,-24.55359477124183,11.08685219987026,HIGH,Predicted next-period drop in performance (fatigue risk).
S2324-G1140,T. Maxey,3,7.420261437908493,27.91910994194627,HIGH,Predicted next-period drop in performance (fatigue risk).
S2324-G1140,T. Maxey,4,25.561111111111117,21.005730750546405,HIGH,Predicted next-period drop in performance (fatigue risk).
S2324-G1145,E. Fournier,2,14.775,14.495239779790705,HIGH,Predicted next-period drop in performance (fatigue risk).
S2324-G1145,J. Duren,2,10.035209235209232,9.57236209764278,HIGH,Predicted next-period drop in performance (fatigue risk).
S2324-G1145,J. Embiid,1,-4.466666666666669,9.593712079667537,HIGH,Predicted next-period drop in performance (fatigue risk).
S2324-G1145,J. Embiid,2,6.481457431457432,11.495880589947268,HIGH,Predicted next-period drop in performance (fatigue risk).
S2324-G1145,J. Ivey,1,7.173030303030302,10.975708680310914,HIGH,Predicted next-period drop in performance (fatigue risk).
S2324-G1145,K. Oubre Jr.,3,24.44090909090909,15.769570797123842,HIGH,Predicted next-period drop in performance (fatigue risk).
S2324-G1145,M. Sasser,3,17.375579975579974,8.594882031264602,HIGH,Predicted next-period drop in performance (fatigue risk).
S2324-G1145,T. Harris,1,18.27811965811966,11.447344423699072,HIGH,Predicted next-period drop in performance (fatigue risk).
S2324-G1147,B. Bogdanovic,1,12.225,8.022878228905794,HIGH,Predicted next-period drop in performance (fatigue risk).
S2324-G1147,B. Fernando,1,14.977777777777778,7.803534833436808,HIGH,Predicted next-period drop in performance (fatigue risk).
S2324-G1147,D. Hunter,3,22.07123015873016,12.597152201461205,HIGH,Predicted next-period drop in performance (fatigue risk).
S2324-G1147,D. Murray,3,0.5678195488721762,10.617803904435362,HIGH,Predicted next-period drop in performance (fatigue risk).
S2324-G1147,T. Herro,2,8.561463536463537,9.820517859304973,HIGH,Predicted next-period drop in performance (fatigue risk).
S2324-G1147,T. Herro,4,15.234166666666663,12.022124861942904,HIGH,Predicted next-period drop in performance (fatigue risk).
S2324-G1153,D. Fox,1,11.759722222222225,19.006762491910987,HIGH,Predicted next-period drop in performance (fatigue risk).
S2324-G1153,D. Mitchell,2,19.537878787878785,7.971329741620202,HIGH,Predicted next-period drop in performance (fatigue risk).
S2324-G1153,K. Ellis,1,10.83650793650794,12.84523372443572,HIGH,Predicted next-period drop in performance (fatigue risk).
S2324-G1153,K. Murray,3,18.52,8.523860743342839,HIGH,Predicted next-period drop in performance (fatigue risk).
S2324-G1153,S. Gilgeous-Alexander,1,12.62445054945055,10.844817540642913,HIGH,Predicted next-period drop in performance (fatigue risk).
S2324-G1153,S. Gilgeous-Alexander,3,14.782142857142858,16.0627219132904,HIGH,Predicted next-period drop in performance (fatigue risk).
S2324-G1161,D. Gafford,2,21.567857142857143,14.559453327998504,HIGH,Predicted next-period drop in performance (fatigue risk).
S2324-G1161,K. Irving,1,5.974999999999998,12.666355989700518,HIGH,Predicted next-period drop in performance (fatigue risk).
S2324-G1161,K. Irving,2,17.96785714285714,7.850918050562953,HIGH,Predicted next-period drop in performance (fatigue risk).
S2324-G1161,K. Love,3,7.008441558441559,9.92450996708862,HIGH,Predicted next-period drop in performance (fatigue risk).
S2324-G1161,L. Doncic,1,13.985858585858589,13.177670132804128,HIGH,Predicted next-period drop in performance (fatigue risk).
S2324-G1161,L. Doncic,3,15.89089635854342,10.667039588818083,HIGH,Predicted next-period drop in performance (fatigue risk).
S2324-G1165,A. Coffey,3,9.133636363636365,7.82147974202161,HIGH,Predicted next-period drop in performance (fatigue risk).
S2324-G1165,B. Beal,2,-0.7061965811965791,9.361691748646214,HIGH,Predicted next-period drop in performance (fatigue risk).
S2324-G1165,B. Beal,3,12.916208791208792,8.287676744196844,HIGH,Predicted next-period drop in performance (fatigue risk).
S2324-G1165,B. Boston Jr.,2,-0.0681818181818165,9.810101384047588,HIGH,Predicted next-period drop in performance (fatigue risk).
S2324-G1165,B. Hyland,1,10.569523809523808,20.604842590319222,HIGH,Predicted next-period drop in performance (fatigue risk).
S2324-G1165,B. Hyland,3,16.027014652014653,20.53310007152259,HIGH,Predicted next-period drop in performance (fatigue risk).
S2324-G1165,D. Booker,1,32.00666666666667,21.248851977993105,HIGH,Predicted next-period drop in performance (fatigue risk).
S2324-G1165,D. Booker,3,3.912324929971991,12.571695663190091,HIGH,Predicted next-period drop in performance (fatigue risk).
S2324-G1165,E. Gordon,2,11.989177489177486,10.51917594853268,HIGH,Predicted next-period drop in performance (fatigue risk).
S2324-G1168,B. Sensabaugh,2,17.191558441558442,12.467866385348293,HIGH,Predicted next-period drop in performance (fatigue risk).
S2324-G1168,C. Whitmore,2,30.152063492063498,20.70452792981035,HIGH,Predicted next-period drop in performance (fatigue risk).
S2324-G1168,F. VanVleet,1,43.119696969696975,28.160819388523223,HIGH,Predicted next-period drop in performance (fatigue risk).
S2324-G1168,F. VanVleet,3,10.058013750954927,25.14743565001738,HIGH,Predicted next-period drop in performance (fatigue risk).
S2324-G1168,K. George,2,2.8861538461538476,7.812125099280183,HIGH,Predicted next-period drop in performance (fatigue risk).
S2324-G1168,L. Samanic,1,16.75,10.873169341886245,HIGH,Predicted next-period drop in performance (fatigue risk).
S2324-G1174,C. LeVert,2,11.567857142857145,10.478838405563234,HIGH,Predicted next-period drop in performance (fatigue risk).
S2324-G1174,D. Mitchell,1,17.027094474153294,18.44885361650923,HIGH,Predicted next-period drop in performance (fatigue risk).
S2324-G1174,D. Mitchell,3,22.658755980861244,17.302625162109003,HIGH,Predicted next-period drop in performance (fatigue risk).
S2324-G1174,J. Allen,1,6.768333333333334,9.570152851642549,HIGH,Predicted next-period drop in performance (fatigue risk).
S2324-G1174,O. Toppin,3,17.744444444444444,8.243506676171524,HIGH,Predicted next-period drop in performance (fatigue risk).
S2324-G1174,T. McConnell,1,4.188888888888888,7.810038287529081,HIGH,Predicted next-period drop in performance (fatigue risk).
S2324-G1177,A. Davis,1,27.393126481361776,21.622095681591684,HIGH,Predicted next-period drop in performance (fatigue risk).
S2324-G1177,A. Davis,3,16.522018716577538,18.944058705165286,HIGH,Predicted next-period drop in performance (fatigue risk).
S2324-G1177,G. Jackson II,1,0.1596153846153853,10.614582206836682,HIGH,Predicted next-period drop in performance (fatigue risk).
S2324-G1177,J. Goodwin,1,27.149170437405733,17.519138870877846,HIGH,Predicted next-period drop in performance (fatigue risk).
S2324-G1177,J. Goodwin,3,11.308129146395398,14.235020889599484,HIGH,Predicted next-period drop in performance (fatigue risk).
S2324-G1177,J. LaRavia,2,21.467543859649123,20.950056571571174,HIGH,Predicted next-period drop in performance (fatigue risk).
S2324-G1177,L. James,2,7.948684648684647,10.224611264036064,HIGH,Predicted next-period drop in performance (fatigue risk).
S2324-G1177,S. Pippen Jr.,1,-0.9114219114219112,10.290834910453755,HIGH,Predicted next-period drop in performance (fatigue risk).
S2324-G1180,J. Murray,1,-1.0389610389610375,11.73787916585819,HIGH,Predicted next-period drop in performance (fatigue risk).
S2324-G1180,N. Jokic,1,30.271868131868132,18.039568268732456,HIGH,Predicted next-period drop in performance (fatigue risk).
S2324-G1180,V. Wembanyama,1,5.709610389610386,12.690962321616812,HIGH,Predicted next-period drop in performance (fatigue risk).
S2324-G1180,V. Wembanyama,3,21.9458152958153,16.351384889634218,HIGH,Predicted next-period drop in performance (fatigue risk).
S2324-G1193,C. Braun,2,15.40952380952381,12.309564010832649,HIGH,Predicted next-period drop in performance (fatigue risk).
S2324-G1193,G. Jackson II,1,-1.4076190476190504,13.980037726841717,HIGH,Predicted next-period drop in performance (fatigue risk).
S2324-G1193,G. Jackson II,2,-9.255438596491224,12.150532392032892,HIGH,Predicted next-period drop in performance (fatigue risk).
S2324-G1193,G. Jackson II,3,6.581499202551832,24.845003591231738,HIGH,Predicted next-period drop in performance (fatigue risk).
S2324-G1193,J. Murray,1,2.9156177156177137,11.769405565094424,HIGH,Predicted next-period drop in performance (fatigue risk).
S2324-G1193,J. Murray,2,15.272564102564104,8.695702353672013,HIGH,Predicted next-period drop in performance (fatigue risk).
S2324-G1199,A. Thompson,3,16.344078144078143,8.357324629579962,HIGH,Predicted next-period drop in performance (fatigue risk).
S2324-G1199,C. Whitmore,3,18.23174603174603,12.557549357030236,HIGH,Predicted next-period drop in performance (fatigue risk).
S2324-G1199,D. Theis,2,5.603463203463205,7.8626443384933005,HIGH,Predicted next-period drop in performance (fatigue risk).
S2324-G1199,J. Green,1,1.032222679281503,13.965636096105833,HIGH,Predicted next-period drop in performance (fatigue risk).
S2324-G1199,J. Green,2,18.05042735042735,11.923327370415352,HIGH,Predicted next-period drop in performance (fatigue risk).
S2324-G1199,X. Moon,2,16.96923076923077,10.478035626114815,HIGH,Predicted next-period drop in performance (fatigue risk).
S2324-G1207,C. Martin,1,11.618648018648017,21.276987437405516,HIGH,Predicted next-period drop in performance (fatigue risk).
S2324-G1207,G. Trent Jr.,3,10.392307692307694,8.482059100629536,HIGH,Predicted next-period drop in performance (fatigue risk).
S2324-G1207,J. Butler,3,10.233974358974358,9.438963631929834,HIGH,Predicted next-period drop in performance (fatigue risk).
S2324-G1207,P. Achiuwa,2,16.304444444444446,10.389086375307128,HIGH,Predicted next-period drop in performance (fatigue risk).
S2324-G1207,P. Siakam,1,5.635396825396825,10.13298291863074,HIGH,Predicted next-period drop in performance (fatigue risk).
S2324-G1216,G. Hayward,1,14.436363636363636,11.108442030319694,HIGH,Predicted next-period drop in performance (fatigue risk).
S2324-G1216,P. Siakam,2,14.058766233766235,14.428256951167636,HIGH,Predicted next-period drop in performance (fatigue risk).
S2324-G1216,S. Barnes,3,-6.208547008547008,9.647050505898354,HIGH,Predicted next-period drop in performance (fatigue risk).
S2324-G1217,F. Wagner,2,5.422222222222224,12.327026392998745,HIGH,Predicted next-period drop in performance (fatigue risk).
S2324-G1217,G. Bitadze,1,22.483214285714286,8.128967244360723,HIGH,Predicted next-period drop in performance (fatigue risk).
S2324-G1217,P. Banchero,2,4.143406593406592,10.327749380041508,HIGH,Predicted next-period drop in performance (fatigue risk).
S2324-G1219,C. Thomas,3,23.763675213675217,13.56344485532745,HIGH,Predicted next-period drop in performance (fatigue risk).
S2324-G1219,M. Bridges,1,11.020634920634922,11.02856948058029,HIGH,Predicted next-period drop in performance (fatigue risk).
S2324-G1222,J. Kuminga,4,5.117397504456328,7.990924218939474,HIGH,Predicted next-period drop in performance (fatigue risk).
S2324-G1222,J. Williams,2,16.50320512820513,9.718661486178837,HIGH,Predicted next-period drop in performance (fatigue risk).
S2324-G1222,J. Williams,4,23.764285714285716,14.028255032342908,HIGH,Predicted next-period drop in performance (fatigue risk).
S2324-G1222,K. Thompson,2,14.8,8.556051512313466,HIGH,Predicted next-period drop in performance (fatigue risk).
S2324-G1222,S. Curry,4,9.205860805860803,12.8690360727486,HIGH,Predicted next-period drop in performance (fatigue risk).
S2324-G1222,S. Gilgeous-Alexander,1,2.123333333333335,9.412563594648864,HIGH,Predicted next-period drop in performance (fatigue risk).
S2324-G1222,S. Gilgeous-Alexander,3,8.363193779904304,13.37993919417358,HIGH,Predicted next-period drop in performance (fatigue risk).
S2324-G1222,S. Gilgeous-Alexander,4,10.093195108984585,9.298834494188084,HIGH,Predicted next-period drop in performance (fatigue risk).
S2324-G1223,D. Vassell,2,7.763203463203466,9.501782265896784,HIGH,Predicted next-period drop in performance (fatigue risk).
S2324-G1223,K. Johnson,1,10.615000000000002,7.957006601642436,HIGH,Predicted next-period drop in performance (fatigue risk).
S2324-G1223,N. Vucevic,2,-1.73099206349206,12.866779321437525,HIGH,Predicted next-period drop in performance (fatigue risk).
S2324-G1223,N. Vucevic,3,23.292499999999997,13.323766819511755,HIGH,Predicted next-period drop in performance (fatigue risk).
S2324-G1223,V. Wembanyama,3,5.620101010101006,8.007734718224112,HIGH,Predicted next-period drop in performance (fatigue risk).
