game_id,playerNameI,period,y_true_drop,y_pred_drop
S2324-G0011,A. Holiday,1,-0.9000000000000004,-1.8160955163472208
S2324-G0011,A. Holiday,2,-1.7000000000000002,-1.393907649065068
S2324-G0011,A. Sengun,1,8.594285714285714,7.408040060373258
S2324-G0011,A. Sengun,2,-6.622307692307693,-3.00857960747606
S2324-G0011,A. Sengun,3,6.788974358974361,3.050077231945764
S2324-G0011,B. Ingram,1,-4.653675213675214,6.366012478230809
S2324-G0011,B. Ingram,2,-1.1113247863247864,9.808923249869984
S2324-G0011,B. Ingram,3,-1.0353921568627449,8.168554945744427
S2324-G0011,C. Zeller,2,1.1666666666666665,-4.963021787082159
S2324-G0011,D. Brooks,1,-11.4,-5.5774175146276805
S2324-G0011,D. Brooks,2,11.4,0.9711945388356336
S2324-G0011,D. Brooks,3,-15.442857142857141,-4.527274039148147
S2324-G0011,D. Daniels,1,2.106666666666667,-2.6970315219421086
S2324-G0011,D. Daniels,2,-13.167307692307693,-5.583849780868175
S2324-G0011,D. Daniels,3,13.387307692307694,7.70848466010149
S2324-G0011,D. Seabron,1,-6.9976190476190485,-5.866799967113386
S2324-G0011,F. VanVleet,1,2.684444444444443,1.4039714763700706
S2324-G0011,F. VanVleet,2,-1.6873015873015866,1.1889879341789407
S2324-G0011,F. VanVleet,3,-10.426839826839826,3.0048606836905853
S2324-G0011,J. Green,1,17.680833333333336,14.583133471551243
S2324-G0011,J. Green,2,4.222710622710622,-0.5118691453800254
S2324-G0011,J. Green,3,-17.06310277957337,-4.1958142765226105
S2324-G0011,J. Hawkins,1,0.0969696969696976,-3.9754420965308377
S2324-G0011,J. Hawkins,2,-25.61919191919192,-5.084145666128805
S2324-G0011,J. Hawkins,3,30.334343434343435,16.409669920342417
S2324-G0011,J. Landale,1,4.733333333333334,-2.2878638303065615
S2324-G0011,J. Robinson-Earl,3,-9.538888888888888,-5.8708714226275225
S2324-G0011,J. Smith Jr.,1,7.57922077922078,0.36335175878904713
S2324-G0011,J. Smith Jr.,2,-5.251190476190477,-5.592438771793592
S2324-G0011,J. Smith Jr.,3,2.970238095238095,-2.91062102416231
S2324-G0011,J. Tate,1,-10.818333333333333,-4.88008186998955
S2324-G0011,J. Tate,2,5.505000000000001,2.741670314208185
S2324-G0011,J. Valanciunas,1,2.9993894993894994,3.3724856404034056
S2324-G0011,J. Valanciunas,2,11.047619047619046,-2.8376384694113845
S2324-G0011,J. Valanciunas,3,-17.98181818181818,-8.171842721904923
S2324-G0011,L. Nance Jr.,2,0.04166666666666674,-5.8708714226275225
S2324-G0011,L. Nance Jr.,3,-0.915,-4.929088617561563
S2324-G0011,M. Ryan,1,2.3535714285714286,-4.863943687161574
S2324-G0011,M. Ryan,2,-0.1785714285714286,-4.1004663209864916
S2324-G0011,M. Ryan,3,0.1785714285714286,-6.108436571850314
S2324-G0011,T. Eason,1,-2.08,-2.351913709448443
S2324-G0011,T. Eason,2,-0.7533333333333339,1.1298416400695244
S2324-G0011,T. Eason,3,5.144444444444445,-2.945551152364788
S2324-G0011,Z. Williamson,1,12.453535353535354,12.829291346065917
S2324-G0011,Z. Williamson,2,6.846031746031747,-2.907104333945413
S2324-G0011,Z. Williamson,3,-0.18571428571428505,-3.0889272427824266
S2324-G0024,A. Gordon,1,10.250000000000002,8.654679444001463
S2324-G0024,A. Gordon,3,-8.71880341880342,-2.1655999420556014
S2324-G0024,C. Braun,1,-8.714285714285714,-6.020780834898836
S2324-G0024,C. Braun,2,2.114285714285714,2.5004968886842165
S2324-G0024,C. Braun,3,-2.0250000000000004,-1.4278047979822481
S2324-G0024,I. Zubac,1,-2.985714285714285,-3.8157569545249697
S2324-G0024,I. Zubac,2,-7.860606060606061,-2.6458424424047577
S2324-G0024,J. Harden,1,23.03809523809524,15.241135679439068
S2324-G0024,J. Harden,2,-17.08874458874459,-5.755591087456656
S2324-G0024,J. Harden,3,19.3030303030303,8.027808342290161
S2324-G0024,J. Pickett,1,9.485714285714286,1.2761982640401908
S2324-G0024,J. Pickett,2,-2.2412698412698413,-4.5325478027346735
S2324-G0024,K. Caldwell-Pope,1,-13.966666666666665,-6.263642031118527
S2324-G0024,K. Caldwell-Pope,2,13.995238095238093,6.469656920129714
S2324-G0024,K. Caldwell-Pope,3,-2.084126984126984,-5.239560486770049
S2324-G0024,K. Leonard,1,-10.933333333333334,-2.0553045850097345
S2324-G0024,K. Leonard,2,5.176190476190476,4.6638616070275996
S2324-G0024,K. Leonard,3,1.3904761904761926,-0.760015818910588
S2324-G0024,M. Porter Jr.,1,-13.663333333333332,-6.169848148589279
S2324-G0024,M. Porter Jr.,2,0.5966666666666658,4.087139170517624
S2324-G0024,M. Porter Jr.,3,4.228205128205129,5.153371706333564
S2324-G0024,N. Jokic,1,13.262027972027969,18.69011226016193
S2324-G0024,N. Jokic,2,3.3394871794871825,2.4679393210563436
S2324-G0024,N. Jokic,3,-4.399487179487181,-1.5614548176411038
S2324-G0024,N. Powell,1,-1.7819047619047623,-1.7597376869492725
S2324-G0024,N. Powell,2,-4.368888888888888,1.149376620430174
S2324-G0024,N. Powell,3,6.555555555555555,1.8777303422431773
S2324-G0024,P. George,1,-2.8249999999999993,9.049049506547208
S2324-G0024,P. George,2,18.897727272727273,10.861712815195965
S2324-G0024,P. George,3,-29.738740344622695,-4.323178288820442
S2324-G0024,P. Tucker,1,0.06666666666666665,-5.866799967113386
S2324-G0024,P. Tucker,2,-5.5,-4.855278154387736
S2324-G0024,P. Tucker,3,-2.115384615384616,0.036720798557963834
S2324-G0024,P. Watson,1,4.2333333333333325,-2.136027345621061
S2324-G0024,P. Watson,2,-4.2333333333333325,-5.054443466011865
S2324-G0024,R. Jackson,1,-10.788278388278389,1.0755791670481663
S2324-G0024,R. Jackson,2,17.531135531135533,10.800007389546785
S2324-G0024,R. Jackson,3,-2.495238095238096,-5.100831535254253
S2324-G0024,R. Westbrook,1,-4.559523809523809,-1.8281771499966029
S2324-G0024,R. Westbrook,2,-2.486190476190476,3.1951038481879848
S2324-G0024,R. Westbrook,3,9.414761904761903,4.018314322963942
S2324-G0024,T. Mann,1,2.461904761904762,-3.1928125633867226
S2324-G0024,T. Mann,2,-0.028571428571428692,-5.069200239319171
S2324-G0024,T. Mann,3,0.09523809523809534,-6.073772235705211
S2324-G0024,Z. Nnaji,2,5.283333333333333,-1.8940472208497718
S2324-G0024,Z. Nnaji,3,1.4666666666666666,-5.744818204033083
S2324-G0032,A. Vezenkov,1,1.0666666666666664,0.8979781304218744
S2324-G0032,A. Vezenkov,2,6.566666666666666,0.3790794585243156
S2324-G0032,C. Duarte,2,10.653333333333332,2.2062797242125947
S2324-G0032,C. Duarte,3,2.4000000000000004,-13.949267530662159
S2324-G0032,C. Osman,1,0.0,-3.750933716958999
S2324-G0032,C. Osman,2,-2.9555555555555553,-3.631860075350902
S2324-G0032,C. Osman,3,5.188888888888888,-0.5158028694521513
S2324-G0032,D. Fox,1,-10.28857142857143,2.4007615927141974
S2324-G0032,D. Fox,2,-5.743650793650794,10.649970374776554
S2324-G0032,D. Fox,3,-3.4525641025641,16.44917671579988
S2324-G0032,D. McDermott,2,6.6439560439560434,0.41749675832147676
S2324-G0032,D. Sabonis,1,15.263492063492063,9.653251177041644
S2324-G0032,D. Sabonis,2,-10.977167277167275,-3.9746278523921705
S2324-G0032,D. Sabonis,3,1.08034188034188,5.9229426766343085
S2324-G0032,H. Barnes,1,5.176666666666667,-0.3417812483632816
S2324-G0032,H. Barnes,3,-10.91,-3.152817522318828
S2324-G0032,J. Champagnie,1,6.116666666666667,2.1597824361661053
S2324-G0032,J. Champagnie,2,0.09333333333333282,-3.576153042928286
S2324-G0032,J. Champagnie,3,3.29,-4.486507143445897
S2324-G0032,J. McGee,2,8.683333333333334,-0.3600646727267476
S2324-G0032,J. Sochan,1,-2.9120129870129867,-3.131428825189347
S2324-G0032,J. Sochan,2,-0.9571428571428573,-3.4125385127355417
S2324-G0032,J. Sochan,3,5.058333333333333,-1.5563616524461645
S2324-G0032,K. Ellis,1,4.300000000000001,-2.136027345621061
S2324-G0032,K. Ellis,2,0.0,-4.634546718585594
S2324-G0032,K. Huerter,1,2.28095238095238,-3.038713699158975
S2324-G0032,K. Huerter,2,-4.056666666666666,-2.2332801728445237
S2324-G0032,K. Huerter,3,-0.9242857142857144,2.146941318541615
S2324-G0032,K. Johnson,1,10.76,7.653367572961953
S2324-G0032,K. Johnson,2,2.866666666666667,-2.5058305034536454
S2324-G0032,K. Johnson,3,-13.563030303030304,-3.0440274744847544
S2324-G0032,K. Murray,1,9.07777777777778,2.749526358304389
S2324-G0032,K. Murray,2,-10.903030303030302,-5.953519504812052
S2324-G0032,K. Murray,3,10.903030303030302,3.9191724542832125
S2324-G0032,M. Branham,1,8.966666666666667,1.6037397625925807
S2324-G0032,M. Branham,2,-10.735238095238095,-3.0163240147742036
S2324-G0032,M. Branham,3,6.435238095238096,5.172313677613018
S2324-G0032,M. Monk,1,4.91883116883117,6.990894455081542
S2324-G0032,M. Monk,2,-1.410101010101009,2.3923418838553028
S2324-G0032,M. Monk,3,4.24126984126984,2.568341744561614
S2324-G0032,S. Mamukelashvili,2,-6.0,-4.197265252746095
S2324-G0032,S. Mamukelashvili,3,8.358333333333333,1.9627583689129615
S2324-G0032,V. Wembanyama,1,14.095833333333331,17.00737195460076
S2324-G0032,V. Wembanyama,2,0.4750000000000014,-3.5460319352876652
S2324-G0032,V. Wembanyama,3,-5.5625,-1.335062147787306
S2324-G0032,Z. Collins,1,-13.582995951417004,0.8833825074702193
S2324-G0032,Z. Collins,2,16.12744039586145,11.35911393438117
S2324-G0032,Z. Collins,3,-8.144444444444444,-4.3802347079411845
S2324-G0044,B. Biyombo,1,10.816666666666666,1.05860115333302
S2324-G0044,B. Biyombo,2,-6.554761904761905,-8.88568469365261
S2324-G0044,B. Biyombo,3,6.604761904761904,-0.9113710282096492
S2324-G0044,C. Metu,1,-1.1333333333333333,-5.866799967113386
S2324-G0044,C. Metu,2,-3.166666666666667,-3.6454616275169793
S2324-G0044,C. Metu,3,-0.38333333333333286,-2.320079202314294
S2324-G0044,D. Bane,1,4.296536796536797,3.5165522988208107
S2324-G0044,D. Bane,2,4.303463203463203,-1.8251814436265514
S2324-G0044,D. Bane,3,7.023809523809524,-3.8197439038783405
S2324-G0044,D. Booker,1,9.346984126984125,11.743199280150014
S2324-G0044,D. Booker,2,-5.686984126984125,0.015937140608542726
S2324-G0044,D. Booker,3,-4.227619047619047,7.625610064111412
S2324-G0044,D. Roddy,1,-5.5458874458874465,0.9667114703465692
S2324-G0044,D. Roddy,2,2.3030303030303045,0.7651989907466914
S2324-G0044,D. Roddy,3,11.899999999999999,0.7153226873999492
S2324-G0044,D. Rose,1,6.333333333333333,1.1936907199269764
S2324-G0044,D. Rose,2,-10.664285714285715,-3.228278574817238
S2324-G0044,D. Rose,3,-0.8357142857142854,5.1518153070982775
S2324-G0044,E. Gordon,1,3.75,6.810907293408825
S2324-G0044,E. Gordon,2,8.313636363636364,1.1270767408209963
S2324-G0044,E. Gordon,3,1.336363636363636,-2.6166136823517565
S2324-G0044,G. Allen,1,-14.037301587301588,-2.118859953233837
S2324-G0044,G. Allen,2,15.267857142857142,9.362010407209358
S2324-G0044,G. Allen,3,2.9869047619047624,-4.281875432561891
S2324-G0044,J. Gilyard,1,2.0285714285714294,-1.6913023938437353
S2324-G0044,J. Gilyard,2,-5.739682539682541,-2.8260877751810516
S2324-G0044,J. Gilyard,3,9.011111111111111,2.654600471233028
S2324-G0044,J. Goodwin,2,4.166666666666667,-2.1298574531104255
S2324-G0044,J. Goodwin,3,-21.09285714285714,-5.033024982374645
S2324-G0044,J. Jackson Jr.,1,7.788422688422688,6.057010553603969
S2324-G0044,J. Jackson Jr.,2,5.636363636363637,-3.07521301676686
S2324-G0044,J. Jackson Jr.,3,-6.947500000000002,-6.491733604891911
S2324-G0044,J. Konchar,1,2.4000000000000004,-3.792845036862581
S2324-G0044,J. Konchar,2,-2.5666666666666664,-5.405160665421915
S2324-G0044,J. Konchar,3,1.4333333333333336,-3.155483660581596
S2324-G0044,J. Nurkic,1,0.04999999999999982,-2.7973616764550635
S2324-G0044,J. Nurkic,2,-2.6766666666666667,-5.160981026016739
S2324-G0044,J. Nurkic,3,4.8933333333333335,0.5386914264386728
S2324-G0044,J. Okogie,1,7.414285714285713,3.352574780479405
S2324-G0044,J. Okogie,2,2.3333333333333335,-2.0036218699690953
S2324-G0044,J. Okogie,3,-4.800000000000001,-5.729106598649821
S2324-G0044,K. Bates-Diop,1,-0.09333333333333371,-1.7456735241203711
S2324-G0044,K. Bates-Diop,2,2.3952380952380965,-2.6692557604055613
S2324-G0044,N. Little,1,0.04166666666666652,-3.134026454287472
S2324-G0044,N. Little,2,2.2750000000000004,-2.5506987951061326
S2324-G0044,N. Little,3,0.1499999999999999,-5.651471334459496
S2324-G0044,S. Aldama,1,-12.926190476190477,-0.9863274805512895
S2324-G0044,S. Aldama,2,5.546190476190475,9.963175171528478
S2324-G0044,S. Aldama,3,-3.81878787878788,3.646561786212563
S2324-G0044,V. Williams Jr.,1,-5.45,-5.914740076581552
S2324-G0044,V. Williams Jr.,2,3.233333333333334,-1.12947354226366
S2324-G0044,V. Williams Jr.,3,2.2916666666666665,-3.967077464737296
S2324-G0045,B. Adebayo,1,9.624603174603177,7.666938298899332
S2324-G0045,B. Adebayo,2,2.2792429792429765,-0.7543004020487851
S2324-G0045,B. Adebayo,3,-9.153846153846153,-2.1974720124333524
S2324-G0045,C. Martin,1,-8.896666666666667,-5.914740076581552
S2324-G0045,C. Martin,2,8.979999999999999,2.7093722737069466
S2324-G0045,C. Martin,3,-4.633333333333333,-6.073772235705211
S2324-G0045,D. DiVincenzo,1,2.55,-2.5209848466130893
S2324-G0045,D. DiVincenzo,2,-0.3666666666666667,-3.1871505420463637
S2324-G0045,D. DiVincenzo,3,-2.8833333333333333,-3.3697777585920408
S2324-G0045,H. Highsmith,1,2.288888888888889,-3.6546831218359603
S2324-G0045,H. Highsmith,2,-9.801515151515153,-4.603793731934867
S2324-G0045,H. Highsmith,3,12.101515151515152,4.489879794438333
S2324-G0045,I. Hartenstein,1,-4.383333333333333,-3.526217404751022
S2324-G0045,I. Hartenstein,2,6.483333333333333,-1.8823435478972474
S2324-G0045,I. Hartenstein,3,0.19166666666666665,-6.625775985632574
S2324-G0045,I. Quickley,1,-2.7866666666666653,0.5323496234289126
S2324-G0045,I. Quickley,2,-4.043333333333335,4.418362687937882
S2324-G0045,I. Quickley,3,-8.82873015873016,6.725648846783565
S2324-G0045,J. Brunson,1,-4.611111111111114,1.804562260871785
S2324-G0045,J. Brunson,2,0.8333333333333357,6.32339893928935
S2324-G0045,J. Brunson,3,-1.9309523809523803,7.278407250746685
S2324-G0045,J. Butler,1,-1.1233333333333348,1.3056680189894965
S2324-G0045,J. Butler,2,-3.9849999999999994,0.2450276389013012
S2324-G0045,J. Butler,3,3.237857142857143,2.2646663620877248
S2324-G0045,J. Hart,1,-3.6066666666666674,-1.260261658535106
S2324-G0045,J. Hart,2,3.5423809523809524,2.5447290738758
S2324-G0045,J. Hart,3,-1.269047619047619,-0.9231320395917879
S2324-G0045,J. Jaquez Jr.,1,-22.16984126984127,-3.7850840455687553
S2324-G0045,J. Jaquez Jr.,2,6.107936507936511,15.643802249378718
S2324-G0045,J. Jaquez Jr.,3,9.044155844155844,7.282450102615275
S2324-G0045,J. Randle,1,13.803333333333335,9.513968857183844
S2324-G0045,J. Randle,2,-6.71,-6.982662837802478
S2324-G0045,J. Randle,3,13.24,-1.0251182228187927
S2324-G0045,J. Richardson,1,5.979999999999999,4.472688780307103
S2324-G0045,J. Richardson,2,3.5300000000000002,-1.8713663789505477
S2324-G0045,J. Richardson,3,-7.587777777777778,-3.3218801787098697
S2324-G0045,K. Love,1,9.371666666666666,5.242708526351138
S2324-G0045,K. Love,2,-0.15500000000000025,-4.036232274969091
S2324-G0045,K. Love,3,4.83,-2.6940239756158517
S2324-G0045,K. Lowry,1,-5.375,-4.863943687161574
S2324-G0045,K. Lowry,2,-11.012987012987011,-0.5523783020852222
S2324-G0045,K. Lowry,3,16.10465367965368,9.426524441744384
S2324-G0045,M. Robinson,1,-2.496666666666666,-2.539698018952342
S2324-G0045,M. Robinson,2,3.4333333333333327,-2.2897592955784827
S2324-G0045,M. Robinson,3,3.566666666666667,-2.674756562569154
S2324-G0045,Q. Grimes,1,-2.9999999999999996,-4.3394740173584605
S2324-G0045,Q. Grimes,2,0.5222222222222221,-1.5889311588228145
S2324-G0045,R. Barrett,1,-4.408333333333332,-2.070169693620121
S2324-G0045,R. Barrett,2,-2.366666666666669,3.140294757693259
S2324-G0045,R. Barrett,3,-6.345833333333333,2.7689779726649246
S2324-G0050,A. Edwards,1,-10.013888888888886,6.215970409848391
S2324-G0050,A. Edwards,2,1.5960317460317448,9.300284413881991
S2324-G0050,A. Edwards,3,7.126190476190477,7.393127594950481
S2324-G0050,C. Duarte,1,4.763333333333334,-3.710705761124267
S2324-G0050,C. Duarte,2,-2.3666666666666667,-6.6893948994783115
S2324-G0050,D. Fox,1,-10.49004329004329,4.368586536518319
S2324-G0050,D. Fox,2,-1.9492424242424242,8.81497795823589
S2324-G0050,D. Fox,3,-19.965476190476192,9.615769007974107
S2324-G0050,D. Mitchell,2,-9.714285714285714,-6.263642031118527
S2324-G0050,D. Sabonis,1,18.491774891774888,11.543041691989977
S2324-G0050,D. Sabonis,2,-13.375238095238094,-13.096847577982142
S2324-G0050,D. Sabonis,3,13.403333333333332,4.633425640512686
S2324-G0050,H. Barnes,1,21.633333333333333,11.033423927295988
S2324-G0050,H. Barnes,2,-2.338095238095238,-6.989452912781784
S2324-G0050,H. Barnes,3,-17.36190476190476,-3.916468147293087
S2324-G0050,J. McGee,2,-8.81904761904762,-5.8708714226275225
S2324-G0050,K. Anderson,1,0.028571428571429358,-2.136027345621061
S2324-G0050,K. Anderson,2,4.338095238095238,-0.3747023638623274
S2324-G0050,K. Anderson,3,-0.06666666666666665,-5.748572320973676
S2324-G0050,K. Edwards,1,-1.9833333333333325,0.7295901693561886
S2324-G0050,K. Edwards,2,9.666666666666666,2.563480599169829
S2324-G0050,K. Edwards,3,-9.116666666666667,-5.603412856454962
S2324-G0050,K. Huerter,1,12.966666666666665,5.960355310527996
S2324-G0050,K. Huerter,2,-2.541666666666667,-4.777484269753617
S2324-G0050,K. Towns,1,-8.569841269841271,2.83181995586035
S2324-G0050,K. Towns,2,13.86984126984127,10.875311749453209
S2324-G0050,K. Towns,3,-12.006060606060608,-3.1249287132268893
S2324-G0050,M. Conley,1,2.925,-1.7188398209118434
S2324-G0050,M. Conley,2,-2.3583333333333343,-2.9134199336455637
S2324-G0050,M. Conley,3,-5.203030303030302,-2.165086744679899
S2324-G0050,M. Monk,1,-16.477307692307694,1.4245655766186816
S2324-G0050,M. Monk,2,22.562545787545787,12.823870362657136
S2324-G0050,M. Monk,3,-2.35952380952381,-5.631394910469256
S2324-G0050,N. Alexander-Walker,1,1.5166666666666666,-3.050483442326579
S2324-G0050,N. Alexander-Walker,2,-4.634415584415583,-3.3399029110147507
S2324-G0050,N. Alexander-Walker,3,7.517748917748916,4.173140462354971
S2324-G0050,N. Reid,1,-0.44761904761904603,0.2680212011330868
S2324-G0050,N. Reid,2,6.747619047619047,2.2270938237951095
S2324-G0050,N. Reid,3,-3.0400000000000005,-4.469957813514143
S2324-G0050,R. Gobert,1,-3.3431818181818187,-1.2303786568301165
S2324-G0050,R. Gobert,2,3.251515151515152,-1.257889849696575
S2324-G0050,R. Gobert,3,3.41082251082251,-3.3211132138758055
S2324-G0050,S. Milton,1,1.810714285714285,-1.0008977129115921
S2324-G0050,S. Milton,2,0.14761904761904798,-2.628782043142024
S2324-G0050,T. Brown Jr.,1,2.0000000000000004,-2.136027345621061
S2324-G0050,T. Brown Jr.,2,-19.666666666666668,-3.217367679091699
S2324-G0050,T. Lyles,2,5.357142857142856,2.1910403696683427
S2324-G0050,T. Lyles,3,5.300000000000001,-4.341779039115954
S2324-G0052,B. Ingram,1,31.45833333333333,22.48322607383441
S2324-G0052,B. Ingram,2,-3.3083333333333336,-6.175529015930663
S2324-G0052,B. Ingram,3,-9.972222222222223,0.24903403133106028
S2324-G0052,D. Daniels,1,5.308333333333334,-0.28250100624432184
S2324-G0052,D. Daniels,2,-4.408333333333333,-3.4670236589542243
S2324-G0052,D. Daniels,3,0.1583333333333341,-0.28908966640323824
S2324-G0052,D. Theis,1,-2.96969696969697,-3.8082024631866958
S2324-G0052,D. Theis,2,3.0649350649350655,0.009611435342642222
S2324-G0052,D. Theis,3,2.171428571428571,-5.649292414114467
S2324-G0052,H. Jones,1,-1.0933333333333328,-2.6954054068776214
S2324-G0052,H. Jones,2,3.0599999999999996,-2.0494255723907657
S2324-G0052,H. Jones,3,-15.92967032967033,-4.7343773896487855
S2324-G0052,I. Zubac,1,4.314285714285714,-2.8421601432512147
S2324-G0052,I. Zubac,2,-14.0,-4.9407609617056725
S2324-G0052,I. Zubac,3,7.333333333333333,6.474849972770123
S2324-G0052,J. Alvarado,1,8.997619047619047,0.9449737792726256
S2324-G0052,J. Alvarado,2,-4.633333333333333,-5.560222610023104
S2324-G0052,J. Alvarado,3,0.0600000000000005,-1.448650477177482
S2324-G0052,J. Harden,1,-2.1423076923076927,-3.935329419550433
S2324-G0052,J. Harden,2,-5.199999999999999,0.5483697888982629
S2324-G0052,J. Harden,3,8.433974358974359,0.13312815654618596
S2324-G0052,J. Hawkins,1,-17.177777777777777,-5.605068670956129
S2324-G0052,J. Hawkins,2,14.777777777777777,9.163434692621445
S2324-G0052,J. Hawkins,3,2.5333333333333337,-3.6425409868407934
S2324-G0052,J. Valanciunas,1,11.787301587301588,1.6836177795838474
S2324-G0052,J. Valanciunas,2,-12.028571428571428,-11.036643935410254
S2324-G0052,J. Valanciunas,3,9.433333333333332,0.728563454442248
S2324-G0052,K. Leonard,1,-4.033333333333333,2.0143441939795403
S2324-G0052,K. Leonard,2,1.9777777777777779,5.097028453804116
S2324-G0052,K. Leonard,3,1.68888888888889,4.881376390518307
S2324-G0052,L. Nance Jr.,2,-4.578571428571429,-4.484256616834441
S2324-G0052,L. Nance Jr.,3,2.454761904761905,-0.15361859086576493
S2324-G0052,N. Marshall,1,-3.652380952380951,-1.6859196972818664
S2324-G0052,N. Marshall,2,4.902380952380951,1.8011146093263437
S2324-G0052,N. Marshall,3,2.3642857142857148,-1.1879873261556007
S2324-G0052,N. Powell,1,-12.25811965811966,4.642459811491862
S2324-G0052,N. Powell,2,22.924786324786325,14.859105552947334
S2324-G0052,N. Powell,3,-9.633333333333333,-6.255030273318528
S2324-G0052,P. George,1,-7.503632478632479,5.532864482791529
S2324-G0052,P. George,2,4.258577533577533,11.07214090878959
S2324-G0052,P. George,3,-14.81819291819292,8.316112949061397
S2324-G0052,P. Tucker,1,2.411111111111111,-3.7850840455687553
S2324-G0052,P. Tucker,2,-2.4944444444444445,-3.904259861228866
S2324-G0052,P. Tucker,3,2.4785714285714286,-3.0900452252270783
S2324-G0052,R. Westbrook,1,9.118181818181819,2.3175592658469824
S2324-G0052,R. Westbrook,2,-0.4666666666666668,-9.027276005479077
S2324-G0052,R. Westbrook,3,-2.888888888888889,-4.5475177232596575
S2324-G0052,T. Mann,1,6.71111111111111,-1.9689900037277495
S2324-G0052,T. Mann,2,-4.2333333333333325,-7.91226092794585
S2324-G0052,T. Mann,3,-1.120000000000001,-2.64101883417499
S2324-G0052,Z. Williamson,1,-5.506926406926409,3.4036359381313073
S2324-G0052,Z. Williamson,2,-10.70628787878788,7.507288957560974
S2324-G0052,Z. Williamson,3,5.235436507936509,12.994516405645191
S2324-G0055,A. Griffin,1,-0.10000000000000009,-4.3394740173584605
S2324-G0055,A. Griffin,2,0.10000000000000009,-3.2186432196242887
S2324-G0055,A. Griffin,3,-9.375,-3.631860075350902
S2324-G0055,B. Bogdanovic,1,-12.170261437908497,3.0550520238274284
S2324-G0055,B. Bogdanovic,2,17.576610644257705,11.87013948603636
S2324-G0055,B. Bogdanovic,3,-5.620238095238095,-6.4589574073542195
S2324-G0055,C. Capela,1,10.58993783993784,7.434351619442217
S2324-G0055,C. Capela,2,0.5015151515151519,-5.051584934022764
S2324-G0055,C. Capela,3,8.6,-5.347779355311705
S2324-G0055,C. LeVert,1,-0.08928571428571441,-3.510079221923046
S2324-G0055,C. LeVert,2,-6.3,-4.048555278565418
S2324-G0055,C. LeVert,3,-6.52967032967033,0.9901422321622012
S2324-G0055,D. Garland,1,-1.6726107226107239,3.7019305625517145
S2324-G0055,D. Garland,2,2.9673076923076938,2.517836921929533
S2324-G0055,D. Garland,3,1.0576923076923084,-0.6789919496200237
S2324-G0055,D. Hunter,1,4.7476190476190485,4.361735954650893
S2324-G0055,D. Hunter,2,0.9533333333333331,-1.5712654954905825
S2324-G0055,D. Hunter,3,0.224444444444444,0.2536652141014473
S2324-G0055,D. Mitchell,1,1.4548573975044583,7.196515893303647
S2324-G0055,D. Mitchell,2,-11.031818181818185,-0.626431075460217
S2324-G0055,D. Mitchell,3,3.251666666666665,7.226229061371557
S2324-G0055,D. Murray,1,17.295238095238094,8.65287277638222
S2324-G0055,D. Murray,2,-14.323809523809524,-8.261895771415794
S2324-G0055,D. Murray,3,9.618253968253969,6.2997720412430995
S2324-G0055,E. Mobley,1,-3.3863636363636385,2.0217798191829757
S2324-G0055,E. Mobley,2,9.669696969696972,-0.3372473419392655
S2324-G0055,E. Mobley,3,-0.08333333333333304,-7.38197022950499
S2324-G0055,G. Niang,1,-2.7799999999999994,0.15829675907226823
S2324-G0055,G. Niang,2,6.1899999999999995,4.412147291200441
S2324-G0055,G. Niang,3,7.87,-0.5836552941486597
S2324-G0055,I. Okoro,1,2.2333333333333334,-4.3394740173584605
S2324-G0055,I. Okoro,2,-4.300000000000001,-5.054443466011865
S2324-G0055,I. Okoro,3,-8.978787878787877,-2.0872429526152665
S2324-G0055,J. Allen,1,4.366666666666666,-0.874604830019621
S2324-G0055,J. Allen,2,0.0,-4.752313658290342
S2324-G0055,J. Allen,3,-3.302777777777778,-2.325564904740572
S2324-G0055,M. Strus,1,-0.0297619047619051,0.6640065633438537
S2324-G0055,M. Strus,2,-2.0419047619047603,2.3175621912627573
S2324-G0055,M. Strus,3,7.339999999999999,3.348118757638284
S2324-G0055,O. Okongwu,1,-2.916666666666665,-0.20720401743311978
S2324-G0055,O. Okongwu,2,-1.4642857142857135,2.811827228800254
S2324-G0055,O. Okongwu,3,6.734285714285713,2.68161211935879
S2324-G0055,S. Bey,1,-7.34,-4.88008186998955
S2324-G0055,S. Bey,2,-8.917142857142858,1.0771621731813004
S2324-G0055,S. Bey,3,16.548809523809524,6.8967308341748375
S2324-G0055,T. Young,1,4.101082251082252,4.134156367882523
S2324-G0055,T. Young,2,0.23666666666666814,-1.708688968089129
S2324-G0055,T. Young,3,3.0543589743589745,1.0002689742422466
S2324-G0055,W. Matthews,2,2.172222222222222,-3.274653538179815
S2324-G0057,B. McGowens,1,-6.966666666666665,-1.9521109900885727
S2324-G0057,B. Miller,1,-10.50357142857143,1.3507773739515931
S2324-G0057,B. Miller,2,16.057142857142857,8.110484550690428
S2324-G0057,B. Miller,3,-11.235714285714286,-5.2016707311548105
S2324-G0057,D. DiVincenzo,1,0.024999999999999467,-2.5209848466130893
S2324-G0057,D. DiVincenzo,2,2.358333333333334,-0.6704412784416215
S2324-G0057,D. DiVincenzo,3,-10.573333333333334,-4.469957813514143
S2324-G0057,G. Hayward,1,-4.605128205128205,-2.1298574531104255
S2324-G0057,G. Hayward,2,8.905128205128205,-0.9495017132430433
S2324-G0057,G. Hayward,3,2.3,-5.428612225639284
S2324-G0057,I. Hartenstein,2,4.283333333333333,-2.3660811405737263
S2324-G0057,I. Hartenstein,3,-6.68,-5.731258028527273
S2324-G0057,I. Quickley,1,-8.808333333333334,-2.7531189236919604
S2324-G0057,I. Quickley,2,1.7750000000000004,3.1127981373574527
S2324-G0057,I. Quickley,3,-36.52272727272727,1.698175974372554
S2324-G0057,I. Smith,1,2.0142857142857142,-1.7621791004941638
S2324-G0057,I. Smith,2,-1.9666666666666668,-3.7843890225699988
S2324-G0057,J. Brunson,1,5.34,-0.3975288055512195
S2324-G0057,J. Brunson,2,-14.058730158730159,-5.583849780868175
S2324-G0057,J. Brunson,3,9.658730158730158,8.516133129811083
S2324-G0057,J. Hart,1,-2.0976190476190464,0.8301215896230337
S2324-G0057,J. Hart,2,-4.1607142857142865,2.7280016202883646
S2324-G0057,J. Hart,3,4.866269841269842,4.728099910839235
S2324-G0057,J. Randle,1,13.81047619047619,10.99554142921256
S2324-G0057,J. Randle,2,-10.796056884292177,-2.4992757719727665
S2324-G0057,J. Randle,3,19.85796164619694,9.20126472890853
S2324-G0057,J. Thor,2,-0.10666666666666658,-6.263642031118527
S2324-G0057,M. Bridges,1,11.273809523809526,4.88088783873881
S2324-G0057,M. Bridges,2,-11.273809523809526,-3.311991523508936
S2324-G0057,M. Bridges,3,14.298809523809524,4.321367983970521
S2324-G0057,M. Robinson,1,-2.2662464985994397,-2.996558414244127
S2324-G0057,M. Robinson,2,4.1711038961038955,-7.46378251040115
S2324-G0057,M. Robinson,3,-4.121103896103896,-9.062378694856177
S2324-G0057,M. Williams,1,-2.319155844155844,-1.995835058904952
S2324-G0057,M. Williams,2,-2.091666666666667,-2.302398109809296
S2324-G0057,M. Williams,3,4.741666666666667,2.2971531813357755
S2324-G0057,P. Washington,1,-3.07857142857143,-2.3177633808386866
S2324-G0057,P. Washington,2,-14.497008547008546,2.2526760790542553
S2324-G0057,P. Washington,3,22.175579975579975,10.461644839464284
S2324-G0057,Q. Grimes,1,-0.09523809523809579,-1.8909288657635956
S2324-G0057,Q. Grimes,2,0.5666666666666673,-2.633390439920802
S2324-G0057,R. Barrett,1,1.0082251082251048,4.92546359858474
S2324-G0057,R. Barrett,2,8.343333333333334,3.0363169672596753
S2324-G0057,R. Barrett,3,-0.6742857142857135,-4.132376464247272
S2324-G0057,T. Rozier,1,-6.620238095238095,-0.9668883004777765
S2324-G0057,T. Rozier,2,7.52857142857143,4.7713813789607435
S2324-G0057,T. Rozier,3,-7.469696969696971,-1.0983612578932473
S2324-G0059,A. Holiday,1,2.2047619047619045,-3.964816157490954
S2324-G0059,A. Holiday,2,-17.240000000000002,-5.289973598727397
S2324-G0059,A. Holiday,3,10.362710622710626,8.898305884803415
S2324-G0059,A. Sengun,1,-2.1423076923076927,4.4953947286421005
S2324-G0059,A. Sengun,2,7.000641025641027,6.254005790879389
S2324-G0059,A. Sengun,3,-19.15873015873016,-0.3575530718544416
S2324-G0059,D. Brooks,1,-6.145129870129869,0.07003290366583617
S2324-G0059,D. Brooks,2,2.7951298701298697,5.658551030386501
S2324-G0059,D. Brooks,3,0.9500000000000011,1.9188297189014352
S2324-G0059,D. Exum,1,-1.7583333333333346,1.1996401918861275
S2324-G0059,D. Exum,2,5.3950000000000005,2.7353670629628932
S2324-G0059,D. Jones Jr.,1,5.1,-1.6226764793447845
S2324-G0059,D. Jones Jr.,2,-2.071428571428571,-4.555089674420097
S2324-G0059,D. Jones Jr.,3,-21.453968253968256,-3.1295790335867073
S2324-G0059,D. Lively II,1,-4.125714285714286,-5.855881305111198
S2324-G0059,D. Lively II,2,-4.426666666666666,-1.7875705428623805
S2324-G0059,D. Lively II,3,4.316666666666666,1.207930485754587
S2324-G0059,F. VanVleet,1,-1.265714285714286,-2.215064666987604
S2324-G0059,F. VanVleet,2,-5.303333333333333,-0.16464030821711528
S2324-G0059,F. VanVleet,3,4.95,1.9862712019366422
S2324-G0059,G. Williams,1,4.666666666666667,-2.979167954910082
S2324-G0059,G. Williams,2,-2.166666666666667,-4.482290105550716
S2324-G0059,G. Williams,3,-2.5000000000000004,-4.865995554314884
S2324-G0059,J. Green,1,9.738487394957986,10.20891719780701
S2324-G0059,J. Green,2,-2.0682200152788397,1.8812007995859776
S2324-G0059,J. Green,3,21.297844075429214,8.3486075101052
S2324-G0059,J. Smith Jr.,1,0.08928571428571441,-1.8281771499966029
S2324-G0059,J. Smith Jr.,2,-7.535,-0.9010548537694758
S2324-G0059,J. Smith Jr.,3,-0.005384615384615543,4.991887856503486
S2324-G0059,J. Tate,1,0.9969696969696962,-1.260261658535106
S2324-G0059,J. Tate,3,4.336363636363636,-0.9741860600171748
S2324-G0059,K. Irving,1,8.074891774891775,4.7338414972481155
S2324-G0059,K. Irving,2,-9.079761904761906,-2.492534722441137
S2324-G0059,K. Irving,3,-6.968506493506492,8.900193219862986
S2324-G0059,L. Doncic,1,0.6313797313797309,9.175260525768845
S2324-G0059,L. Doncic,2,-4.664568764568763,6.196909735734836
S2324-G0059,L. Doncic,3,-7.972727272727273,11.44353586761064
S2324-G0059,R. Holmes,1,4.422222222222222,-2.3117101292276523
S2324-G0059,R. Holmes,2,-0.12698412698412698,-4.9034785390358255
S2324-G0059,T. Eason,1,-3.163333333333333,-1.5012929952978091
S2324-G0059,T. Eason,2,0.9433333333333334,-0.06642129035805758
S2324-G0059,T. Eason,3,-2.1814285714285706,-1.7894610645750877
S2324-G0059,T. Hardaway Jr.,1,4.625,9.59007298519588
S2324-G0059,T. Hardaway Jr.,2,6.624999999999998,4.887221082659975
S2324-G0059,T. Hardaway Jr.,3,6.908333333333333,-2.8815871799842485
S2324-G0064,A. Nembhard,1,0.04333333333333478,0.2198385493519409
S2324-G0064,A. Nembhard,2,-2.657619047619047,2.5778554529068582
S2324-G0064,A. Nembhard,3,6.897619047619046,2.333689314330838
S2324-G0064,A. Nesmith,1,-2.125,-5.605068670956129
S2324-G0064,A. Nesmith,2,-6.675000000000001,-3.180789167445199
S2324-G0064,A. Nesmith,3,1.4145454545454559,1.5637858002801903
S2324-G0064,B. Brown,1,-2.336363636363636,2.5966237335303184
S2324-G0064,B. Brown,2,1.347474747474747,2.5901258400214
S2324-G0064,B. Brown,3,-2.677777777777777,2.0720552695509324
S2324-G0064,B. Coulibaly,2,5.214285714285714,-0.8919386729097742
S2324-G0064,B. Coulibaly,3,2.4833333333333334,-3.433491111675943
S2324-G0064,B. Hield,1,-1.2285714285714295,4.5542575443030096
S2324-G0064,B. Hield,2,11.876190476190477,4.595300405398448
S2324-G0064,B. Hield,3,-2.933333333333333,-5.996019100274427
S2324-G0064,B. Mathurin,1,-11.317307692307692,0.1411395549519985
S2324-G0064,B. Mathurin,2,11.147610722610722,11.366254144459512
S2324-G0064,B. Mathurin,3,-4.93030303030303,-1.9667545284458585
S2324-G0064,C. Kispert,1,-9.046666666666667,-3.750933716958999
S2324-G0064,C. Kispert,2,0.25666666666666593,4.04407147692988
S2324-G0064,C. Kispert,3,-0.8599999999999994,2.3239491193894586
S2324-G0064,D. Avdija,1,9.919047619047621,2.0189190139521185
S2324-G0064,D. Avdija,2,-7.4891774891774885,-6.916979518540709
S2324-G0064,D. Avdija,3,10.989177489177488,1.4944966743258292
S2324-G0064,D. Gafford,1,4.325714285714286,-2.816722306976673
S2324-G0064,D. Gafford,2,-4.310714285714286,-6.327298649981608
S2324-G0064,D. Gafford,3,2.4369047619047626,-2.183205178319027
S2324-G0064,D. Gallinari,1,14.683333333333332,9.02345515376816
S2324-G0064,D. Gallinari,2,-2.133333333333333,-3.7239127521191597
S2324-G0064,D. Gallinari,3,4.6,0.9236047406918685
S2324-G0064,D. Wright,1,-9.733333333333333,-2.434794843524292
S2324-G0064,D. Wright,2,12.366666666666665,4.879460341277878
S2324-G0064,D. Wright,3,-12.006666666666666,-6.737926634412613
S2324-G0064,I. Jackson,3,-4.828571428571431,-1.7434967791548377
S2324-G0064,J. Poole,1,-3.392107892107891,4.536975868463213
S2324-G0064,J. Poole,2,4.316915584415582,4.110027936027911
S2324-G0064,J. Poole,3,11.867500000000001,3.013253991702534
S2324-G0064,J. Smith,1,11.985714285714284,7.55433603529326
S2324-G0064,J. Smith,2,0.92987012987013,-4.307756819937408
S2324-G0064,K. Kuzma,1,-3.722857142857144,6.251880487556828
S2324-G0064,K. Kuzma,2,3.8966666666666683,6.871682156968066
S2324-G0064,K. Kuzma,3,12.05,6.687079885314015
S2324-G0064,M. Muscala,2,0.04166666666666674,-5.8708714226275225
S2324-G0064,M. Turner,1,-6.927272727272727,-3.2250896260107815
S2324-G0064,M. Turner,2,13.870129870129869,1.2581453429554488
S2324-G0064,M. Turner,3,-8.465714285714284,-7.572444113462635
S2324-G0064,O. Toppin,1,4.592380952380952,0.39274468248389216
S2324-G0064,O. Toppin,2,-11.18095238095238,-2.531291071903263
S2324-G0064,T. Haliburton,1,9.692307692307692,0.9098208459873495
S2324-G0064,T. Haliburton,2,-40.3711038961039,-9.8301312805161
S2324-G0064,T. Haliburton,3,42.62943722943723,22.65620912161439
S2324-G0064,T. Jones,1,12.3,9.797888540784689
S2324-G0064,T. Jones,2,2.4000000000000004,-3.1208548001150134
S2324-G0071,B. Ingram,1,7.379166666666666,7.959195827823994
S2324-G0071,B. Ingram,2,-9.649291443850267,1.4854673607471
S2324-G0071,B. Ingram,3,15.030124777183602,10.309121921009448
S2324-G0071,C. McCollum,1,1.8666666666666671,2.7234729117119807
S2324-G0071,C. McCollum,2,-5.003030303030304,-0.575324745778741
S2324-G0071,C. McCollum,3,-0.27425907425907425,4.07571520846118
S2324-G0071,D. Bane,1,10.97969696969697,12.065873362221579
S2324-G0071,D. Bane,2,-6.993333333333336,-4.756468118167991
S2324-G0071,D. Bane,3,3.75,6.792242915361355
S2324-G0071,D. Daniels,1,-9.078896103896104,-1.7621791004941638
S2324-G0071,D. Daniels,2,13.543181818181818,4.6069919338281515
S2324-G0071,D. Daniels,3,-2.2714285714285714,-6.989452912781784
S2324-G0071,D. Roddy,1,-3.8428571428571416,-1.6096281898973606
S2324-G0071,D. Roddy,2,4.814285714285713,2.224838962415444
S2324-G0071,D. Roddy,3,-2.336363636363637,-2.64101883417499
S2324-G0071,D. Rose,1,-2.9142857142857137,-0.44205974872440595
S2324-G0071,D. Rose,2,0.8976190476190471,3.8800034859431327
S2324-G0071,D. Rose,3,1.5,1.5410081837095344
S2324-G0071,H. Jones,1,-1.8155844155844152,-2.8747743376304182
S2324-G0071,H. Jones,2,-1.3380952380952387,-5.253234888753408
S2324-G0071,H. Jones,3,-5.749404761904762,0.8575160894467916
S2324-G0071,J. Hawkins,2,-7.697619047619046,-5.8708714226275225
S2324-G0071,J. Jackson Jr.,1,4.841558441558441,-2.848730611539151
S2324-G0071,J. Jackson Jr.,2,-11.271428571428572,-7.935282854862005
S2324-G0071,J. Jackson Jr.,3,6.9727272727272736,2.8243810905599296
S2324-G0071,J. LaRavia,1,-4.371428571428571,-4.599503411218908
S2324-G0071,J. LaRavia,2,4.421428571428571,-1.114534045967595
S2324-G0071,J. LaRavia,3,-4.216666666666667,-5.651471334459496
S2324-G0071,J. Valanciunas,1,-4.224064171122993,-0.43075030694654814
S2324-G0071,J. Valanciunas,2,9.559778456837279,4.529458633185028
S2324-G0071,J. Valanciunas,3,-3.9595238095238097,-7.226226926597345
S2324-G0071,K. Lewis Jr.,1,-2.3000000000000003,-3.6391313260220493
S2324-G0071,K. Lewis Jr.,3,4.566666666666666,-2.4237193387364644
S2324-G0071,L. Kennard,1,0.9892857142857148,-1.0873799815990983
S2324-G0071,L. Kennard,2,-0.07500000000000018,-3.258714975872993
S2324-G0071,L. Nance Jr.,1,2.2233333333333336,-3.574157514219188
S2324-G0071,L. Nance Jr.,2,-4.140000000000001,-7.299075441257784
S2324-G0071,M. Ryan,2,18.289177489177487,7.961660657910179
S2324-G0071,M. Ryan,3,2.3666666666666663,-8.444508485300192
S2324-G0071,M. Smart,1,4.053809523809523,3.3319287594983558
S2324-G0071,M. Smart,2,-2.0404761904761894,-0.45537178648178644
S2324-G0071,M. Smart,3,1.1633333333333322,0.3283668806749557
S2324-G0071,X. Tillman,1,6.426190476190477,4.7953145190629005
S2324-G0071,X. Tillman,2,2.259999999999999,-5.527431875615058
S2324-G0071,X. Tillman,3,-16.639047619047616,-3.8913641193495483
S2324-G0071,Z. Williams,1,-8.56969696969697,-3.7650027539759665
S2324-G0071,Z. Williams,2,5.555411255411255,3.9948147987530005
S2324-G0071,Z. Williams,3,-1.223809523809524,-1.5478760205457738
S2324-G0071,Z. Williamson,1,-0.8666666666666671,-1.2185471334578215
S2324-G0071,Z. Williamson,2,-9.403463203463202,-2.88936080018822
S2324-G0071,Z. Williamson,3,-10.304870129870132,7.2858237390896905
S2324-G0077,A. Burks,1,-5.442222222222222,3.429928176167138
S2324-G0077,A. Burks,2,8.573333333333336,4.571243456980761
S2324-G0077,A. Burks,3,-1.0433333333333348,0.6785488643443507
S2324-G0077,A. Thompson,1,4.595714285714286,-1.9437644885898395
S2324-G0077,A. Thompson,2,-4.916666666666667,-9.169133790168926
S2324-G0077,A. Thompson,3,-3.925641025641024,-3.192099814975201
S2324-G0077,B. Miller,1,-3.3274891774891753,4.019893726366982
S2324-G0077,B. Miller,2,14.193333333333332,3.4140329061958004
S2324-G0077,B. Miller,3,-8.546507936507936,-7.1183291866596665
S2324-G0077,C. Cunningham,1,12.954761904761906,9.309561542647444
S2324-G0077,C. Cunningham,2,4.270238095238094,-5.615233271208334
S2324-G0077,C. Cunningham,3,-2.0249999999999995,-7.934605738944352
S2324-G0077,G. Hayward,1,-0.08333333333333393,0.8177657406581136
S2324-G0077,G. Hayward,2,-16.102564102564102,-0.9371301451810394
S2324-G0077,G. Hayward,3,22.62161172161172,13.83457022262088
S2324-G0077,I. Stewart,1,-4.1657142857142855,-6.3749769957105675
S2324-G0077,I. Stewart,2,-2.453333333333333,-2.4420923895494098
S2324-G0077,I. Stewart,3,-22.802777777777777,-0.005049725923903226
S2324-G0077,J. Duren,1,8.864568764568766,1.481242785891874
S2324-G0077,J. Duren,2,-4.494871794871795,-4.83451771303471
S2324-G0077,J. Duren,3,2.0999999999999996,-2.100136448405297
S2324-G0077,J. Harris,1,-0.06666666666666643,-4.3394740173584605
S2324-G0077,J. Harris,2,-2.400000000000001,-3.1063362879149876
S2324-G0077,J. Harris,3,4.700000000000001,-2.5813038795252923
S2324-G0077,J. Ivey,1,0.9433333333333334,2.61703707794151
S2324-G0077,J. Ivey,2,-12.06,0.8679064432194739
S2324-G0077,J. Ivey,3,10.025,9.351914828187352
S2324-G0077,J. Thor,1,-2.3,-5.914740076581552
S2324-G0077,J. Thor,2,-4.256666666666667,-3.9109298503533605
S2324-G0077,J. Thor,3,6.706666666666667,0.8182665052852262
S2324-G0077,K. Hayes,1,2.2642857142857142,-1.5056016702152033
S2324-G0077,K. Hayes,2,-8.767307692307691,-2.36041834099593
S2324-G0077,K. Hayes,3,8.660641025641024,3.9772769637426806
S2324-G0077,L. Ball,1,0.14383394383394332,6.505678445589979
S2324-G0077,L. Ball,2,8.822366522366522,2.9856664823987265
S2324-G0077,L. Ball,3,-2.7636363636363637,-2.214429053227774
S2324-G0077,M. Bagley III,1,-6.499999999999998,-1.3170776394605512
S2324-G0077,M. Bagley III,2,-2.286666666666669,6.623847207037801
S2324-G0077,M. Bagley III,3,15.32,5.655651029842482
S2324-G0077,M. Sasser,1,2.3,-3.7850840455687553
S2324-G0077,M. Sasser,3,0.0,-5.603557264568125
S2324-G0077,M. Williams,1,-4.38,-6.263642031118527
S2324-G0077,M. Williams,2,-2.824761904761905,-0.7911605503420042
S2324-G0077,M. Williams,3,7.238095238095238,-0.36856356312844296
S2324-G0077,N. Richards,1,-0.1333333333333332,-6.020780834898836
S2324-G0077,N. Richards,2,-0.16666666666666685,-4.387892729620964
S2324-G0077,N. Richards,3,-2.1066666666666665,-3.3061935333669665
S2324-G0077,P. Washington,1,9.97111111111111,4.239212189124172
S2324-G0077,P. Washington,2,-10.593333333333334,-4.940476950472684
S2324-G0077,P. Washington,3,6.487012987012989,4.192219884948163
S2324-G0077,T. Maledon,1,-1.9142857142857141,-3.268594955741503
S2324-G0077,T. Maledon,2,0.19761904761904692,-0.4940224536910296
S2324-G0077,T. Rozier,1,-7.736666666666668,0.059702525442091314
S2324-G0077,T. Rozier,2,11.365238095238096,6.039075725803627
S2324-G0077,T. Rozier,3,-20.92095238095238,-0.7999327895880957
S2324-G0079,A. Griffin,1,-4.800000000000001,-1.5559544375242054
S2324-G0079,B. Bogdanovic,1,-12.017307692307694,-0.24691307927972714
S2324-G0079,B. Bogdanovic,2,14.250641025641027,11.44544356959503
S2324-G0079,B. Bogdanovic,3,-3.689177489177488,-2.970882663234907
S2324-G0079,C. Capela,1,0.11746031746031527,-1.2945255979900179
S2324-G0079,C. Capela,2,-12.224786324786324,-1.585304642650609
S2324-G0079,C. Capela,3,18.735897435897435,8.548021263461946
S2324-G0079,D. DiVincenzo,1,1.1100000000000012,2.5764973240086517
S2324-G0079,D. DiVincenzo,2,-4.526666666666667,2.3298145660784204
S2324-G0079,D. DiVincenzo,3,5.111111111111111,4.295508094413728
S2324-G0079,D. Hunter,1,11.361752136752138,9.303069313784093
S2324-G0079,D. Hunter,2,4.695555555555555,-3.635725014060091
S2324-G0079,D. Hunter,3,-9.156666666666666,-2.5803078475578696
S2324-G0079,D. Murray,1,1.8928571428571423,1.1306781140538362
S2324-G0079,D. Murray,2,-9.842307692307694,-3.814393804729094
S2324-G0079,D. Murray,3,4.208974358974363,6.134090954492235
S2324-G0079,I. Hartenstein,1,5.364285714285714,-1.1350836242305542
S2324-G0079,I. Hartenstein,2,-6.6499999999999995,-5.572488029007697
S2324-G0079,I. Hartenstein,3,1.237012987012987,-0.37750436605230225
S2324-G0079,I. Quickley,1,-13.50302197802198,-0.40235822965021095
S2324-G0079,I. Quickley,2,16.217307692307696,9.596732392435749
S2324-G0079,I. Quickley,3,-7.303174603174604,-5.50682171169377
S2324-G0079,J. Brunson,1,-2.6183333333333323,7.033616777261447
S2324-G0079,J. Brunson,2,-10.642307692307693,5.621613328237991
S2324-G0079,J. Brunson,3,18.50064102564103,17.59554075326038
S2324-G0079,J. Hart,1,4.3999999999999995,-1.8160955163472208
S2324-G0079,J. Hart,2,-2.4000000000000004,-5.405160665421915
S2324-G0079,J. Hart,3,-4.266666666666667,-3.327144578431679
S2324-G0079,J. Johnson,1,-4.2666666666666675,-1.8160955163472208
S2324-G0079,J. Johnson,2,7.402380952380952,2.5778554529068582
S2324-G0079,J. Johnson,3,-14.413492063492063,-3.961808208734126
S2324-G0079,J. Randle,1,3.756666666666666,-0.5649185075950398
S2324-G0079,J. Randle,2,-4.522527472527472,-2.6558208724936114
S2324-G0079,J. Randle,3,-6.26080586080586,-0.23488922270398704
S2324-G0079,M. Robinson,1,-1.289529914529913,-0.551179137529831
S2324-G0079,M. Robinson,2,7.792307692307692,-2.504674086878226
S2324-G0079,M. Robinson,3,2.3895454545454546,-7.182060178856845
S2324-G0079,O. Okongwu,1,0.08928571428571441,-4.572192116959273
S2324-G0079,O. Okongwu,2,2.0083333333333333,-4.631691803808719
S2324-G0079,O. Okongwu,3,-6.558333333333334,-5.9134098309719745
S2324-G0079,Q. Grimes,1,-4.633333333333333,-1.570358340730878
S2324-G0079,Q. Grimes,2,5.461904761904761,2.4823167109678317
S2324-G0079,Q. Grimes,3,4.321428571428571,-1.1904458005621317
S2324-G0079,R. Barrett,1,2.022222222222222,5.400762082918434
S2324-G0079,R. Barrett,2,2.261452991452991,2.3146059446457743
S2324-G0079,R. Barrett,3,-2.1950000000000003,-1.897788891610468
S2324-G0079,S. Bey,1,-4.300000000000001,-4.412808960720689
S2324-G0079,S. Bey,2,1.2166666666666668,-1.22301368730484
S2324-G0079,S. Bey,3,5.478571428571429,0.029428678304161487
S2324-G0079,T. Young,1,12.004545454545456,4.108306248076788
S2324-G0079,T. Young,2,-6.0023809523809515,-9.403218829377844
S2324-G0079,T. Young,3,-3.340476190476192,-0.5420420523543061
S2324-G0082,A. Caruso,1,11.075,2.249176089900804
S2324-G0082,A. Caruso,2,-6.7,-10.616181148108417
S2324-G0082,A. Caruso,3,-4.415384615384616,-0.986344477410089
S2324-G0082,A. Caruso,4,5.582051282051283,3.7589775778301258
S2324-G0082,A. Dosunmu,2,8.655555555555555,1.4604196900617015
S2324-G0082,A. Drummond,1,0.06666666666666643,-0.1506875275006075
S2324-G0082,A. Drummond,2,-1.9696969696969706,1.1831880590492807
S2324-G0082,C. Boucher,2,2.6033333333333335,1.0830369433827525
S2324-G0082,C. Boucher,4,-1.4533333333333331,-1.5778239138548897
S2324-G0082,C. White,1,-0.9777777777777779,0.7689290332191179
S2324-G0082,C. White,2,-9.906196581196582,-0.30887775907401877
S2324-G0082,C. White,3,17.15302197802198,8.316112949061397
S2324-G0082,C. White,4,2.3976190476190475,-8.8371362840053
S2324-G0082,D. DeRozan,1,5.279393939393939,3.4482893838837043
S2324-G0082,D. DeRozan,2,-6.640909090909092,-0.67108152411224
S2324-G0082,D. DeRozan,3,-18.77467532467533,2.612674274616166
S2324-G0082,D. DeRozan,4,23.259523809523813,15.465058159056145
S2324-G0082,D. Schroder,1,-0.2523809523809524,-1.799494238301767
S2324-G0082,D. Schroder,2,-2.708333333333333,-0.31557362863336624
S2324-G0082,D. Schroder,3,5.036904761904761,0.811068679138587
S2324-G0082,D. Schroder,4,-3.2285714285714278,-5.147565578827143
S2324-G0082,G. Trent Jr.,1,-7.790000000000001,-3.750933716958999
S2324-G0082,G. Trent Jr.,2,3.4519047619047623,3.5618325889369418
S2324-G0082,G. Trent Jr.,3,-25.171221532091096,-0.8260711394317074
S2324-G0082,G. Trent Jr.,4,31.742650103519665,19.891433915575075
S2324-G0082,J. Carter,2,0.025000000000000355,-3.8162167381634777
S2324-G0082,J. McDaniels,1,-6.988888888888889,-5.866799967113386
S2324-G0082,J. McDaniels,2,4.784126984126984,1.0065835309510704
S2324-G0082,J. McDaniels,3,2.3,-3.2536956986232775
S2324-G0082,J. Poeltl,1,10.823809523809523,3.848901345604656
S2324-G0082,J. Poeltl,2,4.3100000000000005,-4.388827713699584
S2324-G0082,J. Poeltl,3,0.11499999999999999,-5.496292272422334
S2324-G0082,N. Vucevic,1,8.569696969696968,4.498302719243607
S2324-G0082,N. Vucevic,2,-9.6,-3.631218080742372
S2324-G0082,N. Vucevic,3,14.215584415584416,4.622509101447659
S2324-G0082,N. Vucevic,4,-2.1655844155844157,-6.153825800870172
S2324-G0082,O. Anunoby,1,-7.845887445887447,-0.604442617856346
S2324-G0082,O. Anunoby,2,12.231601731601733,1.8971691367374792
S2324-G0082,O. Anunoby,3,4.2714285714285705,-4.698956268857311
S2324-G0082,P. Achiuwa,1,2.3466666666666667,-3.248667246204018
S2324-G0082,P. Achiuwa,2,-14.95,-7.800269627798633
S2324-G0082,P. Achiuwa,3,12.666666666666666,4.842392214320849
S2324-G0082,P. Siakam,1,1.961363636363636,0.6981316367396831
S2324-G0082,P. Siakam,2,-10.730714285714283,-4.417945464755037
S2324-G0082,P. Siakam,3,11.044175824175822,9.189744419770083
S2324-G0082,P. Siakam,4,3.7948717948717947,-2.230768716709747
S2324-G0082,P. Williams,1,3.9544444444444453,-1.9246769731714686
S2324-G0082,P. Williams,2,5.3566666666666665,-3.8647120432683058
S2324-G0082,S. Barnes,1,-4.675874125874126,-3.524394341837126
S2324-G0082,S. Barnes,2,-5.975151515151515,-4.918481704249671
S2324-G0082,S. Barnes,3,-3.4837908496732037,1.9981605070578161
S2324-G0082,S. Barnes,4,10.71045751633987,4.507543255865444
S2324-G0082,T. Craig,1,2.966666666666667,-1.5790728551421462
S2324-G0082,T. Craig,2,-13.357142857142858,-3.228278574817238
S2324-G0082,T. Craig,3,15.818681318681318,6.229501623522589
S2324-G0082,Z. LaVine,1,4.739999999999999,0.5642366165022652
S2324-G0082,Z. LaVine,2,4.203333333333333,-2.091084422751612
S2324-G0082,Z. LaVine,3,-11.053333333333333,-4.588004279823455
S2324-G0082,Z. LaVine,4,6.699999999999999,1.0805762076950254
S2324-G0087,A. Vezenkov,1,8.8,4.8501577326789445
S2324-G0087,A. Vezenkov,2,-2.45,-1.9072585153413422
S2324-G0087,A. Wiggins,1,9.9,6.834394562036286
S2324-G0087,A. Wiggins,2,3.437987012987012,-1.9747399122461882
S2324-G0087,A. Wiggins,3,1.9749999999999996,-4.259079761900645
S2324-G0087,C. Duarte,2,-6.415555555555557,-4.0987428886218025
S2324-G0087,C. Duarte,3,6.383028083028083,2.097891059255093
S2324-G0087,C. Paul,1,-6.318956043956043,-3.935329419550433
S2324-G0087,C. Paul,2,3.9772893772893765,2.9866317875205937
S2324-G0087,C. Paul,3,-8.32857142857143,-2.9167248016125407
S2324-G0087,D. Fox,1,-2.2361111111111107,4.633564872028745
S2324-G0087,D. Fox,2,1.715873015873015,3.686828136503208
S2324-G0087,D. Fox,3,-35.273333333333326,-0.8347071307116803
S2324-G0087,D. Mitchell,1,-4.585454545454545,-6.263642031118527
S2324-G0087,D. Mitchell,2,4.518787878787878,-1.191693698115346
S2324-G0087,D. Sabonis,1,-3.8271428571428547,1.6777863765924221
S2324-G0087,D. Sabonis,2,5.189826839826839,-1.7517425432930418
S2324-G0087,D. Sabonis,3,-3.2703030303030296,-1.3567566246581553
S2324-G0087,D. Saric,1,10.014285714285712,2.4220354756305804
S2324-G0087,D. Saric,2,-0.033333333333333104,-5.572488029007697
S2324-G0087,D. Saric,3,-6.533333333333333,-5.02703516347193
S2324-G0087,G. Payton II,1,-2.749999999999999,-0.16754131800449434
S2324-G0087,G. Payton II,2,9.513333333333332,0.6190675845315583
S2324-G0087,G. Payton II,3,0.06666666666666665,-6.815698190367681
S2324-G0087,H. Barnes,1,5.283333333333333,1.363320846043529
S2324-G0087,H. Barnes,2,-3.3499999999999996,-2.321705317378781
S2324-G0087,H. Barnes,3,7.6499999999999995,2.3340568446226277
S2324-G0087,J. Kuminga,1,-0.625,1.9853011119343875
S2324-G0087,J. Kuminga,2,-0.15941558441558357,0.43035867897561597
S2324-G0087,J. Kuminga,3,9.617748917748916,1.578029039787037
S2324-G0087,J. McGee,1,-9.097619047619046,-5.866799967113386
S2324-G0087,J. McGee,2,3.664285714285713,3.7787736102430824
S2324-G0087,J. McGee,3,-1.2999999999999998,-1.0660209229521311
S2324-G0087,K. Huerter,1,4.71111111111111,-3.104583770012144
S2324-G0087,K. Huerter,3,0.06666666666666643,-5.7248541717729315
S2324-G0087,K. Looney,1,0.04880952380952319,-2.7656243261413667
S2324-G0087,K. Looney,2,-0.3932539682539673,-4.325986378716853
S2324-G0087,K. Looney,3,-3.7606837606837615,-5.1261602334039615
S2324-G0087,K. Murray,1,8.95238095238095,5.334231070564063
S2324-G0087,K. Murray,2,-13.29126984126984,-3.874639472205147
S2324-G0087,K. Murray,3,12.958888888888888,9.060793056049201
S2324-G0087,K. Thompson,1,-6.25,-3.935329419550433
S2324-G0087,K. Thompson,2,-10.727380952380953,1.4329094806475264
S2324-G0087,K. Thompson,3,12.852380952380953,11.378785973246057
S2324-G0087,M. Monk,1,0.42666666666666586,1.09673317421197
S2324-G0087,M. Monk,2,4.04,-1.0484668571187779
S2324-G0087,M. Monk,3,3.266666666666667,-4.958534965511626
S2324-G0087,M. Moody,1,-2.314285714285714,-2.137653460685548
S2324-G0087,M. Moody,2,-3.930952380952381,1.3291989739910803
S2324-G0087,M. Moody,3,10.628571428571428,4.264876930818145
S2324-G0087,S. Curry,1,-1.7756410256410255,6.758489030301994
S2324-G0087,S. Curry,2,-11.913247863247857,6.765287971346295
S2324-G0087,S. Curry,3,18.30555555555555,16.263091164326173
S2324-G0089,B. Coulibaly,1,2.5,-3.1586622347769664
S2324-G0089,B. Coulibaly,2,-2.3,-5.405160665421915
S2324-G0089,C. Kispert,1,-23.824064171123,4.4153415331980135
S2324-G0089,C. Kispert,2,36.75739750445633,20.159960638501623
S2324-G0089,C. Kispert,3,-4.558333333333334,-15.36778847324609
S2324-G0089,D. Avdija,1,-15.07171717171717,-4.692593840432595
S2324-G0089,D. Avdija,2,10.537272727272725,8.531707596518924
S2324-G0089,D. Avdija,3,4.484444444444445,-1.9337826013679906
S2324-G0089,D. Bane,1,12.275844155844155,4.711431079037956
S2324-G0089,D. Bane,2,-19.92,-6.499466994424593
S2324-G0089,D. Bane,3,-2.953333333333333,11.706783700019377
S2324-G0089,D. Gafford,1,4.541558441558442,-2.7274580735740206
S2324-G0089,D. Gafford,2,-9.773333333333332,-8.092546344132993
S2324-G0089,D. Gafford,3,4.298333333333332,1.4508091282274547
S2324-G0089,D. Gallinari,1,-12.047619047619046,-5.8708714226275225
S2324-G0089,D. Roddy,1,-15.169696969696968,-6.169848148589279
S2324-G0089,D. Roddy,2,8.636363636363635,7.084355231840545
S2324-G0089,D. Roddy,3,-4.18095238095238,-2.8991140821785697
S2324-G0089,D. Rose,1,-2.1166666666666667,-3.4376660929061496
S2324-G0089,D. Rose,2,-0.7833333333333332,-0.9886507900799492
S2324-G0089,D. Rose,3,-7.733333333333334,-1.9775317627291211
S2324-G0089,D. Wright,1,2.1285714285714286,-4.263630051666714
S2324-G0089,D. Wright,2,-2.395238095238095,-4.779960336162849
S2324-G0089,D. Wright,3,-2.233333333333334,-3.4587930935484192
S2324-G0089,J. Jackson Jr.,1,6.312179487179488,4.881730943813866
S2324-G0089,J. Jackson Jr.,2,1.9151282051282053,-0.4882140285649008
S2324-G0089,J. Jackson Jr.,3,5.083333333333333,-1.3403623586843967
S2324-G0089,J. Konchar,1,-6.490384615384616,-5.712264848854948
S2324-G0089,J. Konchar,2,-1.051282051282051,-0.5447135237552557
S2324-G0089,J. Konchar,3,7.566666666666666,-0.6311052054572263
S2324-G0089,J. LaRavia,1,12.051111111111112,7.450031108998629
S2324-G0089,J. LaRavia,2,2.1888888888888887,-3.021209057652796
S2324-G0089,J. LaRavia,3,0.06666666666666643,-5.201735354737767
S2324-G0089,J. Poole,1,2.0,4.0641134633912745
S2324-G0089,J. Poole,2,-19.532330827067668,5.217379833723842
S2324-G0089,J. Poole,3,23.17233082706767,20.905385367502202
S2324-G0089,K. Kuzma,1,8.282251082251085,9.295144537592824
S2324-G0089,K. Kuzma,2,0.8876623376623378,0.7155413655957239
S2324-G0089,K. Kuzma,3,-14.819318181818181,-0.627263240691651
S2324-G0089,K. Lofton Jr.,2,2.2333333333333334,-3.7850840455687553
S2324-G0089,M. Muscala,2,-4.133333333333334,-5.493216440042036
S2324-G0089,M. Smart,1,4.300000000000001,-2.4856892389547847
S2324-G0089,M. Smart,2,-14.257142857142856,-5.580135647116711
S2324-G0089,M. Smart,3,5.290476190476191,5.157755556953402
S2324-G0089,T. Jones,1,15.333333333333334,5.255293257951547
S2324-G0089,T. Jones,2,-15.011111111111111,-6.255030273318528
S2324-G0089,T. Jones,3,12.777777777777777,9.072900747335531
S2324-G0089,X. Tillman,1,3.450000000000001,1.1870545333621243
S2324-G0089,X. Tillman,2,-1.0916666666666668,-0.9758239894152348
S2324-G0089,X. Tillman,3,7.766666666666667,1.2044301490467342
S2324-G0089,Z. Williams,1,-1.7487179487179496,-0.18982261888604535
S2324-G0089,Z. Williams,2,-2.384615384615385,0.12593472762048452
S2324-G0089,Z. Williams,3,2.0600000000000005,2.175301789201941
S2324-G0097,A. Griffin,3,-2.397619047619046,-1.5559544375242054
S2324-G0097,B. Bogdanovic,1,-12.950641025641028,0.8301215896230337
S2324-G0097,B. Bogdanovic,2,20.417307692307695,10.966053630089506
S2324-G0097,B. Bogdanovic,3,-11.7,-7.104370329502137
S2324-G0097,B. Lopez,1,-2.4444444444444464,2.795609254221123
S2324-G0097,B. Lopez,2,9.063492063492065,4.947518302972561
S2324-G0097,B. Portis,1,9.727777777777778,6.970210540841918
S2324-G0097,B. Portis,2,-1.1194444444444454,-4.131365804536547
S2324-G0097,B. Portis,3,3.0250000000000004,-0.5880090307771152
S2324-G0097,C. Capela,1,15.657575757575756,9.54647768610462
S2324-G0097,C. Capela,2,0.4641414141414151,-2.8976829114146176
S2324-G0097,C. Payne,1,3.144444444444445,-1.5559544375242054
S2324-G0097,C. Payne,2,2.3055555555555554,-2.4812921876641028
S2324-G0097,C. Payne,3,-5.366666666666667,-5.828332975464659
S2324-G0097,D. Hunter,1,7.6866666666666665,0.8182686420405233
S2324-G0097,D. Hunter,2,-18.253333333333334,-5.003415776291698
S2324-G0097,D. Hunter,3,15.324761904761903,11.255075941009101
S2324-G0097,D. Lillard,1,-2.1822510822510814,-2.619103531100931
S2324-G0097,D. Lillard,2,-0.651190476190477,-4.443703513548947
S2324-G0097,D. Lillard,3,2.3499999999999996,-3.0038749914762617
S2324-G0097,D. Murray,1,-13.733333333333334,-0.9863274805512895
S2324-G0097,D. Murray,2,13.816666666666666,10.433206885885602
S2324-G0097,D. Murray,3,6.611904761904762,-2.9651664358774954
S2324-G0097,G. Antetokounmpo,1,-1.3321428571428555,5.282023317173286
S2324-G0097,G. Antetokounmpo,2,7.381493506493504,4.321888650473129
S2324-G0097,G. Antetokounmpo,3,-2.630303030303029,-1.9912519501444426
S2324-G0097,J. Crowder,1,0.1777777777777776,-3.879740261753924
S2324-G0097,J. Crowder,2,-4.3,-2.7913102974691264
S2324-G0097,J. Johnson,1,-13.235192307692307,-0.04954310151144327
S2324-G0097,J. Johnson,2,20.4275,8.030412563030742
S2324-G0097,J. Johnson,3,0.2545454545454544,-8.74579562201728
S2324-G0097,M. Beasley,1,-3.18888888888889,-0.018384538045627407
S2324-G0097,M. Beasley,2,-7.0284188034188055,0.5182430393048119
S2324-G0097,M. Beasley,3,18.017307692307693,7.03240355290886
S2324-G0097,M. Beauchamp,1,6.866666666666667,0.0678525636433639
S2324-G0097,M. Beauchamp,2,-5.300000000000001,-5.560222610023104
S2324-G0097,M. Beauchamp,3,-2.188888888888889,-1.9908075360521842
S2324-G0097,O. Okongwu,1,8.733333333333333,2.873907128228306
S2324-G0097,O. Okongwu,2,-10.61111111111111,-3.165212198388055
S2324-G0097,O. Okongwu,3,-0.21269841269841194,5.287883290284438
S2324-G0097,P. Connaughton,1,2.4944444444444454,-0.3226957555206843
S2324-G0097,P. Connaughton,2,-2.061111111111112,-1.6676059057221393
S2324-G0097,P. Connaughton,3,-1.0,-0.500781447343474
S2324-G0097,S. Bey,1,-0.12738095238095148,0.8443538005047015
S2324-G0097,S. Bey,2,-0.8857142857142861,0.9453964733206351
S2324-G0097,S. Bey,3,-1.428571428571427,-0.39908957434251613
S2324-G0097,T. Young,1,2.1581196581196576,2.4977604796168817
S2324-G0097,T. Young,2,0.2317460317460327,-2.8729288470893413
S2324-G0097,T. Young,3,-2.0606060606060606,0.32150890632494417
S2324-G0102,A. Caruso,1,1.9666666666666663,-2.136027345621061
S2324-G0102,A. Caruso,2,-5.466666666666667,-2.6896493846771445
S2324-G0102,A. Caruso,3,2.3099999999999996,1.2714006742835635
S2324-G0102,A. Dosunmu,2,-2.4035714285714285,-6.399775629077766
S2324-G0102,A. Drummond,1,-7.196666666666665,-3.268594955741503
S2324-G0102,A. Drummond,2,7.379999999999999,3.8963733499824253
S2324-G0102,A. Drummond,3,2.3666666666666663,-4.469957813514143
S2324-G0102,A. Nembhard,1,-4.258787878787878,-1.1480065022959052
S2324-G0102,A. Nembhard,2,10.858787878787878,2.61744058225815
S2324-G0102,A. Nembhard,3,-4.66969696969697,-6.240389619061122
S2324-G0102,A. Nesmith,1,-1.655555555555556,-1.6226764793447845
S2324-G0102,A. Nesmith,2,4.830555555555556,0.7617994781106174
S2324-G0102,A. Nesmith,3,2.0995454545454546,-4.0907292132950746
S2324-G0102,B. Brown,1,6.1485714285714295,1.012310452847511
S2324-G0102,B. Brown,2,-6.353333333333332,-4.934721754248924
S2324-G0102,B. Brown,3,-5.533333333333335,0.41909428372071755
S2324-G0102,B. Hield,1,0.08333333333333348,-3.8330241550369215
S2324-G0102,B. Hield,2,-11.997619047619047,-3.042105115758912
S2324-G0102,B. Hield,3,-5.5880952380952404,4.394969868697602
S2324-G0102,B. Mathurin,1,0.1476190476190471,-1.2242479589586823
S2324-G0102,B. Mathurin,2,1.0023809523809515,2.4836154031365565
S2324-G0102,B. Mathurin,3,-7.635714285714286,0.6212277857884131
S2324-G0102,C. White,1,5.386904761904763,1.3120463277309928
S2324-G0102,C. White,2,2.0,-1.8336204209113864
S2324-G0102,C. White,3,-2.2333333333333334,-3.163038633215368
S2324-G0102,D. DeRozan,1,-6.998268398268399,-1.7579439591950088
S2324-G0102,D. DeRozan,2,-10.743978243978244,4.269776317217707
S2324-G0102,D. DeRozan,3,4.727960927960929,12.480030253740447
S2324-G0102,J. Carter,1,-5.161904761904762,-2.3177633808386866
S2324-G0102,J. Carter,2,1.0666666666666664,1.9527463415534654
S2324-G0102,J. Carter,3,4.241666666666667,1.1802247065416351
S2324-G0102,J. Smith,1,13.157142857142857,4.952295503292092
S2324-G0102,J. Smith,2,-9.055844155844154,-5.747822945469598
S2324-G0102,J. Smith,3,6.755844155844155,2.248527968023544
S2324-G0102,M. Turner,1,-11.230357142857143,-0.8390584808622182
S2324-G0102,M. Turner,2,11.5875,6.767375291171173
S2324-G0102,M. Turner,3,-5.801098901098902,-2.070330006096982
S2324-G0102,N. Vucevic,1,15.422987012987011,9.112255106956004
S2324-G0102,N. Vucevic,2,-17.78860962566845,-5.693020353590612
S2324-G0102,N. Vucevic,3,9.28860962566845,11.454239313461802
S2324-G0102,O. Toppin,1,2.5777777777777784,-2.0471223741055593
S2324-G0102,O. Toppin,2,-2.413333333333334,-6.2204418955178875
S2324-G0102,O. Toppin,3,6.613333333333333,-0.8383817757350136
S2324-G0102,P. Williams,1,1.595238095238095,-1.2676805428128153
S2324-G0102,P. Williams,2,0.6749999999999989,-4.023233883865722
S2324-G0102,T. Craig,1,5.46,-1.4100017179775002
S2324-G0102,T. Craig,2,-2.46,-4.767001157523933
S2324-G0102,T. Craig,3,-1.7666666666666662,-4.018121436537953
S2324-G0102,T. Haliburton,1,7.760000000000002,9.14335957689984
S2324-G0102,T. Haliburton,2,0.2674725274725276,-2.0018342046690325
S2324-G0102,T. Haliburton,3,3.869497169497169,1.1354204268313641
S2324-G0102,Z. LaVine,1,2.0805555555555557,3.693259396964671
S2324-G0102,Z. LaVine,2,-1.2955555555555556,3.9754084611678504
S2324-G0102,Z. LaVine,3,-9.315844155844157,2.261965594652241
S2324-G0108,A. Wiggins,1,2.473015873015873,-4.018352709359036
S2324-G0108,A. Wiggins,2,-14.036904761904763,-5.0480212871137145
S2324-G0108,A. Wiggins,3,12.05,6.727944369354571
S2324-G0108,B. Podziemski,1,-6.636363636363637,-5.866799967113386
S2324-G0108,B. Podziemski,2,3.1363636363636376,1.3627500401884713
S2324-G0108,B. Podziemski,3,-3.185714285714287,-2.858225256375002
S2324-G0108,C. McCollum,1,-26.89893162393162,-0.5956608700604639
S2324-G0108,C. McCollum,2,11.316872800402209,20.39144374393448
S2324-G0108,C. McCollum,3,20.840392156862745,8.501163005796085
S2324-G0108,C. Paul,1,0.7266666666666666,2.187994176591448
S2324-G0108,C. Paul,2,-8.934603174603174,1.4360565751928762
S2324-G0108,C. Paul,3,17.874603174603173,7.150019998996787
S2324-G0108,D. Daniels,1,2.3,-1.1480065022959052
S2324-G0108,D. Daniels,2,-3.204761904761905,-2.1978122236996467
S2324-G0108,D. Daniels,3,7.571428571428572,-0.47498298288622876
S2324-G0108,D. Green,1,-8.891558441558441,-2.8421601432512147
S2324-G0108,D. Green,2,10.98917748917749,3.883655153027344
S2324-G0108,D. Green,3,-2.233333333333334,-5.428612225639284
S2324-G0108,D. Saric,1,6.397619047619047,2.7718391690927424
S2324-G0108,D. Saric,2,-2.201515151515151,-1.7075947527555113
S2324-G0108,D. Saric,3,6.862626262626263,0.44303925234666514
S2324-G0108,G. Payton II,1,-20.80302197802198,-3.572714579636438
S2324-G0108,G. Payton II,2,20.717307692307692,12.929603265983836
S2324-G0108,G. Payton II,3,-2.849999999999999,-5.923345897109251
S2324-G0108,H. Jones,1,-8.791666666666666,-5.938461153947756
S2324-G0108,H. Jones,2,6.360714285714286,1.6811296356349643
S2324-G0108,H. Jones,3,-1.8607142857142853,-1.9235407773166902
S2324-G0108,J. Hawkins,1,2.055238095238094,1.3056680189894965
S2324-G0108,J. Hawkins,2,-3.332527472527472,-2.8005014671807116
S2324-G0108,J. Hawkins,3,4.222527472527473,0.7768266215078665
S2324-G0108,J. Valanciunas,1,5.727272727272727,1.7619445641213807
S2324-G0108,J. Valanciunas,2,0.30761904761904724,-4.146891887715592
S2324-G0108,J. Valanciunas,3,-4.893333333333333,-1.4392833718260847
S2324-G0108,K. Gates,1,-0.13333333333333286,-3.3219069260870713
S2324-G0108,K. Lewis Jr.,3,-14.136363636363637,-1.4527044970006495
S2324-G0108,K. Looney,1,-12.528571428571428,-5.022255391663049
S2324-G0108,K. Looney,2,12.55952380952381,5.161493788604248
S2324-G0108,K. Looney,3,2.4333333333333327,-5.080739773442689
S2324-G0108,L. Nance Jr.,1,-9.656666666666666,-5.4011004253730635
S2324-G0108,L. Nance Jr.,2,9.723333333333333,2.616504640678611
S2324-G0108,M. Moody,1,-5.255555555555556,-4.3394740173584605
S2324-G0108,M. Moody,2,-8.77171717171717,1.1618605828274027
S2324-G0108,M. Moody,3,10.893939393939391,8.00030610645469
S2324-G0108,M. Ryan,1,-0.26969696969696955,2.187994176591448
S2324-G0108,M. Ryan,2,5.380808080808081,3.718250046849485
S2324-G0108,M. Ryan,3,-4.151111111111111,-3.6792480409505415
S2324-G0108,S. Curry,1,25.666666666666664,17.669354419896678
S2324-G0108,S. Curry,2,-19.406060606060606,-7.539434544749404
S2324-G0108,S. Curry,3,-2.0712287712287747,12.21848273711179
S2324-G0108,T. Jackson-Davis,1,-2.38,-2.137653460685548
S2324-G0108,T. Jackson-Davis,2,-6.680000000000001,1.5167178741961556
S2324-G0108,T. Jackson-Davis,3,3.582727272727274,3.79297921162877
S2324-G0108,Z. Williamson,1,18.714285714285715,13.933210355714818
S2324-G0108,Z. Williamson,2,4.228205128205127,-5.348480467535578
S2324-G0108,Z. Williamson,3,-8.486935286935285,-3.9716544638058706
S2324-G0110,A. Gordon,1,-6.8171428571428585,2.2392719461724746
S2324-G0110,A. Gordon,2,13.070476190476192,7.925580395093101
S2324-G0110,A. Gordon,3,-3.0633333333333317,-0.714097623673783
S2324-G0110,C. Braun,1,-2.7502886002886004,-1.8586361264977973
S2324-G0110,C. Braun,2,-9.250822510822513,0.11479089285825347
S2324-G0110,C. Sexton,1,-4.414285714285713,-2.486834518003333
S2324-G0110,C. Sexton,3,-12.641558441558441,1.820630256681953
S2324-G0110,J. Clarkson,1,6.46060606060606,-1.4758824728399935
S2324-G0110,J. Clarkson,2,-4.566666666666667,-6.916979518540709
S2324-G0110,J. Clarkson,3,-1.8999999999999986,-0.5788807682865266
S2324-G0110,J. Collins,1,-9.586363636363636,3.0499273275920347
S2324-G0110,J. Collins,2,16.123376623376622,11.179507675783723
S2324-G0110,J. Collins,3,6.612987012987012,-1.7953551613676826
S2324-G0110,J. Murray,1,17.76666666666667,14.227882317500681
S2324-G0110,J. Murray,2,0.9333333333333336,-0.7524541858475828
S2324-G0110,J. Murray,3,2.491666666666667,-0.982167953181513
S2324-G0110,K. Caldwell-Pope,1,-4.789285714285713,-1.8394839258363265
S2324-G0110,K. Caldwell-Pope,2,5.777922077922076,1.7852604522892201
S2324-G0110,K. Caldwell-Pope,3,4.2696969696969695,-2.2444708828339954
S2324-G0110,K. George,1,3.0000000000000004,-1.5559544375242054
S2324-G0110,K. George,2,-2.3666666666666676,-3.8629897408851943
S2324-G0110,K. George,3,0.06666666666666732,-1.0804203457358266
S2324-G0110,K. Olynyk,1,-5.866666666666667,-6.263642031118527
S2324-G0110,K. Olynyk,2,3.3000000000000007,0.506437080349728
S2324-G0110,K. Olynyk,3,2.5666666666666664,-2.3974439324640437
S2324-G0110,L. Markkanen,1,3.9326923076923084,6.291631178156035
S2324-G0110,L. Markkanen,2,-15.921606334841632,1.333869726740379
S2324-G0110,L. Markkanen,3,11.680183868419164,17.989848377346085
S2324-G0110,M. Porter Jr.,1,12.164935064935065,1.3823557977919088
S2324-G0110,M. Porter Jr.,2,-14.161904761904761,-6.586508624132601
S2324-G0110,N. Jokic,1,-5.6910256410256395,1.907198093020078
S2324-G0110,N. Jokic,2,5.658333333333331,4.43686848493202
S2324-G0110,N. Jokic,3,-6.74722222222222,1.4147757065870723
S2324-G0110,O. Agbaji,1,5.050000000000001,0.35086456133500016
S2324-G0110,O. Agbaji,2,-0.06666666666666643,-3.631860075350902
S2324-G0110,O. Agbaji,3,2.3,-3.967077464737296
S2324-G0110,P. Watson,1,-4.4,-5.014756373101497
S2324-G0110,P. Watson,2,-0.7666666666666666,-0.8659930001077054
S2324-G0110,P. Watson,3,1.1333333333333337,-0.6048612516059877
S2324-G0110,R. Jackson,1,2.3380952380952382,-3.7650027539759665
S2324-G0110,R. Jackson,2,-4.658333333333333,-5.289973598727397
S2324-G0110,R. Jackson,3,-6.375,-1.080728921034558
S2324-G0110,T. Horton-Tucker,1,1.0316666666666663,1.362260946447765
S2324-G0110,T. Horton-Tucker,2,7.541666666666668,0.3398134846963594
S2324-G0110,T. Horton-Tucker,3,-18.295238095238094,-4.3348487714569695
S2324-G0110,W. Kessler,1,-11.945714285714287,-5.614924423727169
S2324-G0110,W. Kessler,2,-6.61142857142857,2.950557373722155
S2324-G0110,W. Kessler,3,5.672727272727274,4.009216138074363
S2324-G0110,Z. Nnaji,1,-2.3844155844155845,-3.952090073101738
S2324-G0110,Z. Nnaji,2,-0.08225108225108269,0.1373738077090634
S2324-G0110,Z. Nnaji,3,4.5,-3.1869788480299626
S2324-G0114,A. Coffey,1,-2.25,-5.914740076581552
S2324-G0114,B. Hyland,1,11.90190476190476,4.489462168904168
S2324-G0114,B. Hyland,2,-15.209523809523809,-3.911480389662278
S2324-G0114,B. Hyland,3,6.374285714285715,7.074194738655944
S2324-G0114,C. Anthony,1,6.2749999999999995,1.3941452350873413
S2324-G0114,C. Anthony,2,-10.652380952380952,-3.831984693917714
S2324-G0114,C. Anthony,3,13.05238095238095,4.755064042418456
S2324-G0114,F. Wagner,1,4.792987012987012,-0.36111024799269553
S2324-G0114,F. Wagner,2,-5.655,-3.3359637076705595
S2324-G0114,F. Wagner,3,-7.049999999999999,0.3235565173206898
S2324-G0114,G. Harris,1,-16.066666666666666,-5.914740076581552
S2324-G0114,G. Harris,2,11.783333333333331,8.035580320322637
S2324-G0114,G. Harris,3,4.366666666666667,-2.2119198802948823
S2324-G0114,I. Zubac,1,-11.58225108225108,-4.248032576812997
S2324-G0114,I. Zubac,2,9.579999999999998,2.6205167118223534
S2324-G0114,J. Ingles,2,2.3,-4.412808960720689
S2324-G0114,J. Suggs,1,-2.642307692307691,-4.300125060726627
S2324-G0114,J. Suggs,2,-3.616025641025642,-2.494462883716987
S2324-G0114,J. Suggs,3,8.919047619047618,-0.9744809517432181
S2324-G0114,K. Brown,1,-8.466666666666667,-5.605068670956129
S2324-G0114,K. Brown,2,8.6,2.110716551701739
S2324-G0114,K. Brown,3,-7.6083333333333325,-6.240389619061122
S2324-G0114,K. Leonard,1,2.144415584415583,-1.2644989367408934
S2324-G0114,K. Leonard,2,2.5127272727272727,-5.34393204980302
S2324-G0114,K. Leonard,3,-8.899999999999999,-4.041577598379783
S2324-G0114,M. Fultz,1,-4.103174603174602,-1.837150951539648
S2324-G0114,M. Fultz,2,8.488888888888889,-2.1067694772984873
S2324-G0114,M. Fultz,3,-15.39047619047619,-5.428612225639284
S2324-G0114,M. Plumlee,1,13.2,3.0415997151467153
S2324-G0114,M. Plumlee,2,0.09523809523809523,-6.822105002405063
S2324-G0114,M. Plumlee,3,-13.029212454212454,-5.78112466801799
S2324-G0114,M. Wagner,1,-7.790000000000001,0.5684777946820395
S2324-G0114,M. Wagner,2,12.953333333333335,4.610179845105893
S2324-G0114,M. Wagner,3,-2.1333333333333333,-5.729106598649821
S2324-G0114,N. Powell,1,-18.285714285714285,-4.998110000013599
S2324-G0114,N. Powell,2,19.257142857142856,9.042131125881099
S2324-G0114,N. Powell,3,-15.257397504456328,-7.657067401893372
S2324-G0114,P. Banchero,1,1.8606060606060613,4.381347288705657
S2324-G0114,P. Banchero,2,0.8733333333333331,-0.45756800691835686
S2324-G0114,P. Banchero,3,2.2790476190476188,0.9970754225376053
S2324-G0114,P. George,1,-5.530303030303031,2.06350388860826
S2324-G0114,P. George,2,-8.485714285714284,5.5587448197745255
S2324-G0114,P. George,3,22.535714285714285,14.728598582921565
S2324-G0114,R. Westbrook,1,-4.138888888888889,-2.1959155083020323
S2324-G0114,R. Westbrook,2,-25.624111963626028,0.05631086836832412
S2324-G0114,R. Westbrook,3,36.95823894775301,21.714141332893234
S2324-G0114,W. Carter Jr.,1,4.555555555555555,-0.02297391336365928
S2324-G0114,W. Carter Jr.,2,1.155555555555555,-3.51432749277248
S2324-G0114,W. Carter Jr.,3,3.3984126984126988,-4.503079595075427
S2324-G0124,A. Caruso,1,0.3250000000000002,-3.482151264540075
S2324-G0124,A. Caruso,2,4.333333333333334,-2.2263957550815396
S2324-G0124,A. Caruso,3,-11.000641025641025,-4.563704525756984
S2324-G0124,A. Dosunmu,2,-2.0666666666666664,-0.3417812483632816
S2324-G0124,A. Dosunmu,3,9.666666666666666,2.3137780232690592
S2324-G0124,A. Drummond,1,-0.014285714285715123,-1.8160955163472208
S2324-G0124,A. Drummond,2,-6.742857142857143,-0.4940224536910296
S2324-G0124,A. Drummond,3,11.157142857142857,3.004625839808322
S2324-G0124,C. White,1,16.652380952380952,5.025770900370762
S2324-G0124,C. White,2,-12.327272727272726,-8.980641888110767
S2324-G0124,C. White,3,3.293939393939395,3.7312905493473774
S2324-G0124,D. DeRozan,1,-4.639999999999999,-2.6970315219421086
S2324-G0124,D. DeRozan,2,-14.934285714285716,-0.6562684920194448
S2324-G0124,D. DeRozan,3,14.960952380952381,10.9636550837483
S2324-G0124,D. Exum,1,4.353571428571429,-1.0008977129115921
S2324-G0124,D. Jones Jr.,1,2.338095238095237,1.0379503049297027
S2324-G0124,D. Jones Jr.,2,-15.413675213675214,0.634849753723724
S2324-G0124,D. Jones Jr.,3,16.2993894993895,11.357668222010485
S2324-G0124,D. Lively II,1,-6.644155844155844,-3.209722889789139
S2324-G0124,D. Lively II,2,8.732142857142858,-0.5996057102862993
S2324-G0124,D. Lively II,3,1.291666666666667,-5.103716100614259
S2324-G0124,D. Powell,1,1.2333333333333334,-3.836717852687937
S2324-G0124,D. Powell,2,-4.383333333333333,-5.035559551897323
S2324-G0124,G. Williams,1,13.903030303030302,8.09213956935426
S2324-G0124,G. Williams,2,-4.538888888888889,-3.7382119383994024
S2324-G0124,G. Williams,3,-4.04111111111111,1.918449310710487
S2324-G0124,J. Carter,1,-5.166666666666666,-0.25121894776745257
S2324-G0124,J. Carter,2,2.3303030303030283,4.096832351678498
S2324-G0124,J. Green,1,-2.4821428571428568,-4.8786389354068
S2324-G0124,J. Green,2,4.857142857142857,-1.7433525386410227
S2324-G0124,J. Green,3,-7.750000000000001,-6.577267803370247
S2324-G0124,J. Hardy,1,-8.666666666666666,-5.8708714226275225
S2324-G0124,J. Hardy,3,-8.030952380952384,2.2291681605197886
S2324-G0124,L. Doncic,1,-10.885866910866913,-1.0911610270546437
S2324-G0124,L. Doncic,2,13.516507936507937,5.915685305108328
S2324-G0124,L. Doncic,3,-13.506666666666666,-5.684004709494502
S2324-G0124,M. Kleber,1,-4.8,-6.263642031118527
S2324-G0124,N. Vucevic,1,4.579999999999998,3.7524470747745626
S2324-G0124,N. Vucevic,2,-8.548039215686277,-2.077761849674748
S2324-G0124,N. Vucevic,3,5.296956964604027,6.423992121508241
S2324-G0124,P. Williams,1,-2.2,-3.3690763480789045
S2324-G0124,P. Williams,2,6.875,-1.7351293451736844
S2324-G0124,P. Williams,3,-2.2249999999999996,-5.572488029007697
S2324-G0124,S. Curry,2,10.865714285714287,1.8022401873643954
S2324-G0124,T. Craig,1,0.0,-6.169848148589279
S2324-G0124,T. Craig,2,-2.566666666666667,-5.289973598727397
S2324-G0124,T. Craig,3,-1.7416666666666663,-2.082475284961698
S2324-G0124,T. Hardaway Jr.,1,7.703030303030303,3.305687735468615
S2324-G0124,T. Hardaway Jr.,2,-12.066666666666666,-3.312768695826041
S2324-G0124,T. Hardaway Jr.,3,3.3000000000000007,8.46743850202213
S2324-G0124,Z. LaVine,1,3.4666666666666686,10.512818239553887
S2324-G0124,Z. LaVine,2,8.448571428571428,4.438313287890663
S2324-G0124,Z. LaVine,3,-1.370000000000001,-2.527181037699532
S2324-G0129,A. Thompson,1,14.652852049910873,11.466680553563723
S2324-G0129,A. Thompson,2,5.683333333333335,-3.887891437076287
S2324-G0129,C. Cunningham,1,12.836813186813188,7.790735363959718
S2324-G0129,C. Cunningham,2,-8.685714285714287,-4.156237790465872
S2324-G0129,C. Cunningham,3,-16.09285714285714,5.574092212171671
S2324-G0129,C. McCollum,1,-13.680311355311357,9.303069313784093
S2324-G0129,C. McCollum,2,16.746520146520147,17.044304488591994
S2324-G0129,C. McCollum,3,8.853598901098902,3.911650451263215
S2324-G0129,D. Daniels,1,-0.2333333333333334,-4.815213451026663
S2324-G0129,D. Daniels,2,-7.266666666666667,-5.414919390464812
S2324-G0129,D. Daniels,3,4.26,1.4790350686312268
S2324-G0129,D. Seabron,2,1.9499999999999997,-3.3563833930228664
S2324-G0129,H. Jones,1,15.194696969696968,6.287136064086516
S2324-G0129,H. Jones,2,-2.3027777777777776,-5.328291112476686
S2324-G0129,H. Jones,3,-9.265079365079366,-2.4963472784885683
S2324-G0129,I. Stewart,1,0.6533333333333324,-1.6073138588396187
S2324-G0129,I. Stewart,2,-6.1854545454545455,-1.1076229352149602
S2324-G0129,I. Stewart,3,4.158787878787879,3.933227497798022
S2324-G0129,J. Duren,1,6.24,3.369431379350426
S2324-G0129,J. Duren,2,-0.18333333333333357,-1.6372817923463021
S2324-G0129,J. Duren,3,2.4833333333333334,1.0287769939902767
S2324-G0129,J. Harris,1,-9.94,-5.866799967113386
S2324-G0129,J. Harris,2,7.706666666666667,4.727687765888264
S2324-G0129,J. Harris,3,-12.0275,-3.641495430543851
S2324-G0129,J. Hawkins,1,-3.1933333333333334,-2.6970315219421086
S2324-G0129,J. Hawkins,2,-1.704761904761904,-2.627333052130642
S2324-G0129,J. Hawkins,3,8.304761904761904,1.575248998684616
S2324-G0129,J. Ivey,1,-5.691666666666668,-1.1350836242305542
S2324-G0129,J. Ivey,2,1.2243589743589762,2.4915583446686953
S2324-G0129,J. Ivey,3,9.725641025641025,0.08242024667356009
S2324-G0129,J. Valanciunas,1,-10.418614718614721,-1.2644989367408934
S2324-G0129,J. Valanciunas,2,10.593030303030304,4.622929273866846
S2324-G0129,J. Valanciunas,3,-14.347575757575758,-0.5383270680109956
S2324-G0129,K. Hayes,1,-7.664935064935065,-4.484256616834441
S2324-G0129,K. Hayes,2,5.664935064935065,3.718250046849485
S2324-G0129,K. Hayes,3,-7.7523809523809515,-3.400196155394243
S2324-G0129,K. Lewis Jr.,1,6.934126984126984,-2.88203226409793
S2324-G0129,K. Lewis Jr.,2,-8.961904761904762,-5.716619842597701
S2324-G0129,K. Lewis Jr.,3,6.833333333333334,1.7740840769247896
S2324-G0129,L. Nance Jr.,1,2.0000000000000004,-2.136027345621061
S2324-G0129,L. Nance Jr.,2,-9.044444444444446,-3.8629897408851943
S2324-G0129,M. Bagley III,1,4.870476190476191,2.9285322693735987
S2324-G0129,M. Bagley III,2,2.371666666666667,-1.6438684146698566
S2324-G0129,M. Ryan,1,14.990000000000002,8.181893991527023
S2324-G0129,M. Ryan,2,3.045238095238095,-2.281304500812713
S2324-G0129,M. Ryan,3,-12.968571428571428,-5.774646866445763
S2324-G0129,M. Sasser,1,-2.166666666666667,-3.7650027539759665
S2324-G0129,M. Sasser,2,-8.338888888888889,-1.1055658327972995
S2324-G0129,M. Sasser,3,-9.505555555555556,5.215104889148479
S2324-G0136,A. Horford,1,4.163333333333332,-0.2785119010986894
S2324-G0136,A. Horford,2,4.6,-4.53674086486412
S2324-G0136,A. Horford,3,-11.023333333333333,-6.6893948994783115
S2324-G0136,C. Thomas,1,-6.689523809523809,5.449911538203568
S2324-G0136,C. Thomas,2,0.07619047619047592,11.057765170293402
S2324-G0136,C. Thomas,3,7.600000000000001,11.150058875428034
S2324-G0136,D. Finney-Smith,1,-3.3041558441558454,0.9604837755638326
S2324-G0136,D. Finney-Smith,2,7.645714285714286,2.5824329197885327
S2324-G0136,D. Finney-Smith,3,5.414285714285715,-2.71198377571289
S2324-G0136,D. Sharpe,1,-0.7363636363636363,0.2150417221536668
S2324-G0136,D. Sharpe,2,7.061363636363636,4.599538115460247
S2324-G0136,D. Sharpe,3,2.275,-3.8301686735598888
S2324-G0136,D. Smith Jr.,1,0.013333333333333641,-3.8162167381634777
S2324-G0136,D. Smith Jr.,2,-9.479999999999999,-2.5029497536962104
S2324-G0136,J. Brown,1,3.249125874125877,6.844463938140123
S2324-G0136,J. Brown,2,-6.167715617715622,1.6665225464598745
S2324-G0136,J. Brown,3,2.8658974358974376,5.7298795828143225
S2324-G0136,J. Holiday,1,-6.294432234432238,0.39274468248389216
S2324-G0136,J. Holiday,2,-0.3547452547452501,5.389434069193825
S2324-G0136,J. Holiday,3,6.44155844155844,3.749653324631393
S2324-G0136,J. Tatum,1,-9.724675324675324,9.452556335150897
S2324-G0136,J. Tatum,2,27.22242424242424,18.325119709443925
S2324-G0136,J. Tatum,3,-16.137142857142855,-7.562313916740585
S2324-G0136,K. Porzingis,1,4.508412698412698,3.7427191223237375
S2324-G0136,K. Porzingis,2,-3.192857142857143,-8.67817409357025
S2324-G0136,K. Porzingis,3,8.456666666666667,-1.5029295193079721
S2324-G0136,L. Kornet,1,-8.613333333333332,-5.8708714226275225
S2324-G0136,L. Kornet,2,4.246666666666665,3.1663203771766564
S2324-G0136,L. Kornet,3,-5.3933333333333335,-1.8268350317127544
S2324-G0136,L. Walker IV,1,16.02,7.007928635458096
S2324-G0136,L. Walker IV,2,-0.06666666666666643,-5.363546223511295
S2324-G0136,L. Walker IV,3,-6.269696969696971,-4.469957813514143
S2324-G0136,M. Bridges,1,6.664444444444446,2.4800603296958807
S2324-G0136,M. Bridges,2,-11.71047619047619,-3.651585486054358
S2324-G0136,M. Bridges,3,-7.489915966386555,7.076476131330343
S2324-G0136,O. Brissett,1,3.05,-1.5559544375242054
S2324-G0136,O. Brissett,2,-4.375,-3.1813746783598047
S2324-G0136,P. Pritchard,1,4.571428571428571,-2.3177633808386866
S2324-G0136,P. Pritchard,2,-2.3666666666666663,-5.213947862734808
S2324-G0136,P. Pritchard,3,-0.03333333333333366,-4.469957813514143
S2324-G0136,R. O'Neale,1,-4.380000000000001,3.838383431540329
S2324-G0136,R. O'Neale,2,14.546666666666667,5.63908929870825
S2324-G0136,R. O'Neale,3,2.266666666666667,-5.366252058109379
S2324-G0136,S. Dinwiddie,1,11.991666666666665,1.481330417263622
S2324-G0136,S. Dinwiddie,2,-30.477380952380955,-6.613016281356556
S2324-G0136,S. Dinwiddie,3,21.438095238095244,15.911629222637202
S2324-G0136,S. Hauser,1,5.204761904761904,-1.6096281898973606
S2324-G0136,S. Hauser,2,-4.508333333333333,-5.289973598727397
S2324-G0136,S. Hauser,3,2.275,-1.0983534427627109
S2324-G0141,C. Bassey,1,0.04166666666666674,-5.8708714226275225
S2324-G0141,C. Bassey,3,-4.341666666666667,-4.566482034788906
S2324-G0141,C. Osman,1,13.347474747474749,3.0653006769228397
S2324-G0141,C. Osman,2,-7.749206349206349,-6.845333985000069
S2324-G0141,C. Osman,3,7.704761904761905,-1.8700577102196283
S2324-G0141,D. McDermott,1,-5.357142857142856,-0.14638165901288203
S2324-G0141,D. McDermott,2,7.478571428571428,4.451973469552947
S2324-G0141,D. McDermott,3,3.15,-3.3399029110147507
S2324-G0141,D. McDermott,4,-0.06666666666666643,-4.865995554314884
S2324-G0141,D. Schroder,1,5.033333333333331,4.813209323702335
S2324-G0141,D. Schroder,2,-7.066666666666666,-1.4236757383037817
S2324-G0141,D. Schroder,3,5.030303030303029,7.02037518427448
S2324-G0141,D. Schroder,4,4.278030303030304,1.529931915644534
S2324-G0141,G. Dick,1,-2.395238095238095,-5.780494188680335
S2324-G0141,G. Dick,2,0.0,-3.705195018713129
S2324-G0141,G. Trent Jr.,1,2.044444444444445,-1.3170776394605512
S2324-G0141,G. Trent Jr.,2,4.355555555555555,-1.2117518182369253
S2324-G0141,G. Trent Jr.,3,-17.005555555555556,-5.510897105575514
S2324-G0141,J. Champagnie,2,-4.246428571428571,-4.863943687161574
S2324-G0141,J. Poeltl,1,2.5317460317460325,-2.071273874458938
S2324-G0141,J. Poeltl,2,-19.754285714285714,-7.973696134102167
S2324-G0141,J. Poeltl,3,23.959047619047617,11.482979828636038
S2324-G0141,J. Poeltl,4,-4.258333333333333,-8.171842721904923
S2324-G0141,J. Sochan,1,6.917307692307691,1.8808267742656841
S2324-G0141,J. Sochan,2,4.2749999999999995,-5.343784148267789
S2324-G0141,J. Sochan,3,2.414545454545455,-5.211032185332749
S2324-G0141,J. Sochan,4,-0.08121212121212129,-5.785656659474576
S2324-G0141,K. Johnson,1,2.2966666666666686,4.850379138458615
S2324-G0141,K. Johnson,2,-1.1217948717948723,5.229813681884771
S2324-G0141,K. Johnson,3,-8.752014652014653,1.8449606953577473
S2324-G0141,K. Johnson,4,20.473809523809525,8.040034126274175
S2324-G0141,M. Branham,1,-8.626666666666667,-6.247498722282295
S2324-G0141,M. Branham,2,-8.541666666666666,0.4746395117078215
S2324-G0141,M. Branham,3,6.269444444444444,5.267321894677706
S2324-G0141,M. Flynn,1,0.8619047619047624,-1.4527044970006495
S2324-G0141,M. Flynn,2,2.5714285714285716,-0.579634245649671
S2324-G0141,O. Anunoby,1,11.575000000000001,7.866367787531707
S2324-G0141,O. Anunoby,2,2.9499999999999993,-6.552629576041943
S2324-G0141,O. Anunoby,3,-6.592307692307692,-2.9804638902138945
S2324-G0141,O. Anunoby,4,7.883974358974359,3.5861225018869343
S2324-G0141,O. Porter Jr.,2,-7.675,-6.263642031118527
S2324-G0141,O. Porter Jr.,3,2.2249999999999996,1.926373532154092
S2324-G0141,O. Porter Jr.,4,3.05,0.029428678304161487
S2324-G0141,P. Siakam,1,4.450000000000001,-0.5049188847540493
S2324-G0141,P. Siakam,2,-7.671666666666667,-8.687088330169134
S2324-G0141,P. Siakam,3,12.28,0.2361700870828293
S2324-G0141,P. Siakam,4,-9.899999999999999,-6.6019035578518634
S2324-G0141,S. Barnes,1,-9.985454545454544,-4.975758216777634
S2324-G0141,S. Barnes,2,-11.942045454545456,-0.04732973370717936
S2324-G0141,S. Barnes,3,-11.240043859649116,10.309432699828308
S2324-G0141,S. Barnes,4,33.36754385964912,17.37393672412506
S2324-G0141,T. Jones,1,-2.1055555555555556,-3.268594955741503
S2324-G0141,T. Jones,2,-8.755555555555556,-0.9453622303803819
S2324-G0141,T. Jones,3,11.004444444444445,4.284713228225813
S2324-G0141,T. Jones,4,-4.460000000000001,-5.31694683268063
S2324-G0141,V. Wembanyama,1,12.99508547008547,7.490097140747213
S2324-G0141,V. Wembanyama,2,0.9749999999999988,-3.3118103385654747
S2324-G0141,V. Wembanyama,3,-2.0999999999999988,-5.303675022591683
S2324-G0141,V. Wembanyama,4,-4.557142857142859,-0.9807442516585726
S2324-G0141,Z. Collins,1,-9.592857142857143,-1.5174584919425114
S2324-G0141,Z. Collins,2,2.240476190476187,5.9115449014178685
S2324-G0141,Z. Collins,3,4.327380952380956,3.181015691553228
S2324-G0141,Z. Collins,4,7.260714285714285,0.6808616446913748
S2324-G0148,B. Coulibaly,1,-8.565714285714286,-3.3055252324795323
S2324-G0148,B. Coulibaly,3,0.8049999999999997,2.35884072337452
S2324-G0148,C. Kispert,1,-3.100641025641026,-3.7850840455687553
S2324-G0148,D. Avdija,1,3.322987012987012,1.364133449097576
S2324-G0148,D. Avdija,2,4.423333333333333,-1.4307274995845667
S2324-G0148,D. Avdija,3,-5.397619047619046,-4.752313658290342
S2324-G0148,D. Gafford,1,19.62142857142857,7.376078891931787
S2324-G0148,D. Gafford,2,-4.310714285714286,-11.952150999523864
S2324-G0148,D. Gafford,3,0.07500000000000018,-4.026366085493806
S2324-G0148,D. Melton,1,-4.10761904761905,3.3837271266096356
S2324-G0148,D. Melton,2,16.047619047619047,6.850919132488959
S2324-G0148,D. Melton,3,-0.06666666666666643,-5.17741677841304
S2324-G0148,D. Wright,1,-2.3,-2.136027345621061
S2324-G0148,E. Omoruyi,1,-8.675,-4.260531946931316
S2324-G0148,F. Korkmaz,1,-1.0333333333333337,-4.645916276351789
S2324-G0148,F. Korkmaz,3,-0.06666666666666643,-3.150459448973137
S2324-G0148,J. Davis,2,-0.6166666666666663,-1.3049743264608413
S2324-G0148,J. Davis,3,-1.7833333333333332,0.6673660873643112
S2324-G0148,J. Embiid,1,-9.894848484848485,9.193277983744514
S2324-G0148,J. Embiid,2,-20.2852380952381,12.645457483567952
S2324-G0148,J. Poole,1,1.269047619047619,2.795609254221123
S2324-G0148,J. Poole,2,-8.57802197802198,1.31841679614643
S2324-G0148,J. Poole,3,12.512307692307694,10.648830050903948
S2324-G0148,J. Springer,2,-7.157142857142858,-3.3669918066874343
S2324-G0148,K. Kuzma,1,-26.869610389610386,0.4918598262619934
S2324-G0148,K. Kuzma,2,18.61948051948052,21.630732102689763
S2324-G0148,K. Kuzma,3,18.22251082251082,3.338730983957596
S2324-G0148,K. Oubre Jr.,1,-2.0301587301587296,-4.340881709002344
S2324-G0148,K. Oubre Jr.,2,4.477777777777778,-1.6674067403361263
S2324-G0148,K. Oubre Jr.,3,-7.958333333333332,-6.802804878834286
S2324-G0148,M. Morris Sr.,3,-2.721428571428571,-3.4376660929061496
S2324-G0148,N. Batum,1,-1.2142857142857117,3.714201361107504
S2324-G0148,N. Batum,2,12.014285714285712,3.2051342775764198
S2324-G0148,N. Batum,3,0.0,-6.2055115187876995
S2324-G0148,P. Beverley,1,-8.0,-3.189853915477251
S2324-G0148,P. Beverley,3,10.7,5.038958716500721
S2324-G0148,P. Reed,2,4.308333333333333,-0.20358106212265928
S2324-G0148,R. Rollins,3,-9.03076923076923,-1.7621791004941638
S2324-G0148,T. Harris,1,6.3941558441558435,9.288124160290911
S2324-G0148,T. Harris,2,8.635844155844158,0.617433909366567
S2324-G0148,T. Jones,1,4.699999999999999,-1.9662529922739864
S2324-G0148,T. Jones,2,-16.96060606060606,-5.225776427673283
S2324-G0148,T. Jones,3,14.96060606060606,11.601124406247848
S2324-G0148,T. Maxey,1,2.439285714285713,1.941368284581553
S2324-G0148,T. Maxey,2,-7.3583333333333325,1.816454707406509
S2324-G0148,T. Maxey,3,-2.293939393939393,8.002011682562907
S2324-G0156,A. Gordon,1,-3.359973359973358,-0.24112074834572036
S2324-G0156,A. Gordon,2,-1.3547452547452554,1.0009953567292846
S2324-G0156,A. Gordon,3,6.7044155844155835,1.0820168163177377
S2324-G0156,B. Ingram,1,-0.30952380952380665,8.020700398711769
S2324-G0156,B. Ingram,2,1.9910256410256366,3.171943379300999
S2324-G0156,B. Ingram,3,2.19786324786325,2.3875479304848315
S2324-G0156,C. Braun,1,0.8357142857142863,-1.3170776394605512
S2324-G0156,C. Braun,2,2.564285714285714,-0.205358100158054
S2324-G0156,C. Braun,3,0.8333333333333335,-2.9579746820656907
S2324-G0156,C. Gillespie,1,-8.461904761904762,-3.8455899331441676
S2324-G0156,C. Gillespie,3,8.5,3.1523662460753865
S2324-G0156,D. Daniels,1,-9.697619047619046,-2.1591457632390014
S2324-G0156,D. Daniels,2,11.66125541125541,6.005010788615167
S2324-G0156,H. Jones,1,-4.266666666666667,-5.345911957447029
S2324-G0156,H. Jones,2,4.195238095238095,-2.1746938060817063
S2324-G0156,H. Jones,3,-6.503571428571428,-3.861393578802522
S2324-G0156,J. Hawkins,1,-19.0875,1.134891038546691
S2324-G0156,J. Hawkins,2,14.720833333333335,17.080129783502944
S2324-G0156,J. Hawkins,3,-7.160392156862748,3.099035707816726
S2324-G0156,J. Strawther,2,-14.611942959001777,8.241292083938976
S2324-G0156,J. Valanciunas,1,17.793333333333333,5.0804040792012595
S2324-G0156,J. Valanciunas,2,-2.4333333333333336,-15.950750563418486
S2324-G0156,J. Valanciunas,3,2.3000000000000003,-5.613188778814277
S2324-G0156,K. Caldwell-Pope,1,-3.2444444444444445,-4.014017908169653
S2324-G0156,K. Caldwell-Pope,2,-7.553333333333333,0.5383935620802338
S2324-G0156,K. Caldwell-Pope,3,4.589047619047619,9.278514127969467
S2324-G0156,K. Lewis Jr.,1,1.9999999999999996,-2.446504624202314
S2324-G0156,L. Nance Jr.,1,-3.0000000000000004,-3.7850840455687553
S2324-G0156,L. Nance Jr.,2,0.916666666666667,0.5526921336361021
S2324-G0156,L. Nance Jr.,3,4.425,-2.1763199211461934
S2324-G0156,M. Porter Jr.,1,12.30995670995671,9.346575911962818
S2324-G0156,M. Porter Jr.,2,-5.752525252525251,0.6869931222137946
S2324-G0156,M. Porter Jr.,3,8.055555555555554,3.878746486529351
S2324-G0156,M. Ryan,1,1.2892857142857146,6.439165340053357
S2324-G0156,M. Ryan,2,7.620238095238095,5.261054166059087
S2324-G0156,M. Ryan,3,6.338095238095237,-0.7591683428330697
S2324-G0156,N. Jokic,1,16.04583333333333,22.438024430350026
S2324-G0156,N. Jokic,2,5.22878787878788,4.692982735743632
S2324-G0156,N. Jokic,3,1.048701298701296,1.8214285311243268
S2324-G0156,P. Watson,1,-2.4333333333333327,-6.020780834898836
S2324-G0156,P. Watson,2,-6.233333333333334,-2.589797798688385
S2324-G0156,P. Watson,3,8.6,1.5718840755036612
S2324-G0156,R. Jackson,1,-4.258333333333333,-3.3219069260870713
S2324-G0156,R. Jackson,2,-0.9450000000000003,1.6811296356349643
S2324-G0156,R. Jackson,3,7.57,2.3257232234551544
S2324-G0156,Z. Nnaji,2,0.18999999999999995,-6.349539159436026
S2324-G0156,Z. Williamson,1,-10.693333333333332,-3.951467602378409
S2324-G0156,Z. Williamson,2,-13.823931623931625,5.108368718961659
S2324-G0156,Z. Williamson,3,7.376709401709402,14.937526890762436
S2324-G0157,B. Coulibaly,2,5.25,-1.9227019718610143
S2324-G0157,B. Coulibaly,3,-7.6,-6.844834807601567
S2324-G0157,B. McGowens,1,0.0,-6.020780834898836
S2324-G0157,B. McGowens,2,-2.2666666666666666,-5.405160665421915
S2324-G0157,B. McGowens,3,2.033333333333333,-3.9384580082121246
S2324-G0157,B. Miller,1,5.694999999999999,1.8742530519525153
S2324-G0157,B. Miller,2,-2.1499999999999995,-2.2085384278245215
S2324-G0157,B. Miller,3,-2.3550000000000004,1.83989258363396
S2324-G0157,C. Kispert,1,8.947619047619046,0.7507276573338424
S2324-G0157,C. Kispert,2,-5.300000000000001,-5.560222610023104
S2324-G0157,C. Kispert,3,-13.292063492063491,-1.1172564922307218
S2324-G0157,D. Avdija,1,-6.545,-4.863943687161574
S2324-G0157,D. Avdija,2,-3.41,1.7874041281207145
S2324-G0157,D. Avdija,3,3.3133333333333344,1.8829009687328657
S2324-G0157,D. Gafford,1,5.519047619047619,-2.3465701188136916
S2324-G0157,D. Gafford,2,-6.763333333333334,-7.96561330868649
S2324-G0157,D. Gallinari,1,-22.36785714285714,-3.935329419550433
S2324-G0157,D. Gallinari,2,15.012857142857142,12.282694771200426
S2324-G0157,D. Wright,1,2.9333333333333327,0.26507644931807905
S2324-G0157,D. Wright,2,-6.199999999999998,-1.0432058817926007
S2324-G0157,D. Wright,3,2.799999999999999,3.7910970238162536
S2324-G0157,G. Hayward,1,-2.5845238095238106,1.3205328361935065
S2324-G0157,G. Hayward,2,-3.8237012987012964,1.813046370213984
S2324-G0157,G. Hayward,3,12.66655844155844,4.881741306637965
S2324-G0157,I. Smith,2,-0.1785714285714286,-6.302826645870999
S2324-G0157,J. Poole,1,7.417748917748916,2.611735644250958
S2324-G0157,J. Poole,2,-12.075641025641026,-4.120717570246529
S2324-G0157,J. Thor,1,0.0,-3.1865045176635807
S2324-G0157,J. Thor,2,0.0,-3.2186432196242887
S2324-G0157,J. Thor,3,2.2357142857142858,-3.327144578431679
S2324-G0157,K. Kuzma,1,6.350396825396828,15.380186136108629
S2324-G0157,K. Kuzma,2,13.005303030303029,9.752161306146627
S2324-G0157,K. Kuzma,3,-11.548484848484847,-2.922055844799073
S2324-G0157,L. Ball,1,14.125133689839572,16.186494365404503
S2324-G0157,L. Ball,2,-6.253921568627451,-6.01861327107871
S2324-G0157,L. Ball,3,7.366666666666667,8.190787614442282
S2324-G0157,L. Shamet,2,-3.4370129870129897,4.873001324033773
S2324-G0157,L. Shamet,3,12.730952380952381,1.7737120889272961
S2324-G0157,M. Williams,1,6.805555555555556,-0.6942960154777428
S2324-G0157,M. Williams,2,-13.069444444444443,-5.042491352938766
S2324-G0157,N. Richards,1,7.826190476190477,1.311184523725514
S2324-G0157,N. Richards,2,-2.0619047619047617,-4.728362670950172
S2324-G0157,N. Richards,3,-2.483333333333333,-4.927190400635805
S2324-G0157,P. Washington,1,-5.171794871794872,-2.8435888476601856
S2324-G0157,P. Washington,2,7.771794871794872,0.06158788975466272
S2324-G0157,P. Washington,3,-11.658333333333335,-4.069556198488896
S2324-G0157,T. Jones,1,9.033333333333331,-0.911280173068745
S2324-G0157,T. Jones,2,-6.908333333333333,-7.519619265188545
S2324-G0157,T. Maledon,1,2.4444444444444446,-0.25121894776745257
S2324-G0157,T. Maledon,2,-0.3611111111111116,-0.3217641264138645
S2324-G0157,T. Maledon,3,-5.083333333333334,-2.60463247852647
S2324-G0159,A. Horford,1,-5.25,-3.7850840455687553
S2324-G0159,A. Horford,2,0.45952380952380967,1.9700255569509504
S2324-G0159,A. Horford,3,7.09047619047619,0.43863713914309616
S2324-G0159,D. Melton,1,-0.6933333333333334,-3.050483442326579
S2324-G0159,D. Melton,2,0.5857142857142854,-1.894000100188994
S2324-G0159,D. Melton,3,4.777922077922078,0.55805610586484
S2324-G0159,D. White,1,12.01064491064491,5.532864482791529
S2324-G0159,D. White,2,-13.263636363636362,-7.074843110684086
S2324-G0159,D. White,3,4.296969696969697,4.376732464317032
S2324-G0159,J. Brown,1,14.352380952380953,6.392572701692634
S2324-G0159,J. Brown,2,-0.1844155844155848,-5.256309613920712
S2324-G0159,J. Brown,3,-8.185281385281385,-2.271797128292515
S2324-G0159,J. Embiid,1,19.58763197586727,13.734289732491158
S2324-G0159,J. Embiid,2,-24.94917043740573,-6.2721672944997175
S2324-G0159,J. Embiid,3,22.640837104072396,16.3856251723196
S2324-G0159,J. Holiday,1,5.035,0.9134627807016066
S2324-G0159,J. Holiday,2,-3.0647619047619052,-2.36041834099593
S2324-G0159,J. Holiday,3,-3.264935064935065,0.6724086179670735
S2324-G0159,J. Tatum,1,1.9098124098124103,3.0642940256752658
S2324-G0159,J. Tatum,2,-3.50981240981241,-2.1801304752001482
S2324-G0159,J. Tatum,3,5.132034632034632,-0.24610916846846262
S2324-G0159,K. Oubre Jr.,1,-7.493809523809524,1.124941593618825
S2324-G0159,K. Oubre Jr.,2,11.89047619047619,6.8967308341748375
S2324-G0159,K. Oubre Jr.,3,3.3,-3.4545574793070988
S2324-G0159,K. Porzingis,1,-8.027272727272724,4.646915988331072
S2324-G0159,K. Porzingis,2,14.752272727272725,8.044946772537712
S2324-G0159,K. Porzingis,3,-15.909415584415584,-2.118779001595174
S2324-G0159,N. Batum,1,-9.577289377289377,-5.866799967113386
S2324-G0159,N. Batum,2,7.3439560439560445,4.98906115519831
S2324-G0159,N. Batum,3,2.3,-4.603793731934867
S2324-G0159,P. Beverley,1,-1.9600000000000004,-4.88008186998955
S2324-G0159,P. Beverley,3,4.266666666666667,-4.536891510816983
S2324-G0159,P. Pritchard,1,-2.2583333333333333,-3.7850840455687553
S2324-G0159,P. Pritchard,2,2.125,-0.9437828015738088
S2324-G0159,P. Pritchard,3,2.433333333333333,-3.389554552007222
S2324-G0159,P. Reed,2,11.101515151515148,4.50601442005705
S2324-G0159,R. Covington,1,-0.06666666666666665,-6.263642031118527
S2324-G0159,R. Covington,2,-7.766666666666666,-4.609984264529787
S2324-G0159,R. Covington,3,1.0690476190476188,1.2180443366576559
S2324-G0159,S. Hauser,1,-14.641666666666666,-2.4860088277118026
S2324-G0159,S. Hauser,2,9.524999999999999,7.841663550836416
S2324-G0159,S. Hauser,3,3.4250000000000007,0.6165338174763144
S2324-G0159,T. Harris,1,2.0216666666666665,2.716478786908582
S2324-G0159,T. Harris,2,1.706666666666667,2.1742672104868537
S2324-G0159,T. Harris,3,-2.3866666666666667,-3.3361074148019227
S2324-G0159,T. Maxey,1,-26.16754385964912,-0.7039675307123212
S2324-G0159,T. Maxey,2,25.814210526315783,20.440673057562602
S2324-G0159,T. Maxey,3,-24.75948717948718,-3.618158531313917
S2324-G0164,B. Adebayo,1,6.522222222222224,5.372382625251685
S2324-G0164,B. Adebayo,2,-6.32666666666667,-3.974045287421184
S2324-G0164,B. Adebayo,3,-10.328888888888887,3.4657465459726433
S2324-G0164,B. Biyombo,1,8.72,-0.3918223367382857
S2324-G0164,B. Biyombo,2,-9.662987012987013,-7.34368908289435
S2324-G0164,B. Biyombo,3,9.737987012987013,3.6035145600752645
S2324-G0164,D. Bane,1,-5.5266666666666655,-3.05806515167779
S2324-G0164,D. Bane,2,-5.008333333333333,1.9013608940126774
S2324-G0164,D. Bane,3,1.879761904761903,6.528304743799604
S2324-G0164,D. Robinson,1,-7.648809523809523,-1.1350836242305542
S2324-G0164,D. Robinson,2,10.723809523809523,4.8462268075747055
S2324-G0164,D. Robinson,3,-2.5833333333333326,-5.175981374673619
S2324-G0164,D. Roddy,2,3.8200000000000007,-1.158818687095187
S2324-G0164,D. Roddy,3,2.533333333333333,-4.258016280917497
S2324-G0164,D. Smith,2,-4.085714285714285,-5.855881305111198
S2324-G0164,D. Smith,3,-0.36666666666666714,-3.337967271714162
S2324-G0164,H. Highsmith,1,7.5654545454545445,0.8518865395631885
S2324-G0164,H. Highsmith,2,-16.523809523809526,-8.675281652617672
S2324-G0164,J. Butler,1,-2.927777777777779,3.0243998108888976
S2324-G0164,J. Butler,2,0.8555555555555543,4.8100226796270436
S2324-G0164,J. Butler,3,12.211111111111112,4.342156385015148
S2324-G0164,J. Gilyard,2,8.366666666666667,2.6370633607032103
S2324-G0164,J. Gilyard,3,2.3,-3.641495430543851
S2324-G0164,J. Jackson Jr.,1,7.541212121212123,5.8437561480836235
S2324-G0164,J. Jackson Jr.,2,-13.748220668220668,-0.8011342165908201
S2324-G0164,J. Jackson Jr.,3,0.7136752136752129,11.217924719214729
S2324-G0164,J. Jaquez Jr.,2,-7.2692307692307665,-1.0620204151630261
S2324-G0164,J. Richardson,1,-4.2250000000000005,-2.4012875551998905
S2324-G0164,J. Richardson,2,-0.22499999999999964,-0.8807160389574198
S2324-G0164,J. Richardson,3,9.2,-0.031711807701270016
S2324-G0164,K. Lofton Jr.,1,-4.171428571428571,-3.792845036862581
S2324-G0164,K. Lowry,1,-1.5,-0.5956608700604639
S2324-G0164,K. Lowry,2,-3.0113636363636367,2.090606659880767
S2324-G0164,K. Lowry,3,-2.0414141414141405,2.8289639903925483
S2324-G0164,L. Kennard,1,15.830555555555556,9.807330951191583
S2324-G0164,L. Kennard,2,0.2869047619047622,-8.552918780025465
S2324-G0164,M. Smart,1,7.789285714285715,4.015623514758584
S2324-G0164,M. Smart,2,7.701190476190478,-5.6738866772830505
S2324-G0164,M. Smart,3,-10.87922077922078,-6.503397581316342
S2324-G0164,S. Aldama,1,9.561904761904762,-1.0239399135586682
S2324-G0164,S. Aldama,2,-15.695238095238096,-4.430057805468206
S2324-G0164,S. Aldama,3,-3.944444444444443,6.846120994568267
S2324-G0164,T. Bryant,1,1.505555555555555,-1.8586361264977973
S2324-G0164,T. Bryant,2,0.5444444444444447,-2.0909946893732685
S2324-G0164,Z. Williams,1,-2.2749999999999995,-2.979167954910082
S2324-G0164,Z. Williams,2,-1.8916666666666657,0.8737493977303533
S2324-G0164,Z. Williams,3,6.366666666666665,1.7142971251997092
S2324-G0169,A. Gordon,1,-0.9133333333333304,4.9465577711611886
S2324-G0169,A. Gordon,2,7.795238095238092,6.74583423003525
S2324-G0169,A. Gordon,3,3.4917748917748925,-0.5697846560806694
S2324-G0169,A. Wiggins,1,1.904761904761905,-1.3188359944456753
S2324-G0169,A. Wiggins,2,-14.299999999999999,-1.6488162714880394
S2324-G0169,A. Wiggins,3,8.096969696969696,9.558090535834706
S2324-G0169,B. Podziemski,1,-0.9666666666666668,-1.496561547296644
S2324-G0169,B. Podziemski,2,6.583333333333334,1.5439502289394595
S2324-G0169,B. Podziemski,3,0.1499999999999999,-5.651497374036291
S2324-G0169,C. Braun,1,-1.8642857142857148,-2.6613406138227904
S2324-G0169,C. Braun,2,3.1142857142857143,0.39062892241729624
S2324-G0169,C. Braun,3,2.3285714285714287,-3.641495430543851
S2324-G0169,C. Gillespie,2,3.0000000000000004,-1.6913023938437353
S2324-G0169,C. Paul,1,-4.188888888888888,-3.6391313260220493
S2324-G0169,C. Paul,2,-2.6111111111111116,-0.594156516206022
S2324-G0169,C. Paul,3,-5.09047619047619,1.6546956293741486
S2324-G0169,D. Saric,1,4.4,-2.0553045850097345
S2324-G0169,D. Saric,2,-2.1249999999999996,-6.261851714422225
S2324-G0169,D. Saric,3,2.0249999999999995,-1.9382752260649285
S2324-G0169,J. Kuminga,1,-1.8166666666666664,-2.1280941830644617
S2324-G0169,J. Kuminga,2,-2.583333333333334,0.019078659474398362
S2324-G0169,J. Kuminga,3,-8.36785714285714,2.702373931657556
S2324-G0169,J. Strawther,1,2.2,-3.750933716958999
S2324-G0169,J. Strawther,2,0.033333333333333326,-4.527274039148147
S2324-G0169,K. Caldwell-Pope,1,-2.3285714285714287,-6.302826645870999
S2324-G0169,K. Caldwell-Pope,2,-12.086666666666666,-3.8605153551449245
S2324-G0169,K. Caldwell-Pope,3,2.261666666666665,6.566560492423418
S2324-G0169,K. Looney,1,8.589285714285714,0.7087789560832732
S2324-G0169,K. Looney,2,-3.228030303030303,-4.973110084162064
S2324-G0169,K. Looney,3,0.06303030303030255,-2.1533400329844534
S2324-G0169,K. Thompson,1,1.5044444444444451,2.5537157040911658
S2324-G0169,K. Thompson,2,0.7966666666666669,0.6258612402634466
S2324-G0169,K. Thompson,3,4.42,1.8463549224746765
S2324-G0169,M. Moody,1,5.4523809523809526,3.364047832748725
S2324-G0169,M. Moody,2,1.2142857142857144,0.4641343044322431
S2324-G0169,M. Moody,3,3.2285714285714286,-1.6590109484064826
S2324-G0169,M. Porter Jr.,1,12.717748917748917,10.474912025472447
S2324-G0169,M. Porter Jr.,2,4.270238095238095,-1.4963239360009244
S2324-G0169,M. Porter Jr.,3,-7.278030303030303,-3.837784605544113
S2324-G0169,N. Jokic,1,-1.3848076923076924,9.46690103869176
S2324-G0169,N. Jokic,2,-4.677777777777777,5.945392639578255
S2324-G0169,N. Jokic,3,17.15897435897436,14.016796555662602
S2324-G0169,P. Watson,2,-6.6,-5.8708714226275225
S2324-G0169,R. Jackson,1,-17.836363636363636,-0.1361606363940902
S2324-G0169,R. Jackson,2,23.06969696969697,14.249400200665404
S2324-G0169,R. Jackson,3,-21.513675213675214,-3.6348552513432812
S2324-G0169,S. Curry,1,-15.848571428571429,-3.720080607736887
S2324-G0169,S. Curry,2,6.461904761904762,8.947641988402513
S2324-G0169,S. Curry,3,-9.124908424908426,0.04141204930327997
S2324-G0169,T. Jackson-Davis,1,-2.85,-3.268594955741503
S2324-G0169,T. Jackson-Davis,2,-1.166666666666666,-0.37019357637240746
S2324-G0169,T. Jackson-Davis,3,5.461904761904762,-0.33332724946246095
S2324-G0169,Z. Nnaji,1,2.4833333333333334,-3.268594955741503
S2324-G0171,A. Nembhard,2,1.397619047619047,-1.8281771499966029
S2324-G0171,A. Nembhard,3,-4.383333333333334,-2.631742309268204
S2324-G0171,A. Nesmith,1,10.658585858585859,3.8663061008328796
S2324-G0171,A. Nesmith,2,2.1777777777777776,-3.8484456207573228
S2324-G0171,A. Nesmith,3,0.09999999999999998,-6.887465814898226
S2324-G0171,B. Brown,1,11.001853146853145,1.3663932852479324
S2324-G0171,B. Brown,2,-7.57090909090909,-8.416073741842286
S2324-G0171,B. Brown,3,3.5963636363636358,-1.8804074724704336
S2324-G0171,B. Hield,1,-2.2666666666666657,-2.2878638303065615
S2324-G0171,B. Hield,2,-17.18888888888889,0.15531333883692927
S2324-G0171,B. Hield,3,16.50888888888889,14.713707175916479
S2324-G0171,B. Lopez,1,4.556666666666667,-3.050483442326579
S2324-G0171,B. Lopez,2,-4.245238095238095,-5.829849732469774
S2324-G0171,B. Lopez,3,4.328571428571429,0.7883118850715604
S2324-G0171,B. Mathurin,1,-6.647222222222222,3.417542863788616
S2324-G0171,B. Mathurin,2,15.158333333333333,10.504909547173808
S2324-G0171,B. Mathurin,3,-17.78034188034188,-4.205250549009022
S2324-G0171,B. Portis,1,1.1133333333333333,1.0247591992355607
S2324-G0171,B. Portis,2,-4.611111111111111,-2.4657922031126893
S2324-G0171,B. Portis,3,-0.0919191919191924,2.844898870370091
S2324-G0171,C. Payne,1,0.25,-3.935329419550433
S2324-G0171,C. Payne,2,-10.2260989010989,-2.173345381744898
S2324-G0171,C. Payne,3,10.345543345543346,4.486055766364297
S2324-G0171,G. Antetokounmpo,1,-14.68976608187134,8.572613530886906
S2324-G0171,G. Antetokounmpo,2,-2.159122807017546,16.55480702385246
S2324-G0171,G. Antetokounmpo,3,14.42862745098039,18.64886501841123
S2324-G0171,I. Jackson,1,6.6866666666666665,-1.3945381658942837
S2324-G0171,I. Jackson,3,-0.8666666666666665,-7.151035329562129
S2324-G0171,J. Crowder,1,4.246428571428571,-2.4856892389547847
S2324-G0171,J. Crowder,2,-5.341666666666667,-5.17597444164344
S2324-G0171,J. Crowder,3,5.366666666666667,-2.6021142781440116
S2324-G0171,K. Middleton,1,-15.247619047619049,-0.1361606363940902
S2324-G0171,K. Middleton,2,20.880952380952383,12.132132447045608
S2324-G0171,K. Middleton,3,-14.443956043956044,-5.9835271920675845
S2324-G0171,M. Beasley,1,2.0694444444444446,-1.7116489080389872
S2324-G0171,M. Beasley,2,2.334126984126984,-3.496744537161872
S2324-G0171,M. Beasley,3,-20.3982683982684,-4.803813659074255
S2324-G0171,M. Beauchamp,1,-7.308333333333334,-3.6391313260220493
S2324-G0171,M. Beauchamp,2,7.308333333333334,2.7256285758450427
S2324-G0171,M. Turner,1,-6.424675324675324,4.50601442005705
S2324-G0171,M. Turner,2,9.831493506493505,8.798173395734818
S2324-G0171,M. Turner,3,2.8792207792207787,-0.3768310643289285
S2324-G0171,O. Toppin,1,9.846666666666666,2.0156821988894054
S2324-G0171,O. Toppin,2,2.1,-4.923686871886131
S2324-G0171,O. Toppin,3,0.033333333333333326,-5.504254569999143
S2324-G0171,P. Connaughton,1,10.761904761904761,4.642459811491862
S2324-G0171,P. Connaughton,2,-0.09523809523809534,-3.7766426748268818
S2324-G0171,P. Connaughton,3,-1.8888888888888888,-4.469957813514143
S2324-G0171,T. Haliburton,1,-0.9166833166833186,4.752886319419264
S2324-G0171,T. Haliburton,2,3.9967338217338213,4.722996757815011
S2324-G0171,T. Haliburton,3,-8.422008547008547,-0.7351816235475501
S2324-G0175,B. Adebayo,1,8.614285714285716,9.28777765221272
S2324-G0175,B. Adebayo,2,6.293333333333332,-1.020567021355199
S2324-G0175,B. Adebayo,3,-6.201666666666667,-4.83921178516491
S2324-G0175,B. Bogdanovic,1,7.601904761904761,2.894365943864664
S2324-G0175,B. Bogdanovic,2,-3.0285714285714285,-3.169093854508086
S2324-G0175,B. Bogdanovic,3,-12.924999999999999,0.5383935620802338
S2324-G0175,C. Capela,1,-4.297619047619047,-2.163140392284071
S2324-G0175,C. Capela,2,10.885714285714286,-0.5796528940094745
S2324-G0175,C. Capela,3,-4.369047619047619,-8.436755066612475
S2324-G0175,D. Hunter,1,15.242307692307694,4.721475773492832
S2324-G0175,D. Hunter,2,-4.355844155844156,-9.32542507111503
S2324-G0175,D. Hunter,3,-2.250822510822511,-3.6024738235234826
S2324-G0175,D. Murray,1,3.493333333333334,3.0332472338343948
S2324-G0175,D. Murray,2,-19.908039215686273,2.634139487067879
S2324-G0175,D. Murray,3,25.82470588235294,17.00032487212665
S2324-G0175,D. Robinson,1,-0.680844155844154,1.5211047553892554
S2324-G0175,D. Robinson,2,3.928571428571427,3.401117618728196
S2324-G0175,D. Robinson,3,-7.919393939393938,0.22530873592977127
S2324-G0175,D. Smith,1,-13.26969696969697,-5.866799967113386
S2324-G0175,D. Smith,2,8.969696969696969,6.4228651090037205
S2324-G0175,D. Smith,3,-5.660606060606059,-2.239083856503338
S2324-G0175,H. Highsmith,1,-2.3132034632034646,-0.7653670799415934
S2324-G0175,H. Highsmith,2,2.2136363636363647,-1.4858374575820357
S2324-G0175,H. Highsmith,3,-3.6053030303030305,-2.6959052908455576
S2324-G0175,J. Jaquez Jr.,1,-8.313386613386616,2.945168578970855
S2324-G0175,J. Jaquez Jr.,2,6.202564102564104,8.506098304120226
S2324-G0175,J. Jaquez Jr.,3,15.316666666666666,3.169455731627076
S2324-G0175,J. Johnson,1,-9.65238095238095,-1.799494238301767
S2324-G0175,J. Johnson,2,13.966666666666665,6.6978557986093445
S2324-G0175,J. Johnson,3,-0.20000000000000018,-4.623743522624094
S2324-G0175,J. Richardson,1,10.6,3.625832101372555
S2324-G0175,J. Richardson,2,-13.899999999999999,-5.125010033344183
S2324-G0175,J. Richardson,3,6.2333333333333325,4.4201333806331835
S2324-G0175,K. Love,1,4.975,0.9134627807016066
S2324-G0175,K. Love,2,2.5,-2.5061788583625857
S2324-G0175,K. Lowry,1,10.315000000000001,5.281126781125312
S2324-G0175,K. Lowry,2,-8.36730769230769,-4.570684279930036
S2324-G0175,K. Lowry,3,9.725641025641025,5.353757856197244
S2324-G0175,O. Okongwu,1,0.16666666666666652,-3.7850840455687553
S2324-G0175,O. Okongwu,2,2.1333333333333333,-2.8270559847381325
S2324-G0175,O. Okongwu,3,-4.733333333333334,-4.935808933413431
S2324-G0175,S. Bey,1,-1.9432142857142871,2.305928786236923
S2324-G0175,S. Bey,2,7.243214285714287,1.9221127440655223
S2324-G0175,S. Bey,3,2.364285714285714,-5.9268129702939865
S2324-G0175,T. Young,1,-1.0630036630036628,0.536497291293199
S2324-G0175,T. Young,2,-8.862637362637365,1.1361166599185857
S2324-G0175,T. Young,3,-10.45902920608803,5.919588814148051
S2324-G0175,W. Matthews,1,-11.583333333333334,-4.473571264467798
S2324-G0175,W. Matthews,3,11.833333333333334,3.7129238899984744
S2324-G0179,B. Biyombo,1,-6.32,-4.5824698821863
S2324-G0179,B. Biyombo,2,-5.533333333333333,-0.06378876526768036
S2324-G0179,B. Biyombo,3,12.073333333333334,4.460530042680581
S2324-G0179,D. Bane,1,1.2945593622064209,2.9030451366698555
S2324-G0179,D. Bane,2,-5.638186813186813,-0.534608747928544
S2324-G0179,D. Bane,3,0.407692307692308,5.569667788826678
S2324-G0179,D. Roddy,2,4.723333333333334,1.1956722286939208
S2324-G0179,D. Roddy,3,-6.678787878787879,-4.0589153784999
S2324-G0179,I. Zubac,1,0.41125541125541165,-4.340881709002344
S2324-G0179,I. Zubac,2,-8.825541125541125,-4.29963336546908
S2324-G0179,I. Zubac,3,10.928571428571427,1.31712102159109
S2324-G0179,J. Gilyard,1,6.086111111111112,1.2665689199940555
S2324-G0179,J. Gilyard,2,4.625,-4.7241838594272005
S2324-G0179,J. Gilyard,3,-4.604761904761904,-6.520453443319421
S2324-G0179,J. Harden,1,15.9,4.873179403688928
S2324-G0179,J. Harden,2,-6.815384615384614,-9.040642771804581
S2324-G0179,J. Harden,3,-1.0227106227106226,1.1515736982410165
S2324-G0179,J. Jackson Jr.,1,0.5587301587301585,0.19273970590726489
S2324-G0179,J. Jackson Jr.,2,-5.275,-5.063384775825222
S2324-G0179,J. Jackson Jr.,3,0.9375,3.442801145859723
S2324-G0179,K. Leonard,1,16.420238095238098,6.221435461217781
S2324-G0179,K. Leonard,2,-17.50595238095238,-6.731605218005188
S2324-G0179,K. Leonard,3,14.055952380952382,7.485034278466206
S2324-G0179,L. Kennard,1,2.9749999999999996,3.5689712273315886
S2324-G0179,L. Kennard,2,2.325000000000001,2.0016638345730273
S2324-G0179,L. Kennard,3,4.3545454545454545,-1.7343165550554016
S2324-G0179,M. Diabate,1,6.666666666666667,-2.1298574531104255
S2324-G0179,M. Diabate,2,0.0,-6.65139129536796
S2324-G0179,M. Smart,1,1.6242857142857137,3.150151359976229
S2324-G0179,M. Smart,2,1.2763247863247873,1.9994761646835486
S2324-G0179,M. Smart,3,-0.6063247863247874,3.078987805139255
S2324-G0179,N. Powell,1,3.039999999999999,0.9755908534270648
S2324-G0179,N. Powell,2,-7.277289377289376,-3.7239127521191597
S2324-G0179,N. Powell,3,-13.969932844932845,3.51451310287134
S2324-G0179,P. George,1,-30.48333333333333,-4.975758216777634
S2324-G0179,P. George,2,25.257878787878784,14.192946382078315
S2324-G0179,P. George,3,-12.827878787878788,-4.099895258207853
S2324-G0179,P. Tucker,1,-2.935714285714285,-3.572714579636438
S2324-G0179,R. Westbrook,1,-2.2856803327391546,1.29065335057365
S2324-G0179,R. Westbrook,2,7.2825057295645514,4.278738460443082
S2324-G0179,R. Westbrook,3,-2.010714285714286,-7.6218730564857715
S2324-G0179,S. Aldama,1,3.166666666666666,2.983596519105054
S2324-G0179,S. Aldama,2,6.566666666666666,-3.0241906881116423
S2324-G0179,S. Aldama,3,-1.9999999999999996,-5.208719815889348
S2324-G0179,T. Mann,2,0.8500000000000005,-1.297456001487052
S2324-G0179,T. Mann,3,-2.242857142857143,-2.6052719225368297
S2324-G0179,Z. Williams,1,-9.325,-6.263642031118527
S2324-G0185,A. Wiggins,2,11.333333333333332,0.9207666570220633
S2324-G0185,B. Beal,1,-0.4555555555555557,4.297181025067748
S2324-G0185,B. Beal,2,6.808888888888889,4.694859418926922
S2324-G0185,B. Beal,3,-4.190833333333334,-7.726696257657877
S2324-G0185,C. Holmgren,1,14.984415584415583,4.424557621052714
S2324-G0185,C. Holmgren,2,-8.799999999999999,-7.946559192794177
S2324-G0185,C. Holmgren,3,-8.492307692307694,0.5252534302690307
S2324-G0185,C. Wallace,2,2.2555555555555555,-4.692593840432595
S2324-G0185,D. Eubanks,1,11.089999999999998,6.386137012348179
S2324-G0185,D. Eubanks,2,-9.771428571428572,-3.594123182977967
S2324-G0185,D. Eubanks,3,11.651428571428571,5.327845300061133
S2324-G0185,G. Allen,1,-7.466666666666667,-3.1230577099109857
S2324-G0185,G. Allen,2,7.3533333333333335,2.5922030786073207
S2324-G0185,G. Allen,3,0.4082051282051289,-0.7927904931151345
S2324-G0185,I. Joe,1,4.6,-2.5209848466130893
S2324-G0185,I. Joe,2,-5.300000000000001,-5.580135647116711
S2324-G0185,I. Joe,3,5.300000000000001,-2.633390439920802
S2324-G0185,J. Giddey,1,-8.966666666666665,-1.1669050649002708
S2324-G0185,J. Giddey,2,4.6412698412698425,6.686449485537976
S2324-G0185,J. Giddey,3,6.355699855699854,2.6724884269461584
S2324-G0185,J. Goodwin,1,9.64,3.1565989458388892
S2324-G0185,J. Goodwin,2,-10.56969696969697,-5.31694683268063
S2324-G0185,J. Goodwin,3,6.036363636363637,2.063255899472519
S2324-G0185,J. Nurkic,1,0.5047619047619047,-1.955086899992498
S2324-G0185,J. Nurkic,2,-3.071428571428571,-1.156812400548328
S2324-G0185,J. Nurkic,3,7.726666666666667,1.1673886146153796
S2324-G0185,J. Okogie,1,4.779999999999999,0.9997881613387853
S2324-G0185,J. Okogie,2,1.7000000000000002,-4.527749929301751
S2324-G0185,J. Okogie,3,2.3333333333333335,-3.674769240096087
S2324-G0185,J. Williams,1,-12.657692307692308,4.660172771940217
S2324-G0185,J. Williams,2,16.53030303030303,11.408389984290965
S2324-G0185,J. Williams,3,-6.873160173160173,-1.454760327684067
S2324-G0185,K. Bates-Diop,1,-12.733333333333334,-2.7531189236919604
S2324-G0185,K. Bates-Diop,2,12.875000000000002,7.29895156535909
S2324-G0185,K. Bates-Diop,3,-4.608333333333334,-3.8982387397862595
S2324-G0185,K. Durant,1,5.1055555555555525,6.514236770727564
S2324-G0185,K. Durant,2,-6.233333333333336,0.619130400407411
S2324-G0185,K. Durant,3,-7.848538011695904,6.387114279450942
S2324-G0185,L. Dort,1,-2.5999999999999996,1.2196068973461984
S2324-G0185,L. Dort,2,-0.008333333333334636,-0.7365115207627353
S2324-G0185,L. Dort,3,10.25,-0.4444633084488261
S2324-G0185,O. Dieng,1,-2.2333333333333334,-5.8708714226275225
S2324-G0185,S. Gilgeous-Alexander,1,12.966666666666669,13.114769642131662
S2324-G0185,S. Gilgeous-Alexander,2,-9.93904761904762,-3.9883951101821955
S2324-G0185,S. Gilgeous-Alexander,3,-0.27047619047619165,8.28979944203901
S2324-G0185,Y. Watanabe,1,5.366666666666667,-1.5559544375242054
S2324-G0185,Y. Watanabe,2,-5.3,-4.039978642290701
S2324-G0185,Y. Watanabe,3,5.2333333333333325,-0.6374971589721388
S2324-G0193,B. Bogdanovic,1,-5.017307692307693,4.713428150843702
S2324-G0193,B. Bogdanovic,2,3.8923076923076927,9.68099238286155
S2324-G0193,B. Bogdanovic,3,1.375,4.124749848539186
S2324-G0193,C. Capela,1,10.933333333333332,0.7689290332191179
S2324-G0193,C. Capela,2,-8.77,-7.551293244538183
S2324-G0193,C. Capela,3,8.803333333333333,2.0188035264781656
S2324-G0193,D. DiVincenzo,1,-11.061111111111112,-1.817721631411708
S2324-G0193,D. DiVincenzo,2,13.244444444444445,7.945166800450647
S2324-G0193,D. DiVincenzo,3,0.06111111111111134,-5.900307414057644
S2324-G0193,D. Hunter,1,-1.9047619047619047,-3.879740261753924
S2324-G0193,D. Hunter,2,-7.995238095238095,-1.778826347278011
S2324-G0193,D. Hunter,3,10.033333333333333,4.750526055574331
S2324-G0193,D. Murray,1,6.699999999999999,-1.5174584919425114
S2324-G0193,D. Murray,2,-6.705555555555556,-6.261851714422225
S2324-G0193,D. Murray,3,-11.612301587301586,0.3849123878681134
S2324-G0193,I. Hartenstein,1,-2.0950000000000006,0.8387345672160162
S2324-G0193,I. Hartenstein,2,1.286666666666667,2.1874185181967034
S2324-G0193,I. Hartenstein,3,7.333333333333333,2.238119284941435
S2324-G0193,I. Quickley,1,-16.213333333333335,-3.7850840455687553
S2324-G0193,I. Quickley,2,13.255000000000003,10.710732679900685
S2324-G0193,I. Quickley,3,-14.068333333333335,-0.9917044135590206
S2324-G0193,J. Brunson,1,10.380303030303029,6.283282926631119
S2324-G0193,J. Brunson,2,-10.657575757575756,-1.7119182682015992
S2324-G0193,J. Brunson,3,-8.609235209235212,5.156830122122976
S2324-G0193,J. Hart,1,3.7384199134199143,0.24095776680559997
S2324-G0193,J. Hart,2,5.271428571428572,-3.62135915783665
S2324-G0193,J. Hart,3,-6.326666666666668,-4.784497827309042
S2324-G0193,J. Johnson,1,-7.616666666666665,0.7695028136952415
S2324-G0193,J. Johnson,2,9.549999999999999,5.196587359644334
S2324-G0193,J. Johnson,3,3.477777777777778,-0.44207700988197685
S2324-G0193,J. Randle,1,32.885,26.659776831383432
S2324-G0193,J. Randle,2,-8.268730158730158,-5.242372492896875
S2324-G0193,J. Randle,3,0.5887301587301579,6.232529737582797
S2324-G0193,M. Robinson,1,-8.476190476190476,-6.052878541302038
S2324-G0193,M. Robinson,2,4.306060606060606,-2.9627664889408774
S2324-G0193,M. Robinson,3,4.347272727272728,-2.4593057440572137
S2324-G0193,O. Okongwu,1,0.15666666666666718,-1.7783172833221403
S2324-G0193,O. Okongwu,2,-0.18484848484848548,-3.185865420434151
S2324-G0193,O. Okongwu,3,0.11272727272727323,-1.3173875299867333
S2324-G0193,Q. Grimes,1,7.347619047619046,1.5163613098723896
S2324-G0193,Q. Grimes,2,-13.006666666666666,-2.792926253577842
S2324-G0193,Q. Grimes,3,15.273333333333333,10.364595938235817
S2324-G0193,S. Bey,1,-16.2,-0.20720401743311978
S2324-G0193,S. Bey,2,13.316666666666666,13.287406233514238
S2324-G0193,T. Young,1,-3.138461538461538,-1.9818831111354314
S2324-G0193,T. Young,2,0.8445221445221449,-1.3752647539973297
S2324-G0193,T. Young,3,-8.302397602397603,-2.06831168762291
S2324-G0193,W. Matthews,1,-5.300000000000001,-5.866799967113386
S2324-G0193,W. Matthews,3,5.233333333333333,0.17155165503346617
S2324-G0197,A. Edwards,1,-13.950000000000001,0.4580495010805169
S2324-G0197,A. Edwards,2,18.26666666666667,10.017520593537924
S2324-G0197,A. Edwards,3,0.36666666666666625,-4.063577430785445
S2324-G0197,D. Booker,1,8.674999999999997,13.928144724660225
S2324-G0197,D. Booker,2,-1.196978021978019,3.838538729867242
S2324-G0197,D. Booker,3,3.167619047619045,3.1195813224706743
S2324-G0197,D. Eubanks,1,-31.444444444444443,-5.866799967113386
S2324-G0197,D. Eubanks,2,28.96111111111111,22.18489100105417
S2324-G0197,D. Eubanks,3,2.4833333333333334,-5.266581384160425
S2324-G0197,E. Gordon,1,8.6,1.501041573294288
S2324-G0197,E. Gordon,2,-8.383333333333335,-5.361528189881887
S2324-G0197,E. Gordon,3,-1.1880952380952365,3.1116398299782695
S2324-G0197,G. Allen,1,2.8249999999999993,2.716478786908582
S2324-G0197,G. Allen,2,2.5500000000000007,0.32125289605374496
S2324-G0197,G. Allen,3,3.333333333333333,2.4261259423936474
S2324-G0197,J. Goodwin,2,5.336904761904762,-2.1993289228609214
S2324-G0197,J. McDaniels,1,2.249999999999999,-1.8940472208497718
S2324-G0197,J. McDaniels,2,-9.944444444444445,-3.046886087993588
S2324-G0197,J. McDaniels,3,3.411111111111113,6.381629767592968
S2324-G0197,J. Nurkic,1,0.09523809523809534,-6.247498722282295
S2324-G0197,J. Nurkic,2,-7.778571428571429,-6.935866220856433
S2324-G0197,J. Nurkic,3,5.3500000000000005,1.41095570431964
S2324-G0197,J. Okogie,1,6.366666666666666,3.5687642483976822
S2324-G0197,J. Okogie,2,1.0,-2.633390439920802
S2324-G0197,J. Okogie,3,1.9666666666666668,-2.320079202314294
S2324-G0197,K. Anderson,1,-4.288888888888888,-5.866799967113386
S2324-G0197,K. Anderson,2,-4.611111111111111,-0.3881212218815471
S2324-G0197,K. Anderson,3,4.516666666666666,0.9054529584432875
S2324-G0197,K. Bates-Diop,1,-4.1000000000000005,-5.014756373101497
S2324-G0197,K. Bates-Diop,2,4.300000000000001,-0.46516398388323815
S2324-G0197,K. Durant,1,-12.39155844155844,1.8032837908211679
S2324-G0197,K. Durant,2,1.0857142857142854,9.16535884091708
S2324-G0197,K. Durant,3,15.389177489177488,8.519031920308866
S2324-G0197,K. Towns,1,25.674242424242422,16.906941922738635
S2324-G0197,K. Towns,2,-21.614285714285714,-13.909358209455684
S2324-G0197,K. Towns,3,22.847619047619048,11.559810599723807
S2324-G0197,M. Conley,1,-12.33888888888889,-3.3219069260870713
S2324-G0197,M. Conley,2,5.9988888888888905,7.657796146786174
S2324-G0197,N. Alexander-Walker,1,1.9714285714285715,3.2378136371815893
S2324-G0197,N. Alexander-Walker,3,9.966666666666665,2.130493813828813
S2324-G0197,N. Reid,1,2.6666666666666665,-1.1204532960483315
S2324-G0197,N. Reid,2,-2.15,-3.0330013445527606
S2324-G0197,N. Reid,3,-13.902380952380955,-1.4787658124363194
S2324-G0197,R. Gobert,1,0.00793650793650702,-1.9689900037277495
S2324-G0197,R. Gobert,2,4.303174603174604,-3.848359559164842
S2324-G0197,S. Milton,1,6.933333333333334,-0.6894240645257399
S2324-G0197,S. Milton,2,-6.7333333333333325,-5.054443466011865
S2324-G0197,S. Milton,3,-6.469696969696971,1.1295790365309002
S2324-G0197,Y. Watanabe,1,2.3000000000000003,-3.3219069260870713
S2324-G0197,Y. Watanabe,2,-5.383333333333335,-3.705195018713129
S2324-G0197,Y. Watanabe,3,5.375000000000001,0.5680215932044264
S2324-G0199,C. LeVert,1,-17.403790849673204,-3.526217404751022
S2324-G0199,C. LeVert,2,5.610457516339871,7.425367785345522
S2324-G0199,C. LeVert,3,-5.7368421052631575,0.8452825140995393
S2324-G0199,C. Porter Jr.,1,-2.166666666666667,-2.3660811405737263
S2324-G0199,C. Porter Jr.,2,6.533333333333333,-0.07478229963628097
S2324-G0199,D. Ayton,1,2.299999999999999,0.9207666570220633
S2324-G0199,D. Ayton,2,4.3933333333333335,-1.8476423254423995
S2324-G0199,D. Ayton,3,0.2566666666666668,-1.7075947527555113
S2324-G0199,D. Mitchell,1,-5.203009408891763,6.924667104182389
S2324-G0199,D. Mitchell,2,6.528373518466399,9.810269270000466
S2324-G0199,D. Mitchell,3,-3.2623604465709732,5.179073119426807
S2324-G0199,D. Reath,1,4.269047619047618,2.712763415560235
S2324-G0199,D. Reath,2,-10.242380952380955,0.744976075849545
S2324-G0199,D. Reath,3,12.273333333333333,8.38145582978011
S2324-G0199,D. Wade,1,-2.261904761904762,-5.980626229794997
S2324-G0199,D. Wade,2,0.028571428571428914,-3.641495430543851
S2324-G0199,D. Wade,3,0.0,-3.1295790335867073
S2324-G0199,E. Mobley,1,16.042857142857144,7.697140620782912
S2324-G0199,E. Mobley,2,-9.601190476190474,-6.113980841561401
S2324-G0199,E. Mobley,3,2.0821428571428573,1.1029705879538063
S2324-G0199,G. Niang,1,9.873015873015873,3.2680263470560744
S2324-G0199,G. Niang,2,-3.0285714285714285,-4.651819176180823
S2324-G0199,G. Niang,3,2.8999999999999995,-2.308180054899584
S2324-G0199,J. Allen,1,1.33,-1.871531279205977
S2324-G0199,J. Allen,2,-0.33888888888888946,-5.2473667871164595
S2324-G0199,J. Allen,3,-0.14111111111111097,-2.7628355590347558
S2324-G0199,J. Bouyea,1,4.258333333333333,-0.8788813905956027
S2324-G0199,J. Bouyea,2,2.1,-1.7075947527555113
S2324-G0199,J. Grant,1,6.966955266955266,0.9470180090020629
S2324-G0199,J. Grant,2,-15.803968253968254,-4.265535140090588
S2324-G0199,J. Grant,3,3.515079365079366,5.383136471983076
S2324-G0199,J. Walker,1,-6.313333333333333,-1.885879300193323
S2324-G0199,J. Walker,2,6.555,5.21773382006616
S2324-G0199,J. Walker,3,4.010714285714285,-0.8786215564441021
S2324-G0199,K. Murray,1,-1.971428571428571,-3.750933716958999
S2324-G0199,K. Murray,2,-5.818571428571429,-0.45954936544602343
S2324-G0199,M. Strus,1,5.75,2.5849019499034718
S2324-G0199,M. Strus,2,-4.355555555555556,-0.11993906139964858
S2324-G0199,M. Strus,3,-1.053174603174602,1.906318451593755
S2324-G0199,M. Thybulle,1,-2.8666666666666667,-3.44247087971957
S2324-G0199,M. Thybulle,2,-5.300000000000001,-1.2466049901978375
S2324-G0199,M. Thybulle,3,1.8857142857142861,4.725993408125066
S2324-G0199,S. Mays,1,17.575844155844155,4.9414664251007245
S2324-G0199,S. Mays,2,-11.256363636363636,-7.2618258000643445
S2324-G0199,S. Mays,3,-2.9303030303030297,-0.8011549813913419
S2324-G0199,S. Sharpe,1,-2.6241758241758255,4.1629380010123676
S2324-G0199,S. Sharpe,2,12.23846153846154,4.2602101601246085
S2324-G0199,S. Sharpe,3,5.699999999999999,-5.573130815937623
S2324-G0199,T. Camara,1,-2.3,-5.8708714226275225
S2324-G0199,T. Camara,2,-2.308333333333333,-3.8629897408851943
S2324-G0199,T. Camara,3,2.2249999999999996,-0.9437828015738088
S2324-G0200,B. Adebayo,1,4.533730158730158,4.721475773492832
S2324-G0200,B. Adebayo,2,4.013888888888889,0.24237457457426173
S2324-G0200,B. Adebayo,3,-6.307070707070707,-4.820687770583707
S2324-G0200,C. Johnson,1,-2.958333333333333,-3.3690763480789045
S2324-G0200,C. Johnson,2,-2.0,1.2622327957228525
S2324-G0200,C. Johnson,3,-7.6089743589743595,0.6846340122616621
S2324-G0200,C. Martin,2,-4.696825396825397,-2.215064666987604
S2324-G0200,D. Finney-Smith,1,7.493650793650794,0.027010299382554278
S2324-G0200,D. Finney-Smith,2,-11.704273504273504,-5.08523049942532
S2324-G0200,D. Finney-Smith,3,6.6439560439560434,3.033017996046402
S2324-G0200,D. Robinson,1,7.3050000000000015,6.244000297651474
S2324-G0200,D. Robinson,2,0.16071428571428648,0.3398134846963594
S2324-G0200,D. Robinson,3,-11.863492063492064,1.5923690067057197
S2324-G0200,D. Sharpe,1,-7.0200000000000005,-6.263642031118527
S2324-G0200,D. Sharpe,2,7.0200000000000005,1.6888660552546328
S2324-G0200,D. Sharpe,3,-9.566666666666665,-7.133069950590895
S2324-G0200,D. Smith Jr.,1,2.433333333333333,-1.9311658252137451
S2324-G0200,D. Smith Jr.,2,-5.366666666666667,-2.9822196228784175
S2324-G0200,D. Smith Jr.,3,3.4333333333333336,1.2096404448522977
S2324-G0200,H. Highsmith,1,-6.202380952380952,-4.031005766338516
S2324-G0200,H. Highsmith,2,8.841666666666665,2.0411210237909247
S2324-G0200,J. Butler,1,0.0030844155844178545,5.497464555459473
S2324-G0200,J. Butler,2,-21.59285714285714,0.003032153515029539
S2324-G0200,J. Butler,3,32.17727272727272,24.599119575574186
S2324-G0200,J. Jaquez Jr.,1,-11.314285714285713,-6.020780834898836
S2324-G0200,J. Jaquez Jr.,2,1.647619047619047,4.611140597536172
S2324-G0200,J. Jaquez Jr.,3,-0.38333333333333286,0.1930119640856815
S2324-G0200,J. Richardson,1,-1.397619047619047,-1.5559544375242054
S2324-G0200,J. Richardson,2,-5.692857142857144,1.7379751629435476
S2324-G0200,K. Love,1,2.3080952380952375,-0.8461710514664648
S2324-G0200,K. Love,2,-0.9199999999999999,-0.5344302734024388
S2324-G0200,K. Lowry,1,7.605844155844155,-0.12202654690484374
S2324-G0200,K. Lowry,2,2.35,-8.012886512048675
S2324-G0200,L. Walker IV,1,-10.98,-0.25121894776745257
S2324-G0200,L. Walker IV,2,-13.877499999999998,8.904170250104517
S2324-G0200,L. Walker IV,3,22.640833333333333,20.389391288283836
S2324-G0200,M. Bridges,1,8.966666666666667,5.944888702904005
S2324-G0200,M. Bridges,2,-9.879670329670331,-2.9373709868892455
S2324-G0200,M. Bridges,3,6.825124875124876,6.392134504877064
S2324-G0200,N. Claxton,1,-6.414139194139194,-0.8242872967782755
S2324-G0200,N. Claxton,2,15.074166666666667,1.4380519552320552
S2324-G0200,N. Claxton,3,-8.6125,-6.72634582757892
S2324-G0200,R. O'Neale,1,-5.640000000000001,-2.136027345621061
S2324-G0200,R. O'Neale,2,7.49,3.643728766098796
S2324-G0200,S. Dinwiddie,1,-6.895,-1.871531279205977
S2324-G0200,S. Dinwiddie,2,12.303571428571427,1.7883766030500317
S2324-G0200,S. Dinwiddie,3,-13.441558441558442,-8.064380662608027
S2324-G0200,T. Watford,1,2.204761904761905,-1.3188359944456753
S2324-G0209,A. Black,1,2.851082251082251,-1.2263242912461683
S2324-G0209,A. Black,2,2.519047619047619,-5.965643026639834
S2324-G0209,A. Black,3,-1.9940476190476186,-5.430392631962716
S2324-G0209,A. Nesmith,1,-2.3976190476190475,-5.866799967113386
S2324-G0209,A. Nesmith,2,0.16428571428571415,-2.9558996334885723
S2324-G0209,B. Brown,1,-22.41111111111111,-5.453296347161183
S2324-G0209,B. Brown,2,17.8468253968254,13.398789395498019
S2324-G0209,B. Hield,1,5.071428571428572,-1.0298380310264088
S2324-G0209,B. Hield,2,0.08571428571428541,-3.165636927943139
S2324-G0209,B. Mathurin,1,-0.09999999999999964,0.7382249329163076
S2324-G0209,B. Mathurin,2,1.0392857142857146,1.504957478646979
S2324-G0209,B. Mathurin,3,-4.358730158730161,2.056476625723774
S2324-G0209,B. Sheppard,2,-2.3,-5.8708714226275225
S2324-G0209,B. Sheppard,3,-14.077777777777778,-3.8629897408851943
S2324-G0209,C. Anthony,1,7.691111111111111,4.861505003187052
S2324-G0209,C. Anthony,2,-3.400288600288599,-1.9100792972274376
S2324-G0209,C. Anthony,3,-2.0471861471861477,1.962498807545612
S2324-G0209,F. Wagner,1,-23.537499999999998,-1.8940472208497718
S2324-G0209,F. Wagner,2,15.487499999999999,14.834225438467385
S2324-G0209,G. Bitadze,1,1.9200000000000008,-1.158818687095187
S2324-G0209,G. Bitadze,2,-4.533333333333332,-4.2451784103099435
S2324-G0209,G. Harris,1,5.5619047619047635,3.7556249562394233
S2324-G0209,G. Harris,2,-1.461904761904763,-1.6620884399306817
S2324-G0209,G. Harris,3,2.4333333333333345,-0.19287228254175495
S2324-G0209,J. Ingles,1,2.2196969696969697,-4.969469835970957
S2324-G0209,J. Ingles,2,-2.3,-7.774559655962839
S2324-G0209,J. Ingles,3,2.3833333333333333,-4.436478499460221
S2324-G0209,J. Isaac,1,7.666666666666666,0.789826410398923
S2324-G0209,J. Isaac,2,-2.4999999999999996,-6.978082760765495
S2324-G0209,J. Isaac,3,-4.000000000000001,-2.858225256375002
S2324-G0209,J. Nwora,2,-20.586666666666666,-5.843378349661971
S2324-G0209,J. Nwora,3,-3.4244444444444433,10.723017619201356
S2324-G0209,J. Smith,1,8.474285714285713,3.332666632401888
S2324-G0209,J. Smith,2,-6.326666666666666,-4.19533746903775
S2324-G0209,J. Suggs,1,8.915584415584416,7.742687928623126
S2324-G0209,J. Suggs,2,7.379653679653679,0.6775576800644849
S2324-G0209,J. Walker,2,-16.417460317460318,-3.8455899331441676
S2324-G0209,M. Turner,1,-5.3748917748917755,-1.232968824366477
S2324-G0209,M. Turner,2,4.3742507492507485,2.8260734122950826
S2324-G0209,M. Wagner,1,3.161904761904763,3.524283002691797
S2324-G0209,M. Wagner,2,0.9714285714285715,1.0097593866676886
S2324-G0209,M. Wagner,3,-7.495238095238095,-0.33960530597395355
S2324-G0209,O. Toppin,1,-6.6342857142857135,-3.8782411382391313
S2324-G0209,O. Toppin,2,-4.442857142857145,-1.0026902806767612
S2324-G0209,P. Banchero,1,-12.770714285714284,2.465323849988266
S2324-G0209,P. Banchero,2,8.628406593406591,13.215858254216437
S2324-G0209,T. Haliburton,1,8.848214285714285,0.20021526287472935
S2324-G0209,T. Haliburton,2,-21.53571428571429,-8.8371362840053
S2324-G0209,T. McConnell,1,7.639393939393939,2.9811445570321293
S2324-G0209,T. McConnell,2,2.1772727272727277,-3.0576266963853884
S2324-G0209,T. McConnell,3,-2.1833333333333345,-5.516907606923524
S2324-G0210,A. Gordon,1,-11.013419913419916,-1.885879300193323
S2324-G0210,A. Gordon,2,5.018181818181821,10.238114348059005
S2324-G0210,A. Gordon,3,12.499999999999998,0.5897333964599725
S2324-G0210,C. Braun,1,-4.336363636363636,-2.486834518003333
S2324-G0210,C. Braun,2,0.336363636363636,1.9262417468448185
S2324-G0210,C. Braun,3,-7.720000000000001,0.3772294949888817
S2324-G0210,C. Porter Jr.,1,-7.311111111111112,0.08619022639355084
S2324-G0210,C. Porter Jr.,2,10.730158730158731,5.836114397528312
S2324-G0210,C. Porter Jr.,3,-12.93809523809524,-2.7177609833000114
S2324-G0210,D. Garland,1,-6.99567932067932,4.04589876190681
S2324-G0210,D. Garland,2,6.695679320679318,6.192796764844804
S2324-G0210,D. Garland,3,4.377307692307694,2.5800929585221657
S2324-G0210,D. Wade,1,-0.7133333333333338,-3.617722450724831
S2324-G0210,D. Wade,2,5.243333333333333,-2.7162507943162955
S2324-G0210,D. Wade,3,-5.081428571428571,-5.041166699894932
S2324-G0210,E. Mobley,1,2.310714285714287,4.134156367882523
S2324-G0210,E. Mobley,2,6.23095238095238,-2.1453607757236703
S2324-G0210,E. Mobley,3,0.15333333333333332,-2.930128278963469
S2324-G0210,G. Niang,1,1.2950000000000017,2.305928786236923
S2324-G0210,G. Niang,2,-1.245000000000001,1.4474567504303775
S2324-G0210,G. Niang,3,5.625,1.9369814538032717
S2324-G0210,J. Allen,1,0.19166666666666643,-3.951467602378409
S2324-G0210,J. Allen,2,-24.92545248868778,-2.679334478921618
S2324-G0210,J. Allen,3,29.362357250592545,20.351215494728883
S2324-G0210,J. Holiday,1,2.5,-2.962055407417114
S2324-G0210,J. Holiday,2,0.0,-5.035559551897323
S2324-G0210,J. Holiday,3,-10.558333333333334,-5.603557264568125
S2324-G0210,J. Pickett,1,-0.04999999999999982,-3.355575654828227
S2324-G0210,J. Pickett,3,-10.275,-3.9109298503533605
S2324-G0210,J. Strawther,2,2.9066666666666654,1.0600229927569416
S2324-G0210,J. Strawther,3,2.12,-2.6692557604055613
S2324-G0210,K. Caldwell-Pope,1,14.28754578754579,7.26681619907709
S2324-G0210,K. Caldwell-Pope,2,4.379761904761905,-6.416429211454582
S2324-G0210,K. Caldwell-Pope,3,2.2583333333333333,-5.276588620972405
S2324-G0210,M. Porter Jr.,1,16.386324786324785,10.624328140262898
S2324-G0210,M. Porter Jr.,2,-12.408547008547009,-3.2807733841966242
S2324-G0210,M. Porter Jr.,3,15.58034188034188,5.505384265959189
S2324-G0210,M. Strus,1,13.957142857142857,4.70470741047473
S2324-G0210,M. Strus,2,-0.040000000000000036,-7.98044977515376
S2324-G0210,M. Strus,3,-3.973333333333333,-5.694832651456174
S2324-G0210,N. Jokic,1,-4.125000000000002,0.594492106958742
S2324-G0210,N. Jokic,2,8.367857142857144,1.8774136366495542
S2324-G0210,N. Jokic,3,-8.623199023199021,-5.8370711479312165
S2324-G0210,R. Jackson,1,-5.2696969696969695,-2.1298574531104255
S2324-G0210,R. Jackson,2,11.86969696969697,1.5262115809517098
S2324-G0210,R. Jackson,3,0.0,-6.869888914591684
S2324-G0210,S. Merrill,2,19.875641025641027,6.152047394648085
S2324-G0210,S. Merrill,3,-12.133333333333333,-11.955509740216481
S2324-G0210,T. Thompson,1,-0.17380952380952408,-2.8421601432512147
S2324-G0210,T. Thompson,2,-0.7619047619047619,-2.3261025014927004
S2324-G0210,Z. Nnaji,1,2.3257142857142856,-0.24909408963255267
S2324-G0210,Z. Nnaji,2,-2.935714285714285,-3.377244487433534
S2324-G0211,A. Burks,1,-0.8054545454545465,1.8624148883375666
S2324-G0211,A. Burks,2,0.13545454545454483,2.4123029872781423
S2324-G0211,A. Burks,3,11.81,1.679094345694849
S2324-G0211,A. Thompson,1,5.419047619047619,-2.4279996944258615
S2324-G0211,A. Thompson,2,-8.18095238095238,-7.3662203246973785
S2324-G0211,A. Thompson,3,4.714285714285714,0.6038247109625363
S2324-G0211,C. Boucher,1,-4.314285714285714,-5.914740076581552
S2324-G0211,C. Boucher,2,-21.532505729564555,-0.4940224536910296
S2324-G0211,C. Cunningham,1,1.336363636363636,10.433025996238174
S2324-G0211,C. Cunningham,2,9.640476190476193,11.270142315660927
S2324-G0211,D. Schroder,1,20.467307692307692,14.789948267842224
S2324-G0211,D. Schroder,2,-4.199999999999999,-4.971402459027733
S2324-G0211,G. Dick,2,-11.99,-5.5774175146276805
S2324-G0211,G. Trent Jr.,1,4.49126984126984,3.096759329468483
S2324-G0211,G. Trent Jr.,2,-7.652380952380954,0.6456389599345917
S2324-G0211,G. Trent Jr.,3,4.7285714285714295,6.365779602635211
S2324-G0211,I. Stewart,1,-4.9282828282828275,-3.104583770012144
S2324-G0211,I. Stewart,2,6.3888888888888875,-0.38916820299943966
S2324-G0211,J. Ivey,1,-0.24166666666666625,-1.3049743264608413
S2324-G0211,J. Ivey,2,4.675000000000001,0.21356084665195588
S2324-G0211,J. Ivey,3,-14.244444444444445,-4.5761944158502725
S2324-G0211,J. Poeltl,1,-7.220634920634921,-3.8298766075672095
S2324-G0211,J. Poeltl,2,-2.3295238095238098,-1.125624551592666
S2324-G0211,J. Wiseman,2,-4.643333333333333,-2.6970315219421086
S2324-G0211,J. Wiseman,3,-11.47222222222222,-0.9239260225024694
S2324-G0211,K. Knox II,1,8.052380952380952,-2.059509719684154
S2324-G0211,K. Knox II,2,-12.111111111111112,-6.984884712834333
S2324-G0211,K. Knox II,3,9.461111111111112,1.9465061469345983
S2324-G0211,M. Bagley III,1,-6.475,-2.137653460685548
S2324-G0211,M. Bagley III,2,10.858333333333333,3.936734511359466
S2324-G0211,M. Bagley III,3,0.0,-6.073772235705211
S2324-G0211,M. Flynn,1,0.0,-6.020780834898836
S2324-G0211,M. Flynn,2,-2.3,-5.405160665421915
S2324-G0211,M. Flynn,3,-14.155555555555557,-3.327144578431679
S2324-G0211,M. Sasser,1,6.6000000000000005,-1.3170776394605512
S2324-G0211,M. Sasser,2,-4.55,-5.405160665421915
S2324-G0211,M. Sasser,3,-7.540000000000001,-2.0254592290370006
S2324-G0211,O. Anunoby,1,6.379999999999999,3.143628175118746
S2324-G0211,O. Anunoby,2,-0.003809523809522375,-2.235312611981206
S2324-G0211,O. Anunoby,3,3.5771428571428556,-0.7275721204209159
S2324-G0211,P. Achiuwa,1,-2.314285714285713,2.5764973240086517
S2324-G0211,P. Achiuwa,2,12.064285714285713,4.6768867700322225
S2324-G0211,P. Achiuwa,3,-13.77012987012987,-5.828332975464659
S2324-G0211,P. Siakam,1,-6.277692307692311,1.8557427930053763
S2324-G0211,P. Siakam,2,-11.355,3.7015721550190945
S2324-G0211,S. Barnes,1,-11.625541125541126,1.1760547871671274
S2324-G0211,S. Barnes,2,13.495238095238095,10.41943246152336
S2324-G0211,S. Barnes,3,9.033333333333333,-2.021491418689947
S2324-G0211,S. Umude,1,-0.06666666666666665,-6.020780834898836
S2324-G0211,S. Umude,2,-5.366666666666667,-5.054443466011865
S2324-G0211,S. Umude,3,-22.32,0.0807998492086188
S2324-G0219,A. Green,1,1.9749999999999996,-2.446504624202314
S2324-G0219,A. Green,2,-0.04166666666666652,-3.042105115758912
S2324-G0219,A. Green,3,-0.20000000000000018,-4.469957813514143
S2324-G0219,B. Coulibaly,1,-3.392857142857144,1.3941452350873413
S2324-G0219,B. Coulibaly,2,4.4904761904761905,2.768511931481073
S2324-G0219,B. Coulibaly,3,7.641666666666667,0.5869057863521219
S2324-G0219,B. Lopez,1,-13.516666666666666,-4.636205492226405
S2324-G0219,B. Lopez,2,1.5733333333333306,3.8895495617996705
S2324-G0219,B. Lopez,3,12.318333333333335,5.0852171776417014
S2324-G0219,B. Portis,1,-0.6500000000000004,0.7507276573338424
S2324-G0219,B. Portis,2,-8.021666666666668,1.479302496773172
S2324-G0219,B. Portis,3,6.5879365079365115,6.780912502672078
S2324-G0219,C. Kispert,1,-5.364285714285714,-0.45406314935341474
S2324-G0219,C. Kispert,2,6.6499999999999995,4.6768867700322225
S2324-G0219,C. Kispert,3,-3.6499999999999995,-0.9917044135590206
S2324-G0219,C. Payne,2,2.3566666666666674,0.4171281947166666
S2324-G0219,D. Avdija,1,6.6,-2.1298574531104255
S2324-G0219,D. Avdija,2,-1.0666666666666664,-6.815698190367681
S2324-G0219,D. Avdija,3,-9.95108225108225,-4.658195066722223
S2324-G0219,D. Gafford,1,6.802564102564102,0.2558205284790809
S2324-G0219,D. Gafford,2,-15.117748917748916,-8.110748341815992
S2324-G0219,D. Gafford,3,10.717748917748917,6.965279954136383
S2324-G0219,D. Gallinari,1,0.5285714285714294,0.5637927487956406
S2324-G0219,D. Gallinari,2,2.121428571428571,0.019078659474398362
S2324-G0219,D. Gallinari,3,4.45,-2.0888690676797537
S2324-G0219,D. Lillard,1,22.217499999999998,13.32211741093117
S2324-G0219,D. Lillard,2,-8.686363636363637,-12.756236233741248
S2324-G0219,D. Lillard,3,3.7613636363636367,0.873197608168299
S2324-G0219,G. Antetokounmpo,1,2.3454751131221734,10.577769817600124
S2324-G0219,G. Antetokounmpo,2,-11.006959706959712,5.710769009059596
S2324-G0219,G. Antetokounmpo,3,15.345079365079371,13.500691701633937
S2324-G0219,J. Poole,1,1.3285714285714292,8.89801225822512
S2324-G0219,J. Poole,2,12.785844155844154,8.230944733808679
S2324-G0219,J. Poole,3,-27.055396825396826,-2.5635010387625607
S2324-G0219,K. Kuzma,1,4.338888888888887,1.9534923025895061
S2324-G0219,K. Kuzma,2,-17.48787878787879,0.8746892451016608
S2324-G0219,K. Kuzma,3,17.621212121212125,16.966863907929753
S2324-G0219,K. Middleton,1,-20.4984126984127,-4.92594379017159
S2324-G0219,K. Middleton,2,14.87952380952381,10.437658024883833
S2324-G0219,K. Middleton,3,-0.5878571428571426,-2.5804228495889205
S2324-G0219,L. Shamet,2,17.36190476190476,7.5387429759931734
S2324-G0219,M. Beasley,1,-3.8,-1.6913023938437353
S2324-G0219,M. Beasley,2,1.4416666666666664,1.5410081837095344
S2324-G0219,M. Beasley,3,-7.174999999999999,1.8892147574133569
S2324-G0219,P. Connaughton,1,2.3666666666666663,-3.7850840455687553
S2324-G0219,P. Connaughton,2,-5.336363636363637,-4.043801959572325
S2324-G0219,T. Jones,1,6.549999999999999,4.7569665200711055
S2324-G0219,T. Jones,2,-8.466666666666667,-3.1426943800443365
S2324-G0221,A. Edwards,1,6.186666666666666,1.2489077787204284
S2324-G0221,A. Edwards,2,-22.451190476190476,-6.487014961310274
S2324-G0221,A. Edwards,3,7.690357142857142,12.857227241549877
S2324-G0221,D. DiVincenzo,1,-14.473333333333333,-5.866799967113386
S2324-G0221,D. DiVincenzo,2,7.873333333333333,6.929301897546994
S2324-G0221,D. DiVincenzo,3,2.166666666666666,-1.3548311827322765
S2324-G0221,I. Hartenstein,1,4.285714285714286,-2.137653460685548
S2324-G0221,I. Hartenstein,2,-4.54047619047619,-4.5325478027346735
S2324-G0221,I. Hartenstein,3,4.704761904761905,-2.2119035475929465
S2324-G0221,I. Quickley,1,-15.403463203463202,-2.2537135016968053
S2324-G0221,I. Quickley,2,6.911558441558441,10.22962007182045
S2324-G0221,I. Quickley,3,3.205,3.207045294584436
S2324-G0221,J. Brunson,1,15.036507936507938,10.813315894787928
S2324-G0221,J. Brunson,2,0.041666666666666075,-5.953424335706168
S2324-G0221,J. Brunson,3,-5.125,-3.0038749914762617
S2324-G0221,J. Hart,1,0.26190476190476275,-2.486834518003333
S2324-G0221,J. Hart,2,-0.3952380952380965,-0.8899719646799404
S2324-G0221,J. Hart,3,0.3333333333333339,-1.4789925404786937
S2324-G0221,J. Randle,1,-12.99748917748918,0.8602125389630305
S2324-G0221,J. Randle,2,12.972380952380956,11.555397791282683
S2324-G0221,J. Randle,3,3.8112554112554093,-3.6015867214823816
S2324-G0221,K. Anderson,1,-4.4523809523809526,-2.136027345621061
S2324-G0221,K. Anderson,2,8.752380952380951,2.524205818989701
S2324-G0221,K. Anderson,3,-5.36969696969697,-6.737926634412613
S2324-G0221,K. Towns,1,9.746320346320347,7.1341831650666245
S2324-G0221,K. Towns,2,-3.3030303030303028,-5.70422677277286
S2324-G0221,K. Towns,3,-0.5775252525252519,-0.156641718747584
S2324-G0221,M. Conley,1,-2.036363636363637,0.536497291293199
S2324-G0221,M. Conley,2,6.503030303030302,1.7701969612080153
S2324-G0221,M. Conley,3,0.9000000000000004,-2.2597163166800467
S2324-G0221,M. Robinson,1,1.9806060606060605,-0.7799919853003111
S2324-G0221,M. Robinson,2,-0.009177489177488951,-5.862655634601379
S2324-G0221,M. Robinson,3,2.1858441558441557,-2.8615538636940245
S2324-G0221,N. Alexander-Walker,1,3.5250000000000004,3.890751689650524
S2324-G0221,N. Alexander-Walker,2,-4.875,-0.8469731121315639
S2324-G0221,N. Alexander-Walker,3,11.908333333333333,2.988768918683038
S2324-G0221,N. Reid,1,-2.65952380952381,0.008520812410459641
S2324-G0221,N. Reid,2,3.0182539682539673,3.7891661570396113
S2324-G0221,N. Reid,3,5.38888888888889,-0.2852761439237871
S2324-G0221,Q. Grimes,1,4.71111111111111,-4.0055679300639735
S2324-G0221,Q. Grimes,2,-2.2047619047619045,-7.91226092794585
S2324-G0221,Q. Grimes,3,-4.695238095238095,-3.7819545982241936
S2324-G0221,R. Barrett,1,9.438536463536463,9.480837229817874
S2324-G0221,R. Barrett,2,2.461463536463537,0.06315051367873917
S2324-G0221,R. Barrett,3,9.789177489177488,-2.573392298659804
S2324-G0221,R. Gobert,1,-8.591666666666665,-2.933241108957168
S2324-G0221,R. Gobert,2,-1.1416666666666675,1.6162168878760066
S2324-G0221,R. Gobert,3,12.766666666666666,3.999593122356513
S2324-G0221,S. Milton,1,-4.450641025641026,-3.7965293218533156
S2324-G0221,S. Milton,2,4.350641025641027,2.05528349399718
S2324-G0221,S. Milton,3,-4.258333333333333,-5.201735354737767
S2324-G0221,T. Brown Jr.,2,-7.675000000000001,-3.1432325445955014
S2324-G0221,T. Brown Jr.,3,5.025,3.4114753439094834
S2324-G0232,A. Edwards,1,13.138039215686277,19.281833023065353
S2324-G0232,A. Edwards,2,-10.377500000000001,2.6080042692428416
S2324-G0232,A. Edwards,3,26.8875,13.664362804422437
S2324-G0232,D. House Jr.,1,9.008333333333333,-0.17729308761960075
S2324-G0232,D. House Jr.,3,-5.866666666666667,-5.9134098309719745
S2324-G0232,D. Melton,1,-15.519444444444446,-2.88203226409793
S2324-G0232,D. Melton,2,14.799545454545456,10.086467780829535
S2324-G0232,D. Melton,3,3.0254545454545454,-2.303506667243852
S2324-G0232,J. Springer,1,-2.4000000000000004,-5.345911957447029
S2324-G0232,J. Springer,2,-4.737142857142857,-2.499299341195166
S2324-G0232,K. Anderson,1,3.166666666666667,-1.2887675045319547
S2324-G0232,K. Anderson,2,-4.497619047619048,-3.0702542165115507
S2324-G0232,K. Anderson,3,0.06125541125541023,0.277313159315058
S2324-G0232,K. Towns,1,-16.652389277389275,0.44526986585347417
S2324-G0232,K. Towns,2,18.636363636363637,7.799317329899828
S2324-G0232,K. Towns,3,-10.699821746880573,-2.180340374231936
S2324-G0232,M. Conley,1,4.238095238095238,-1.7579439591950088
S2324-G0232,M. Conley,2,-0.03333333333333277,-3.6209609776617526
S2324-G0232,M. Conley,3,-2.891666666666667,-2.589797798688385
S2324-G0232,M. Morris Sr.,1,-3.2249999999999996,-1.9689900037277495
S2324-G0232,M. Morris Sr.,2,-15.119444444444444,-2.3019833175002877
S2324-G0232,M. Morris Sr.,3,22.644444444444442,10.634894155925664
S2324-G0232,N. Alexander-Walker,1,1.7076767676767668,-2.6439787001520405
S2324-G0232,N. Alexander-Walker,2,4.877777777777778,-3.038329026140356
S2324-G0232,N. Alexander-Walker,3,-9.625,-6.775095822202561
S2324-G0232,N. Batum,1,5.313333333333334,-0.3142065413844284
S2324-G0232,N. Batum,2,2.341666666666667,-5.729106598649821
S2324-G0232,N. Batum,3,-5.2749999999999995,-4.501100251585454
S2324-G0232,N. Reid,1,2.811111111111112,5.307788738739886
S2324-G0232,N. Reid,2,-6.712987012987012,-1.0198815197770212
S2324-G0232,N. Reid,3,17.912987012987013,4.9572929630266005
S2324-G0232,P. Beverley,1,-2.2333333333333334,-5.866799967113386
S2324-G0232,P. Beverley,3,-2.1142857142857143,-3.150459448973137
S2324-G0232,P. Reed,1,4.763636363636364,2.327222115195921
S2324-G0232,P. Reed,2,-4.346969696969698,-2.460094639103248
S2324-G0232,P. Reed,3,-0.34999999999999787,0.19264609561172438
S2324-G0232,R. Covington,1,1.411111111111111,-4.054809639061835
S2324-G0232,R. Covington,2,-13.29111111111111,-4.326504523227105
S2324-G0232,R. Covington,3,13.346666666666666,4.269364160998568
S2324-G0232,R. Gobert,1,6.395238095238094,1.0286596019804894
S2324-G0232,R. Gobert,2,-5.112987012987013,-4.705059183864238
S2324-G0232,R. Gobert,3,3.0644155844155847,2.42051951838172
S2324-G0232,S. Milton,1,6.375,1.3941452350873413
S2324-G0232,S. Milton,2,-12.786666666666667,-4.207261207926067
S2324-G0232,S. Milton,3,12.786666666666667,6.177355222151566
S2324-G0232,T. Harris,1,-7.448146853146854,0.7587423562870687
S2324-G0232,T. Harris,2,18.39878787878788,3.4745779265042485
S2324-G0232,T. Harris,3,-2.058333333333333,-7.275770630800106
S2324-G0232,T. Maxey,1,4.0587301587301585,4.721475773492832
S2324-G0232,T. Maxey,2,-10.713333333333333,-1.9420248393922672
S2324-G0232,T. Maxey,3,19.675238095238093,10.884026534590935
S2324-G0234,A. Caruso,1,-3.0250000000000004,-3.482151264540075
S2324-G0234,A. Caruso,2,-10.694444444444443,-0.11851934161659175
S2324-G0234,A. Caruso,3,8.844444444444443,8.147500767647069
S2324-G0234,A. Dosunmu,1,-6.408333333333333,-1.4527044970006495
S2324-G0234,A. Dosunmu,2,4.25,5.431936898742734
S2324-G0234,A. Dosunmu,3,5.300000000000001,1.3946968620168658
S2324-G0234,A. Drummond,1,0.04999999999999982,-3.8330241550369215
S2324-G0234,A. Drummond,2,2.3333333333333335,-3.2186432196242887
S2324-G0234,A. Drummond,3,-4.5,-5.683317919059108
S2324-G0234,A. Wiggins,2,-8.56969696969697,-5.8708714226275225
S2324-G0234,A. Wiggins,3,6.536363636363637,3.1656136854299133
S2324-G0234,C. Holmgren,1,14.655844155844154,6.008357444668463
S2324-G0234,C. Holmgren,2,-6.267307692307691,-4.500023746211733
S2324-G0234,C. Holmgren,3,-2.9326923076923084,-0.9891988256846561
S2324-G0234,C. Wallace,1,7.406666666666666,0.9904887535200878
S2324-G0234,C. Wallace,2,2.3,-5.363546223511295
S2324-G0234,C. Wallace,3,-0.10000000000000009,-7.133069950590895
S2324-G0234,C. White,1,-14.426666666666666,4.3413552792038415
S2324-G0234,C. White,2,23.626666666666665,16.71375708114287
S2324-G0234,C. White,3,0.852380952380952,-5.411827435340005
S2324-G0234,D. DeRozan,1,-4.557575757575755,-0.6406682739764779
S2324-G0234,D. DeRozan,2,-10.154099821746883,0.269845068621042
S2324-G0234,D. DeRozan,3,5.381372549019609,11.602518357028268
S2324-G0234,I. Joe,1,3.6833333333333336,4.713428150843702
S2324-G0234,I. Joe,2,3.366666666666667,1.701008102695291
S2324-G0234,I. Joe,3,-1.4000000000000004,-1.3498042362850151
S2324-G0234,J. Carter,1,-0.06666666666666643,-2.486834518003333
S2324-G0234,J. Carter,2,2.1,-1.1486843745773512
S2324-G0234,J. Carter,3,-5.0,-3.4738205845097143
S2324-G0234,J. Giddey,1,-3.01111111111111,-3.146159789114662
S2324-G0234,J. Giddey,2,-2.0447330447330447,-1.6100845729646387
S2324-G0234,J. Giddey,3,0.8272727272727263,0.1973291561103249
S2324-G0234,J. Williams,1,0.020238095238095166,-4.197265252746095
S2324-G0234,J. Williams,2,2.404761904761905,-3.6666731448328935
S2324-G0234,K. Williams,1,-9.6,-5.866799967113386
S2324-G0234,K. Williams,2,4.3,4.42461690152346
S2324-G0234,K. Williams,3,-6.558333333333333,-2.633390439920802
S2324-G0234,L. Dort,1,4.308333333333334,-0.9668883004777765
S2324-G0234,L. Dort,2,2.3611111111111116,-2.4398578098647365
S2324-G0234,L. Dort,3,2.2655555555555553,-5.6414384315020785
S2324-G0234,N. Vucevic,1,13.222987012987016,4.265955657739761
S2324-G0234,N. Vucevic,2,-10.623675213675213,-7.6825408964839115
S2324-G0234,N. Vucevic,3,-2.319658119658122,2.995186179207849
S2324-G0234,P. Williams,1,6.7976190476190474,-1.5056016702152033
S2324-G0234,P. Williams,2,-14.257142857142856,-5.9134098309719745
S2324-G0234,P. Williams,3,4.157142857142857,5.429332188282856
S2324-G0234,S. Gilgeous-Alexander,1,9.993333333333334,12.10426981801933
S2324-G0234,S. Gilgeous-Alexander,2,-16.571111111111115,-3.510435866601761
S2324-G0234,S. Gilgeous-Alexander,3,14.669206349206352,15.243290075450844
S2324-G0234,T. Craig,1,2.2857142857142856,-3.792845036862581
S2324-G0234,T. Craig,2,-2.319047619047619,-4.5325478027346735
S2324-G0234,T. Craig,3,0.06666666666666643,-3.4864515843056374
S2324-G0234,V. Micic,2,11.2,0.20814576667333504
S2324-G0241,A. Gill,3,1.9972222222222218,3.9945345117193174
S2324-G0241,B. Bogdanovic,1,2.335000000000001,3.250880497506311
S2324-G0241,B. Bogdanovic,2,-2.530000000000001,1.7175432145280252
S2324-G0241,B. Bogdanovic,3,9.89857142857143,2.231263603985897
S2324-G0241,B. Coulibaly,1,7.239393939393939,2.187994176591448
S2324-G0241,B. Coulibaly,2,-0.022727272727272485,-3.869671582772208
S2324-G0241,B. Coulibaly,3,-2.0,-5.829849732469774
S2324-G0241,C. Capela,1,-7.469047619047618,1.0755791670481663
S2324-G0241,C. Capela,2,2.6401515151515156,9.237228008898411
S2324-G0241,C. Kispert,1,-2.417472527472526,2.3067391271804847
S2324-G0241,C. Kispert,2,5.0627272727272725,1.8068334355121143
S2324-G0241,D. Avdija,1,4.677380952380952,1.5015885540730138
S2324-G0241,D. Avdija,2,-0.20277777777777928,-3.0942401323764317
S2324-G0241,D. Gafford,1,-8.60142857142857,-0.7799919853003111
S2324-G0241,D. Gafford,2,12.725238095238096,3.5992712427542672
S2324-G0241,D. Hunter,1,-6.563333333333333,2.2701347996224333
S2324-G0241,D. Hunter,2,4.949999999999999,7.09854165687482
S2324-G0241,D. Hunter,3,11.063636363636363,3.5647695808650544
S2324-G0241,D. Murray,1,21.937878787878788,12.385780099871853
S2324-G0241,D. Murray,2,-7.724786324786324,-13.909358209455684
S2324-G0241,G. Mathews,3,-2.038888888888888,-1.4527044970006495
S2324-G0241,J. Butler,3,-16.323059163059163,1.1820124421262377
S2324-G0241,J. Davis,2,-11.146153846153847,-4.3394740173584605
S2324-G0241,J. Johnson,1,1.8999999999999986,0.7087789560832732
S2324-G0241,K. Kuzma,1,2.229285714285714,2.487499631697398
S2324-G0241,K. Kuzma,2,3.1707142857142863,0.08157510847078456
S2324-G0241,L. Shamet,1,2.144444444444444,2.269546948219506
S2324-G0241,L. Shamet,2,-5.719444444444443,1.1618605828274027
S2324-G0241,L. Shamet,3,10.975,3.1091839479406045
S2324-G0241,M. Muscala,1,5.4523809523809526,-1.232419375648492
S2324-G0241,M. Muscala,2,-6.552380952380952,-4.54904036105362
S2324-G0241,O. Okongwu,1,-2.3113636363636365,-1.7605529854296766
S2324-G0241,O. Okongwu,2,5.36969696969697,-1.0695377036769096
S2324-G0241,O. Okongwu,3,-9.736363636363636,-8.270723513999505
S2324-G0241,S. Bey,1,-13.938095238095238,-0.3226957555206843
S2324-G0241,S. Bey,2,7.988095238095239,10.94159799700459
S2324-G0241,S. Bey,3,8.33,3.857143278502673
S2324-G0241,T. Jones,1,-1.8650000000000002,-2.9430373523708924
S2324-G0241,T. Jones,2,6.356666666666667,1.8629050665029359
S2324-G0241,T. Young,1,-7.542857142857143,-0.08281886060954202
S2324-G0241,T. Young,2,-7.4227272727272755,3.7083662102461106
S2324-G0241,T. Young,3,12.003333333333336,9.903614053978183
S2324-G0241,W. Matthews,1,-2.2333333333333334,-5.866799967113386
S2324-G0241,W. Matthews,2,2.2333333333333334,-3.0330013445527606
S2324-G0244,D. Exum,1,-2.2399999999999998,-3.268594955741503
S2324-G0244,D. Exum,3,0.35666666666666647,-1.2865711433849794
S2324-G0244,D. Jones Jr.,1,1.1714285714285713,-3.510276058594188
S2324-G0244,D. Jones Jr.,2,-5.338095238095239,-3.641495430543851
S2324-G0244,D. Jones Jr.,3,5.238095238095238,1.5962112398719832
S2324-G0244,D. Powell,1,-2.0999999999999996,-5.418631326285678
S2324-G0244,D. Powell,2,2.033333333333333,-3.7997720213450736
S2324-G0244,D. Theis,1,-7.677777777777777,-2.7588339416427115
S2324-G0244,D. Theis,2,8.811111111111112,4.9697545759781185
S2324-G0244,D. Theis,3,-0.03333333333333366,-5.472696111724606
S2324-G0244,G. Williams,1,-0.1785714285714286,-6.399775629077766
S2324-G0244,G. Williams,2,-7.577272727272727,-5.731258028527273
S2324-G0244,G. Williams,3,3.3606060606060604,2.3033233946221965
S2324-G0244,I. Zubac,1,4.1060606060606055,0.7256630219613226
S2324-G0244,I. Zubac,2,-5.111111111111111,-6.371935350763531
S2324-G0244,J. Green,1,2.2,-3.750933716958999
S2324-G0244,J. Green,2,-2.3000000000000003,-4.527274039148147
S2324-G0244,J. Harden,1,1.4142857142857146,-1.6808755760689515
S2324-G0244,J. Harden,2,-9.247619047619047,-4.299705619319847
S2324-G0244,J. Hardy,2,-2.4833333333333325,-2.4309997551101863
S2324-G0244,K. Irving,1,25.80302197802198,16.163906534815602
S2324-G0244,K. Irving,2,-16.293833943833945,-8.8371362840053
S2324-G0244,K. Irving,3,0.10227550227550353,8.253702123118117
S2324-G0244,K. Leonard,1,-2.2303030303030305,-2.7554942102233135
S2324-G0244,K. Leonard,2,-4.2333333333333325,-4.0192280903919775
S2324-G0244,K. Leonard,3,6.716666666666666,3.561907159164098
S2324-G0244,L. Doncic,1,-18.8540404040404,7.800811146862198
S2324-G0244,L. Doncic,2,19.95,19.63874639547068
S2324-G0244,L. Doncic,3,9.055555555555557,0.4089899313018742
S2324-G0244,N. Powell,1,-8.503333333333334,-1.5559544375242054
S2324-G0244,N. Powell,2,8.503333333333334,6.853497623906087
S2324-G0244,N. Powell,3,5.252380952380952,-1.6177393156027917
S2324-G0244,O. Prosper,2,-0.1499999999999999,-4.3394740173584605
S2324-G0244,P. George,1,-1.6222222222222236,6.6280764301816
S2324-G0244,P. George,2,8.935897435897438,8.24531262901569
S2324-G0244,P. George,3,0.29999999999999893,-1.1782331769031151
S2324-G0244,R. Holmes,1,7.033333333333333,-3.146159789114662
S2324-G0244,R. Holmes,2,-2.564285714285714,-6.989452912781784
S2324-G0244,R. Holmes,3,2.230952380952381,-3.3176353002883516
S2324-G0244,R. Westbrook,1,4.210714285714285,-0.4318277510510875
S2324-G0244,R. Westbrook,2,2.3976190476190475,-4.44053824654057
S2324-G0244,R. Westbrook,3,-25.975641025641025,-5.9134098309719745
S2324-G0244,S. Curry,2,-5.300000000000001,-2.733821926352734
S2324-G0244,T. Hardaway Jr.,1,-6.141666666666669,2.2276981215346607
S2324-G0244,T. Hardaway Jr.,2,8.670238095238098,6.916437450629315
S2324-G0244,T. Hardaway Jr.,3,-6.095238095238095,-1.6957875370968818
S2324-G0244,T. Mann,1,14.025,9.61382740817406
S2324-G0244,T. Mann,2,-0.8694444444444454,-4.855683964051491
S2324-G0244,T. Mann,3,-2.1888888888888864,0.2394689397575903
S2324-G0245,A. Jackson Jr.,1,-0.06666666666666665,-6.263642031118527
S2324-G0245,A. Jackson Jr.,2,0.0,-5.054443466011865
S2324-G0245,B. Lopez,1,7.958119658119658,4.3674153097685915
S2324-G0245,B. Lopez,2,-2.28095238095238,-6.6276645698729295
S2324-G0245,B. Lopez,3,7.78095238095238,-1.4574827200691376
S2324-G0245,B. Portis,1,4.63,-2.5209848466130893
S2324-G0245,B. Portis,2,-11.344285714285714,-3.839659752151632
S2324-G0245,B. Portis,3,-12.576623376623376,3.059825586530674
S2324-G0245,C. Payne,2,9.873809523809523,0.2689359224462954
S2324-G0245,C. Payne,3,-2.121428571428571,-8.88568469365261
S2324-G0245,D. Ayton,1,-0.3766788766788771,1.2799087545727494
S2324-G0245,D. Ayton,2,8.807777777777778,0.10883889647101196
S2324-G0245,D. Ayton,3,-2.3077777777777775,-6.526346298551042
S2324-G0245,D. Lillard,1,7.63111111111111,10.072834198897544
S2324-G0245,D. Lillard,2,0.5218803418803439,0.482514820025328
S2324-G0245,D. Lillard,3,-9.517521367521368,5.177132540320691
S2324-G0245,D. Reath,1,-0.5,-2.1808390793460486
S2324-G0245,D. Reath,2,0.6523809523809527,-1.3663702219969598
S2324-G0245,G. Antetokounmpo,1,-0.5138888888888893,9.677049405848676
S2324-G0245,G. Antetokounmpo,2,7.861616161616162,9.298652759480637
S2324-G0245,G. Antetokounmpo,3,-5.365584415584415,0.8456247009178371
S2324-G0245,J. Grant,1,1.7001587301587318,3.698119470869176
S2324-G0245,J. Grant,2,-7.307777777777778,-1.6102076078109717
S2324-G0245,J. Grant,3,8.213333333333335,7.37862512267982
S2324-G0245,J. Walker,1,1.8666666666666667,-1.7766911682576532
S2324-G0245,J. Walker,2,2.4333333333333336,-4.067604894119128
S2324-G0245,J. Walker,3,-4.333333333333332,-6.073772235705211
S2324-G0245,M. Beasley,1,-0.6266666666666669,2.5767679096324088
S2324-G0245,M. Beasley,2,6.0777777777777775,0.10366144487205556
S2324-G0245,M. Beasley,3,-14.003174603174605,-3.1637367388411097
S2324-G0245,M. Beauchamp,1,0.01666666666666672,-5.914740076581552
S2324-G0245,M. Brogdon,1,-17.103214285714287,-0.01663417898501156
S2324-G0245,M. Brogdon,2,14.753214285714284,12.536466036604079
S2324-G0245,M. Brogdon,3,-13.39904761904762,-0.04705390519624154
S2324-G0245,M. Thybulle,1,3.1783333333333337,-1.1350836242305542
S2324-G0245,M. Thybulle,2,-2.491428571428572,-3.4642135365756497
S2324-G0245,M. Thybulle,3,2.366666666666667,-3.5325635839771095
S2324-G0245,P. Connaughton,1,-4.4976190476190485,-3.6391313260220493
S2324-G0245,P. Connaughton,2,1.5928571428571434,0.9760988829586227
S2324-G0245,S. Henderson,1,-0.8916666666666675,2.494654196749567
S2324-G0245,S. Henderson,2,1.6500000000000004,4.031674275122692
S2324-G0245,S. Henderson,3,1.9326923076923075,1.256667623300125
S2324-G0245,S. Sharpe,1,4.058119658119658,7.269622782343233
S2324-G0245,S. Sharpe,2,-7.0895299145299155,-0.38076662754106605
S2324-G0245,S. Sharpe,3,20.767307692307693,8.785881066150129
S2324-G0245,T. Camara,1,-2.280952380952381,-2.215064666987604
S2324-G0245,T. Camara,2,7.595238095238095,1.2249795298739212
S2324-G0248,A. Black,1,6.538888888888888,-2.118859953233837
S2324-G0248,A. Black,2,-4.647619047619047,-5.560222610023104
S2324-G0248,B. McGowens,3,0.1333333333333333,-4.811534907327093
S2324-G0248,B. Miller,1,9.80121212121212,3.304675798182239
S2324-G0248,B. Miller,2,-20.413275613275612,-4.338640007295258
S2324-G0248,B. Miller,3,13.916422466422468,11.325302616097312
S2324-G0248,C. Anthony,1,-2.1535714285714302,4.157771482145382
S2324-G0248,C. Anthony,2,9.131190476190477,4.2522561897905815
S2324-G0248,C. Anthony,3,-25.590606060606056,-3.0068232454780515
S2324-G0248,C. Houstan,2,10.686666666666666,1.4779967136176133
S2324-G0248,F. Wagner,1,-21.35824175824176,-6.263642031118527
S2324-G0248,F. Wagner,2,-5.989797457444514,13.071562313060637
S2324-G0248,F. Wagner,3,10.91214177978884,18.700667527474394
S2324-G0248,G. Bitadze,1,3.2476190476190467,3.605660456141548
S2324-G0248,G. Bitadze,2,11.881111111111112,-2.678814508723488
S2324-G0248,G. Harris,2,0.9714285714285715,-1.0298380310264088
S2324-G0248,G. Harris,3,1.9444444444444446,-1.4278047979822481
S2324-G0248,G. Hayward,1,3.966666666666665,4.748647066428266
S2324-G0248,G. Hayward,2,5.3,-0.8871713289834127
S2324-G0248,G. Hayward,3,6.833333333333333,-3.7937353782247585
S2324-G0248,I. Smith,1,-1.9984126984126984,-1.5718956946229676
S2324-G0248,I. Smith,2,6.555555555555555,-1.7254871532606353
S2324-G0248,J. Ingles,1,4.666666666666667,-2.4012875551998905
S2324-G0248,J. Ingles,2,-0.06666666666666665,-6.65139129536796
S2324-G0248,J. Ingles,3,-2.3476190476190477,-6.073772235705211
S2324-G0248,J. Suggs,1,11.63333333333333,5.081096017973228
S2324-G0248,J. Suggs,2,4.633333333333334,-5.137236053522435
S2324-G0248,J. Suggs,3,-11.946666666666665,-6.255241148960615
S2324-G0248,L. Ball,1,-0.8454545454545457,-0.16360256600736148
S2324-G0248,M. Bridges,1,6.666666666666666,1.05860115333302
S2324-G0248,M. Bridges,2,-15.838095238095237,-3.959300741683529
S2324-G0248,M. Bridges,3,-7.126666666666669,4.157857767268403
S2324-G0248,M. Wagner,1,-0.010000000000000675,-0.25121894776745257
S2324-G0248,M. Wagner,2,-5.014999999999999,1.5942760873883246
S2324-G0248,M. Wagner,3,9.310714285714285,3.2563695062491416
S2324-G0248,M. Williams,1,13.018253968253967,2.1910403696683427
S2324-G0248,M. Williams,2,-13.046825396825396,-7.391487623876486
S2324-G0248,M. Williams,3,13.05238095238095,2.675988275924084
S2324-G0248,P. Banchero,1,2.4023076923076907,0.7587423562870687
S2324-G0248,P. Banchero,2,-12.302307692307695,-3.064759519757835
S2324-G0248,P. Banchero,3,5.743606393606395,8.199576776734734
S2324-G0248,P. Washington,1,4.594444444444445,-2.486834518003333
S2324-G0248,P. Washington,2,-12.319444444444445,-4.208870376600203
S2324-G0248,P. Washington,3,-7.068939393939395,2.9257701895965216
S2324-G0248,T. Rozier,1,-5.630303030303031,2.742532361662784
S2324-G0248,T. Rozier,2,10.785714285714286,5.408910181358212
S2324-G0248,T. Rozier,3,-10.083333333333334,-1.7525456147572658
S2324-G0266,B. McGowens,1,14.924999999999999,5.940044876018105
S2324-G0266,B. McGowens,2,-15.333333333333332,-5.2415141026869
S2324-G0266,B. McGowens,3,15.266666666666666,7.927671057215561
S2324-G0266,C. Johnson,1,1.4233333333333338,3.09695573228362
S2324-G0266,C. Johnson,2,5.891666666666666,3.2451704101047376
S2324-G0266,C. Johnson,3,-15.542307692307695,-1.767349414363118
S2324-G0266,C. Thomas,1,-0.9620129870129865,10.94265025200953
S2324-G0266,C. Thomas,2,5.399999999999999,8.320181915422834
S2324-G0266,C. Thomas,3,5.2719696969696965,2.1724708740729723
S2324-G0266,D. Finney-Smith,1,9.641666666666666,1.7033852778152803
S2324-G0266,D. Finney-Smith,2,-8.341666666666667,-7.977587365648846
S2324-G0266,D. Finney-Smith,3,5.395238095238096,2.6982773075910083
S2324-G0266,D. Sharpe,1,7.479999999999999,0.10242204657205893
S2324-G0266,D. Sharpe,2,-7.525,-6.700102704774322
S2324-G0266,D. Sharpe,3,6.425000000000001,0.7627226866424222
S2324-G0266,G. Hayward,1,-12.918181818181818,-0.7799919853003111
S2324-G0266,G. Hayward,2,8.261038961038961,5.544140604640278
S2324-G0266,G. Hayward,3,2.512987012987013,1.5901265445007438
S2324-G0266,I. Smith,1,-0.03333333333333344,-5.544927992933511
S2324-G0266,I. Smith,2,0.0,-5.289973598727397
S2324-G0266,J. Thor,1,-0.047619047619047894,-3.7850840455687553
S2324-G0266,J. Thor,2,-1.9523809523809526,-3.0845848156019207
S2324-G0266,L. Walker IV,2,-1.2191558441558445,-0.8785512968290975
S2324-G0266,M. Bridges,1,11.864980117921295,23.052938648434015
S2324-G0266,M. Bridges,2,-15.251693404634576,10.437460204768081
S2324-G0266,M. Bridges,3,21.858080808080803,24.264824182454138
S2324-G0266,M. Williams,1,3.996367521367521,7.349105777644685
S2324-G0266,M. Williams,2,15.642307692307693,1.3316981600800804
S2324-G0266,M. Williams,3,-4.580555555555556,-9.49937077595594
S2324-G0266,N. Claxton,1,4.4444444444444455,-0.6625383514662044
S2324-G0266,N. Claxton,2,-13.359047619047615,-4.752313658290342
S2324-G0266,N. Claxton,3,-2.0333766233766255,7.211024042969235
S2324-G0266,N. Smith Jr.,2,-7.614285714285714,-2.2331764073753915
S2324-G0266,P. Washington,1,-13.111214667685257,-1.8532600662001186
S2324-G0266,P. Washington,2,10.633725490196078,3.786257725727554
S2324-G0266,P. Washington,3,-0.16666666666666696,-5.505654929228087
S2324-G0266,S. Dinwiddie,1,-11.636363636363637,-4.412808960720689
S2324-G0266,S. Dinwiddie,2,11.731601731601732,5.764796856021732
S2324-G0266,S. Dinwiddie,3,-9.092857142857142,-6.190865993659602
S2324-G0266,T. Rozier,1,-22.844705882352944,-0.010888389067537403
S2324-G0266,T. Rozier,2,0.658991596638657,16.0856592961659
S2324-G0266,T. Rozier,3,6.892039072039072,14.205310326191121
S2324-G0266,T. Watford,1,2.2666666666666666,-0.45406314935341474
S2324-G0266,T. Watford,2,0.06666666666666643,-0.9379806491146839
S2324-G0266,T. Watford,3,1.9666666666666668,-1.6029994777602066
S2324-G0267,A. Nembhard,2,0.3439560439560445,-3.2185800541114733
S2324-G0267,A. Nembhard,3,1.9444444444444438,-4.777549403812242
S2324-G0267,A. Nesmith,1,-14.141904761904762,-5.780494188680335
S2324-G0267,A. Nesmith,2,14.013333333333332,7.845101120496325
S2324-G0267,A. Nesmith,3,-6.516666666666666,-9.310978687987703
S2324-G0267,B. Adebayo,1,0.5784415584415576,3.1172297715169455
S2324-G0267,B. Brown,1,-5.34,-4.3394740173584605
S2324-G0267,B. Brown,2,-0.029696969696969333,2.128871852330989
S2324-G0267,B. Brown,3,-10.733333333333334,1.852869335278098
S2324-G0267,B. Hield,1,-0.18225108225108144,-1.0490417562799954
S2324-G0267,B. Hield,2,4.3126406926406915,-3.0130968496141306
S2324-G0267,B. Hield,3,-22.19922077922078,-4.364219454974509
S2324-G0267,B. Mathurin,1,0.13454545454545652,0.9411471683011962
S2324-G0267,B. Mathurin,2,4.365454545454545,1.539514621815806
S2324-G0267,B. Mathurin,3,-2.2714285714285714,-3.337967271714162
S2324-G0267,C. Martin,2,12.567543859649126,7.8744428918874485
S2324-G0267,C. Martin,3,4.625,-8.48645568345789
S2324-G0267,D. Robinson,1,2.3083333333333327,-0.28250100624432184
S2324-G0267,D. Robinson,2,-1.6083333333333334,-1.5226360335755662
S2324-G0267,D. Robinson,3,-9.953571428571431,0.09024211622367306
S2324-G0267,H. Highsmith,1,-1.9333333333333331,-4.412808960720689
S2324-G0267,H. Highsmith,2,4.166666666666666,-0.451973427632386
S2324-G0267,I. Jackson,1,0.03333333333333344,-6.169848148589279
S2324-G0267,J. Butler,1,12.366666666666667,6.926513783666484
S2324-G0267,J. Butler,2,-32.470426065162904,-5.685165000008229
S2324-G0267,J. Butler,3,24.351378446115287,22.541309063881005
S2324-G0267,J. Jaquez Jr.,1,-0.6521212121212132,-1.7420755725286272
S2324-G0267,J. Jaquez Jr.,2,-9.104545454545454,-0.7220773580437098
S2324-G0267,J. Jaquez Jr.,3,-15.974705882352941,4.3009207850901765
S2324-G0267,J. Richardson,1,0.9333333333333336,2.505368044491439
S2324-G0267,J. Richardson,2,9.66969696969697,0.5517536820362978
S2324-G0267,J. Richardson,3,-14.989177489177488,-6.255030273318528
S2324-G0267,K. Love,1,4.085714285714285,-2.446504624202314
S2324-G0267,K. Love,3,-2.9035714285714285,-4.704228785836472
S2324-G0267,K. Lowry,1,5.141666666666666,3.398610968544761
S2324-G0267,K. Lowry,2,-5.8702380952380935,0.4629076271503395
S2324-G0267,M. Turner,1,14.200833333333332,6.639569608560458
S2324-G0267,M. Turner,2,-8.870000000000001,-5.780277040866499
S2324-G0267,M. Turner,3,13.251212121212122,2.48783897915548
S2324-G0267,O. Robinson,2,6.633333333333334,-1.3049743264608413
S2324-G0267,O. Toppin,1,15.028571428571427,7.161823125399485
S2324-G0267,O. Toppin,2,-20.750793650793653,-5.83287202870649
S2324-G0267,O. Toppin,3,13.71919191919192,13.77470370042781
S2324-G0267,T. Haliburton,1,-6.641168831168827,12.49056433930483
S2324-G0267,T. Haliburton,2,16.97840659340659,18.69919441472551
S2324-G0267,T. Haliburton,3,-15.13572261072261,-3.259592470227778
S2324-G0271,A. Davis,1,25.002272727272725,20.525309237084123
S2324-G0271,A. Davis,2,-15.392307692307694,-7.432457835249481
S2324-G0271,A. Davis,3,17.450641025641026,9.35213257370186
S2324-G0271,A. Reaves,1,-8.925454545454546,-3.750933716958999
S2324-G0271,A. Reaves,2,-0.5212121212121197,3.7574827587279302
S2324-G0271,A. Reaves,3,2.013333333333332,4.122473045897953
S2324-G0271,A. Wiggins,2,10.814285714285713,1.0414033824743423
S2324-G0271,A. Wiggins,3,0.1444444444444446,-5.572488029007697
S2324-G0271,C. Holmgren,1,-1.8963636363636365,-0.9353581111723743
S2324-G0271,C. Holmgren,2,-10.663636363636364,-1.7691424197622312
S2324-G0271,C. Holmgren,3,10.30952380952381,6.855886820535576
S2324-G0271,C. Wallace,1,-12.81969696969697,-5.914740076581552
S2324-G0271,C. Wallace,2,10.603030303030303,6.33194058698952
S2324-G0271,C. Wallace,3,-8.64,-4.603793731934867
S2324-G0271,C. Wood,1,3.469444444444444,0.5179941858152137
S2324-G0271,C. Wood,2,4.438888888888889,-2.068996207230328
S2324-G0271,C. Wood,3,-4.233333333333333,-5.374469384705407
S2324-G0271,D. Russell,1,4.059166666666664,6.9933468779795
S2324-G0271,D. Russell,2,12.036071428571429,0.8382251096560628
S2324-G0271,D. Russell,3,-8.995238095238095,-9.389294745034762
S2324-G0271,I. Joe,1,-10.299999999999999,-2.971762129103352
S2324-G0271,I. Joe,2,6.049999999999999,5.301221868354226
S2324-G0271,I. Joe,3,0.1750000000000007,-0.504064699191357
S2324-G0271,J. Giddey,1,9.572380952380954,4.83801404609372
S2324-G0271,J. Giddey,2,-7.609848484848485,-6.1972274839456425
S2324-G0271,J. Giddey,3,14.376515151515152,-0.43954997945809493
S2324-G0271,J. Hood-Schifino,2,4.488095238095238,-3.056369602835793
S2324-G0271,J. Hood-Schifino,3,-12.262987012987013,-5.731258028527273
S2324-G0271,J. Williams,1,-1.4749999999999996,1.189856138387878
S2324-G0271,J. Williams,2,10.685714285714283,1.3570099978031405
S2324-G0271,J. Williams,3,-17.503571428571426,-4.545551229085409
S2324-G0271,K. Williams,2,0.833333333333333,-3.657551344837582
S2324-G0271,K. Williams,3,-2.206666666666667,-3.165636927943139
S2324-G0271,L. Dort,1,8.969696969696969,-1.2676805428128153
S2324-G0271,L. Dort,2,-16.428571428571427,-6.344256268506246
S2324-G0271,L. Dort,3,8.823015873015873,4.996324453050668
S2324-G0271,L. James,1,3.679653679653679,5.281863954125915
S2324-G0271,L. James,2,1.2466666666666661,1.4762861148954052
S2324-G0271,L. James,3,3.995213675213675,-1.3386918246595079
S2324-G0271,L. Waters III,1,-8.913333333333332,-5.8708714226275225
S2324-G0271,L. Waters III,2,0.913333333333334,2.939098349980779
S2324-G0271,M. Christie,1,5.576666666666667,1.7452337510263098
S2324-G0271,M. Christie,2,1.4352380952380956,-3.502556241451505
S2324-G0271,S. Gilgeous-Alexander,1,19.25730769230769,18.599044270647237
S2324-G0271,S. Gilgeous-Alexander,2,-12.305714285714284,-0.1398307861943777
S2324-G0271,S. Gilgeous-Alexander,3,21.065714285714286,11.88867353888368
S2324-G0271,T. Prince,1,2.2696969696969695,-0.46206954418762824
S2324-G0271,T. Prince,2,-3.783333333333335,-3.936691360868664
S2324-G0271,T. Prince,3,9.116666666666667,0.17026292107352464
S2324-G0276,C. Boucher,2,15.360000000000001,7.674043320297875
S2324-G0276,C. Boucher,3,-12.0,-5.729106598649821
S2324-G0276,D. DiVincenzo,1,-9.833333333333332,-1.5559544375242054
S2324-G0276,D. DiVincenzo,2,-8.406666666666666,8.674798121720318
S2324-G0276,D. Schroder,1,-0.1190476190476204,-0.40164069182926543
S2324-G0276,D. Schroder,2,4.176666666666667,0.9901422321622012
S2324-G0276,D. Schroder,3,-6.493333333333333,-1.7075947527555113
S2324-G0276,G. Trent Jr.,1,4.233333333333334,-1.3170776394605512
S2324-G0276,G. Trent Jr.,2,-2.3000000000000003,-2.9822196228784175
S2324-G0276,G. Trent Jr.,3,0.2999999999999998,-1.6252578452473518
S2324-G0276,I. Hartenstein,1,-0.30303030303030365,-1.232419375648492
S2324-G0276,I. Hartenstein,2,5.703030303030303,-1.3727620823232891
S2324-G0276,I. Quickley,1,0.7666666666666675,-1.9521109900885727
S2324-G0276,I. Quickley,2,2.1999999999999997,-0.6973552016211507
S2324-G0276,I. Quickley,3,-10.895238095238094,-3.780495939951174
S2324-G0276,J. Brunson,1,11.13650793650794,12.278465409883824
S2324-G0276,J. Brunson,2,-2.2809523809523817,0.5288361206729777
S2324-G0276,J. Brunson,3,6.316666666666668,3.431254066521466
S2324-G0276,J. Hart,1,-2.812987012987013,-1.990074626074354
S2324-G0276,J. Hart,2,-24.196536796536797,0.13385649001263533
S2324-G0276,J. Hart,3,31.214285714285715,17.5887108038021
S2324-G0276,J. McDaniels,2,-2.05,-2.911862009963394
S2324-G0276,J. Poeltl,1,8.510714285714286,0.594492106958742
S2324-G0276,J. Poeltl,2,-8.527167277167276,-9.206064529542532
S2324-G0276,J. Poeltl,3,2.2271672771672772,0.7176122484273565
S2324-G0276,J. Randle,1,18.572222222222223,11.035948095451733
S2324-G0276,J. Randle,2,-6.619230769230769,-5.108683892198469
S2324-G0276,J. Randle,3,3.454945054945055,3.7933471950824296
S2324-G0276,M. Flynn,2,0.008333333333333304,-4.8786389354068
S2324-G0276,M. Robinson,1,4.194444444444445,-2.89166508985465
S2324-G0276,M. Robinson,2,-4.1439393939393945,-7.617749479369977
S2324-G0276,M. Robinson,3,0.027272727272727337,-2.4593057440572137
S2324-G0276,O. Anunoby,1,1.5999999999999996,-2.575652378617052
S2324-G0276,O. Anunoby,2,0.6988095238095235,-2.2195352137576316
S2324-G0276,O. Anunoby,3,-8.432142857142857,-3.837784605544113
S2324-G0276,P. Achiuwa,1,2.7750000000000004,1.4432416531216663
S2324-G0276,P. Achiuwa,2,-2.125,1.2714017076253965
S2324-G0276,P. Achiuwa,3,-0.5666666666666664,1.8809821060169847
S2324-G0276,P. Siakam,1,-7.24969696969697,7.352297526998016
S2324-G0276,P. Siakam,2,10.650649350649353,6.1407224018260385
S2324-G0276,P. Siakam,3,8.919047619047618,-0.28017521135026113
S2324-G0276,Q. Grimes,1,-2.3666666666666663,-6.263642031118527
S2324-G0276,Q. Grimes,2,-6.566666666666666,-3.967077464737296
S2324-G0276,R. Barrett,1,3.248518148518148,8.89801225822512
S2324-G0276,R. Barrett,2,12.921611721611722,6.3127678829701
S2324-G0276,R. Barrett,3,0.4476190476190478,-6.954284357573424
S2324-G0276,S. Barnes,1,3.012456140350878,7.4597368427954684
S2324-G0276,S. Barnes,2,-8.92451963241437,5.741169359737031
S2324-G0276,S. Barnes,3,8.922222222222224,9.963764719273104
S2324-G0278,B. Ingram,1,6.394444444444444,2.156922517617098
S2324-G0278,B. Ingram,2,-6.35,-3.089830323455275
S2324-G0278,B. Ingram,3,0.1984126984126977,2.4640542779978243
S2324-G0278,C. Bassey,1,4.204761904761905,0.20510699269836852
S2324-G0278,C. Bassey,2,-0.13484848484848477,-0.6138963593425775
S2324-G0278,C. Bassey,3,4.403896103896104,-1.6672501010778311
S2324-G0278,C. McCollum,1,4.303636363636363,2.4007615927141974
S2324-G0278,C. McCollum,2,4.2887445887445885,-0.39621807019863314
S2324-G0278,C. McCollum,3,-29.179047619047623,-4.530768026124177
S2324-G0278,C. Osman,1,17.25,9.398177431107047
S2324-G0278,C. Osman,2,-1.6499999999999995,-5.587780937804368
S2324-G0278,C. Osman,3,2.9636363636363634,-2.7297405128655736
S2324-G0278,C. Zeller,1,2.283333333333333,-3.518586325245815
S2324-G0278,C. Zeller,3,0.0,-5.683317919059108
S2324-G0278,D. Daniels,2,-2.7666666666666657,-1.9693907519328657
S2324-G0278,D. Vassell,1,-3.42,0.7295901693561886
S2324-G0278,D. Vassell,2,-4.603333333333335,3.6531260557345444
S2324-G0278,D. Vassell,3,8.074615384615386,4.9560836213357895
S2324-G0278,H. Jones,1,2.0266666666666673,0.7695028136952415
S2324-G0278,H. Jones,2,-8.735000000000001,-0.736441875491837
S2324-G0278,H. Jones,3,14.025,6.2474273979847785
S2324-G0278,J. Champagnie,1,7.666666666666666,-0.24587661188868343
S2324-G0278,J. Champagnie,2,-12.918181818181818,-4.604747512648405
S2324-G0278,J. Champagnie,3,5.518181818181818,5.724629565604594
S2324-G0278,J. Hawkins,1,3.1999999999999997,-1.4100017179775002
S2324-G0278,J. Hawkins,2,-0.06666666666666643,-3.641495430543851
S2324-G0278,J. Hawkins,3,2.3,-4.469957813514143
S2324-G0278,J. Sochan,1,-9.259999999999998,-1.6478211929230264
S2324-G0278,J. Sochan,2,10.035,6.111850841471496
S2324-G0278,J. Sochan,3,-13.944444444444443,-1.3177882161574088
S2324-G0278,J. Valanciunas,1,5.64235347985348,9.943736481536114
S2324-G0278,J. Valanciunas,2,3.9738261738261773,-2.5535682411372616
S2324-G0278,J. Valanciunas,3,9.772987012987011,-1.0275494753950511
S2324-G0278,K. Johnson,1,-9.784415584415584,-6.263642031118527
S2324-G0278,K. Johnson,2,2.9066378066378062,4.40615759164533
S2324-G0278,K. Johnson,3,-4.0055555555555555,0.19358231103457044
S2324-G0278,M. Branham,1,-16.201190476190476,-4.412808960720689
S2324-G0278,M. Branham,2,18.501190476190477,8.018751286755675
S2324-G0278,M. Branham,3,-5.300000000000001,-6.756478935235709
S2324-G0278,N. Marshall,2,3.993333333333334,2.1612660998286075
S2324-G0278,S. Mamukelashvili,1,-10.1,-5.866799967113386
S2324-G0278,T. Jones,1,-5.234999999999999,-0.24909408963255267
S2324-G0278,T. Jones,2,2.0583333333333336,2.203992609614553
S2324-G0278,T. Jones,3,7.5666666666666655,2.3758907058131062
S2324-G0278,T. Murphy III,1,15.54,5.184594781113099
S2324-G0278,T. Murphy III,2,-19.663333333333334,-6.815698190367681
S2324-G0278,T. Murphy III,3,6.7233333333333345,8.994959682521657
S2324-G0278,Z. Collins,1,10.600000000000001,7.550382383589532
S2324-G0278,Z. Collins,2,5.466666666666667,-4.599218315412146
S2324-G0278,Z. Collins,3,2.341666666666667,-7.522675946779363
S2324-G0278,Z. Williamson,1,-21.949404761904763,-5.980626229794997
S2324-G0278,Z. Williamson,2,15.3625,12.807376652537103
S2324-G0278,Z. Williamson,3,2.286904761904762,-4.489848025029809
S2324-G0287,A. Lawson,2,-15.401587301587304,0.7402737568090905
S2324-G0287,A. Wiggins,2,2.2333333333333334,-4.3394740173584605
S2324-G0287,C. Holmgren,1,4.1880952380952365,0.9753256285226279
S2324-G0287,C. Holmgren,2,4.4176190476190484,-3.6125406650620535
S2324-G0287,C. Holmgren,3,-12.026060606060607,-4.588004279823455
S2324-G0287,C. Wallace,1,9.460714285714285,6.697645073282933
S2324-G0287,C. Wallace,2,-11.432380952380953,-1.7875397402152406
S2324-G0287,C. Wallace,3,12.775238095238098,7.1917554124121
S2324-G0287,D. Bertans,2,5.330555555555556,3.4365531174614206
S2324-G0287,D. Jones Jr.,1,5.595641025641028,4.721475773492832
S2324-G0287,D. Jones Jr.,2,-5.408888888888891,-0.8410843699775241
S2324-G0287,D. Jones Jr.,3,5.322222222222223,6.51158850422127
S2324-G0287,D. Lively II,1,-4.0587301587301585,-2.4218139066880635
S2324-G0287,D. Lively II,2,-6.40920634920635,-1.78597466943003
S2324-G0287,D. Lively II,3,1.9703896103896117,2.518591669296669
S2324-G0287,G. Williams,1,-7.761904761904763,-3.8455899331441676
S2324-G0287,G. Williams,2,3.3100000000000005,2.3387476969258194
S2324-G0287,I. Joe,1,5.1,0.8301215896230337
S2324-G0287,I. Joe,2,-2.1666666666666665,-3.4738205845097143
S2324-G0287,I. Joe,3,-0.6333333333333337,-1.72706127381378
S2324-G0287,J. Giddey,1,4.519047619047621,3.438356831601051
S2324-G0287,J. Giddey,2,-5.6557142857142875,-3.3407695684527106
S2324-G0287,J. Hardy,1,2.1891774891774887,1.9238452452267976
S2324-G0287,J. Hardy,2,5.271428571428571,-2.6760192022029843
S2324-G0287,J. Williams,1,8.014705882352935,17.640397025684308
S2324-G0287,J. Williams,2,2.221390374331552,4.568682085157418
S2324-G0287,J. Williams,3,4.106082153140978,6.039997443548263
S2324-G0287,K. Williams,2,3.7266666666666666,-0.30964596656523136
S2324-G0287,L. Doncic,1,3.6104278074866336,11.070048011562642
S2324-G0287,L. Doncic,2,-1.6212509712509728,3.2001050862224263
S2324-G0287,L. Doncic,3,0.9504717504717526,4.604587444916354
S2324-G0287,L. Dort,1,-4.574458874458875,0.2477447599619162
S2324-G0287,L. Dort,3,-2.0236363636363635,0.9718525157431964
S2324-G0287,O. Prosper,1,2.004761904761904,-1.7434967791548377
S2324-G0287,O. Prosper,2,2.3333333333333335,-3.228278574817238
S2324-G0287,S. Curry,1,3.0095238095238095,-0.8919386729097742
S2324-G0287,S. Curry,2,-2.406349206349206,-2.4287949743198123
S2324-G0287,S. Curry,3,-20.544444444444444,0.635877163654826
S2324-G0287,S. Gilgeous-Alexander,1,-13.31904761904762,-0.22659933172251437
S2324-G0287,S. Gilgeous-Alexander,2,14.663636363636364,6.351816328235278
S2324-G0287,S. Gilgeous-Alexander,3,4.586363636363636,-5.935829466559775
S2324-G0290,A. Gordon,1,-13.243333333333332,-1.8940472208497718
S2324-G0290,A. Gordon,2,11.366666666666665,8.819564239287757
S2324-G0290,A. Gordon,3,-3.508333333333333,-0.29110456845070376
S2324-G0290,A. Vezenkov,1,-11.108333333333333,-5.866799967113386
S2324-G0290,A. Vezenkov,2,11.174999999999999,4.748134934234017
S2324-G0290,C. Braun,1,2.5266666666666673,3.2889302672134093
S2324-G0290,C. Braun,2,-5.08,1.883204854483425
S2324-G0290,D. Fox,1,-6.910822510822511,0.2558205284790809
S2324-G0290,D. Fox,2,1.6166666666666671,5.903335933478959
S2324-G0290,D. Fox,3,-14.178205128205128,1.9817019528143696
S2324-G0290,D. Jordan,1,-8.76969696969697,-2.962055407417114
S2324-G0290,D. Jordan,2,7.011363636363637,4.609710682466917
S2324-G0290,D. Sabonis,1,9.959036796536799,10.477993098145618
S2324-G0290,D. Sabonis,3,-8.791408591408592,-3.495445601001189
S2324-G0290,H. Barnes,1,3.8585714285714285,2.125176325528922
S2324-G0290,H. Barnes,2,2.904761904761905,-0.0809251164518573
S2324-G0290,H. Barnes,3,4.1,-1.3792794988834465
S2324-G0290,J. Holiday,1,2.3833333333333333,-3.8330241550369215
S2324-G0290,J. Holiday,2,0.06666666666666665,-4.485867599493218
S2324-G0290,J. Holiday,3,-0.06666666666666665,-5.748546281396881
S2324-G0290,J. McGee,1,-17.1,-4.473571264467798
S2324-G0290,J. McGee,2,17.3,10.221739466675762
S2324-G0290,J. McGee,3,0.08333333333333326,-7.34368908289435
S2324-G0290,J. Strawther,1,3.3333333333333335,-2.7354622403418145
S2324-G0290,J. Strawther,2,-6.666666666666668,-5.054443466011865
S2324-G0290,K. Caldwell-Pope,1,3.486666666666667,-3.1006081055644352
S2324-G0290,K. Caldwell-Pope,2,-9.033333333333333,-5.583849780868175
S2324-G0290,K. Caldwell-Pope,3,-6.516666666666666,5.21013496005462
S2324-G0290,K. Ellis,1,-2.3,-6.263642031118527
S2324-G0290,K. Ellis,2,2.2333333333333334,-3.631860075350902
S2324-G0290,K. Huerter,1,-1.2249999999999996,2.663154368318583
S2324-G0290,K. Huerter,2,11.933333333333334,-0.8024487257248887
S2324-G0290,K. Huerter,3,-7.258333333333335,-7.401771849013472
S2324-G0290,K. Murray,1,2.364285714285714,-4.031005766338516
S2324-G0290,K. Murray,2,-17.25,-3.831984693917714
S2324-G0290,K. Murray,3,14.983333333333333,10.334325830046875
S2324-G0290,M. Monk,1,1.9777777777777779,5.8088500791022515
S2324-G0290,M. Monk,2,5.78888888888889,2.6699560578566013
S2324-G0290,M. Monk,3,-15.01904761904762,-4.208174729250992
S2324-G0290,M. Porter Jr.,1,-6.212698412698412,-1.2297507337513536
S2324-G0290,M. Porter Jr.,2,6.298809523809524,3.3549542791382314
S2324-G0290,M. Porter Jr.,3,1.1416666666666657,-3.517662726870712
S2324-G0290,N. Jokic,1,34.8658371040724,28.37940320941885
S2324-G0290,N. Jokic,2,-16.33137254901961,-8.838452335659797
S2324-G0290,N. Jokic,3,4.581372549019612,9.807716190000063
S2324-G0290,P. Watson,1,2.0666666666666664,-5.284482719592094
S2324-G0290,P. Watson,2,-4.300000000000001,-5.289973598727397
S2324-G0290,P. Watson,3,4.2023809523809526,-2.320079202314294
S2324-G0290,R. Jackson,1,-7.105411255411255,-0.40164069182926543
S2324-G0290,R. Jackson,2,11.379696969696969,5.213136520801944
S2324-G0290,R. Jackson,3,-28.456153846153846,-3.2704411252391266
S2324-G0290,T. Lyles,1,-8.733333333333333,-5.866799967113386
S2324-G0290,T. Lyles,2,-0.6142857142857139,2.6823722346933825
S2324-G0290,T. Lyles,3,1.7095238095238088,1.9503386144486865
S2324-G0291,A. Davis,1,11.505714285714284,13.663668251732709
S2324-G0291,A. Davis,2,1.6918181818181814,-0.6261632423288326
S2324-G0291,A. Davis,3,-0.5068181818181827,2.847210550629083
S2324-G0291,A. Holiday,1,-5.658333333333332,-1.5559544375242054
S2324-G0291,A. Holiday,3,2.2749999999999986,4.2165922847735695
S2324-G0291,A. Reaves,1,-21.887500000000003,-0.9497054810944094
S2324-G0291,A. Reaves,2,21.07638888888889,18.45915918167984
S2324-G0291,A. Reaves,3,7.911111111111112,-2.2829666948961402
S2324-G0291,A. Sengun,1,22.865714285714283,14.935523507460827
S2324-G0291,A. Sengun,2,-28.2125,-12.357731768916107
S2324-G0291,A. Sengun,3,18.7875,20.594467009684433
S2324-G0291,C. Reddish,1,-1.9999999999999996,-4.3394740173584605
S2324-G0291,C. Reddish,2,-6.78095238095238,-1.9072585153413422
S2324-G0291,C. Reddish,3,1.2542857142857127,4.977075908597879
S2324-G0291,C. Wood,2,0.9083333333333332,-4.8786389354068
S2324-G0291,D. Brooks,1,3.9000000000000004,0.07003290366583617
S2324-G0291,D. Brooks,2,-5.441666666666666,-2.735806794102537
S2324-G0291,D. Brooks,3,2.5666666666666664,2.4149558067235333
S2324-G0291,D. Russell,1,14.299999999999999,3.079703868560916
S2324-G0291,D. Russell,2,-13.26060606060606,-7.91226092794585
S2324-G0291,D. Russell,3,8.602272727272727,5.259390575272038
S2324-G0291,F. VanVleet,1,-23.868333333333332,-4.197265252746095
S2324-G0291,F. VanVleet,2,16.368333333333332,12.857046432848739
S2324-G0291,F. VanVleet,3,-8.395000000000001,-3.0038749914762617
S2324-G0291,J. Green,1,12.691087344028523,9.350060715817703
S2324-G0291,J. Green,2,-2.0327540106951876,-10.824730597473916
S2324-G0291,J. Green,3,4.241666666666667,-4.886552299868339
S2324-G0291,J. Smith Jr.,1,4.469047619047618,1.3082080265808764
S2324-G0291,J. Smith Jr.,2,0.23939393939393927,0.1674638919540832
S2324-G0291,J. Smith Jr.,3,3.9625108225108225,-1.1839337246818227
S2324-G0291,J. Tate,1,1.9666666666666663,-2.3117101292276523
S2324-G0291,J. Vanderbilt,1,-0.03333333333333344,-5.866799967113386
S2324-G0291,J. Vanderbilt,2,-4.505555555555555,-4.138422891733184
S2324-G0291,L. James,1,-8.8475,4.134156367882523
S2324-G0291,L. James,2,17.133214285714285,9.940680861427102
S2324-G0291,L. James,3,-1.8809523809523796,-7.86462509312519
S2324-G0291,M. Christie,1,1.0266666666666664,-1.5559544375242054
S2324-G0291,M. Christie,2,-8.584999999999999,-0.7214750184338623
S2324-G0291,M. Christie,3,7.188636363636363,3.85988223854468
S2324-G0291,T. Eason,1,-4.433333333333334,-6.263642031118527
S2324-G0291,T. Eason,2,1.8833333333333333,-0.736698907114028
S2324-G0291,T. Eason,3,-8.616666666666667,-3.768962229012935
S2324-G0291,T. Prince,1,5.3,-1.8394839258363265
S2324-G0291,T. Prince,2,-11.981666666666667,-5.408095567882388
S2324-G0291,T. Prince,3,2.0011111111111113,2.9143494266932097
S2324-G0293,A. Burks,1,-3.2888888888888888,-1.5559544375242054
S2324-G0293,A. Burks,2,0.905555555555555,2.7358179146819626
S2324-G0293,A. Burks,3,1.3452380952380967,0.8036678193646066
S2324-G0293,A. Nesmith,1,-9.875,-5.5774175146276805
S2324-G0293,A. Nesmith,2,0.375,3.8800034859431327
S2324-G0293,A. Nesmith,3,-0.10666666666666558,1.7063336610744317
S2324-G0293,A. Thompson,1,-0.3663203463203466,2.839184102016863
S2324-G0293,A. Thompson,2,5.446320346320345,1.8412826912833042
S2324-G0293,A. Thompson,3,-6.574999999999999,-3.8033474081829084
S2324-G0293,B. Bogdanovic,1,7.936043956043958,5.563861515315487
S2324-G0293,B. Bogdanovic,2,-1.4460439560439564,-0.039168430403445045
S2324-G0293,B. Bogdanovic,3,-4.454444444444444,-1.8500270220779353
S2324-G0293,B. Brown,1,-11.099999999999998,-2.0553045850097345
S2324-G0293,B. Brown,2,11.082692307692305,6.279588432746608
S2324-G0293,B. Brown,3,0.8506410256410257,-5.797278539563151
S2324-G0293,B. Hield,1,-0.9187878787878798,2.098581143606717
S2324-G0293,B. Hield,2,7.518787878787879,2.2123374862828697
S2324-G0293,B. Hield,3,-1.3583333333333334,-2.9692360098405017
S2324-G0293,B. Mathurin,1,-21.548333333333336,2.5166425793718714
S2324-G0293,B. Mathurin,2,14.103203463203464,17.656316815683432
S2324-G0293,B. Mathurin,3,6.6701298701298715,3.3058757731649213
S2324-G0293,C. Cunningham,1,20.303896103896108,20.386075423491516
S2324-G0293,C. Cunningham,2,-1.680952380952382,-4.661630063314782
S2324-G0293,C. Cunningham,3,6.086904761904762,-1.758512204156465
S2324-G0293,I. Jackson,1,12.999999999999998,4.4153415331980135
S2324-G0293,I. Jackson,2,-4.433333333333334,-5.7495401382059175
S2324-G0293,I. Jackson,3,-2.3309523809523807,-2.2119198802948823
S2324-G0293,I. Livers,1,-10.56190476190476,-3.8162167381634777
S2324-G0293,I. Livers,2,8.533333333333331,5.451003732826905
S2324-G0293,I. Livers,3,4.366666666666667,-2.2119198802948823
S2324-G0293,I. Stewart,1,-4.210714285714285,-6.3749769957105675
S2324-G0293,I. Stewart,2,-6.268956043956044,-2.3771033481836743
S2324-G0293,I. Stewart,3,0.7106227106227099,3.2351876031228293
S2324-G0293,J. Ivey,1,15.274999999999999,7.464631281610521
S2324-G0293,J. Ivey,2,-13.087987012987014,-5.900597326767527
S2324-G0293,J. Ivey,3,-2.3441558441558428,5.451278819804574
S2324-G0293,J. Wiseman,1,2.079761904761905,-4.999072890369334
S2324-G0293,J. Wiseman,2,-4.489285714285714,-4.501100251585454
S2324-G0293,J. Wiseman,3,4.447619047619048,-1.2751439464465064
S2324-G0293,K. Hayes,1,0.2869047619047622,-4.863943687161574
S2324-G0293,K. Hayes,2,-4.586904761904762,-4.7575887048628545
S2324-G0293,K. Hayes,3,2.325,-0.2814905223940798
S2324-G0293,M. Turner,1,12.757777777777779,6.082826628286031
S2324-G0293,M. Turner,2,-10.52,-4.432201568832114
S2324-G0293,M. Turner,3,-5.518333333333334,4.33416596405112
S2324-G0293,O. Toppin,1,-9.069444444444446,-2.6792672240496453
S2324-G0293,T. Haliburton,1,-4.649999999999999,-1.2795363852838453
S2324-G0293,T. Haliburton,2,7.64697802197802,-4.157035158894705
S2324-G0293,T. Haliburton,3,-12.739835164835164,-5.763483524164868
S2324-G0293,T. McConnell,1,4.423333333333334,2.612995360151252
S2324-G0293,T. McConnell,2,-6.9833333333333325,-1.8949917092240565
S2324-G0293,T. McConnell,3,13.583333333333332,0.0403499652318691
S2324-G0295,B. Coulibaly,1,-15.698039215686276,-6.020780834898836
S2324-G0295,B. Coulibaly,2,8.098039215686276,5.985925116473306
S2324-G0295,B. Coulibaly,3,-7.943181818181818,-3.0557836783055063
S2324-G0295,C. Kispert,1,1.6933333333333334,-0.6566927011061459
S2324-G0295,C. Kispert,2,0.17333333333333378,-1.0514230871716983
S2324-G0295,C. Kispert,3,-3.1416666666666666,-2.0252269356956343
S2324-G0295,D. Avdija,1,-4.83,-2.7847933728590273
S2324-G0295,D. Avdija,2,-5.229999999999999,0.04197287216582738
S2324-G0295,D. Gallinari,1,2.1333333333333333,-3.7181204349735064
S2324-G0295,D. Melton,1,11.890952380952381,6.013818917690365
S2324-G0295,D. Melton,2,7.118571428571428,-7.5359424968010575
S2324-G0295,D. Melton,3,-4.792857142857143,-8.458368991514503
S2324-G0295,E. Omoruyi,3,-2.2333333333333334,-5.866799967113386
S2324-G0295,J. Butler,1,-2.066666666666667,-4.3394740173584605
S2324-G0295,J. Butler,2,4.216666666666667,-1.1673225468291704
S2324-G0295,J. Butler,3,-21.55,-5.651471334459496
S2324-G0295,J. Embiid,1,5.269523809523811,13.067677416096407
S2324-G0295,J. Embiid,2,-12.296054073803429,-8.686793320845167
S2324-G0295,J. Poole,1,22.885560053981106,10.130069445881029
S2324-G0295,J. Poole,2,-6.573333333333334,-11.505363869040833
S2324-G0295,K. Kuzma,1,10.853383609854198,13.627642355318763
S2324-G0295,K. Kuzma,2,3.3803418803418808,-0.3590329875920539
S2324-G0295,K. Oubre Jr.,1,2.95,0.9755908534270648
S2324-G0295,K. Oubre Jr.,2,-1.9642857142857135,-3.4932119100254018
S2324-G0295,K. Oubre Jr.,3,0.04999999999999982,-0.6127875050698134
S2324-G0295,M. Morris Sr.,1,-9.45,-5.205165323969993
S2324-G0295,M. Morris Sr.,2,-6.614285714285714,3.87827105878238
S2324-G0295,M. Muscala,1,0.13333333333333286,-3.879740261753924
S2324-G0295,M. Muscala,2,-2.4600000000000004,-3.8605153551449245
S2324-G0295,N. Batum,1,-4.252380952380952,-5.007560143417823
S2324-G0295,N. Batum,2,-0.08333333333333304,-1.5298446100890561
S2324-G0295,P. Baldwin Jr.,2,-12.320129870129872,-4.031005766338516
S2324-G0295,P. Beverley,1,15.297619047619047,9.878859185226602
S2324-G0295,P. Reed,2,4.366666666666667,-2.933241108957168
S2324-G0295,P. Reed,3,-4.338888888888889,-7.91226092794585
S2324-G0295,R. Covington,2,5.606666666666666,-0.3899470962000088
S2324-G0295,R. Covington,3,-3.3142857142857145,-8.609154571424419
S2324-G0295,T. Harris,1,2.8400000000000007,-3.0711844141940685
S2324-G0295,T. Harris,2,-2.1000000000000005,-4.350333436777827
S2324-G0295,T. Harris,3,3.2333333333333334,-0.2997069830202066
S2324-G0295,T. Jones,1,-9.658333333333331,-4.8786389354068
S2324-G0295,T. Jones,2,-3.6133333333333333,3.1527051014067644
S2324-G0295,T. Maxey,1,-6.852092352092356,8.009670796144508
S2324-G0295,T. Maxey,2,20.522222222222226,12.172108391829296
S2324-G0297,C. Boucher,2,10.243956043956045,3.5798673585972147
S2324-G0297,D. DiVincenzo,1,0.07499999999999996,-6.231360539454318
S2324-G0297,D. DiVincenzo,2,-7.79,-6.339715304847394
S2324-G0297,D. Schroder,1,1.184415584415584,1.0590430870926189
S2324-G0297,D. Schroder,2,1.8214285714285712,-2.084041824691799
S2324-G0297,D. Schroder,3,-7.135714285714288,0.34615666573751097
S2324-G0297,G. Trent Jr.,1,-4.225,-3.003624706554206
S2324-G0297,G. Trent Jr.,2,4.074999999999999,2.27355872032818
S2324-G0297,G. Trent Jr.,3,0.5500000000000007,-2.402685250367812
S2324-G0297,I. Hartenstein,1,-4.416666666666666,-2.137653460685548
S2324-G0297,I. Hartenstein,2,2.8952380952380947,2.7874140379775003
S2324-G0297,I. Hartenstein,3,-2.6785714285714297,-1.3205216205869927
S2324-G0297,J. Brunson,1,14.375000000000002,4.9414664251007245
S2324-G0297,J. Brunson,2,-16.373333333333335,-7.661549103986263
S2324-G0297,J. Brunson,3,10.888917748917748,9.212671089187307
S2324-G0297,J. Hart,1,3.0412121212121215,-1.5790728551421462
S2324-G0297,J. Hart,2,-4.24121212121212,-3.697503788621296
S2324-G0297,J. Hart,3,-14.022222222222222,-0.9067192047111949
S2324-G0297,J. Poeltl,1,18.617307692307694,6.814961157406579
S2324-G0297,J. Poeltl,2,-4.25,-9.935708509583678
S2324-G0297,J. Poeltl,3,2.35,-3.2704411252391266
S2324-G0297,J. Randle,1,30.731942959001778,22.84134179771908
S2324-G0297,J. Randle,2,-15.246666666666668,-9.164803459030152
S2324-G0297,J. Randle,3,17.246666666666666,9.95893316560021
S2324-G0297,J. Sims,1,-1.755,-4.192560036465278
S2324-G0297,J. Sims,2,4.258333333333333,-3.8853422112959985
S2324-G0297,M. Flynn,1,-5.141269841269841,-1.7621791004941638
S2324-G0297,M. Flynn,2,9.538888888888888,1.1507407195314847
S2324-G0297,M. Flynn,3,-7.7333333333333325,-6.240389619061122
S2324-G0297,M. McBride,1,-5.300000000000001,-5.8708714226275225
S2324-G0297,M. McBride,2,5.300000000000001,0.5526921336361021
S2324-G0297,M. McBride,3,-2.2333333333333334,-5.683317919059108
S2324-G0297,O. Anunoby,1,18.417748917748916,10.503816403128784
S2324-G0297,O. Anunoby,2,-31.043277310924367,-6.413222091855067
S2324-G0297,O. Anunoby,3,24.17470588235294,20.290973851097153
S2324-G0297,P. Achiuwa,1,4.058333333333334,1.1936907199269764
S2324-G0297,P. Achiuwa,2,-5.439285714285713,-1.4213602612464862
S2324-G0297,P. Achiuwa,3,5.627619047619046,2.443408748822779
S2324-G0297,P. Siakam,1,5.284415584415585,2.566795005050249
S2324-G0297,P. Siakam,2,-13.858730158730161,-3.331947467322418
S2324-G0297,P. Siakam,3,14.114285714285714,9.668235340182619
S2324-G0297,Q. Grimes,1,-16.1,-1.3170776394605512
S2324-G0297,Q. Grimes,2,20.4,13.812479331157384
S2324-G0297,Q. Grimes,3,-10.666666666666666,-5.208719815889348
S2324-G0297,R. Barrett,1,1.6909645909645903,6.386485547847363
S2324-G0297,R. Barrett,2,0.3090354090354097,4.228588359792983
S2324-G0297,R. Barrett,3,-6.980952380952381,4.285355254267825
S2324-G0297,S. Barnes,1,-16.000396825396827,0.6770542592734414
S2324-G0297,S. Barnes,2,17.150396825396825,14.26660005650139
S2324-G0297,S. Barnes,3,1.9194444444444452,-2.0952961540058515
S2324-G0298,A. Holiday,1,4.366666666666667,-1.8704665276932946
S2324-G0298,A. Holiday,2,-16.758333333333333,-5.289973598727397
S2324-G0298,A. Sengun,1,9.298888888888888,1.7429274486423452
S2324-G0298,A. Sengun,2,-2.118730158730159,-5.319225885898894
S2324-G0298,A. Sengun,3,0.9920634920634903,-2.3110890304186507
S2324-G0298,A. Thompson,2,2.0800000000000005,-2.5294147391263073
S2324-G0298,C. Osman,1,10.13,4.644276077700156
S2324-G0298,C. Osman,2,-0.10000000000000053,-3.2754082843620096
S2324-G0298,C. Osman,3,0.8857142857142861,-3.084939035923155
S2324-G0298,D. Brooks,1,9.22777777777778,-3.5094105943035783
S2324-G0298,D. Brooks,2,-8.836666666666666,-5.923345897109251
S2324-G0298,D. Brooks,3,6.553333333333333,2.837972518121173
S2324-G0298,D. McDermott,1,3.066666666666667,-1.5559544375242054
S2324-G0298,D. McDermott,2,-7.6,-3.0330013445527606
S2324-G0298,D. Vassell,1,-21.876190476190477,-3.879740261753924
S2324-G0298,D. Vassell,2,12.919523809523811,13.382201136638718
S2324-G0298,D. Vassell,3,-1.9944155844155844,0.7722823691791189
S2324-G0298,F. VanVleet,1,-0.011428571428570677,2.7384423999024956
S2324-G0298,F. VanVleet,2,7.228888888888888,0.91408196569946
S2324-G0298,F. VanVleet,3,-13.015728715728716,-3.7937353782247585
S2324-G0298,J. Champagnie,1,-0.06666666666666665,-6.020780834898836
S2324-G0298,J. Champagnie,2,-2.3,-5.054443466011865
S2324-G0298,J. Green,1,-15.301422107304461,1.4614324107394128
S2324-G0298,J. Green,2,22.96323529411765,14.95647253228109
S2324-G0298,J. Green,3,6.958333333333334,-6.45928547005967
S2324-G0298,J. Smith Jr.,1,-2.3839826839826834,-0.9195777641102206
S2324-G0298,J. Smith Jr.,2,3.4696969696969706,-1.641211237697451
S2324-G0298,J. Smith Jr.,3,-1.677777777777779,-2.5549409112387225
S2324-G0298,J. Sochan,1,6.752777777777778,-1.3636670378980251
S2324-G0298,J. Sochan,2,-2.408333333333333,-6.686783060054181
S2324-G0298,J. Sochan,3,-12.103809523809526,-2.6631636692296294
S2324-G0298,J. Tate,1,-1.1333333333333337,-2.446504624202314
S2324-G0298,K. Johnson,1,-12.567857142857143,-4.326970115903829
S2324-G0298,K. Johnson,2,10.82987012987013,4.617501813868264
S2324-G0298,K. Johnson,3,-0.5647907647907662,-2.834316331650892
S2324-G0298,M. Branham,1,-10.053571428571427,0.771913635648611
S2324-G0298,M. Branham,2,15.212301587301585,9.799037459028774
S2324-G0298,M. Branham,3,-4.408730158730158,-4.96072240227135
S2324-G0298,T. Eason,1,-8.717307692307692,-3.935329419550433
S2324-G0298,T. Eason,2,10.90230769230769,3.7665492177612556
S2324-G0298,T. Eason,3,-32.55805194805195,-6.061322618126152
S2324-G0298,T. Jones,1,3.3333333333333335,-2.7354622403418145
S2324-G0298,T. Jones,2,-1.038095238095238,-5.054443466011865
S2324-G0298,T. Jones,3,0.004761904761904745,-4.385214076649122
S2324-G0298,V. Wembanyama,1,10.15448717948718,6.18050343081928
S2324-G0298,V. Wembanyama,2,-15.681666666666668,-5.725221529990139
S2324-G0298,V. Wembanyama,3,17.91748917748918,8.488105729983806
S2324-G0298,Z. Collins,1,4.866666666666667,-1.8890562002302547
S2324-G0298,Z. Collins,2,-2.55,-5.213947862734808
S2324-G0298,Z. Collins,3,-1.775,-3.2392368655574715
S2324-G0299,A. Lawson,1,-6.641666666666666,-4.863943687161574
S2324-G0299,A. Lawson,2,0.02857142857142847,0.2721157428969339
S2324-G0299,B. Biyombo,1,4.366666666666667,-2.1591457632390014
S2324-G0299,B. Biyombo,2,-0.1333333333333332,-5.213947862734808
S2324-G0299,D. Bane,1,-9.681372549019608,3.037911115060136
S2324-G0299,D. Bane,2,10.594705882352942,9.408486741332053
S2324-G0299,D. Bane,3,-9.67948717948718,-1.6630576572692695
S2324-G0299,D. Exum,1,-20.280882352941177,-3.935329419550433
S2324-G0299,D. Exum,2,18.23088235294118,14.625264020452946
S2324-G0299,D. Exum,3,1.267941176470587,-4.9820100382737165
S2324-G0299,D. Lively II,1,8.63150183150183,2.1910403696683427
S2324-G0299,D. Lively II,2,-6.8008741258741265,-5.128197888775377
S2324-G0299,D. Lively II,3,2.5206543456543464,0.7379672914815075
S2324-G0299,D. Powell,1,2.3666666666666663,-3.2733997425549237
S2324-G0299,D. Powell,3,-4.2333333333333325,-5.580135647116711
S2324-G0299,D. Roddy,1,-1.9816666666666665,-3.482151264540075
S2324-G0299,D. Roddy,2,-1.0576190476190463,0.2748407829124511
S2324-G0299,D. Roddy,3,-2.46904761904762,0.28547543314495416
S2324-G0299,D. Rose,1,-2.1030303030303035,-3.003624706554206
S2324-G0299,D. Rose,2,-5.426969696969696,1.0035536868689752
S2324-G0299,J. Hardy,1,-7.0952380952380985,0.44652865573162714
S2324-G0299,J. Hardy,2,9.366666666666669,8.699173419117207
S2324-G0299,J. Hardy,3,-15.636507936507938,-2.694166356220193
S2324-G0299,J. Jackson Jr.,1,-1.2279365079365085,8.742227345218108
S2324-G0299,J. Jackson Jr.,2,-7.919999999999998,7.824071489184367
S2324-G0299,J. Jackson Jr.,3,1.8566666666666656,14.948886305077364
S2324-G0299,J. Konchar,1,10.011111111111111,1.9238452452267976
S2324-G0299,J. Konchar,2,-7.81111111111111,-6.978082760765495
S2324-G0299,J. Nowell,1,4.6,-2.351913709448443
S2324-G0299,L. Doncic,1,1.3571428571428577,12.153618675741734
S2324-G0299,L. Doncic,2,-0.9380952380952401,6.839593473106134
S2324-G0299,L. Doncic,3,4.613095238095241,7.889357870573286
S2324-G0299,M. Morris,2,-8.266666666666667,-3.879740261753924
S2324-G0299,M. Morris,3,6.0,4.615787826144817
S2324-G0299,O. Prosper,1,9.638095238095238,3.1914310678113336
S2324-G0299,O. Prosper,2,-2.971428571428572,-3.291772557044782
S2324-G0299,O. Prosper,3,-2.3476190476190473,-2.9692360098405017
S2324-G0299,S. Aldama,1,7.763333333333332,-0.8762559721348853
S2324-G0299,S. Aldama,2,-12.308333333333334,-6.815698190367681
S2324-G0299,S. Curry,1,-4.369696969696969,-4.3394740173584605
S2324-G0299,S. Curry,2,-2.144588744588744,0.5731111233633539
S2324-G0299,S. Curry,3,8.747619047619047,0.620247262928342
S2324-G0299,V. Williams Jr.,1,2.3666666666666663,-3.2733997425549237
S2324-G0299,V. Williams Jr.,2,0.0,-5.289973598727397
S2324-G0299,V. Williams Jr.,3,-17.11948717948718,-4.935808933413431
S2324-G0299,X. Tillman,2,2.0047619047619047,-4.484256616834441
S2324-G0299,Z. Williams,2,1.0,0.8301215896230337
S2324-G0299,Z. Williams,3,4.233333333333334,-0.10480238284875398
S2324-G0304,A. Simons,1,-2.4099567099567096,6.049611819526055
S2324-G0304,A. Simons,2,2.3629870129870127,6.785276430249392
S2324-G0304,A. Simons,3,-19.966239316239317,4.836257277341065
S2324-G0304,D. Reath,1,-2.3257142857142856,-1.1350813638873143
S2324-G0304,D. Reath,2,-3.994415584415586,2.4987200116221553
S2324-G0304,D. Reath,3,15.317748917748919,6.095587348881818
S2324-G0304,D. Theis,1,5.166666666666668,-0.24691307927972714
S2324-G0304,D. Theis,2,2.3666666666666663,-2.589797798688385
S2324-G0304,D. Theis,3,0.06666666666666665,-6.073772235705211
S2324-G0304,I. Zubac,1,34.94583333333333,20.131744499129763
S2324-G0304,I. Zubac,2,-6.666666666666667,-17.343368313170316
S2324-G0304,I. Zubac,3,-0.09333333333333371,-4.45014434652533
S2324-G0304,J. Harden,1,-16.433333333333334,-2.285493961405525
S2324-G0304,J. Harden,2,5.866666666666669,10.96214953630648
S2324-G0304,J. Harden,3,2.666666666666666,3.4943465448365782
S2324-G0304,J. Walker,1,-7.775579975579977,-5.115411582427449
S2324-G0304,J. Walker,2,7.447008547008549,4.433721162768756
S2324-G0304,J. Walker,3,-2.0333333333333328,-6.255030273318528
S2324-G0304,K. Leonard,1,13.730844155844153,8.844383715788588
S2324-G0304,K. Leonard,2,-28.993181818181814,-6.023584286021375
S2324-G0304,K. Leonard,3,11.877272727272725,21.89935071912627
S2324-G0304,M. Brown,1,-6.811111111111114,-2.3117101292276523
S2324-G0304,M. Brown,2,4.069552669552671,4.304443435215849
S2324-G0304,M. Thybulle,1,6.566666666666666,-1.885879300193323
S2324-G0304,M. Thybulle,2,-18.2,-4.719161708199427
S2324-G0304,M. Thybulle,3,18.299999999999997,9.140793663602887
S2324-G0304,N. Powell,1,-17.50824175824176,-1.5559544375242054
S2324-G0304,N. Powell,2,18.59157509157509,14.532006535443761
S2324-G0304,N. Powell,3,-0.036363636363636154,-3.228641884493398
S2324-G0304,P. George,1,-9.592207792207793,-1.1131743318330696
S2324-G0304,P. George,2,13.228571428571428,5.706746250210632
S2324-G0304,P. George,3,-21.216666666666665,-4.512086842984619
S2324-G0304,R. Westbrook,1,-4.4063203463203475,3.0920366885648205
S2324-G0304,R. Westbrook,3,16.412987012987013,6.348241691823054
S2324-G0304,S. Henderson,1,-7.071969696969699,6.9872824124517985
S2324-G0304,S. Henderson,2,6.663888888888888,9.905587230608786
S2324-G0304,S. Henderson,3,16.711111111111112,1.6013060597541535
S2324-G0304,S. Sharpe,1,17.824285714285715,14.79383690124012
S2324-G0304,S. Sharpe,2,-7.965844155844154,-4.801724133030604
S2324-G0304,S. Sharpe,3,5.565844155844154,3.46928306469642
S2324-G0304,T. Camara,1,-2.3150000000000004,-6.231360539454318
S2324-G0304,T. Camara,3,-16.287499999999998,-4.19533746903775
S2324-G0304,T. Mann,1,7.2250000000000005,0.6770542592734414
S2324-G0304,T. Mann,2,-4.35,-4.2124510207919785
S2324-G0304,T. Mann,3,2.345238095238096,0.9679987298779449
S2324-G0307,A. Dosunmu,1,0.08412698412698472,-4.3697971100419775
S2324-G0307,A. Dosunmu,2,-4.161904761904762,-4.803813659074255
S2324-G0307,A. Dosunmu,3,-7.8619047619047615,0.966370578120326
S2324-G0307,A. Drummond,1,-4.138095238095238,-5.014756373101497
S2324-G0307,A. Drummond,2,-2.4452380952380963,-0.31998035004335146
S2324-G0307,A. Drummond,3,0.32333333333333325,-0.11574557036421157
S2324-G0307,A. Gordon,1,-12.369696969696967,-1.3049743264608413
S2324-G0307,A. Gordon,2,14.803030303030303,7.9611092910707475
S2324-G0307,A. Gordon,3,-10.1,-2.967968966301798
S2324-G0307,C. Braun,1,7.585858585858585,5.064871491158576
S2324-G0307,C. Braun,2,4.04469696969697,-0.7889907118581969
S2324-G0307,C. Braun,3,-2.0,-5.356571135119033
S2324-G0307,C. White,1,5.058961038961039,4.9735182021419
S2324-G0307,C. White,2,-13.330389610389611,0.31034177184008815
S2324-G0307,C. White,3,16.226173826173827,11.311701269275051
S2324-G0307,D. DeRozan,1,7.145,5.292124802045398
S2324-G0307,D. DeRozan,2,-4.0210989010989024,-1.9125934668741025
S2324-G0307,D. DeRozan,3,9.217765567765568,0.4306272941718289
S2324-G0307,D. Jordan,1,-8.516666666666666,-5.047839500911031
S2324-G0307,D. Jordan,2,6.466666666666667,2.4952584088873753
S2324-G0307,D. Jordan,3,-5.434166666666666,-4.34922899581715
S2324-G0307,D. Terry,2,6.68,-1.5503282404730692
S2324-G0307,J. Carter,1,10.811111111111112,6.3491523476107865
S2324-G0307,J. Carter,2,-7.704761904761904,-5.150615186623437
S2324-G0307,J. Carter,3,12.238095238095237,2.9133335595509853
S2324-G0307,J. Holiday,1,5.366666666666667,-1.5559544375242054
S2324-G0307,J. Holiday,2,-5.366666666666667,-4.855278154387736
S2324-G0307,J. Holiday,3,-1.3083333333333327,-1.5071700445184106
S2324-G0307,J. Strawther,1,-2.1533333333333333,-5.781147927964512
S2324-G0307,J. Strawther,2,-17.092307692307692,-5.363546223511295
S2324-G0307,J. Strawther,3,4.1351648351648365,7.86840387910773
S2324-G0307,K. Caldwell-Pope,1,-4.706666666666667,-2.446504624202314
S2324-G0307,M. Porter Jr.,1,11.31111111111111,4.873179403688928
S2324-G0307,M. Porter Jr.,2,-20.591944444444444,-5.469897962360223
S2324-G0307,M. Porter Jr.,3,24.842738095238094,13.754565839473727
S2324-G0307,N. Jokic,1,6.325396825396824,1.112640028911105
S2324-G0307,N. Vucevic,1,-3.0739926739926737,6.980572691525248
S2324-G0307,N. Vucevic,2,7.896703296703297,7.94509307603527
S2324-G0307,N. Vucevic,3,-1.4574725274725289,0.739524202927843
S2324-G0307,P. Watson,1,13.674999999999999,4.157913405609822
S2324-G0307,P. Watson,2,-4.333333333333333,-6.007924662773303
S2324-G0307,P. Watson,3,4.333333333333333,-1.8627233657616284
S2324-G0307,P. Williams,1,5.233333333333332,0.9596025139754611
S2324-G0307,P. Williams,2,4.733333333333334,-1.99442043074014
S2324-G0307,P. Williams,3,-11.063333333333333,-5.125010033344183
S2324-G0307,R. Jackson,1,0.09010989010988979,8.65287277638222
S2324-G0307,R. Jackson,2,7.490842490842493,4.845478089862519
S2324-G0307,R. Jackson,3,1.0142857142857142,-0.5560040440575581
S2324-G0307,T. Craig,1,2.5300000000000002,-3.268594955741503
S2324-G0307,T. Craig,2,-6.713333333333333,-4.123238598949041
S2324-G0307,T. Craig,3,4.433333333333334,0.6460547174401466
S2324-G0310,A. Burks,2,0.5595238095238084,2.305928786236923
S2324-G0310,A. Thompson,1,-0.3113636363636365,-2.6792672240496453
S2324-G0310,A. Thompson,2,-4.141414141414143,-2.3882423092249647
S2324-G0310,A. Thompson,3,-0.0365079365079346,0.4746395117078215
S2324-G0310,B. Bogdanovic,1,3.074450549450553,9.424204533907567
S2324-G0310,B. Bogdanovic,2,12.164826839826837,5.197402149157547
S2324-G0310,B. Bogdanovic,3,-14.892207792207792,-1.7563255241649314
S2324-G0310,C. Cunningham,1,-15.428609625668448,-1.5592267774706017
S2324-G0310,C. Cunningham,2,4.981818181818181,12.337273380686781
S2324-G0310,D. Melton,1,3.4129870129870117,-0.035120807248273475
S2324-G0310,D. Melton,2,-7.667307692307691,-4.641659215494671
S2324-G0310,I. Livers,1,2.1333333333333333,-2.2391113920352694
S2324-G0310,I. Livers,2,-2.3666666666666676,-3.967077464737296
S2324-G0310,I. Stewart,1,0.3999999999999999,-3.7991530825857227
S2324-G0310,I. Stewart,2,-4.591666666666667,-3.7307507120253067
S2324-G0310,J. Embiid,1,10.561417748917751,27.27863113108565
S2324-G0310,J. Embiid,2,-4.613964982386033,6.889826883339008
S2324-G0310,J. Ivey,1,1.3000000000000007,-2.486834518003333
S2324-G0310,J. Ivey,2,-10.126666666666667,-2.2624280985299032
S2324-G0310,J. Ivey,3,8.526666666666667,4.180416847115984
S2324-G0310,J. Wiseman,1,17.599999999999998,11.092066366799981
S2324-G0310,J. Wiseman,2,4.375,-6.511057860445596
S2324-G0310,J. Wiseman,3,-0.30000000000000004,-6.528806954100473
S2324-G0310,K. Hayes,1,13.251190476190475,1.4613068346679865
S2324-G0310,K. Hayes,2,-6.6,-10.399623879650779
S2324-G0310,K. Hayes,3,2.095238095238096,-2.1928443474790877
S2324-G0310,K. Oubre Jr.,1,1.0642857142857132,3.332666632401888
S2324-G0310,K. Oubre Jr.,2,1.0,2.45325586167134
S2324-G0310,K. Oubre Jr.,3,-0.20555555555555394,1.0914885695049517
S2324-G0310,M. Morris Sr.,1,-8.59,-5.605068670956129
S2324-G0310,M. Morris Sr.,2,8.44,2.110716551701739
S2324-G0310,M. Morris Sr.,3,0.2833333333333332,-5.41019748945185
S2324-G0310,N. Batum,1,-4.258333333333333,-5.8708714226275225
S2324-G0310,N. Batum,2,-1.0749999999999993,-0.868076407604021
S2324-G0310,P. Beverley,1,9.964285714285714,2.305928786236923
S2324-G0310,P. Reed,2,-7.151190476190475,-3.544426387203944
S2324-G0310,R. Covington,2,-9.680303030303032,-4.969469835970957
S2324-G0310,T. Harris,1,4.308333333333334,2.7234729117119807
S2324-G0310,T. Harris,2,-6.474999999999998,-1.546513673971063
S2324-G0310,T. Harris,3,11.999999999999998,6.026951170968888
S2324-G0310,T. Maxey,1,3.677748917748917,-1.9644482405944175
S2324-G0310,T. Maxey,2,-2.118333333333333,-4.213788590280366
S2324-G0310,T. Maxey,3,-4.8464285714285715,-0.2720517954471842
S2324-G0322,A. Brooks,3,-22.18333333333333,-2.962055407417114
S2324-G0322,A. Gordon,1,-5.5,-1.885879300193323
S2324-G0322,A. Gordon,2,-3.245833333333332,2.9558733704174105
S2324-G0322,C. Braun,1,0.1499999999999999,-3.268594955741503
S2324-G0322,C. Braun,2,-26.1675,-3.2186432196242887
S2324-G0322,C. Johnson,1,-1.2785714285714285,-0.08977806702383412
S2324-G0322,C. Johnson,2,-7.7525641025641026,2.23931744853602
S2324-G0322,C. Thomas,1,-12.327058823529415,0.5696792047378171
S2324-G0322,C. Thomas,2,14.317058823529415,10.665537802393466
S2324-G0322,D. Finney-Smith,1,-4.638095238095238,-5.674307212497326
S2324-G0322,D. Finney-Smith,2,2.1547619047619047,-2.2119035475929465
S2324-G0322,D. Jordan,1,-6.723333333333333,-5.866799967113386
S2324-G0322,D. Jordan,2,6.64,1.7379751629435476
S2324-G0322,D. Sharpe,1,-4.6499999999999995,-3.792845036862581
S2324-G0322,D. Sharpe,2,6.925,1.1850353403892986
S2324-G0322,D. Sharpe,3,-19.770238095238092,-4.261847229407432
S2324-G0322,H. Giles III,3,-14.562470862470864,1.2819732403365158
S2324-G0322,J. Holiday,1,6.533333333333334,-0.9444866706765308
S2324-G0322,J. Holiday,2,0.15238095238095184,-6.641448005346337
S2324-G0322,J. Holiday,3,0.11428571428571432,-5.430392631962716
S2324-G0322,J. Murray,1,-0.8305555555555557,7.621451591756693
S2324-G0322,J. Murray,2,12.451666666666668,8.295210826509345
S2324-G0322,J. Strawther,1,-3.9666666666666672,-3.189853915477251
S2324-G0322,J. Strawther,2,-3.2333333333333316,1.5439502289394595
S2324-G0322,J. Strawther,3,-4.66060606060606,2.523048555549486
S2324-G0322,J. Wilson,2,-9.600000000000001,-3.7650027539759665
S2324-G0322,M. Bridges,1,7.421428571428572,2.921800241119084
S2324-G0322,M. Bridges,2,-0.36493506493506533,-5.324411880450882
S2324-G0322,M. Porter Jr.,1,8.69,0.5642366165022652
S2324-G0322,M. Porter Jr.,2,-11.43,-4.380273852994779
S2324-G0322,N. Claxton,1,-6.6779220779220765,-1.7189945925008556
S2324-G0322,N. Claxton,2,2.3920634920634924,0.6484464111522392
S2324-G0322,N. Jokic,1,-6.838095238095237,-0.7041143705687222
S2324-G0322,N. Jokic,2,-14.590676691729325,3.782375721604707
S2324-G0322,P. Watson,1,8.675,2.8091072725483723
S2324-G0322,P. Watson,2,-4.208333333333332,-2.6660181285816535
S2324-G0322,P. Watson,3,-15.025396825396825,-0.6383740871299284
S2324-G0322,R. Jackson,1,0.9266666666666694,4.317228016818895
S2324-G0322,R. Jackson,2,12.239999999999998,4.055899187605852
S2324-G0322,R. Jackson,3,-16.900641025641026,-6.240389619061122
S2324-G0322,R. O'Neale,1,-4.5,-6.020780834898836
S2324-G0322,S. Dinwiddie,1,6.859999999999999,3.125229652476191
S2324-G0322,S. Dinwiddie,2,-15.967058823529415,-3.857059572208128
S2324-G0322,T. Watford,1,6.674444444444444,-1.0579972064067111
S2324-G0322,T. Watford,2,-17.811111111111114,-5.3953919626985405
S2324-G0324,A. Vezenkov,1,-0.0555555555555558,-4.3394740173584605
S2324-G0324,A. Vezenkov,2,-5.319444444444444,-2.865027325925878
S2324-G0324,C. Holmgren,1,0.38937728937728977,-4.047143949166491
S2324-G0324,C. Holmgren,2,-8.596043956043957,-4.75993015003198
S2324-G0324,C. Holmgren,3,-7.027543859649123,1.2767473613309988
S2324-G0324,C. Wallace,1,-5.188888888888888,-5.8708714226275225
S2324-G0324,C. Wallace,2,5.188888888888888,-0.0741266090563451
S2324-G0324,C. Wallace,3,-4.504761904761905,-6.073772235705211
S2324-G0324,D. Fox,1,-14.917499999999999,-0.12202654690484374
S2324-G0324,D. Fox,2,-2.7134523809523827,10.105755290421277
S2324-G0324,D. Fox,3,-8.752380952380946,8.77200605841062
S2324-G0324,D. Sabonis,1,-18.541880341880344,-1.9855742109854682
S2324-G0324,D. Sabonis,2,8.908333333333331,12.285687238486416
S2324-G0324,D. Sabonis,3,14.05,-0.3019915482816239
S2324-G0324,H. Barnes,1,7.6499999999999995,0.2184809750027643
S2324-G0324,H. Barnes,3,-6.619047619047618,-4.425842998295344
S2324-G0324,I. Joe,1,3.2285714285714286,0.8301215896230337
S2324-G0324,I. Joe,2,-0.8285714285714283,-2.389569010126708
S2324-G0324,I. Joe,3,0.8545454545454536,-1.499675199029883
S2324-G0324,J. Giddey,1,4.408225108225109,-2.000739804735303
S2324-G0324,J. Giddey,2,-21.522738095238093,-6.578609761250951
S2324-G0324,J. Giddey,3,6.372954545454544,11.458883356391038
S2324-G0324,J. McGee,1,4.466666666666667,-1.7621791004941638
S2324-G0324,J. Williams,1,2.389926739926743,1.8224021579699152
S2324-G0324,J. Williams,2,10.002380952380951,-0.5206845535512166
S2324-G0324,J. Williams,3,-6.647222222222222,-6.5585845104585205
S2324-G0324,K. Ellis,1,-1.7857142857142865,1.2229020033159745
S2324-G0324,K. Ellis,2,4.1000000000000005,1.7615865711976264
S2324-G0324,K. Ellis,3,-7.443956043956043,-2.3266028593454036
S2324-G0324,K. Huerter,1,8.71904761904762,1.6188693523409645
S2324-G0324,K. Huerter,2,0.0,-8.599490160577124
S2324-G0324,K. Murray,1,13.266666666666666,1.9944388995304816
S2324-G0324,K. Murray,2,-12.04155844155844,-8.014979520715814
S2324-G0324,K. Murray,3,3.738528138528137,4.7261865158678695
S2324-G0324,K. Williams,2,9.025,0.9497335141500417
S2324-G0324,L. Dort,1,6.377380952380952,0.5100568212275588
S2324-G0324,L. Dort,2,-2.2250000000000005,-7.434359771650709
S2324-G0324,L. Dort,3,-11.549999999999999,-2.5640944088283537
S2324-G0324,M. Monk,1,-2.3611111111111107,2.355058167448356
S2324-G0324,M. Monk,2,-10.083333333333334,3.0751861515438166
S2324-G0324,M. Monk,3,12.757142857142858,9.194813401638731
S2324-G0324,O. Dieng,1,0.14285714285714235,-0.8919386729097742
S2324-G0324,S. Gilgeous-Alexander,1,21.918888888888887,19.977450941995592
S2324-G0324,S. Gilgeous-Alexander,2,-19.592121212121206,-5.212706969707548
S2324-G0324,S. Gilgeous-Alexander,3,7.319813519813515,16.88733772580936
S2324-G0324,T. Lyles,1,2.925,-1.8394839258363265
S2324-G0324,T. Lyles,2,-4.464285714285714,-3.9336240973567542
S2324-G0324,T. Lyles,3,4.4976190476190485,0.39409349204472205
S2324-G0328,A. Nesmith,1,5.255555555555556,2.7770091807181454
S2324-G0328,A. Nesmith,2,0.6845454545454537,0.5778824237335302
S2324-G0328,A. Nesmith,3,-0.8189610389610387,-0.34690449932378453
S2324-G0328,B. Brown,1,0.11111111111111249,-1.3636670378980251
S2324-G0328,B. Brown,2,6.51082251082251,-2.578993433090329
S2324-G0328,B. Brown,3,2.3891774891774893,-3.983092196836962
S2324-G0328,B. Coulibaly,1,-1.9615079365079353,3.9945345117193174
S2324-G0328,B. Coulibaly,2,12.66984126984127,2.0332937914026683
S2324-G0328,B. Coulibaly,3,-5.358333333333334,-9.180865447181043
S2324-G0328,B. Hield,1,-4.5888888888888895,-4.982122307143282
S2324-G0328,B. Hield,2,-12.78888888888889,-1.9867973439060582
S2324-G0328,B. Hield,3,5.555555555555557,8.600857320706023
S2324-G0328,B. Mathurin,1,1.7145454545454548,3.163999076501694
S2324-G0328,B. Mathurin,2,-3.34,0.2847939072889008
S2324-G0328,B. Mathurin,3,10.025454545454545,2.4276997123778754
S2324-G0328,B. Sheppard,2,-2.5666666666666664,-6.263642031118527
S2324-G0328,C. Kispert,1,-15.346666666666668,-2.136027345621061
S2324-G0328,C. Kispert,2,7.680000000000003,11.884628377548207
S2324-G0328,C. Kispert,3,-7.503030303030304,1.2208617912227466
S2324-G0328,D. Avdija,1,1.8616666666666664,0.010439439452100104
S2324-G0328,D. Avdija,2,2.1916666666666655,-3.0453733413501136
S2324-G0328,D. Avdija,3,-2.03095238095238,-3.086038291103696
S2324-G0328,D. Gafford,1,3.352380952380952,-4.276144247349213
S2324-G0328,D. Gafford,2,-19.63904761904762,-7.8555949841100725
S2324-G0328,D. Gafford,3,19.58904761904762,8.56293524313998
S2324-G0328,D. Gallinari,1,-4.5777777777777775,-4.889894708491167
S2324-G0328,I. Jackson,1,4.751839826839827,4.992951610107485
S2324-G0328,I. Jackson,2,12.917857142857143,1.7251341636713713
S2324-G0328,I. Jackson,3,-19.668181818181818,-10.136633822601912
S2324-G0328,J. Poole,1,-8.5965367965368,6.405995958651527
S2324-G0328,J. Poole,2,1.3000000000000007,11.24310255198756
S2324-G0328,J. Poole,3,25.914285714285715,11.500805032238691
S2324-G0328,K. Kuzma,1,-1.7348076923076938,3.4242477862124794
S2324-G0328,K. Kuzma,2,-3.3386446886446883,1.7403936260781951
S2324-G0328,K. Kuzma,3,-1.1177489177489157,7.371020213147646
S2324-G0328,M. Muscala,1,0.0,-5.866799967113386
S2324-G0328,M. Muscala,2,-2.2047619047619045,-5.035559551897323
S2324-G0328,M. Turner,1,0.45363636363636317,1.3990935200334167
S2324-G0328,M. Turner,2,5.943506493506495,-0.4236570122545798
S2324-G0328,O. Toppin,1,18.592307692307696,6.253020209260617
S2324-G0328,O. Toppin,2,-16.027380952380955,-8.998154368008251
S2324-G0328,O. Toppin,3,15.985714285714288,3.484909273533432
S2324-G0328,T. Haliburton,1,-4.242307692307694,3.9840930212272707
S2324-G0328,T. Haliburton,2,-5.8681498240321766,1.1470250060687093
S2324-G0328,T. Jones,1,6.599999999999999,1.05860115333302
S2324-G0328,T. Jones,2,-5.419696969696969,-5.161005600818998
S2324-G0328,T. Jones,3,5.379696969696969,0.992262597576668
S2324-G0328,T. McConnell,1,2.1944444444444446,-0.25121894776745257
S2324-G0328,T. McConnell,2,0.10555555555555518,-1.2117518182369253
S2324-G0328,T. McConnell,3,-12.217307692307692,-2.321705317378781
S2324-G0329,A. Black,1,-0.9393939393939394,-2.89166508985465
S2324-G0329,A. Black,2,-3.6030303030303026,-4.299705619319847
S2324-G0329,A. Black,3,-4.05530303030303,0.6311766247405127
S2324-G0329,C. Anthony,1,-8.205555555555556,-0.1506875275006075
S2324-G0329,C. Anthony,2,10.600793650793651,5.798038435755235
S2324-G0329,C. Anthony,3,-5.275238095238095,-1.7058208127286076
S2324-G0329,C. Houstan,2,0.028571428571428914,-4.3394740173584605
S2324-G0329,C. Houstan,3,-9.861904761904762,-3.05366727899217
S2324-G0329,D. White,1,0.06952380952380821,-2.324559205016631
S2324-G0329,D. White,2,-5.88063492063492,-5.239614428919517
S2324-G0329,D. White,3,-5.635897435897435,3.823683586036689
S2324-G0329,F. Wagner,1,0.325874125874126,3.2362616496215404
S2324-G0329,F. Wagner,2,3.2809440559440546,1.7959482049185136
S2324-G0329,F. Wagner,3,5.511363636363638,-0.7009647342380136
S2324-G0329,G. Bitadze,1,7.543333333333332,2.806302577125756
S2324-G0329,G. Bitadze,2,-9.939166666666665,-4.249216148232202
S2324-G0329,G. Bitadze,3,15.391071428571426,6.137144333549161
S2324-G0329,G. Harris,1,-1.9333333333333331,-3.7850840455687553
S2324-G0329,G. Harris,2,1.9333333333333331,-0.43068338822754243
S2324-G0329,J. Brown,1,15.123809523809525,13.114769642131662
S2324-G0329,J. Brown,2,-4.435164835164835,-3.295479624982066
S2324-G0329,J. Holiday,1,-9.989999999999998,-4.975758216777634
S2324-G0329,J. Holiday,2,4.789999999999999,-0.41602970336272976
S2324-G0329,J. Isaac,2,3.185714285714285,1.0454232197197966
S2324-G0329,J. Suggs,1,9.808333333333334,3.545227911860552
S2324-G0329,J. Suggs,2,-8.341666666666665,-5.904659246028413
S2324-G0329,J. Suggs,3,-2.0083333333333346,1.9900618047853669
S2324-G0329,J. Tatum,1,-8.662499999999998,6.810907293408825
S2324-G0329,J. Tatum,2,13.245833333333334,14.784051137714233
S2324-G0329,J. Tatum,3,1.9722222222222197,-1.7272261742950998
S2324-G0329,L. Stevens,1,3.176190476190474,0.7689290332191179
S2324-G0329,L. Stevens,3,1.8071428571428587,-1.6867262102449272
S2324-G0329,M. Wagner,1,-2.3333333333333335,-5.866799967113386
S2324-G0329,M. Wagner,2,-0.10000000000000009,-2.5271416240817803
S2324-G0329,M. Wagner,3,-1.9142857142857141,-2.9584891678576746
S2324-G0329,N. Queta,1,0.161904761904762,-5.500933020996511
S2324-G0329,N. Queta,2,0.004761904761904523,-4.570597184038649
S2324-G0329,N. Queta,3,-10.966666666666665,-4.719161708199427
S2324-G0329,O. Brissett,2,11.513333333333332,3.6681089592516063
S2324-G0329,O. Brissett,3,-2.033333333333333,-5.480055491526772
S2324-G0329,P. Banchero,1,6.341414141414141,3.0186597030472635
S2324-G0329,P. Banchero,2,-18.81919191919192,-5.1036806909079715
S2324-G0329,P. Banchero,3,22.555555555555557,11.956978641112439
S2324-G0329,P. Pritchard,1,16.418571428571425,10.054245774531736
S2324-G0329,P. Pritchard,2,-7.435238095238095,-3.5319310837838125
S2324-G0329,P. Pritchard,3,4.0,2.92767839530997
S2324-G0329,S. Hauser,1,-9.832142857142857,-3.510079221923046
S2324-G0329,S. Hauser,2,4.2904761904761894,2.8058810205746063
S2324-G0329,S. Hauser,3,0.17435897435897552,0.758046665257072
S2324-G0329,S. Mykhailiuk,2,-2.3,-5.8708714226275225
S2324-G0334,A. Green,1,3.200000000000001,0.8979781304218744
S2324-G0334,A. Green,2,-0.7000000000000002,-1.0514230871716983
S2324-G0334,A. Green,3,0.028571428571429358,-2.631742309268204
S2324-G0334,A. Jackson Jr.,1,5.474747474747475,1.29065335057365
S2324-G0334,A. Jackson Jr.,2,-1.1636363636363631,-3.8999532416272134
S2324-G0334,A. Jackson Jr.,3,5.544444444444444,-2.152543001619438
S2324-G0334,A. Thompson,1,-2.036904761904762,-3.8455899331441676
S2324-G0334,A. Thompson,2,-0.9916666666666671,-1.2204563332327958
S2324-G0334,A. Thompson,3,-3.7633333333333328,-1.4129798177747575
S2324-G0334,B. Bogdanovic,1,-12.243333333333334,0.5642366165022652
S2324-G0334,B. Bogdanovic,2,5.089377289377289,10.184983160947166
S2324-G0334,B. Bogdanovic,3,13.07967032967033,4.771330068510534
S2324-G0334,B. Lopez,1,3.2554112554112544,-0.721057319749712
S2324-G0334,B. Lopez,2,4.280952380952381,-6.0025606134804015
S2324-G0334,B. Lopez,3,0.01904761904761887,-6.666665094281808
S2324-G0334,B. Portis,1,-38.70793650793651,-5.069891475604487
S2324-G0334,B. Portis,2,26.575555555555553,23.5383920751797
S2324-G0334,B. Portis,3,-9.378730158730159,-2.3594011471876484
S2324-G0334,C. Cunningham,1,5.473333333333333,7.974884875769367
S2324-G0334,C. Cunningham,2,-1.4363636363636374,-3.121984567232885
S2324-G0334,C. Cunningham,3,4.472077922077924,2.7721699432031266
S2324-G0334,C. Payne,2,-17.952124183006536,-4.863943687161574
S2324-G0334,D. Lillard,1,20.980714285714285,23.875524485378403
S2324-G0334,D. Lillard,2,-11.209210526315786,0.7972134196689314
S2324-G0334,G. Antetokounmpo,1,7.428333333333333,2.8721067788000827
S2324-G0334,G. Antetokounmpo,2,-12.653333333333332,-3.471439613463622
S2324-G0334,I. Livers,1,4.300000000000001,-1.3170776394605512
S2324-G0334,I. Livers,2,-2.497619047619048,-3.705195018713129
S2324-G0334,I. Livers,3,-2.302380952380952,-1.4735685610077742
S2324-G0334,J. Harris,3,2.3666666666666663,-3.7850840455687553
S2324-G0334,J. Ivey,1,9.268571428571429,3.6123885407314864
S2324-G0334,J. Ivey,2,-1.7785714285714285,-3.5319310837838125
S2324-G0334,J. Ivey,3,-22.88636363636364,-2.4385191166103
S2324-G0334,J. Wiseman,1,-0.27500000000000036,-2.6792672240496453
S2324-G0334,J. Wiseman,2,-2.25,-2.3370179177912327
S2324-G0334,J. Wiseman,3,-15.922727272727274,0.1266643615705338
S2324-G0334,K. Hayes,1,-1.9809523809523815,-3.879740261753924
S2324-G0334,K. Hayes,2,-0.2999999999999998,-1.222082448297283
S2324-G0334,K. Knox II,2,-4.841666666666667,-6.231360539454318
S2324-G0334,M. Bagley III,1,0.5012121212121219,1.4451650310981268
S2324-G0334,M. Bagley III,2,-4.524545454545455,0.3287657167974163
S2324-G0334,M. Beauchamp,1,13.890952380952381,7.0684807884714544
S2324-G0334,M. Beauchamp,2,2.218571428571429,-6.665520937707206
S2324-G0334,M. Beauchamp,3,-2.366666666666667,-6.298286573677784
S2324-G0334,M. Sasser,1,-8.406666666666665,-5.8708714226275225
S2324-G0334,M. Sasser,2,3.0233333333333317,2.8733439965112813
S2324-G0334,M. Sasser,3,-1.3214285714285712,-3.152989343989014
S2324-G0334,P. Connaughton,1,-5.249999999999999,-5.914740076581552
S2324-G0334,P. Connaughton,2,0.05999999999999872,-1.2166301625545657
S2324-G0334,T. Antetokounmpo,2,0.0,-5.8708714226275225
S2324-G0343,A. Coffey,1,4.504761904761905,-2.3177633808386866
S2324-G0343,A. Coffey,2,0.0,-5.289973598727397
S2324-G0343,A. Coffey,3,-5.2714285714285705,-5.683317919059108
S2324-G0343,D. DiVincenzo,1,18.066666666666666,8.950153858114048
S2324-G0343,D. DiVincenzo,2,-9.177777777777779,-6.821011201497906
S2324-G0343,D. Theis,1,-11.899999999999999,-6.263642031118527
S2324-G0343,D. Theis,2,9.385714285714284,5.763964514505391
S2324-G0343,I. Hartenstein,1,-15.459090909090909,-1.8926513432461447
S2324-G0343,I. Hartenstein,2,15.284090909090908,6.809694846042716
S2324-G0343,I. Quickley,1,-0.9047619047619033,-1.789879348525094
S2324-G0343,I. Quickley,2,0.5714285714285712,-0.06167573734534033
S2324-G0343,I. Quickley,3,-8.516666666666667,-1.6390854717669006
S2324-G0343,I. Zubac,1,22.77171717171717,10.400222014233242
S2324-G0343,I. Zubac,2,-4.428860028860029,-9.70990885351788
S2324-G0343,I. Zubac,3,6.717748917748919,-5.138234706385199
S2324-G0343,J. Brunson,1,-2.8404595404595376,3.9619895781217256
S2324-G0343,J. Brunson,2,1.9844155844155829,5.012584262284135
S2324-G0343,J. Brunson,3,14.31047619047619,4.185381723990098
S2324-G0343,J. Harden,1,-10.653571428571428,-2.8421601432512147
S2324-G0343,J. Harden,2,12.68452380952381,3.6779246659638485
S2324-G0343,J. Harden,3,0.16190476190476177,-5.080739773442689
S2324-G0343,J. Hart,1,2.066666666666667,-3.355575654828227
S2324-G0343,J. Randle,1,11.513888888888888,12.086141162454554
S2324-G0343,J. Randle,2,-10.607070707070706,-2.1703448635742038
S2324-G0343,J. Randle,3,20.818181818181817,8.039678406820931
S2324-G0343,J. Sims,1,0.03333333333333344,-5.5774175146276805
S2324-G0343,J. Sims,3,-16.363333333333333,-4.485867599493218
S2324-G0343,K. Leonard,1,8.482251082251084,11.407400867633848
S2324-G0343,K. Leonard,2,-19.53344155844156,1.0931485447776979
S2324-G0343,N. Powell,1,2.3445887445887426,2.7718391690927424
S2324-G0343,N. Powell,2,3.1030303030303035,0.9512547384757748
S2324-G0343,N. Powell,3,-8.750641025641025,-3.3882341630794466
S2324-G0343,P. George,1,-1.9241558441558446,0.2558205284790809
S2324-G0343,P. George,2,-15.045714285714284,1.0493981896456364
S2324-G0343,P. George,3,14.359047619047619,13.899143457717411
S2324-G0343,Q. Grimes,2,5.556666666666667,0.39274468248389216
S2324-G0343,Q. Grimes,3,-7.883333333333333,-4.235335766015065
S2324-G0343,R. Barrett,1,1.4303030303030297,1.303693233886263
S2324-G0343,R. Barrett,2,-14.14141414141414,-0.4320403698664814
S2324-G0343,R. Barrett,3,20.34444444444444,11.495501813199223
S2324-G0343,R. Westbrook,1,-0.23333333333333428,1.756201378969035
S2324-G0343,R. Westbrook,3,0.27000000000000135,-1.6832719894007258
S2324-G0343,T. Mann,1,-15.653333333333334,-3.3219069260870713
S2324-G0343,T. Mann,2,13.586666666666666,9.581344551490153
S2324-G0345,B. Ingram,1,8.416452991452992,11.000388426958693
S2324-G0345,B. Ingram,2,-7.4608974358974365,-0.3919103772256346
S2324-G0345,C. McCollum,1,-9.936190476190477,2.6463021488692617
S2324-G0345,C. McCollum,2,5.30952380952381,8.461959312840692
S2324-G0345,C. McCollum,3,-2.0166666666666657,3.6083101217039717
S2324-G0345,C. Osman,1,-19.242307692307694,-2.7354622403418145
S2324-G0345,C. Osman,2,18.142307692307693,14.658893653533935
S2324-G0345,C. Zeller,1,0.04761904761904767,-6.3749769957105675
S2324-G0345,C. Zeller,2,-2.4833333333333334,-5.560222610023104
S2324-G0345,C. Zeller,3,-1.85,-3.2392368655574715
S2324-G0345,D. Daniels,2,-5.633333333333332,-2.6954054068776214
S2324-G0345,D. McDermott,1,4.844444444444445,1.484197255289811
S2324-G0345,D. McDermott,2,-3.3000000000000007,-4.850197469714728
S2324-G0345,D. McDermott,3,5.300000000000001,-1.1576732321545589
S2324-G0345,D. Vassell,1,0.09999999999999964,-0.16360256600736148
S2324-G0345,D. Vassell,2,-11.014285714285716,-2.0920436649388408
S2324-G0345,D. Vassell,3,18.614285714285714,8.036344353915627
S2324-G0345,H. Jones,1,2.707878787878788,-2.2066149095784713
S2324-G0345,H. Jones,2,1.8111688311688305,-1.6617410034822657
S2324-G0345,J. Alvarado,1,-1.8285714285714283,-2.7076199574552002
S2324-G0345,J. Alvarado,2,-2.450000000000001,-1.444840676638503
S2324-G0345,J. Alvarado,3,-8.36111111111111,0.8036678193646066
S2324-G0345,J. Hawkins,2,-16.433333333333334,-3.792845036862581
S2324-G0345,J. Sochan,1,3.5396825396825404,-1.9191745824133875
S2324-G0345,J. Sochan,2,-8.051904761904762,-4.736402089389242
S2324-G0345,J. Sochan,3,11.323333333333332,1.999045421946867
S2324-G0345,J. Valanciunas,1,5.245887445887445,0.42790582898899326
S2324-G0345,J. Valanciunas,2,-8.234310134310132,-4.138583728071186
S2324-G0345,J. Valanciunas,3,-2.452991452991455,2.7360822197900276
S2324-G0345,K. Johnson,1,6.858730158730159,3.0759907266766526
S2324-G0345,K. Johnson,2,-2.6158730158730155,-1.60568267863243
S2324-G0345,K. Johnson,3,-8.014926739926743,-1.862647678647665
S2324-G0345,M. Branham,1,-4.155411255411257,-0.5433256026105476
S2324-G0345,M. Branham,2,11.16969696969697,4.142946156124144
S2324-G0345,M. Branham,3,-3.266666666666667,-5.9835271920675845
S2324-G0345,N. Marshall,1,-5.243333333333332,0.9755908534270648
S2324-G0345,N. Marshall,3,8.633333333333333,2.557257052961188
S2324-G0345,S. Mamukelashvili,3,6.7666666666666675,1.67310975517894
S2324-G0345,T. Jones,1,-0.06666666666666643,-3.750933716958999
S2324-G0345,T. Jones,2,-8.504761904761905,-3.967077464737296
S2324-G0345,T. Murphy III,1,0.5803030303030319,5.536389773767186
S2324-G0345,T. Murphy III,2,3.8387445887445892,3.914883344261688
S2324-G0345,T. Murphy III,3,9.697619047619046,1.1607165852333345
S2324-G0345,V. Wembanyama,1,-0.29968253968253755,2.7413781181562347
S2324-G0345,V. Wembanyama,2,5.638730158730159,-1.1926780852672396
S2324-G0345,V. Wembanyama,3,-5.616363636363637,-6.30144862040648
S2324-G0345,Z. Collins,1,-6.64,-6.263642031118527
S2324-G0345,Z. Collins,2,4.3149999999999995,0.5691823520225278
S2324-G0345,Z. Williamson,1,-5.266666666666666,-0.6215336792895417
S2324-G0345,Z. Williamson,2,-5.3657142857142865,2.669062053715984
S2324-G0351,A. Caruso,1,2.015238095238095,0.9389657402345922
S2324-G0351,A. Caruso,2,0.08000000000000007,-3.3673254702011874
S2324-G0351,A. Caruso,3,-0.17499999999999982,-5.350179971672712
S2324-G0351,A. Dosunmu,1,0.14285714285714302,-6.3749769957105675
S2324-G0351,A. Dosunmu,2,-8.89857142857143,-5.619670859390934
S2324-G0351,A. Dosunmu,3,6.503333333333334,2.130308683922912
S2324-G0351,A. Drummond,1,-6.643956043956044,-6.263642031118527
S2324-G0351,A. Drummond,2,5.1772893772893775,0.6429972840076751
S2324-G0351,A. Drummond,3,-2.9000000000000004,-4.863247749061959
S2324-G0351,C. White,1,23.866666666666667,18.264095652672157
S2324-G0351,C. White,2,-8.058730158730159,-6.097591767618151
S2324-G0351,C. White,3,6.9353968253968254,4.39611282317113
S2324-G0351,D. DeRozan,1,-13.261507936507936,-6.1245139650906095
S2324-G0351,D. DeRozan,2,4.003174603174603,5.670385697531593
S2324-G0351,D. DeRozan,3,-9.913725490196079,-1.2043781479894964
S2324-G0351,D. Melton,1,-2.439285714285714,-2.6792672240496453
S2324-G0351,D. Melton,2,0.0176190476190472,-0.6127875050698134
S2324-G0351,D. Terry,1,-4.258333333333333,-5.866799967113386
S2324-G0351,D. Terry,2,4.258333333333333,-0.48693592900138466
S2324-G0351,J. Carter,2,6.883333333333333,6.974981942901153
S2324-G0351,J. Carter,3,8.299999999999999,-1.395165989348355
S2324-G0351,J. Embiid,1,18.972380952380952,20.77775917430017
S2324-G0351,J. Embiid,2,-15.488095238095234,3.4639842821086333
S2324-G0351,J. Embiid,3,18.237012987012985,16.312328186318627
S2324-G0351,K. Oubre Jr.,2,4.522510822510823,-2.3955544193603866
S2324-G0351,K. Oubre Jr.,3,-10.533333333333335,-5.9268129702939865
S2324-G0351,N. Batum,1,2.0047619047619047,-4.484256616834441
S2324-G0351,N. Batum,2,-9.766666666666666,-5.710826294142962
S2324-G0351,N. Vucevic,1,0.025108225108224858,0.9241676554672463
S2324-G0351,N. Vucevic,2,-7.611463536463537,-1.7185875642237551
S2324-G0351,N. Vucevic,3,3.6206410256410244,5.71484691468813
S2324-G0351,P. Beverley,1,4.533333333333333,-2.486834518003333
S2324-G0351,P. Beverley,2,-6.533333333333333,-4.485867599493218
S2324-G0351,P. Beverley,3,-0.1899999999999995,-1.1949685482832209
S2324-G0351,P. Reed,2,-1.888888888888891,-1.1796736329306414
S2324-G0351,P. Williams,1,-2.9030303030303024,2.167385835449316
S2324-G0351,P. Williams,2,14.264935064935065,4.041313203469036
S2324-G0351,P. Williams,3,-8.558571428571428,-6.298286573677784
S2324-G0351,R. Covington,1,2.5,-2.962055407417114
S2324-G0351,R. Covington,2,-6.763333333333334,-4.634546718585594
S2324-G0351,T. Harris,1,7.7752380952380955,-0.6733897921605407
S2324-G0351,T. Harris,2,-2.3285714285714287,-7.111698003081245
S2324-G0351,T. Harris,3,2.0166666666666666,-4.207261207926067
S2324-G0351,T. Maxey,1,5.783333333333333,5.485474198290089
S2324-G0351,T. Maxey,2,3.4833333333333343,-1.5056223679275893
S2324-G0351,T. Maxey,3,-30.880303030303033,-1.3496088944392632
S2324-G0356,A. Gordon,1,4.561111111111112,6.082826628286031
S2324-G0356,A. Gordon,2,0.9766666666666666,-0.8676775206572794
S2324-G0356,A. Lawson,3,-2.5166666666666657,-0.7006810612238642
S2324-G0356,C. Braun,1,-1.7857142857142851,-3.0586780124753723
S2324-G0356,C. Braun,2,-2.4000000000000004,-2.4516958832738034
S2324-G0356,C. Braun,3,4.51,0.15954122272050716
S2324-G0356,D. Exum,1,-12.94,-5.418631326285678
S2324-G0356,D. Exum,2,3.2650000000000006,5.321720238868966
S2324-G0356,D. Jones Jr.,1,6.802380952380951,1.9036080163856661
S2324-G0356,D. Jones Jr.,2,0.19285714285714306,-5.449062215676002
S2324-G0356,D. Powell,1,12.983333333333333,2.299372601036616
S2324-G0356,D. Powell,2,0.0,-11.955509740216481
S2324-G0356,D. Powell,3,-9.058333333333334,-5.341178800553315
S2324-G0356,G. Williams,1,-0.9583333333333339,-2.1298574531104255
S2324-G0356,G. Williams,2,-3.708333333333332,-1.0830071133353223
S2324-G0356,J. Hardy,2,-0.028571428571428914,-3.8455899331441676
S2324-G0356,J. Hardy,3,-22.924786324786325,-4.469957813514143
S2324-G0356,J. Murray,1,-13.225555555555555,-0.2785119010986894
S2324-G0356,J. Murray,2,-2.012626262626263,10.50133904551924
S2324-G0356,J. Strawther,1,-5.366666666666667,-3.7850840455687553
S2324-G0356,J. Strawther,2,-17.644444444444446,2.5060463408665252
S2324-G0356,K. Caldwell-Pope,1,5.647619047619046,1.0755791670481663
S2324-G0356,K. Caldwell-Pope,2,-1.2733333333333325,-2.631742309268204
S2324-G0356,L. Doncic,1,-20.41372549019608,8.779157850895162
S2324-G0356,L. Doncic,2,23.139201680672272,20.24706908668031
S2324-G0356,L. Doncic,3,10.457857142857142,1.9165168272154658
S2324-G0356,M. Morris,1,4.45,-2.137653460685548
S2324-G0356,M. Morris,2,-4.6000000000000005,-5.405160665421915
S2324-G0356,M. Porter Jr.,1,-6.003333333333334,-2.848730611539151
S2324-G0356,M. Porter Jr.,2,6.303333333333334,3.4528545561874733
S2324-G0356,N. Jokic,1,20.003016591251885,6.274649795580855
S2324-G0356,N. Jokic,2,-6.706666666666667,-11.797147589144364
S2324-G0356,O. Prosper,1,-2.3333333333333335,-5.8708714226275225
S2324-G0356,O. Prosper,2,-8.955844155844154,-2.5271416240817803
S2324-G0356,P. Watson,2,-3.25,-4.731952276884288
S2324-G0356,P. Watson,3,-9.094444444444445,-1.5946208979848508
S2324-G0356,R. Jackson,1,6.300000000000001,6.439165340053357
S2324-G0356,R. Jackson,2,0.28095238095237995,-0.0607657706246252
S2324-G0356,R. Jackson,3,-6.356666666666667,1.0456800250993834
S2324-G0356,T. Hardaway Jr.,1,-6.2161904761904765,1.4111344999864375
S2324-G0356,T. Hardaway Jr.,2,10.606666666666666,2.5895051388622363
S2324-G0356,Z. Nnaji,1,-12.844444444444445,-5.014756373101497
S2324-G0356,Z. Nnaji,2,10.744444444444445,7.127887877218828
S2324-G0356,Z. Nnaji,3,-15.145021645021645,-4.469957813514143
S2324-G0359,A. Davis,1,-7.381269841269841,2.1771788705642043
S2324-G0359,A. Davis,2,-9.992896825396826,2.812015927702968
S2324-G0359,A. Davis,3,12.359166666666667,14.086573520280613
S2324-G0359,A. Reaves,1,2.57032967032967,8.462208793563558
S2324-G0359,A. Reaves,2,6.963003663003663,2.9695394086007996
S2324-G0359,A. Reaves,3,-7.840000000000002,-2.6460989840213145
S2324-G0359,C. Reddish,1,9.044444444444444,0.14259523290195017
S2324-G0359,C. Reddish,2,-1.9999999999999991,-5.211032185332749
S2324-G0359,C. Reddish,3,-2.666666666666667,-2.3517725002866636
S2324-G0359,D. DiVincenzo,1,11.938095238095238,2.214844790265207
S2324-G0359,D. DiVincenzo,2,-7.683333333333334,-6.073772235705211
S2324-G0359,D. Russell,1,-5.299999999999999,0.9470180090020629
S2324-G0359,D. Russell,2,17.627272727272725,3.421652743157375
S2324-G0359,D. Russell,3,-2.3,-8.092546344132993
S2324-G0359,I. Hartenstein,1,-3.095833333333333,-5.57859316441121
S2324-G0359,I. Hartenstein,2,-7.950487012987011,-3.272949513436989
S2324-G0359,I. Hartenstein,3,6.412987012987012,0.6344749569295115
S2324-G0359,I. Quickley,1,9.181818181818178,10.577432357221644
S2324-G0359,I. Quickley,2,-0.8636363636363633,-2.3559940568377398
S2324-G0359,I. Quickley,3,0.7666666666666675,-1.2974183727297692
S2324-G0359,J. Brunson,1,-4.271428571428572,2.4577881875028913
S2324-G0359,J. Brunson,2,0.8333333333333321,3.853759014160703
S2324-G0359,J. Brunson,3,-9.644444444444442,5.861534063032847
S2324-G0359,J. Hart,1,-8.969696969696969,-5.866799967113386
S2324-G0359,J. Hart,2,2.3982683982683977,3.0301559985966757
S2324-G0359,J. Hart,3,2.1714285714285717,-0.8260711394317074
S2324-G0359,J. Hayes,2,4.338095238095238,-2.3180724561389834
S2324-G0359,J. Randle,1,13.335858585858588,13.204480328382122
S2324-G0359,J. Randle,2,-4.7401515151515135,-5.364802917331381
S2324-G0359,J. Randle,3,5.658766233766231,3.7489135917496608
S2324-G0359,J. Vanderbilt,1,0.0,-5.914740076581552
S2324-G0359,J. Vanderbilt,2,0.04999999999999993,-5.651497374036291
S2324-G0359,J. Vanderbilt,3,0.09999999999999998,-4.527274039148147
S2324-G0359,L. James,1,-7.652121212121216,0.059702525442091314
S2324-G0359,L. James,2,0.36164502164502466,6.6650627145029455
S2324-G0359,L. James,3,-11.089826839826841,6.29050138138904
S2324-G0359,Q. Grimes,2,1.7333333333333334,-0.8146542748140376
S2324-G0359,Q. Grimes,3,3.095238095238096,-1.740006294217438
S2324-G0359,R. Barrett,1,4.43030303030303,2.156922517617098
S2324-G0359,R. Barrett,2,2.536363636363636,-2.9672969952434793
S2324-G0359,R. Barrett,3,-0.47666666666666657,-3.566044254997038
S2324-G0359,R. Hachimura,1,14.317748917748917,4.197748411248621
S2324-G0359,R. Hachimura,2,-2.3833333333333333,-8.552241052202104
S2324-G0359,R. Hachimura,3,-2.8499999999999996,-4.436478499460221
S2324-G0359,T. Gibson,2,0.0,-6.231360539454318
S2324-G0359,T. Prince,1,-5.215,0.8264958221077676
S2324-G0359,T. Prince,2,6.094545454545454,4.8072741363420315
S2324-G0359,T. Prince,3,4.195454545454545,-0.6793135092408095
S2324-G0362,A. Horford,1,2.625,1.5925649237204669
S2324-G0362,A. Horford,2,0.7283333333333335,-2.4539704188690434
S2324-G0362,A. Horford,3,6.413333333333332,-0.6562684920194448
S2324-G0362,A. Horford,4,-9.9,-3.3431719571646363
S2324-G0362,A. Wiggins,1,5.145238095238096,0.5637927487956406
S2324-G0362,A. Wiggins,2,-2.659523809523809,-3.084935601504168
S2324-G0362,A. Wiggins,3,-13.450000000000003,-1.3454485066519495
S2324-G0362,B. Podziemski,1,14.27142857142857,2.9811445570321293
S2324-G0362,C. Paul,1,-2.308333333333333,-3.6391313260220493
S2324-G0362,C. Paul,2,-9.639285714285714,-1.4213602612464862
S2324-G0362,C. Paul,3,3.258441558441559,4.414485935314028
S2324-G0362,C. Paul,4,6.205844155844154,3.748446290383823
S2324-G0362,D. Saric,1,-9.717748917748917,-1.5559544375242054
S2324-G0362,D. Saric,2,10.384415584415583,9.102564850175462
S2324-G0362,D. Saric,3,4.5,-1.7354187209845462
S2324-G0362,D. White,1,-0.9666666666666686,5.468410633571759
S2324-G0362,D. White,2,-14.880952380952376,5.056395347114413
S2324-G0362,D. White,3,15.347619047619045,17.85781746195981
S2324-G0362,D. White,4,11.599999999999998,1.6382683125806237
S2324-G0362,J. Brown,1,22.835427807486628,17.878719972038752
S2324-G0362,J. Brown,2,-10.655952380952382,-9.30273726119175
S2324-G0362,J. Brown,3,13.703809523809525,5.348796427607775
S2324-G0362,J. Brown,4,-2.3228571428571447,-3.420014627606758
S2324-G0362,J. Holiday,1,-2.3193939393939385,-1.9403070920329135
S2324-G0362,J. Holiday,2,2.2823809523809517,-3.643023263208307
S2324-G0362,J. Holiday,3,-9.692857142857143,-3.791451750365272
S2324-G0362,J. Holiday,4,13.807142857142857,7.226833680232649
S2324-G0362,J. Kuminga,1,-14.303030303030305,0.7689290332191179
S2324-G0362,J. Kuminga,2,18.636363636363637,11.200125828250988
S2324-G0362,J. Kuminga,3,2.1333333333333337,-6.017253642242635
S2324-G0362,J. Tatum,1,-10.062857142857144,1.124941593618825
S2324-G0362,J. Tatum,2,13.42857142857143,7.78416166120552
S2324-G0362,J. Tatum,3,-4.800000000000001,-2.936502411537827
S2324-G0362,J. Tatum,4,10.197619047619048,-0.9655244311590916
S2324-G0362,K. Looney,1,3.022077922077922,-2.378895906479717
S2324-G0362,K. Thompson,1,11.687272727272727,9.492591071307627
S2324-G0362,K. Thompson,2,-4.472987012987012,-1.9475354501417625
S2324-G0362,K. Thompson,3,5.962987012987011,5.070734878862316
S2324-G0362,K. Thompson,4,1.2166666666666668,0.16229595415720355
S2324-G0362,M. Moody,1,-5.283333333333332,-2.5209848466130893
S2324-G0362,M. Moody,2,4.666666666666665,2.7258442905551004
S2324-G0362,M. Moody,3,-5.633333333333334,-1.9908075360521842
S2324-G0362,N. Queta,1,0.622727272727273,2.136872354088506
S2324-G0362,N. Queta,2,4.36060606060606,2.802334185370828
S2324-G0362,N. Queta,3,-2.397619047619047,-2.325564904740572
S2324-G0362,O. Brissett,1,12.983333333333333,3.191727379078747
S2324-G0362,P. Pritchard,1,-5.538888888888889,-2.136027345621061
S2324-G0362,P. Pritchard,2,4.538888888888889,3.6871804230150405
S2324-G0362,P. Pritchard,3,-0.06666666666666643,-1.9908075360521842
S2324-G0362,S. Curry,1,-0.012554112554113317,1.3381872023024655
S2324-G0362,S. Curry,2,-0.39363636363636445,0.8655012991710723
S2324-G0362,S. Curry,3,-16.854415584415584,0.3571349296768942
S2324-G0362,S. Curry,4,12.747272727272726,15.492350911736615
S2324-G0362,S. Hauser,1,0.028571428571428914,-3.6391313260220493
S2324-G0362,S. Hauser,2,-0.1119047619047624,-3.2713881159058755
S2324-G0362,S. Hauser,3,-6.9,-4.015017574205461
S2324-G0362,T. Jackson-Davis,2,0.1200000000000001,-1.454910425927553
S2324-G0362,T. Jackson-Davis,3,-9.103174603174601,-4.0589153784999
S2324-G0362,T. Jackson-Davis,4,8.836507936507935,7.128297370357206
S2324-G0364,C. LeVert,1,3.175,2.305928786236923
S2324-G0364,C. LeVert,2,-8.224999999999998,-0.23415926325962164
S2324-G0364,C. LeVert,3,-11.250000000000004,5.48366434185705
S2324-G0364,C. Porter Jr.,1,1.788636363636364,0.07003290366583617
S2324-G0364,C. Porter Jr.,2,-0.19696969696969635,1.0499995845856183
S2324-G0364,C. Porter Jr.,3,6.966666666666667,-0.6063018681270042
S2324-G0364,C. Sexton,1,0.6496969696969686,5.074493128131212
S2324-G0364,C. Sexton,2,-3.2799999999999976,4.342331937259242
S2324-G0364,C. Sexton,3,10.123484848484848,6.413304272453851
S2324-G0364,D. Wade,1,3.1136363636363638,-2.2331764073753915
S2324-G0364,D. Wade,2,2.336363636363636,-5.352057332707622
S2324-G0364,D. Wade,3,-2.6500000000000004,-6.775095822202561
S2324-G0364,G. Niang,1,1.9866666666666664,2.851634609019686
S2324-G0364,G. Niang,2,-3.245000000000001,2.5981108446733887
S2324-G0364,G. Niang,3,3.191666666666668,3.0123648900769733
S2324-G0364,I. Okoro,1,0.4535714285714292,-3.482151264540075
S2324-G0364,I. Okoro,2,-5.728571428571428,-2.0425348761076765
S2324-G0364,I. Okoro,3,7.596969696969696,3.547502991638958
S2324-G0364,J. Allen,1,8.543333333333333,7.554880396045975
S2324-G0364,J. Allen,2,0.052222222222221504,-3.4238547868132745
S2324-G0364,J. Allen,3,5.211111111111111,-0.32740670981427933
S2324-G0364,J. Collins,1,-10.594444444444443,1.3941452350873413
S2324-G0364,J. Collins,2,14.869444444444444,7.950925831110386
S2324-G0364,J. Collins,3,2.1,-4.989778893462116
S2324-G0364,K. Dunn,1,10.803571428571427,0.8330285905951622
S2324-G0364,K. Dunn,2,-4.395238095238096,-9.975654659033832
S2324-G0364,K. Dunn,3,4.300000000000001,-3.7522596600033493
S2324-G0364,K. Olynyk,1,4.2749999999999995,-1.7605529854296766
S2324-G0364,K. Olynyk,2,-7.539999999999999,-5.685898008363671
S2324-G0364,K. Olynyk,3,7.573333333333332,1.3207159837711182
S2324-G0364,L. Markkanen,1,-1.43888888888889,3.0568979076362006
S2324-G0364,L. Markkanen,2,-2.021111111111111,3.231281829636748
S2324-G0364,L. Markkanen,3,-8.16651515151515,6.268734442375127
S2324-G0364,M. Strus,1,2.9701298701298686,-0.08281886060954202
S2324-G0364,M. Strus,2,-15.8,-4.827549374889804
S2324-G0364,M. Strus,3,9.94761904761905,10.710431655992503
S2324-G0364,O. Agbaji,1,-5.2333333333333325,-5.866799967113386
S2324-G0364,O. Agbaji,2,5.05,-0.13080267392205253
S2324-G0364,O. Agbaji,3,0.25,-4.742049767017384
S2324-G0364,S. Fontecchio,1,3.249999999999999,-3.2138267329830463
S2324-G0364,S. Fontecchio,2,-11.336363636363636,-5.362712875046923
S2324-G0364,S. Fontecchio,3,14.719696969696969,6.07304939038463
S2324-G0364,S. Merrill,1,-11.86904761904762,6.439165340053357
S2324-G0364,S. Merrill,2,24.866666666666667,13.530279092151922
S2324-G0364,S. Merrill,3,-16.93333333333333,-8.444508485300192
S2324-G0364,T. Horton-Tucker,1,-6.6819047619047645,-0.5695780514598914
S2324-G0364,T. Horton-Tucker,2,11.281904761904764,5.4007274956983595
S2324-G0364,T. Horton-Tucker,3,-16.230086580086578,-1.8336204209113864
S2324-G0364,T. Thompson,1,2.1499999999999995,1.3941452350873413
S2324-G0364,T. Thompson,2,2.333333333333334,-0.4814316870828111
S2324-G0364,T. Thompson,3,-2.3066666666666666,-0.868994287000915
S2324-G0364,W. Kessler,1,-4.3439560439560445,-3.792845036862581
S2324-G0364,W. Kessler,2,-13.056043956043956,0.6429972840076751
S2324-G0364,W. Kessler,3,19.5,8.926836609499361
S2324-G0366,A. Black,1,-1.8666666666666667,-3.879740261753924
S2324-G0366,A. Black,2,1.9333333333333331,-1.735716806189373
S2324-G0366,A. Black,3,-2.0833333333333335,-3.0581313774729546
S2324-G0366,B. Adebayo,1,13.243181818181816,4.592000228381225
S2324-G0366,B. Adebayo,2,-8.668181818181818,-6.9963917739328245
S2324-G0366,B. Adebayo,3,-3.9318181818181817,4.389572077822718
S2324-G0366,C. Anthony,1,5.286666666666667,7.041666045564292
S2324-G0366,C. Anthony,2,-1.067619047619047,1.0227420985827598
S2324-G0366,C. Anthony,3,1.0142857142857125,2.3173604629630318
S2324-G0366,C. Houstan,2,-0.7000000000000002,-3.3219069260870713
S2324-G0366,C. Houstan,3,-16.836363636363636,-2.633390439920802
S2324-G0366,C. Martin,1,3.208571428571428,-0.721057319749712
S2324-G0366,D. Robinson,1,-19.39047619047619,-5.674307212497326
S2324-G0366,D. Robinson,2,15.090476190476188,8.961839753924497
S2324-G0366,D. Robinson,3,4.266666666666667,-4.0589153784999
S2324-G0366,F. Wagner,1,16.642307692307696,8.997030115614082
S2324-G0366,F. Wagner,2,-11.287987012987015,-6.1045033937328705
S2324-G0366,F. Wagner,3,8.97965367965368,3.8500376973390407
S2324-G0366,G. Bitadze,1,-0.18333333333333268,-1.7783172833221403
S2324-G0366,G. Bitadze,3,2.0333333333333323,-4.191133990205715
S2324-G0366,G. Harris,1,-2.3476190476190477,-5.866799967113386
S2324-G0366,G. Harris,2,2.3476190476190477,-3.0845848156019207
S2324-G0366,G. Harris,3,-2.4047619047619047,-6.073772235705211
S2324-G0366,H. Highsmith,1,-25.702564102564104,-2.7531189236919604
S2324-G0366,H. Highsmith,2,28.169230769230772,17.85156989060386
S2324-G0366,H. Highsmith,3,-12.267307692307691,-7.469595026343297
S2324-G0366,J. Isaac,1,-15.95,-3.8330241550369215
S2324-G0366,J. Isaac,2,13.5,10.490966603826427
S2324-G0366,J. Jaquez Jr.,1,8.581666666666667,1.4268232037218338
S2324-G0366,J. Jaquez Jr.,2,-6.665000000000001,-4.468059774510096
S2324-G0366,J. Jaquez Jr.,3,-1.9130303030303022,1.371156287639621
S2324-G0366,J. Richardson,1,-8.383333333333333,-2.351913709448443
S2324-G0366,J. Richardson,2,8.35,5.189184396191811
S2324-G0366,J. Richardson,3,-12.84,-2.972627163656886
S2324-G0366,J. Suggs,1,8.044444444444444,1.8504796158219934
S2324-G0366,J. Suggs,2,-8.011111111111113,-3.7382119383994024
S2324-G0366,K. Lowry,1,-2.9999999999999996,-4.3394740173584605
S2324-G0366,M. Wagner,2,5.499318181818182,4.591707901083358
S2324-G0366,P. Banchero,1,-0.4554112554112564,-0.5117117069996633
S2324-G0366,P. Banchero,2,-8.963636363636363,-4.121567100564599
S2324-G0366,P. Banchero,3,16.16190476190476,6.713118019536435
S2324-G0366,T. Bryant,1,2.174999999999999,1.0228736344832623
S2324-G0366,T. Bryant,2,2.1750000000000007,0.32712124279542854
S2324-G0366,T. Bryant,3,4.5,-2.6550373249913517
S2324-G0366,T. Herro,1,7.845164835164834,10.812099296595916
S2324-G0366,T. Herro,2,0.7314285714285731,2.9208553530564876
S2324-G0366,T. Herro,3,12.465714285714286,7.757155038381575
S2324-G0366,W. Carter Jr.,1,-2.2333333333333334,-5.938461153947756
S2324-G0366,W. Carter Jr.,2,2.3285714285714283,-4.469957813514143
S2324-G0366,W. Carter Jr.,3,-15.279047619047617,-4.430057805468206
S2324-G0368,C. Johnson,1,-13.934432234432236,0.536497291293199
S2324-G0368,C. Johnson,2,7.605860805860807,10.649385855458569
S2324-G0368,C. Johnson,3,14.028571428571428,3.9760346169570298
S2324-G0368,C. Thomas,1,-8.654112554112555,1.3823557977919088
S2324-G0368,C. Thomas,2,-5.271428571428572,5.620281706915688
S2324-G0368,C. Thomas,3,23.895238095238096,12.571406923581062
S2324-G0368,D. DiVincenzo,1,8.653896103896104,9.745052019119575
S2324-G0368,D. DiVincenzo,2,-9.264880952380954,-1.4908470087582024
S2324-G0368,D. Finney-Smith,1,7.763333333333332,-0.8762559721348853
S2324-G0368,D. Finney-Smith,2,-20.900641025641026,-6.815698190367681
S2324-G0368,D. Sharpe,1,-5.204761904761904,-3.544426387203944
S2324-G0368,D. Sharpe,2,7.838095238095238,2.2512088055853248
S2324-G0368,D. Sharpe,3,-15.777142857142856,-6.65139129536796
S2324-G0368,I. Hartenstein,1,2.5250000000000004,-4.169422969859481
S2324-G0368,I. Hartenstein,2,-6.746666666666667,-6.339715304847394
S2324-G0368,I. Hartenstein,3,6.746666666666667,1.1298416400695244
S2324-G0368,I. Quickley,1,-11.112987012987011,-1.3170776394605512
S2324-G0368,I. Quickley,2,13.346320346320343,9.936599815694102
S2324-G0368,I. Quickley,3,-13.89333333333333,-4.24054860107378
S2324-G0368,J. Brunson,1,-10.82034632034632,-4.06452019491303
S2324-G0368,J. Brunson,2,-3.341666666666665,1.6693896233875558
S2324-G0368,J. Brunson,3,11.295,6.550681720219799
S2324-G0368,J. Hart,1,3.0566666666666666,-1.194771383720859
S2324-G0368,J. Hart,2,2.3666666666666667,-4.623743522624094
S2324-G0368,J. Hart,3,-14.075641025641024,-7.584224050347296
S2324-G0368,J. Randle,1,16.45571428571428,19.50650900013143
S2324-G0368,J. Randle,2,-2.4863636363636346,0.4350411840586849
S2324-G0368,J. Randle,3,14.669696969696968,4.786168197266491
S2324-G0368,M. Bridges,1,9.269841269841272,3.2334074578586605
S2324-G0368,M. Bridges,2,-14.477777777777781,-6.276114498165429
S2324-G0368,M. Bridges,3,10.384444444444448,4.085710658573814
S2324-G0368,N. Claxton,1,2.094444444444445,-2.933241108957168
S2324-G0368,N. Claxton,2,-8.787301587301588,-5.1439052484570205
S2324-G0368,N. Claxton,3,11.052857142857142,2.2592543180441718
S2324-G0368,Q. Grimes,1,-2.2333333333333334,-5.866799967113386
S2324-G0368,Q. Grimes,2,-16.71298701298701,-3.0330013445527606
S2324-G0368,R. Barrett,1,2.0361111111111114,2.847878596228274
S2324-G0368,R. Barrett,2,0.01071428571428612,0.5370066109204357
S2324-G0368,R. Barrett,3,6.1,-0.9752668839401979
S2324-G0368,R. O'Neale,1,-17.625641025641027,-5.866799967113386
S2324-G0368,R. O'Neale,2,12.97802197802198,10.824182572564817
S2324-G0368,R. O'Neale,3,-4.553571428571429,-3.5739613037474407
S2324-G0368,S. Dinwiddie,1,11.037301587301588,6.818608343253704
S2324-G0368,S. Dinwiddie,2,5.105555555555555,-4.196760531408695
S2324-G0368,S. Dinwiddie,3,4.7785714285714285,-4.940476950472684
S2324-G0368,T. Gibson,1,-1.9642857142857144,-3.8330241550369215
S2324-G0368,T. Gibson,2,4.347619047619048,-0.4940224536910296
S2324-G0368,T. Gibson,3,-0.06666666666666654,-6.073772235705211
S2324-G0368,T. Watford,2,-10.943333333333333,-6.247498722282295
S2324-G0372,A. Coffey,1,16.29206349206349,6.498175247404798
S2324-G0372,A. Coffey,3,-9.763333333333332,-8.29955006336642
S2324-G0372,D. Exum,1,-5.218333333333333,-3.5816285434614072
S2324-G0372,D. Exum,2,-2.4780303030303035,0.9795806803482684
S2324-G0372,D. Exum,3,-0.7669696969696975,2.7669249851646107
S2324-G0372,D. Jones Jr.,1,10.942307692307693,4.461466521011621
S2324-G0372,D. Jones Jr.,2,-9.872527472527473,-6.102671134003635
S2324-G0372,D. Jones Jr.,3,7.639194139194139,3.553825912210986
S2324-G0372,D. Powell,1,3.3392857142857144,-2.8421601432512147
S2324-G0372,D. Powell,2,1.075,-5.039255471132681
S2324-G0372,D. Theis,1,-5.3611111111111125,-1.5559544375242054
S2324-G0372,D. Theis,2,6.346825396825398,5.083585573705312
S2324-G0372,G. Williams,1,5.336904761904762,-2.1993289228609214
S2324-G0372,G. Williams,2,-15.32063492063492,-5.295157481164291
S2324-G0372,G. Williams,3,10.655699855699854,7.725912167295315
S2324-G0372,I. Zubac,1,-11.00952380952381,-6.448991761760074
S2324-G0372,I. Zubac,2,2.127450980392158,-1.62843211484548
S2324-G0372,J. Harden,1,-4.111452991452991,0.5664558921794951
S2324-G0372,J. Harden,2,8.518119658119657,3.9930177579904367
S2324-G0372,J. Harden,3,-9.751452991452991,-4.677797909928936
S2324-G0372,J. Hardy,2,7.6896969696969695,7.300310189801713
S2324-G0372,J. Hardy,3,-0.6449999999999996,-0.1860164683902084
S2324-G0372,K. Leonard,1,13.019047619047619,12.773583977205128
S2324-G0372,K. Leonard,2,-4.393214285714286,0.6600544480153107
S2324-G0372,K. Leonard,3,-6.5096428571428575,6.267322615716405
S2324-G0372,L. Doncic,1,-4.745833333333337,14.54565164542958
S2324-G0372,L. Doncic,2,23.266025641025646,13.056238973159608
S2324-G0372,L. Doncic,3,-7.05054945054945,-8.592701866540194
S2324-G0372,N. Powell,1,0.014285714285712459,2.61703707794151
S2324-G0372,N. Powell,2,-0.22499999999999964,2.45325586167134
S2324-G0372,N. Powell,3,-5.154999999999999,2.0506428598910906
S2324-G0372,R. Westbrook,1,-8.714285714285715,-3.558019331391212
S2324-G0372,R. Westbrook,2,0.07272727272727408,3.8470056019126098
S2324-G0372,R. Westbrook,3,4.3415584415584405,1.142661031000351
S2324-G0372,T. Hardaway Jr.,1,-13.167307692307695,3.1851881141035148
S2324-G0372,T. Hardaway Jr.,2,2.573974358974361,13.88025959598153
S2324-G0372,T. Hardaway Jr.,3,9.968333333333334,10.280219789250728
S2324-G0372,T. Mann,1,9.635714285714286,1.4636557773074854
S2324-G0372,T. Mann,2,-4.65,-5.8340112052691575
S2324-G0372,T. Mann,3,2.6000000000000005,-1.9188893124416884
S2324-G0377,A. Nembhard,1,10.676190476190476,4.5542575443030096
S2324-G0377,A. Nembhard,2,2.1380952380952376,-3.916468147293087
S2324-G0377,A. Nesmith,1,-6.04,-0.8253324503630564
S2324-G0377,A. Nesmith,2,-2.3742857142857137,6.111261560196971
S2324-G0377,A. Nesmith,3,8.67985347985348,6.51055406395597
S2324-G0377,B. Biyombo,1,-2.3,-6.169848148589279
S2324-G0377,B. Biyombo,2,-6.777777777777779,-3.705195018713129
S2324-G0377,B. Brown,1,-4.300000000000001,-5.8708714226275225
S2324-G0377,B. Brown,2,2.0000000000000004,-0.589280648919808
S2324-G0377,B. Brown,3,-4.403030303030304,-3.042105115758912
S2324-G0377,B. Hield,1,14.635238095238096,5.863483475125941
S2324-G0377,B. Hield,2,0.6108225108225103,-6.337621375724242
S2324-G0377,B. Hield,3,-13.002727272727274,-3.5472420036253425
S2324-G0377,B. Mathurin,1,2.3666666666666667,-2.351913709448443
S2324-G0377,B. Mathurin,2,-9.046666666666667,-3.641495430543851
S2324-G0377,B. Mathurin,3,0.39111111111111185,3.2737520377535247
S2324-G0377,D. Bane,1,5.070129870129868,10.006634186519781
S2324-G0377,D. Bane,2,-10.88888888888889,2.4838596034808313
S2324-G0377,D. Bane,3,8.43888888888889,14.348957340352259
S2324-G0377,I. Jackson,1,2.2642857142857142,-3.558019331391212
S2324-G0377,I. Jackson,3,-4.416666666666667,-6.288329728529288
S2324-G0377,J. Jackson Jr.,1,23.554545454545455,13.997647016807655
S2324-G0377,J. Jackson Jr.,2,1.9500000000000002,-8.768716850502324
S2324-G0377,J. Jackson Jr.,3,-7.311111111111113,-8.930368660379285
S2324-G0377,J. Konchar,1,-0.09523809523809579,-1.6096281898973606
S2324-G0377,J. Konchar,2,3.026666666666667,-1.3663702219969598
S2324-G0377,J. Konchar,3,-0.08499999999999996,-3.486611469439996
S2324-G0377,J. Morant,1,15.995238095238095,7.161823125399485
S2324-G0377,J. Morant,2,-17.98690476190476,-5.0480212871137145
S2324-G0377,J. Morant,3,3.921969696969697,9.209652586858963
S2324-G0377,M. Turner,1,-7.473484848484846,-0.8785512968290975
S2324-G0377,M. Turner,2,9.566666666666663,1.2960805350817952
S2324-G0377,M. Turner,3,0.020329670329670257,-2.91573061073721
S2324-G0377,O. Toppin,1,-5.1728632478632495,1.4765238669958836
S2324-G0377,O. Toppin,2,7.153021978021981,5.9249260623410525
S2324-G0377,O. Toppin,3,-5.135714285714288,-2.0965580435568554
S2324-G0377,S. Aldama,1,-14.740000000000002,-2.962055407417114
S2324-G0377,S. Aldama,2,17.335238095238097,10.836741749465997
S2324-G0377,S. Aldama,3,-9.742857142857144,-5.522917936634174
S2324-G0377,T. Haliburton,1,-11.969999999999999,-3.416808842353973
S2324-G0377,T. Haliburton,2,-6.623333333333335,6.180639173462668
S2324-G0377,T. Haliburton,3,10.560346320346321,12.658816569876338
S2324-G0377,V. Williams Jr.,1,4.6,-3.951467602378409
S2324-G0377,V. Williams Jr.,2,-6.708333333333334,-6.815698190367681
S2324-G0377,V. Williams Jr.,3,4.408333333333333,1.1286338577865274
S2324-G0377,X. Tillman,1,1.9416666666666669,-2.136027345621061
S2324-G0377,X. Tillman,2,-2.0083333333333333,-2.5506987951061326
S2324-G0377,X. Tillman,3,3.3277777777777775,-1.4977742450822893
S2324-G0377,Z. Williams,2,7.742857142857144,7.274592604262888
S2324-G0377,Z. Williams,3,6.473809523809523,-4.93121974596034
S2324-G0378,A. Black,1,-0.15238095238095228,-6.3749769957105675
S2324-G0378,A. Black,2,-0.9333333333333333,-5.743309481455113
S2324-G0378,A. Black,3,1.2,-3.574724293559669
S2324-G0378,A. Jackson Jr.,1,2.3,-3.7850840455687553
S2324-G0378,B. Lopez,1,9.633333333333333,0.14612474483161605
S2324-G0378,B. Lopez,2,-12.046320346320345,-7.258075047120684
S2324-G0378,B. Lopez,3,3.44512987012987,2.0422204143078075
S2324-G0378,B. Portis,1,8.975,0.602518211165126
S2324-G0378,B. Portis,2,-13.565000000000001,-4.484607693266508
S2324-G0378,B. Portis,3,11.223333333333334,4.4688493129070315
S2324-G0378,C. Anthony,1,-1.33030303030303,1.6732960444669707
S2324-G0378,C. Anthony,2,-5.758333333333333,1.2834048452443292
S2324-G0378,C. Anthony,3,5.397941176470589,7.116788298599123
S2324-G0378,C. Houstan,2,-4.6,-5.8708714226275225
S2324-G0378,C. Houstan,3,2.2023809523809526,-1.1639133534127353
S2324-G0378,C. Payne,2,1.8916666666666675,-1.8691243295606197
S2324-G0378,D. Lillard,1,11.866666666666665,9.33413326722079
S2324-G0378,D. Lillard,2,-17.914285714285718,-3.3758246119921913
S2324-G0378,D. Lillard,3,14.780952380952384,12.512564561588317
S2324-G0378,F. Wagner,1,4.0298412698412704,7.592539965402877
S2324-G0378,F. Wagner,2,5.436666666666666,-0.31128041949656104
S2324-G0378,F. Wagner,3,-27.0223076923077,-1.9102216854214014
S2324-G0378,G. Antetokounmpo,1,14.5971052631579,22.764262851128954
S2324-G0378,G. Antetokounmpo,2,7.332692307692307,-6.2048232769124265
S2324-G0378,G. Antetokounmpo,3,-8.666783216783218,-2.9531825450215203
S2324-G0378,G. Harris,1,13.203030303030303,5.283176726263491
S2324-G0378,G. Harris,2,-8.575,-5.585149671090622
S2324-G0378,G. Harris,3,4.25,2.3231354021358848
S2324-G0378,J. Isaac,1,-2.3833333333333337,-0.20720401743311978
S2324-G0378,J. Isaac,2,4.425000000000001,3.1094390268135155
S2324-G0378,K. Middleton,1,-9.436666666666667,-3.710705761124267
S2324-G0378,K. Middleton,2,4.552380952380952,4.072817197139936
S2324-G0378,K. Middleton,3,-1.370129870129869,0.9524093254825142
S2324-G0378,M. Beasley,1,-3.066666666666667,-3.792845036862581
S2324-G0378,M. Beasley,2,-4.679999999999999,-1.740006294217438
S2324-G0378,M. Beasley,3,1.0911111111111111,4.471331282285332
S2324-G0378,M. Beauchamp,2,11.936363636363636,1.7745967067704376
S2324-G0378,M. Wagner,1,2.958333333333332,8.882982612455544
S2324-G0378,M. Wagner,2,8.575,4.048224493551698
S2324-G0378,M. Wagner,3,-8.866666666666664,-4.683252133851516
S2324-G0378,P. Banchero,1,-3.9998556998557007,0.056255414985336975
S2324-G0378,P. Banchero,2,-8.936969696969697,0.9335426791191183
S2324-G0378,P. Banchero,3,12.436969696969697,10.4459273071567
S2324-G0378,P. Connaughton,1,-7.603030303030303,-3.526217404751022
S2324-G0378,P. Connaughton,2,4.569696969696969,-1.710924834079507
S2324-G0378,P. Connaughton,3,1.0952380952380958,-4.771499390702513
S2324-G0378,W. Carter Jr.,1,0.44285714285714306,-4.031005766338516
S2324-G0378,W. Carter Jr.,2,1.8380952380952382,-2.412976668914853
S2324-G0378,W. Carter Jr.,3,-4.206666666666667,-3.197188961825124
S2324-G0383,A. Gordon,1,1.361428571428572,3.127165121804678
S2324-G0383,A. Gordon,2,6.201904761904761,0.8696246602908031
S2324-G0383,A. Gordon,3,3.326666666666667,-0.2626771077701173
S2324-G0383,C. Braun,1,6.866666666666666,-0.8253324503630564
S2324-G0383,C. Braun,2,-1.9380952380952379,-5.23995477878376
S2324-G0383,C. Johnson,1,-4.24642857142857,-0.5819646392312464
S2324-G0383,C. Johnson,2,2.0603174603174583,2.2945104048237135
S2324-G0383,C. Johnson,3,1.2111111111111121,3.479930421480869
S2324-G0383,C. Thomas,1,0.3249999999999993,0.059702525442091314
S2324-G0383,C. Thomas,2,-11.360897435897437,0.3235565173206898
S2324-G0383,C. Thomas,3,-4.899440909967225,10.513191536770492
S2324-G0383,D. Finney-Smith,1,5.433333333333334,4.761682093789692
S2324-G0383,D. Finney-Smith,2,-0.02857142857142847,-0.6072985835471658
S2324-G0383,D. Finney-Smith,3,0.980952380952381,-0.3698113963936617
S2324-G0383,D. Sharpe,1,-1.538787878787879,0.316266544192105
S2324-G0383,D. Sharpe,2,2.7811688311688307,2.2230446141240057
S2324-G0383,D. Sharpe,3,3.6309523809523814,-0.26177002941724914
S2324-G0383,D. Smith Jr.,1,-2.2055555555555557,-1.8160955163472208
S2324-G0383,D. Smith Jr.,2,3.955555555555555,0.4942519743622779
S2324-G0383,D. Smith Jr.,3,-7.311538461538462,-3.0532775603285884
S2324-G0383,J. Murray,1,-1.9388888888888882,-1.2297507337513536
S2324-G0383,J. Murray,2,-23.563333333333333,0.3717578225095334
S2324-G0383,J. Murray,3,12.871774891774894,19.776136480075973
S2324-G0383,J. Strawther,1,-4.733333333333334,-5.866799967113386
S2324-G0383,J. Strawther,2,2.433333333333334,-0.5255474846393013
S2324-G0383,J. Strawther,3,-2.5333333333333328,-3.967077464737296
S2324-G0383,K. Caldwell-Pope,1,2.49,-4.982122307143282
S2324-G0383,K. Caldwell-Pope,2,-7.13,-7.408991528249324
S2324-G0383,K. Caldwell-Pope,3,-0.7033333333333331,0.3691693699204248
S2324-G0383,M. Bridges,1,0.1750000000000007,3.0003536949817806
S2324-G0383,M. Bridges,2,4.5600000000000005,0.956180602708327
S2324-G0383,M. Bridges,3,1.915000000000001,-0.5399430068256157
S2324-G0383,M. Porter Jr.,1,3.8128571428571423,5.042624477893746
S2324-G0383,M. Porter Jr.,2,-1.1528571428571421,2.1212878911886905
S2324-G0383,M. Porter Jr.,3,12.389999999999999,1.5115222521648535
S2324-G0383,N. Claxton,1,0.39890109890109926,-1.2463349410090723
S2324-G0383,N. Claxton,2,1.7868131868131867,-3.0560132880804867
S2324-G0383,N. Claxton,3,2.571428571428572,-5.061540061983796
S2324-G0383,N. Jokic,1,8.840833333333332,8.080361645373348
S2324-G0383,N. Jokic,2,-4.314891774891773,-1.443458009730218
S2324-G0383,N. Jokic,3,-0.951774891774896,3.598958886909212
S2324-G0383,P. Watson,1,-11.905555555555555,-6.020780834898836
S2324-G0383,P. Watson,2,11.838888888888889,4.469094933188295
S2324-G0383,P. Watson,3,-8.558787878787877,-6.073772235705211
S2324-G0383,R. Jackson,1,1.8699999999999992,3.6926346851919147
S2324-G0383,R. Jackson,2,4.23,-0.11305166284085127
S2324-G0383,R. Jackson,3,0.48571428571428577,-0.6355597739951908
S2324-G0383,R. O'Neale,1,-2.179999999999999,-0.6728387783372496
S2324-G0383,R. O'Neale,2,3.1133333333333315,1.9084704470182772
S2324-G0383,R. O'Neale,3,-3.4380952380952383,-1.5145583908457854
S2324-G0383,S. Dinwiddie,1,2.965873015873016,-1.8909288657635956
S2324-G0383,S. Dinwiddie,2,0.005555555555555092,-3.323227799402131
S2324-G0383,S. Dinwiddie,3,-2.9666666666666663,-4.5761944158502725
S2324-G0383,Z. Nnaji,3,-6.55,-5.914740076581552
S2324-G0411,A. Edwards,1,17.46923076923077,12.086141162454554
S2324-G0411,A. Edwards,2,-11.054545454545455,-5.9402855795760745
S2324-G0411,A. Edwards,3,3.2545454545454557,3.9869741674765597
S2324-G0411,A. Wiggins,2,-2.933333333333333,-4.88008186998955
S2324-G0411,C. Holmgren,1,2.155000000000001,2.125176325528922
S2324-G0411,C. Holmgren,2,-4.866558441558443,0.6320720269308124
S2324-G0411,C. Holmgren,3,6.486002886002886,6.426612760125252
S2324-G0411,C. Wallace,2,6.666666666666667,-1.885879300193323
S2324-G0411,C. Wallace,3,-9.84,-5.828332975464659
S2324-G0411,I. Joe,1,10.333333333333334,3.5689712273315886
S2324-G0411,I. Joe,2,-2.033333333333333,-5.046124130428598
S2324-G0411,I. Joe,3,-2.1142857142857143,-3.226371203567674
S2324-G0411,J. Giddey,1,6.571428571428571,-1.7579439591950088
S2324-G0411,J. Giddey,2,-13.000641025641025,-5.289973598727397
S2324-G0411,J. Giddey,3,6.4423076923076925,6.901546769643719
S2324-G0411,J. McDaniels,1,4.1729870129870115,2.688671747053177
S2324-G0411,J. McDaniels,2,6.506666666666668,-3.1438876861790948
S2324-G0411,J. McDaniels,3,-4.546666666666667,-5.080739773442689
S2324-G0411,J. McLaughlin,3,-0.10119047619047539,-0.0691347558725493
S2324-G0411,J. Williams,1,0.7947619047619057,5.529022466253684
S2324-G0411,J. Williams,2,12.928571428571429,3.952071948632699
S2324-G0411,J. Williams,3,-10.634432234432234,-5.7248541717729315
S2324-G0411,K. Anderson,1,-3.155555555555555,-2.137653460685548
S2324-G0411,K. Anderson,2,3.3055555555555554,1.8009254596515145
S2324-G0411,K. Anderson,3,4.3,-2.04927750533017
S2324-G0411,K. Towns,1,-2.3666666666666654,-1.113307194233334
S2324-G0411,K. Towns,2,-4.055411255411258,-1.3033762357341794
S2324-G0411,K. Towns,3,10.436363636363637,1.6683483569338944
S2324-G0411,K. Williams,1,-0.08333333333333304,-1.5559544375242054
S2324-G0411,K. Williams,2,2.8833333333333333,0.5309201885179559
S2324-G0411,K. Williams,3,0.16666666666666652,-3.4738205845097143
S2324-G0411,L. Dort,1,1.3181818181818183,2.56648532610167
S2324-G0411,L. Dort,2,-3.203030303030303,-3.272544501938733
S2324-G0411,L. Dort,3,9.525252525252526,3.7341178703780082
S2324-G0411,M. Conley,1,-2.325000000000001,-1.7188398209118434
S2324-G0411,M. Conley,2,-9.641666666666666,1.98796760374381
S2324-G0411,M. Conley,3,7.300000000000001,9.297445994908207
S2324-G0411,N. Alexander-Walker,1,9.695238095238096,2.187994176591448
S2324-G0411,N. Alexander-Walker,2,-5.328571428571428,-5.322153786807047
S2324-G0411,N. Alexander-Walker,3,5.3,-1.7343165550554016
S2324-G0411,N. Reid,1,4.658333333333332,2.2701255540574206
S2324-G0411,N. Reid,2,5.35,-0.5078225721859508
S2324-G0411,N. Reid,3,-0.10000000000000009,-4.397528206496376
S2324-G0411,R. Gobert,1,-1.7766666666666664,-1.8940472208497718
S2324-G0411,R. Gobert,2,4.101666666666667,0.025962288362645632
S2324-G0411,R. Gobert,3,-0.27500000000000036,-2.8763845851002245
S2324-G0411,S. Gilgeous-Alexander,1,6.142812742812744,11.09767503723479
S2324-G0411,S. Gilgeous-Alexander,2,-13.646060606060608,-5.5039674210101115
S2324-G0411,S. Gilgeous-Alexander,3,21.54,12.640150588789696
S2324-G0411,V. Micic,2,8.838888888888889,-0.8685860660264418
S2324-G0411,V. Micic,3,-9.234432234432234,-6.240389619061122
S2324-G0414,A. Coffey,1,1.9583333333333335,-2.6792672240496453
S2324-G0414,A. Coffey,2,-1.9,-4.603793731934867
S2324-G0414,B. McGowens,1,4.514285714285713,-0.40164069182926543
S2324-G0414,B. McGowens,2,-0.11666666666666714,-2.720525578232526
S2324-G0414,B. McGowens,3,-2.34,-2.1027089416724216
S2324-G0414,C. Martin,1,1.296666666666665,2.210220080073344
S2324-G0414,C. Martin,2,4.11904761904762,-0.06442830860640317
S2324-G0414,C. Martin,3,2.414285714285714,-3.5739613037474407
S2324-G0414,D. Theis,1,-10.846666666666668,-1.9917007411388412
S2324-G0414,D. Theis,2,10.98,7.703058466634501
S2324-G0414,D. Theis,3,1.933333333333334,-3.337967271714162
S2324-G0414,G. Hayward,1,-4.635714285714287,-1.8281771499966029
S2324-G0414,G. Hayward,2,2.62857142857143,3.173807617187321
S2324-G0414,I. Smith,1,8.82857142857143,2.5580942101284707
S2324-G0414,I. Smith,2,2.2714285714285714,-3.7766426748268818
S2324-G0414,I. Smith,3,-0.06666666666666665,-5.828332975464659
S2324-G0414,I. Zubac,1,4.666666666666665,-0.4809254057613065
S2324-G0414,I. Zubac,2,-7.824242424242425,-6.085098024069114
S2324-G0414,I. Zubac,3,-6.395244755244754,4.751124461329298
S2324-G0414,J. Harden,1,0.025714285714283136,9.23088361165852
S2324-G0414,J. Harden,2,4.974603174603175,3.7562523990182086
S2324-G0414,J. Harden,3,10.292063492063491,1.3840010471401203
S2324-G0414,K. Brown,2,6.573333333333334,-0.9939091899025004
S2324-G0414,K. Brown,3,2.3,-5.729106598649821
S2324-G0414,M. Bridges,1,2.310897435897438,4.732659825086474
S2324-G0414,M. Bridges,2,-10.655341880341883,1.521440564478708
S2324-G0414,M. Bridges,3,11.680341880341881,10.515779983545116
S2324-G0414,N. Powell,2,9.02,-0.3115842327524906
S2324-G0414,N. Powell,3,-14.208333333333332,-7.657067401893372
S2324-G0414,N. Richards,1,-1.087777777777779,-0.3600646727267476
S2324-G0414,N. Richards,2,5.4444444444444455,0.5659268362888973
S2324-G0414,N. Richards,3,-0.14999999999999947,-3.0509840253085496
S2324-G0414,N. Smith Jr.,2,1.299999999999999,-0.9863274805512895
S2324-G0414,P. George,1,5.65,5.64172902790969
S2324-G0414,P. George,2,-12.066666666666668,-5.501004832871325
S2324-G0414,P. George,3,-0.25833333333333286,6.038342729806993
S2324-G0414,P. Washington,1,15.43,6.7542588217199455
S2324-G0414,P. Washington,2,-17.38441558441558,-5.747822945469598
S2324-G0414,P. Washington,3,8.484415584415583,8.119976182702164
S2324-G0414,R. Westbrook,1,4.13,2.0651683078753664
S2324-G0414,R. Westbrook,2,3.27,-3.3553758488494103
S2324-G0414,R. Westbrook,3,-13.166666666666666,-5.702418761356614
S2324-G0414,T. Mann,1,-4.219444444444446,-3.935329419550433
S2324-G0414,T. Rozier,1,-1.5030303030303038,-1.203768289790382
S2324-G0414,T. Rozier,2,-6.95887445887446,-0.4320403698664814
S2324-G0414,T. Rozier,3,-15.378095238095241,2.6388984018175283
S2324-G0416,B. Coulibaly,1,1.211904761904762,-2.6613406138227904
S2324-G0416,B. Coulibaly,2,-9.686904761904762,-2.555647470078629
S2324-G0416,B. Coulibaly,3,1.0250000000000004,3.5879788191617736
S2324-G0416,C. Boucher,1,0.7666666666666666,-1.1350836242305542
S2324-G0416,C. Boucher,2,-2.8047619047619055,-2.1630864610300073
S2324-G0416,C. Kispert,1,-2.111111111111111,-3.6391313260220493
S2324-G0416,C. Kispert,2,-12.847222222222221,-0.9779042950640991
S2324-G0416,C. Kispert,3,9.658333333333333,7.153322487995493
S2324-G0416,D. Avdija,1,-6.651190476190475,1.8179269312071134
S2324-G0416,D. Avdija,2,18.551190476190474,7.375541773062145
S2324-G0416,D. Avdija,3,0.0,-8.273957128829245
S2324-G0416,D. Gafford,1,6.392107892107891,2.483872506066235
S2324-G0416,D. Gafford,2,-4.407692307692308,-4.761896834699918
S2324-G0416,D. Gafford,3,8.733333333333334,0.26844577585245954
S2324-G0416,D. Gallinari,1,4.7333333333333325,-2.321148912081177
S2324-G0416,D. Schroder,1,-6.64,-6.020780834898836
S2324-G0416,D. Schroder,2,-2.9314285714285724,0.5691823520225278
S2324-G0416,D. Schroder,3,2.8964285714285722,2.0479966384077155
S2324-G0416,G. Trent Jr.,1,12.43888888888889,6.3210833031365405
S2324-G0416,G. Trent Jr.,2,-6.128571428571427,-2.67441257235011
S2324-G0416,G. Trent Jr.,3,8.695238095238095,3.7538222511511377
S2324-G0416,J. McDaniels,2,8.873333333333333,-0.9939091899025004
S2324-G0416,J. McDaniels,3,-13.283333333333333,-7.657067401893372
S2324-G0416,J. Poeltl,1,2.25,-2.89166508985465
S2324-G0416,J. Poeltl,2,2.1,-7.593095141293456
S2324-G0416,J. Poeltl,3,-17.533333333333335,-10.136633822601912
S2324-G0416,J. Poole,1,14.375579975579976,6.303276201635235
S2324-G0416,J. Poole,2,-2.3869047619047628,-6.923407677241517
S2324-G0416,J. Poole,3,-5.580555555555556,-3.4890843891496917
S2324-G0416,K. Kuzma,1,-4.2972222222222225,-0.12202654690484374
S2324-G0416,K. Kuzma,2,0.9892857142857139,1.3592599966674603
S2324-G0416,K. Kuzma,3,6.710714285714287,0.38710388060131584
S2324-G0416,L. Shamet,2,9.939999999999998,3.3837271266096356
S2324-G0416,L. Shamet,3,4.300000000000001,-4.0589153784999
S2324-G0416,M. Muscala,1,-2.2600000000000002,-2.962055407417114
S2324-G0416,O. Anunoby,1,-7.3058608058608066,7.504877768943553
S2324-G0416,O. Anunoby,2,14.285714285714288,13.282544807179146
S2324-G0416,O. Anunoby,3,13.877289377289376,1.7623147559956094
S2324-G0416,O. Porter Jr.,1,-4.308333333333334,-5.866799967113386
S2324-G0416,O. Porter Jr.,2,-4.230555555555555,-0.48693592900138466
S2324-G0416,P. Achiuwa,3,0.6742857142857144,-2.4856892389547847
S2324-G0416,P. Siakam,1,22.412665112665113,9.08515992802899
S2324-G0416,P. Siakam,2,-26.00160427807487,-8.168911683613755
S2324-G0416,P. Siakam,3,17.272058823529413,12.083253633724807
S2324-G0416,S. Barnes,1,-7.623076923076926,2.302999726667779
S2324-G0416,S. Barnes,2,10.092307692307696,6.230761320002651
S2324-G0416,S. Barnes,3,2.8321428571428573,-2.9290589060173318
S2324-G0416,T. Jones,1,-3.6566666666666663,-1.185149205893602
S2324-G0416,T. Jones,2,-3.876666666666667,-0.5702325350313584
S2324-G0416,T. Jones,3,10.552380952380952,4.838744129511837
S2324-G0421,A. Burks,1,-7.516666666666667,-5.914740076581552
S2324-G0421,A. Burks,2,-2.299999999999999,2.4261259423936474
S2324-G0421,A. Burks,3,-10.011111111111113,2.394905572743759
S2324-G0421,A. Burks,4,15.244444444444444,8.816025005183512
S2324-G0421,A. Horford,1,0.04166666666666674,-6.169848148589279
S2324-G0421,A. Horford,2,-11.989285714285714,-4.501100251585454
S2324-G0421,A. Horford,3,6.564285714285713,3.308706322665497
S2324-G0421,A. Horford,4,5.35,-1.1206549431740622
S2324-G0421,A. Thompson,1,-6.6000000000000005,-6.263642031118527
S2324-G0421,A. Thompson,2,6.561904761904763,-0.8816757258406277
S2324-G0421,A. Thompson,3,-0.028571428571428692,-4.430057805468206
S2324-G0421,B. Bogdanovic,1,2.522222222222222,-0.6241496752255922
S2324-G0421,B. Bogdanovic,2,-6.584444444444443,-3.857015038015385
S2324-G0421,B. Bogdanovic,3,-12.377307692307696,2.31839221337313
S2324-G0421,B. Bogdanovic,4,14.15302197802198,12.520066156983598
S2324-G0421,C. Cunningham,1,4.949999999999999,14.468028865152712
S2324-G0421,C. Cunningham,2,16.784848484848485,6.405362076808427
S2324-G0421,C. Cunningham,3,-6.55897435897436,-8.038939264993653
S2324-G0421,C. Cunningham,4,3.6523076923076925,-0.26407915029117246
S2324-G0421,D. White,1,9.00277777777778,0.2826655836562836
S2324-G0421,D. White,2,-7.339285714285714,-5.824286957508116
S2324-G0421,D. White,3,-8.014285714285714,0.9524093254825142
S2324-G0421,D. White,4,0.5642857142857132,7.850867377674592
S2324-G0421,I. Livers,1,15.51111111111111,6.933003093497751
S2324-G0421,I. Livers,2,-7.625000000000001,-5.7495401382059175
S2324-G0421,I. Livers,3,5.300000000000001,0.3732142951117535
S2324-G0421,I. Livers,4,2.0583333333333336,-2.262416191503813
S2324-G0421,J. Duren,1,-5.232380952380951,-2.035518165236895
S2324-G0421,J. Duren,2,6.339999999999998,3.032884247795099
S2324-G0421,J. Duren,3,-2.423333333333333,-2.3271910198050594
S2324-G0421,J. Duren,4,4.696666666666667,-1.7551197976950217
S2324-G0421,J. Holiday,1,-4.188888888888887,-0.8925536208367207
S2324-G0421,J. Holiday,2,4.3888888888888875,3.3486707882138216
S2324-G0421,J. Holiday,3,4.252380952380952,-3.8033474081829084
S2324-G0421,J. Holiday,4,-3.9857142857142858,-7.955852046283398
S2324-G0421,J. Ivey,1,4.858730158730159,3.6269720605782614
S2324-G0421,J. Ivey,2,7.222222222222223,-3.206812328498605
S2324-G0421,J. Ivey,3,-16.477777777777774,-4.784497827309042
S2324-G0421,J. Ivey,4,6.821111111111108,10.220909393088501
S2324-G0421,J. Tatum,1,17.326984126984126,21.714384768605864
S2324-G0421,J. Tatum,2,-11.788888888888888,-5.289700234041317
S2324-G0421,J. Tatum,3,4.716666666666669,12.888958858630863
S2324-G0421,J. Tatum,4,17.749999999999996,3.324415977909039
S2324-G0421,J. Wiseman,1,0.1452380952380956,-1.817721631411708
S2324-G0421,J. Wiseman,2,0.10476190476190439,-0.7759356134566727
S2324-G0421,K. Hayes,1,6.6,-1.1480065022959052
S2324-G0421,K. Hayes,2,-2.3,-5.125010033344183
S2324-G0421,K. Knox II,1,-6.202380952380952,-4.031005766338516
S2324-G0421,K. Knox II,2,-0.4976190476190485,2.144547015019046
S2324-G0421,K. Porzingis,1,22.229166666666668,8.582482039715456
S2324-G0421,K. Porzingis,2,-21.333333333333332,-16.91035390285013
S2324-G0421,K. Porzingis,3,-6.066666666666666,5.745448866298869
S2324-G0421,K. Porzingis,4,14.399999999999999,14.845729116332944
S2324-G0421,N. Queta,1,3.2200000000000006,-2.136027345621061
S2324-G0421,N. Queta,2,1.0799999999999996,-3.932935975207594
S2324-G0421,N. Queta,3,-4.433333333333334,-6.073772235705211
S2324-G0421,P. Pritchard,1,-29.85824175824176,-6.020780834898836
S2324-G0421,P. Pritchard,2,27.491575091575093,18.515929825303836
S2324-G0421,P. Pritchard,3,-0.13333333333333375,-5.201735354737767
S2324-G0421,S. Hauser,1,-1.2333333333333325,0.8301215896230337
S2324-G0421,S. Hauser,2,6.35,1.4360565751928762
S2324-G0424,B. Ingram,1,7.0923076923076955,4.685781828614988
S2324-G0424,B. Ingram,2,-14.380555555555556,-6.337441767520001
S2324-G0424,B. Ingram,3,5.008888888888887,10.268156245089884
S2324-G0424,C. McCollum,1,-0.37748917748917776,5.960355310527996
S2324-G0424,C. McCollum,2,11.019047619047617,3.741167577622896
S2324-G0424,C. McCollum,3,-11.019047619047617,-4.189512336728874
S2324-G0424,C. Sexton,1,6.474891774891777,4.358471675485889
S2324-G0424,C. Sexton,2,-11.936904761904763,-4.446642729578289
S2324-G0424,C. Sexton,3,0.13910256410256494,8.579780379641132
S2324-G0424,D. Daniels,2,2.49,-4.982122307143282
S2324-G0424,H. Jones,1,2.328571428571429,-1.885879300193323
S2324-G0424,H. Jones,2,4.313095238095237,-1.778826347278011
S2324-G0424,H. Jones,3,-4.421666666666667,-4.501100251585454
S2324-G0424,J. Alvarado,1,5.65,2.677557617425321
S2324-G0424,J. Clarkson,1,4.852777777777779,3.429928176167138
S2324-G0424,J. Clarkson,2,-0.5750000000000002,-3.4687694789213204
S2324-G0424,J. Clarkson,3,-1.666666666666666,-2.627333052130642
S2324-G0424,J. Collins,1,17.509047619047617,6.03424930884489
S2324-G0424,J. Collins,2,-1.2107142857142854,-13.011874522258141
S2324-G0424,J. Collins,3,-0.20833333333333348,-7.182060178856845
S2324-G0424,J. Valanciunas,1,6.5928571428571425,-1.8281771499966029
S2324-G0424,J. Valanciunas,2,-13.442857142857141,-4.75411201348636
S2324-G0424,J. Valanciunas,3,13.547619047619046,5.090568294969683
S2324-G0424,K. Dunn,1,-0.3000000000000007,-2.3117101292276523
S2324-G0424,K. Dunn,2,4.7,-2.078191519788556
S2324-G0424,K. Dunn,3,-9.85,-5.405160665421915
S2324-G0424,K. George,1,2.966666666666667,0.9755908534270648
S2324-G0424,K. George,2,-2.2666666666666666,-3.500132891829727
S2324-G0424,K. George,3,5.866666666666666,-0.13237649204607405
S2324-G0424,K. Olynyk,1,-6.697619047619048,-5.866799967113386
S2324-G0424,K. Olynyk,2,-4.3,1.373053609179494
S2324-G0424,L. Markkanen,1,-4.6387878787878805,3.3837271266096356
S2324-G0424,L. Markkanen,2,12.170454545454547,7.7484015298630275
S2324-G0424,L. Markkanen,3,-21.692307692307693,-1.1910710113034555
S2324-G0424,L. Nance Jr.,1,-12.033333333333331,-6.020780834898836
S2324-G0424,L. Nance Jr.,2,11.899999999999999,4.287332452114946
S2324-G0424,L. Nance Jr.,3,-10.834523809523809,-5.714082229991147
S2324-G0424,N. Marshall,1,12.066666666666665,7.075204401054766
S2324-G0424,N. Marshall,3,4.3,-5.5825928933420075
S2324-G0424,O. Agbaji,2,-2.0000000000000004,-4.88008186998955
S2324-G0424,O. Agbaji,3,4.300000000000001,-4.0589153784999
S2324-G0424,S. Fontecchio,1,9.764285714285714,3.250880497506311
S2324-G0424,S. Fontecchio,2,2.085714285714286,-4.207261207926067
S2324-G0424,S. Fontecchio,3,0.14761904761904754,-4.882881903201442
S2324-G0424,T. Murphy III,1,-4.488095238095238,-5.914740076581552
S2324-G0424,T. Murphy III,2,-0.02857142857142847,-0.8559014519110312
S2324-G0424,T. Murphy III,3,-10.5,-1.2245961291718879
S2324-G0424,W. Kessler,1,-4.188888888888889,-2.89166508985465
S2324-G0424,W. Kessler,2,3.341666666666667,-1.052187251288685
S2324-G0424,W. Kessler,3,0.958333333333333,-2.3987144476736146
S2324-G0424,Z. Williamson,1,9.638095238095238,7.161823125399485
S2324-G0424,Z. Williamson,2,-2.8158730158730165,-1.5730575814099659
S2324-G0424,Z. Williamson,3,-3.7138888888888903,0.3378700467588178
S2324-G0425,B. Biyombo,1,4.504761904761904,-0.8684198837057555
S2324-G0425,B. Biyombo,2,0.06190476190476257,-3.4312323022837807
S2324-G0425,B. Biyombo,3,2.271428571428571,-2.631559224673166
S2324-G0425,C. Braun,1,-4.414285714285714,-2.7354622403418145
S2324-G0425,C. Braun,2,3.447619047619047,2.3724889756445675
S2324-G0425,C. Braun,3,-9.966666666666665,-3.30833924058997
S2324-G0425,D. Bane,1,13.96984126984127,9.554494718058429
S2324-G0425,D. Bane,2,-16.251190476190473,-6.526837533097259
S2324-G0425,D. Jordan,2,-1.9500000000000002,-4.468764924368021
S2324-G0425,D. Jordan,3,0.046969696969696884,-5.160981026016739
S2324-G0425,D. Roddy,1,5.300000000000001,-1.5559544375242054
S2324-G0425,D. Roddy,2,-8.747619047619047,-5.035559551897323
S2324-G0425,D. Roddy,3,-13.1993894993895,2.4989241857986944
S2324-G0425,J. Holiday,1,-3.1571428571428575,-1.931250237658811
S2324-G0425,J. Holiday,2,2.3047619047619055,-0.703390329561027
S2324-G0425,J. Holiday,3,2.666666666666666,-1.5414704534478212
S2324-G0425,J. Jackson Jr.,1,-2.8888888888888893,4.078770904167742
S2324-G0425,J. Jackson Jr.,2,10.788888888888891,4.2564653413974645
S2324-G0425,J. Konchar,1,-4.306666666666667,-3.792845036862581
S2324-G0425,J. Konchar,2,1.4066666666666672,0.8182665052852262
S2324-G0425,J. Konchar,3,-11.498701298701297,-2.3400371353314116
S2324-G0425,J. Murray,1,-10.004444444444447,1.0600229927569416
S2324-G0425,J. Murray,2,-1.8841269841269828,7.014961206262187
S2324-G0425,J. Strawther,1,-7.7666666666666675,-3.7850840455687553
S2324-G0425,J. Strawther,2,5.561904761904763,4.8734318400998005
S2324-G0425,J. Strawther,3,-20.645879120879123,-2.498044329357304
S2324-G0425,K. Caldwell-Pope,1,-7.828571428571429,-2.4856892389547847
S2324-G0425,K. Caldwell-Pope,2,-6.970129870129869,2.4434601466883716
S2324-G0425,M. Porter Jr.,1,6.39145299145299,2.487499631697398
S2324-G0425,M. Porter Jr.,2,8.0,-5.169530002997026
S2324-G0425,M. Smart,1,-2.9222510822510817,0.3351159018319322
S2324-G0425,M. Smart,2,-9.77904761904762,1.3017671476804094
S2324-G0425,N. Jokic,1,22.33137254901961,14.719113617812313
S2324-G0425,N. Jokic,2,-15.795816464237515,-12.316008401420051
S2324-G0425,P. Watson,1,2.4739682539682555,3.961721420759691
S2324-G0425,P. Watson,2,-2.8495238095238093,1.1304174236060816
S2324-G0425,P. Watson,3,4.022380952380953,3.602905269040993
S2324-G0425,R. Jackson,1,4.255555555555556,-0.0691347558725493
S2324-G0425,R. Jackson,2,0.1777777777777776,-3.2099191308786263
S2324-G0425,R. Jackson,3,-11.655555555555555,-5.208719815889348
S2324-G0425,V. Williams Jr.,1,-1.363030303030305,-0.3899470962000088
S2324-G0425,V. Williams Jr.,2,6.583030303030304,-0.19306893140098455
S2324-G0425,V. Williams Jr.,3,0.1200000000000001,-4.411896585992378
S2324-G0425,X. Tillman,1,-2.3666666666666676,-3.6391313260220493
S2324-G0425,X. Tillman,2,-4.933333333333333,-2.165086744679899
S2324-G0425,X. Tillman,3,3.802380952380952,2.007118003110941
S2324-G0425,Z. Williams,1,-3.6030303030303026,-1.5790728551421462
S2324-G0425,Z. Williams,2,8.903030303030302,2.232618389754694
S2324-G0425,Z. Williams,3,-11.399999999999999,-6.80834369164175
S2324-G0429,A. Black,1,4.300000000000001,-2.6954054068776214
S2324-G0429,A. Black,2,-4.380000000000001,-7.325178663844961
S2324-G0429,A. Black,3,4.446666666666667,-1.2257024493402224
S2324-G0429,C. Anthony,1,-8.61062271062271,-1.7420755725286272
S2324-G0429,C. Anthony,2,8.877289377289376,3.4111240803562892
S2324-G0429,C. Anthony,3,-1.42,-4.0589153784999
S2324-G0429,C. Houstan,1,4.4,-0.4310299277715271
S2324-G0429,C. Houstan,2,0.10000000000000009,-3.1314865993333827
S2324-G0429,C. Houstan,3,2.3333333333333335,-3.1314865993333827
S2324-G0429,C. Okeke,1,-8.947619047619046,-5.866799967113386
S2324-G0429,C. Okeke,2,4.347619047619046,2.8186744063527662
S2324-G0429,D. DiVincenzo,1,-2.0,-4.031005766338516
S2324-G0429,D. DiVincenzo,2,-0.4134920634920638,-0.6127875050698134
S2324-G0429,F. Wagner,1,-22.494444444444444,-1.9689900037277495
S2324-G0429,F. Wagner,2,8.206854256854257,13.177988976276247
S2324-G0429,F. Wagner,3,1.6857142857142833,5.572682352859107
S2324-G0429,G. Bitadze,1,0.974747474747474,0.925293740183964
S2324-G0429,G. Bitadze,2,4.685281385281386,-2.7890714426187517
S2324-G0429,G. Bitadze,3,-0.14891774891774823,-3.218755003942257
S2324-G0429,I. Hartenstein,1,-5.674358974358973,-3.7405916233542973
S2324-G0429,I. Hartenstein,2,7.852380952380951,-4.19874810720948
S2324-G0429,I. Quickley,1,7.271428571428572,2.1734467369943493
S2324-G0429,I. Quickley,2,-3.15,-3.641495430543851
S2324-G0429,I. Quickley,3,-12.643181818181816,-1.5071700445184106
S2324-G0429,J. Brunson,1,9.025396825396825,1.1123679722761743
S2324-G0429,J. Brunson,2,-15.398039215686275,-8.624481457564114
S2324-G0429,J. Brunson,3,1.8142296918767506,5.869523267215115
S2324-G0429,J. Hart,2,1.2487179487179487,-2.459566421029723
S2324-G0429,J. Hart,3,2.916666666666667,-4.299705619319847
S2324-G0429,J. Randle,1,26.722483130904187,22.913019720810173
S2324-G0429,J. Randle,2,-10.534242424242423,-4.781696344899859
S2324-G0429,J. Randle,3,1.1909090909090914,9.256788805104645
S2324-G0429,J. Suggs,1,12.047619047619046,4.653514141064101
S2324-G0429,J. Suggs,2,-22.265079365079366,-6.9424344637086435
S2324-G0429,J. Suggs,3,17.78888888888889,12.356336582394073
S2324-G0429,M. Wagner,1,2.1766666666666667,-3.7850840455687553
S2324-G0429,M. Wagner,2,-2.1766666666666667,-4.614422144257071
S2324-G0429,M. Wagner,3,-18.824786324786324,-4.469957813514143
S2324-G0429,P. Banchero,1,10.920000000000002,9.494061447677062
S2324-G0429,P. Banchero,2,-15.692380952380955,-1.611647639635056
S2324-G0429,P. Banchero,3,16.825714285714287,11.27195157494076
S2324-G0429,Q. Grimes,1,-4.658333333333333,-5.866799967113386
S2324-G0429,Q. Grimes,2,-0.5749999999999993,-0.6310336995606382
S2324-G0429,R. Barrett,1,-7.827307692307691,-1.0204217244777298
S2324-G0429,R. Barrett,2,4.830641025641025,3.530561922991076
S2324-G0429,R. Barrett,3,-8.738119658119658,1.093314468558509
S2324-G0429,T. Gibson,1,-0.1333333333333333,-5.866799967113386
S2324-G0429,T. Gibson,2,0.17500000000000004,-3.822208964050051
S2324-G0429,T. Gibson,3,-4.374999999999999,-4.934549027186721
S2324-G0430,B. Coulibaly,1,6.6761904761904765,-0.35840627717678486
S2324-G0430,B. Coulibaly,2,-4.336904761904762,-5.295157481164291
S2324-G0430,B. Coulibaly,3,4.375,-1.4088750251212723
S2324-G0430,C. Johnson,1,2.28095238095238,1.5163613098723896
S2324-G0430,C. Johnson,2,-5.776666666666669,2.766922630271321
S2324-G0430,C. Johnson,3,10.835000000000003,5.2316907955476895
S2324-G0430,C. Kispert,1,-5.614285714285714,-2.137653460685548
S2324-G0430,C. Kispert,2,-6.369047619047617,3.8800034859431327
S2324-G0430,C. Kispert,3,8.766666666666664,7.330679051967502
S2324-G0430,C. Thomas,1,-10.936363636363636,0.8979781304218744
S2324-G0430,C. Thomas,2,6.389696969696969,9.345368154092354
S2324-G0430,C. Thomas,3,1.0545454545454547,1.8829009687328657
S2324-G0430,D. Avdija,1,-4.6089743589743595,1.3925934176092574
S2324-G0430,D. Avdija,2,2.7392773892773885,4.186318296145648
S2324-G0430,D. Avdija,3,-9.146969696969697,1.1596412022842197
S2324-G0430,D. Finney-Smith,1,2.3611111111111107,-4.412808960720689
S2324-G0430,D. Finney-Smith,2,-10.994444444444444,-5.056514915366534
S2324-G0430,D. Finney-Smith,3,1.4999999999999982,3.807620944573579
S2324-G0430,D. Gafford,1,-6.915584415584416,-6.346004877740297
S2324-G0430,D. Gafford,2,6.466666666666667,-3.832931603654329
S2324-G0430,D. Sharpe,1,6.629761904761904,2.920289697598562
S2324-G0430,D. Sharpe,2,-6.704761904761903,-1.3745507777147017
S2324-G0430,D. Sharpe,3,10.999999999999998,1.564305622693571
S2324-G0430,D. Smith Jr.,1,-8.485714285714284,-3.558019331391212
S2324-G0430,D. Smith Jr.,2,7.466666666666666,1.6695752748241186
S2324-G0430,D. Smith Jr.,3,1.1,-3.976798412223757
S2324-G0430,D. Wright,1,-2.3333333333333335,-5.866799967113386
S2324-G0430,D. Wright,2,-2.0999999999999996,-2.6512582891183505
S2324-G0430,D. Wright,3,0.06666666666666643,-0.8479305775503619
S2324-G0430,J. Poole,1,2.041666666666666,-1.7116489080389872
S2324-G0430,J. Poole,2,-2.991666666666667,-2.2062857002091296
S2324-G0430,K. Kuzma,1,20.56142857142857,12.052649144362391
S2324-G0430,K. Kuzma,2,-19.505411255411257,-9.781105063622038
S2324-G0430,K. Kuzma,3,1.1585858585858588,9.149390449590221
S2324-G0430,L. Shamet,2,4.324999999999999,3.1024733723342046
S2324-G0430,M. Bridges,1,9.947619047619046,4.7252406827003375
S2324-G0430,M. Bridges,2,-9.546666666666667,-5.740448475264416
S2324-G0430,M. Bridges,3,4.221269841269844,3.8992240129591362
S2324-G0430,M. Muscala,1,-6.158333333333332,0.19154054529721518
S2324-G0430,M. Muscala,2,12.958333333333332,7.128140353946952
S2324-G0430,M. Muscala,3,-12.257142857142856,-6.073772235705211
S2324-G0430,N. Claxton,1,7.904761904761905,4.127464571526496
S2324-G0430,N. Claxton,2,4.300000000000001,-4.478059332798968
S2324-G0430,N. Claxton,3,-8.700641025641026,-5.694832651456174
S2324-G0430,R. O'Neale,1,3.2333333333333343,-0.14638165901288203
S2324-G0430,R. O'Neale,2,0.06666666666666643,-1.778826347278011
S2324-G0430,S. Dinwiddie,1,-8.763492063492064,-4.031005766338516
S2324-G0430,S. Dinwiddie,2,-1.9522222222222219,4.3856501665540275
S2324-G0430,S. Dinwiddie,3,-5.54111111111111,5.8201370876513385
S2324-G0430,T. Jones,1,-4.6083333333333325,0.2680212011330868
S2324-G0430,T. Jones,2,2.334999999999999,3.1091839479406045
S2324-G0430,T. Jones,3,10.873333333333333,1.9937074539259627
S2324-G0433,B. Lopez,1,-7.965,-2.38532876460616
S2324-G0433,B. Lopez,2,0.887435897435898,2.35446224374006
S2324-G0433,B. Lopez,3,7.1358974358974345,3.775493724546116
S2324-G0433,B. Portis,1,0.3944444444444448,-2.1280941830644617
S2324-G0433,B. Portis,2,-5.258730158730159,-0.8189323072042327
S2324-G0433,B. Portis,3,5.2542857142857144,2.386681751937843
S2324-G0433,C. LeVert,1,-6.823809523809523,-0.1506875275006075
S2324-G0433,C. LeVert,2,9.068253968253966,5.073575819302422
S2324-G0433,C. LeVert,3,-9.091111111111111,-4.662399026415906
S2324-G0433,C. Porter Jr.,1,2.3,-3.7850840455687553
S2324-G0433,C. Porter Jr.,3,-34.81111111111111,-5.035559551897323
S2324-G0433,D. Lillard,1,16.254945054945054,8.172504463073004
S2324-G0433,D. Lillard,2,-27.92207792207792,-9.73260484446728
S2324-G0433,D. Lillard,3,13.158585858585859,15.88759083831916
S2324-G0433,D. Mitchell,1,7.583097165991905,11.325385195456283
S2324-G0433,D. Mitchell,2,-7.6213450292397695,6.244551522323025
S2324-G0433,D. Mitchell,3,13.983760683760686,7.724959098414786
S2324-G0433,D. Wade,1,2.341904761904763,-3.867355893980281
S2324-G0433,D. Wade,2,2.223809523809523,-4.68469530522267
S2324-G0433,G. Antetokounmpo,1,-2.0553113553113533,6.636308101559681
S2324-G0433,G. Antetokounmpo,2,-8.332722832722833,8.067165905766519
S2324-G0433,G. Antetokounmpo,3,17.05534188034188,13.269097926150398
S2324-G0433,G. Niang,1,-5.036363636363637,-2.446504624202314
S2324-G0433,G. Niang,2,4.736363636363636,2.2807530494538146
S2324-G0433,I. Okoro,1,2.1333333333333333,-3.3048489049578365
S2324-G0433,I. Okoro,2,-6.683333333333334,-5.054443466011865
S2324-G0433,I. Okoro,3,-4.305844155844155,1.7379751629435476
S2324-G0433,J. Allen,1,27.783333333333335,23.527614429067786
S2324-G0433,J. Allen,2,-12.75302197802198,-11.07274527279338
S2324-G0433,J. Allen,3,11.01175213675214,5.391468415758508
S2324-G0433,K. Middleton,1,-7.144444444444445,-2.4856892389547847
S2324-G0433,K. Middleton,2,4.696825396825397,4.261661037004591
S2324-G0433,K. Middleton,3,-7.209523809523808,-0.6039543439827811
S2324-G0433,M. Beasley,1,0.06349206349206504,3.090180457067286
S2324-G0433,M. Beasley,2,7.609523809523809,1.3049576899054776
S2324-G0433,M. Beasley,3,0.5476190476190474,-2.412644053202688
S2324-G0433,M. Beauchamp,1,12.077777777777778,1.3621088552960243
S2324-G0433,M. Strus,1,3.795879120879121,4.363604640632113
S2324-G0433,M. Strus,2,4.868398268398268,-0.26691418215877216
S2324-G0433,M. Strus,3,-2.989826839826838,-4.781699888386752
S2324-G0433,P. Connaughton,1,10.014285714285712,2.305928786236923
S2324-G0433,P. Connaughton,2,-0.06666666666666665,-6.007924662773303
S2324-G0433,S. Merrill,2,2.966666666666667,-0.3417812483632816
S2324-G0433,S. Merrill,3,4.633333333333333,-1.679581068855305
S2324-G0433,T. Thompson,2,6.469696969696971,-1.6813608769608626
S2324-G0434,A. Holiday,1,2.0666666666666664,-0.0397615608918595
S2324-G0434,A. Holiday,2,4.666666666666668,-2.165086744679899
S2324-G0434,A. Holiday,3,-6.613333333333333,-6.073772235705211
S2324-G0434,A. Sengun,1,-3.038636363636364,-0.7151625948611282
S2324-G0434,A. Sengun,2,-16.190151515151513,-3.8533326475885015
S2324-G0434,A. Sengun,3,16.134632034632034,14.642543339280053
S2324-G0434,A. Thompson,1,-3.6000000000000005,-6.020780834898836
S2324-G0434,D. House Jr.,2,0.04761904761904767,-6.3749769957105675
S2324-G0434,D. Melton,1,-0.09999999999999964,-2.0553045850097345
S2324-G0434,D. Melton,2,-5.6111111111111125,-4.333757588952503
S2324-G0434,D. Melton,3,-4.97330447330447,2.6114042298396534
S2324-G0434,F. VanVleet,1,18.68940476190476,13.302384479570165
S2324-G0434,F. VanVleet,2,-5.305086580086579,-7.295190170187522
S2324-G0434,F. VanVleet,3,2.030194805194805,5.024376125886558
S2324-G0434,J. Green,1,4.6170274170274155,15.812379920837158
S2324-G0434,J. Green,2,-4.720436507936505,9.777826267397284
S2324-G0434,J. Green,3,8.39304226475279,13.59216120959183
S2324-G0434,J. Landale,1,2.0216666666666647,0.12374987509169645
S2324-G0434,J. Landale,2,4.158333333333333,-1.6244076059202959
S2324-G0434,J. Tate,1,1.9583333333333335,-2.6792672240496453
S2324-G0434,J. Tate,2,0.0,-4.210927946784329
S2324-G0434,J. Tate,3,-2.066666666666667,-3.88608211892634
S2324-G0434,K. Oubre Jr.,1,-1.571428571428573,-0.02997904336930805
S2324-G0434,K. Oubre Jr.,2,3.923809523809524,-2.584512444111343
S2324-G0434,M. Morris Sr.,1,-2.2500000000000004,-3.518586325245815
S2324-G0434,M. Morris Sr.,2,-2.25,-1.2803386158610985
S2324-G0434,M. Morris Sr.,3,-12.792424242424241,-0.504064699191357
S2324-G0434,P. Beverley,1,2.3,-3.7850840455687553
S2324-G0434,P. Beverley,3,-16.07777777777778,-5.603557264568125
S2324-G0434,P. Reed,1,3.242857142857143,-1.885879300193323
S2324-G0434,P. Reed,2,-5.309523809523809,-3.3733620564427005
S2324-G0434,R. Covington,1,5.3,-1.280601130985429
S2324-G0434,R. Covington,2,-9.233333333333333,-5.405160665421915
S2324-G0434,R. Covington,3,4.777489177489177,2.720089927311297
S2324-G0434,T. Eason,1,-15.268939393939393,-2.0993083328611974
S2324-G0434,T. Eason,2,13.127272727272725,9.847036477710862
S2324-G0434,T. Eason,3,-2.0999999999999988,-5.230877418151287
S2324-G0434,T. Harris,1,-2.9450549450549453,0.6930514184875284
S2324-G0434,T. Harris,2,-6.041269841269841,0.9121516825148331
S2324-G0434,T. Harris,3,1.0777777777777757,4.152649002231002
S2324-G0434,T. Maxey,1,-15.576631701631698,12.561759666806068
S2324-G0434,T. Maxey,2,22.375757575757575,25.059085738727443
S2324-G0434,T. Maxey,3,5.518181818181816,3.177465527288829
S2324-G0439,B. Adebayo,1,-8.511136363636364,1.6176728964109541
S2324-G0439,B. Adebayo,2,-0.8413888888888863,7.803245511849683
S2324-G0439,B. Adebayo,3,12.775901875901875,8.416345931456412
S2324-G0439,C. Sexton,1,-10.667008547008548,3.4255198801104156
S2324-G0439,C. Sexton,2,16.247008547008548,12.147220787349633
S2324-G0439,C. Sexton,3,2.128571428571428,-1.5892524789225375
S2324-G0439,D. Robinson,1,-2.3928571428571423,-1.6226764793447845
S2324-G0439,D. Robinson,2,-0.10714285714285765,2.4784255851680674
S2324-G0439,D. Robinson,3,-1.16969696969697,-1.6457828429515668
S2324-G0439,H. Highsmith,1,-2.2423076923076923,-3.7650027539759665
S2324-G0439,H. Highsmith,2,-1.8957875457875462,-2.434587383147186
S2324-G0439,H. Highsmith,3,4.438095238095238,-2.3719089178138497
S2324-G0439,J. Butler,1,-6.7,-6.159237961715255
S2324-G0439,J. Butler,2,-1.904761904761905,-2.6574719392198163
S2324-G0439,J. Clarkson,1,-6.539999999999999,-0.6894240645257399
S2324-G0439,J. Clarkson,2,3.789999999999999,5.1337887101001
S2324-G0439,J. Clarkson,3,7.3500000000000005,2.6296659610952466
S2324-G0439,J. Collins,1,8.999999999999998,-1.232968824366477
S2324-G0439,J. Collins,2,-6.9976190476190485,-6.978082760765495
S2324-G0439,J. Collins,3,-12.778571428571428,0.09024211622367306
S2324-G0439,J. Jaquez Jr.,1,-3.264935064935065,1.0611490661985188
S2324-G0439,J. Jaquez Jr.,2,6.3982683982683985,3.871275884985244
S2324-G0439,J. Jaquez Jr.,3,-2.161904761904762,-3.7170573313955226
S2324-G0439,K. Dunn,1,6.605844155844155,-1.4758824728399935
S2324-G0439,K. Dunn,2,0.07500000000000018,-8.012886512048675
S2324-G0439,K. George,1,9.946666666666665,2.2083781150725645
S2324-G0439,K. George,2,-10.77,-7.800269627798633
S2324-G0439,K. George,3,-12.83,3.701097480646854
S2324-G0439,K. Love,1,14.0,8.883087889131211
S2324-G0439,K. Love,2,-3.064285714285713,-2.790222433819019
S2324-G0439,K. Love,3,0.9642857142857126,0.6456389599345917
S2324-G0439,K. Olynyk,1,-0.879999999999999,3.000377540938635
S2324-G0439,K. Olynyk,2,6.371666666666666,5.606882730397617
S2324-G0439,K. Olynyk,3,-9.186904761904762,-0.43926414617441834
S2324-G0439,L. Markkanen,1,-7.657142857142858,-1.5194436556879058
S2324-G0439,L. Markkanen,2,2.290476190476191,2.9884407609143624
S2324-G0439,L. Markkanen,3,8.016666666666666,2.1712078485761834
S2324-G0439,N. Jovic,1,0.10000000000000053,-2.0076758823502807
S2324-G0439,O. Agbaji,1,-2.338888888888889,-3.7850840455687553
S2324-G0439,O. Agbaji,2,2.4055555555555554,-0.6586294380527357
S2324-G0439,S. Fontecchio,1,0.5333333333333341,-1.899171685326631
S2324-G0439,S. Fontecchio,2,-13.691666666666666,-4.499768464704344
S2324-G0439,S. Fontecchio,3,13.658333333333331,8.715593255418376
S2324-G0439,T. Herro,1,-2.2333333333333343,7.614515063110518
S2324-G0439,T. Herro,2,3.3000000000000007,7.8612194211609925
S2324-G0439,T. Herro,3,2.6222222222222236,4.695576299447193
S2324-G0439,W. Kessler,1,-0.049999999999998934,0.07003290366583617
S2324-G0439,W. Kessler,2,4.228333333333333,0.9901422321622012
S2324-G0439,W. Kessler,3,4.346666666666667,-1.6381313255104057
S2324-G0448,A. Horford,1,-11.860714285714286,-6.3749769957105675
S2324-G0448,A. Horford,2,5.1850000000000005,2.3231354021358848
S2324-G0448,B. Wesley,2,-8.246031746031745,-6.263642031118527
S2324-G0448,C. Osman,1,-1.9999999999999996,-3.750933716958999
S2324-G0448,C. Osman,2,-3.5,-1.9072585153413422
S2324-G0448,C. Osman,3,7.8,1.3480180541713933
S2324-G0448,D. Barlow,3,-10.63174603174603,-1.2400290904483369
S2324-G0448,D. McDermott,1,4.800000000000001,-2.1808390793460486
S2324-G0448,D. McDermott,2,-2.3,-5.289973598727397
S2324-G0448,D. McDermott,3,2.3,-3.967077464737296
S2324-G0448,D. Vassell,1,11.828333333333335,9.538919307648426
S2324-G0448,D. Vassell,2,-0.754999999999999,-4.37518466234499
S2324-G0448,D. Vassell,3,1.3049999999999997,0.6057391690184171
S2324-G0448,D. White,1,2.9833333333333325,6.064249701478594
S2324-G0448,D. White,2,3.2857142857142865,2.094748987233183
S2324-G0448,J. Brown,1,12.647619047619047,5.60627796573324
S2324-G0448,J. Brown,2,-27.728787878787877,-9.508965244348452
S2324-G0448,J. Champagnie,1,2.3666666666666663,-4.412808960720689
S2324-G0448,J. Champagnie,2,-2.45,-5.213947862734808
S2324-G0448,J. Sochan,1,-13.50952380952381,-2.4102853832857014
S2324-G0448,J. Sochan,2,20.476190476190474,9.898909745218518
S2324-G0448,J. Tatum,1,-16.059047619047618,0.536497291293199
S2324-G0448,J. Tatum,2,-2.620119047619049,13.458344816100867
S2324-G0448,J. Tatum,3,28.579166666666666,13.020474049603866
S2324-G0448,K. Porzingis,1,5.1073076923076925,4.411393992589117
S2324-G0448,K. Porzingis,2,-9.126363636363635,-2.563884774513301
S2324-G0448,L. Kornet,1,6.529999999999999,1.5496763499103487
S2324-G0448,L. Kornet,2,-8.98,-3.4362402782106685
S2324-G0448,M. Branham,1,-14.008333333333333,-5.8708714226275225
S2324-G0448,M. Branham,2,-3.842307692307692,7.102835895776925
S2324-G0448,O. Brissett,1,-2.55,-6.020780834898836
S2324-G0448,O. Brissett,2,-2.9166666666666665,-3.4816467974922167
S2324-G0448,O. Brissett,3,-3.203030303030304,-2.840816829394413
S2324-G0448,P. Pritchard,1,-11.9,-3.7850840455687553
S2324-G0448,P. Pritchard,2,9.899999999999999,7.300616608603596
S2324-G0448,P. Pritchard,3,-2.2384615384615385,-3.30833924058997
S2324-G0448,S. Hauser,1,3.0833333333333335,-1.194771383720859
S2324-G0448,S. Hauser,2,2.3,-5.361528189881887
S2324-G0448,S. Hauser,3,-17.258333333333333,-6.240389619061122
S2324-G0448,S. Mamukelashvili,1,5.616666666666667,2.5910928491333083
S2324-G0448,S. Mamukelashvili,2,-9.327142857142858,-2.1295469528891027
S2324-G0448,T. Jones,1,4.789285714285713,1.7143443696636211
S2324-G0448,T. Jones,2,-4.408333333333333,-2.173345381744898
S2324-G0448,T. Jones,3,-0.6566666666666663,1.0456800250993834
S2324-G0448,V. Wembanyama,1,3.492207792207793,9.602073566684307
S2324-G0448,V. Wembanyama,2,3.0613636363636374,3.804845376670706
S2324-G0448,V. Wembanyama,3,12.963888888888889,4.78486924839313
S2324-G0454,A. Jackson Jr.,1,0.06666666666666665,-5.866799967113386
S2324-G0454,A. Nembhard,1,6.683333333333334,-1.8940472208497718
S2324-G0454,A. Nesmith,1,-13.464444444444446,-4.180467900561129
S2324-G0454,A. Nesmith,2,12.100000000000001,3.212719152508245
S2324-G0454,A. Nesmith,3,2.3611111111111107,-5.1261602334039615
S2324-G0454,B. Hield,1,-2.171428571428571,-3.1865045176635807
S2324-G0454,B. Hield,2,-2.3535714285714286,-0.5157386203872083
S2324-G0454,B. Lopez,1,-13.933333333333332,-1.9818831111354314
S2324-G0454,B. Lopez,2,1.6636363636363605,6.6902635011724465
S2324-G0454,B. Lopez,3,4.48874458874459,6.26694350382935
S2324-G0454,B. Mathurin,1,1.9499999999999993,3.5687642483976822
S2324-G0454,B. Mathurin,2,-12.564285714285715,3.8704827959720567
S2324-G0454,B. Mathurin,3,5.933943833943836,10.182649995744635
S2324-G0454,B. Portis,1,-2.21,-1.1864963160631496
S2324-G0454,B. Portis,2,-6.366666666666665,-0.32294019980895167
S2324-G0454,B. Portis,3,11.166666666666664,5.954822376293591
S2324-G0454,C. Payne,2,1.2000000000000002,-4.276144247349213
S2324-G0454,C. Payne,3,-6.658333333333333,-6.1661307149821285
S2324-G0454,D. Lillard,1,13.724999999999998,8.903878067472247
S2324-G0454,D. Lillard,2,-15.483333333333334,-8.184041087629609
S2324-G0454,D. Lillard,3,13.133333333333336,7.318589625072214
S2324-G0454,G. Antetokounmpo,1,10.976025641025643,10.46429545105336
S2324-G0454,G. Antetokounmpo,2,-2.3684065934065934,-1.7394057564120284
S2324-G0454,G. Antetokounmpo,3,-9.003174603174603,3.0255728653692953
S2324-G0454,I. Jackson,1,-1.7875901875901867,0.9863432194202952
S2324-G0454,I. Jackson,2,4.492034632034631,0.9015716928150521
S2324-G0454,I. Jackson,3,-6.736515151515151,-3.600676687708546
S2324-G0454,J. Smith,1,6.956666666666666,2.9395800701135952
S2324-G0454,J. Smith,2,-3.3309523809523798,-3.0682437518809356
S2324-G0454,K. Middleton,1,-11.652380952380948,-1.3049743264608413
S2324-G0454,K. Middleton,2,14.019047619047615,10.014634879718063
S2324-G0454,K. Middleton,3,-17.687878787878788,-5.161005600818998
S2324-G0454,M. Beasley,1,16.008333333333333,7.161823125399485
S2324-G0454,M. Beasley,2,-5.4527777777777775,-6.686783060054181
S2324-G0454,M. Beasley,3,5.21111111111111,-0.06642129035805758
S2324-G0454,M. Turner,1,-9.475000000000001,-3.7650027539759665
S2324-G0454,M. Turner,2,5.550000000000001,4.042799061978299
S2324-G0454,M. Turner,3,2.0078571428571426,0.3216660173134711
S2324-G0454,O. Toppin,1,-5.1611688311688315,1.0830369433827525
S2324-G0454,O. Toppin,2,6.058787878787878,2.872546275460879
S2324-G0454,O. Toppin,3,2.2285714285714286,-0.762291529870193
S2324-G0454,P. Connaughton,2,9.903030303030302,0.4180939217918237
S2324-G0454,P. Connaughton,3,-0.033333333333333326,-7.91226092794585
S2324-G0454,T. Haliburton,1,8.67965367965368,6.834394562036286
S2324-G0454,T. Haliburton,2,-11.482051282051284,-2.156863053969753
S2324-G0454,T. Haliburton,3,-0.3877899877899864,8.108798347722889
S2324-G0454,T. McConnell,1,2.3285714285714283,-0.1506875275006075
S2324-G0454,T. McConnell,2,2.104761904761905,-1.6405509457700056
S2324-G0454,T. McConnell,3,-21.433333333333334,-4.469957813514143
S2324-G0459,A. Caruso,1,5.105128205128208,2.6014585132072066
S2324-G0459,A. Caruso,2,4.902380952380952,-1.9949409803684508
S2324-G0459,A. Dosunmu,1,-2.541269841269841,0.5828383639675163
S2324-G0459,A. Dosunmu,2,0.8901010101010094,2.319994021739483
S2324-G0459,A. Dosunmu,3,-4.323434343434343,1.528711489328782
S2324-G0459,A. Drummond,1,9.118406593406593,0.05327435355004226
S2324-G0459,A. Drummond,2,-18.928146853146853,-4.94661253933227
S2324-G0459,A. Drummond,3,23.328787878787878,9.23691738897754
S2324-G0459,C. White,1,-9.347710622710622,-0.3451780851907918
S2324-G0459,C. White,2,3.6194444444444436,6.366828312151107
S2324-G0459,D. DeRozan,1,8.323253968253969,6.568011531824158
S2324-G0459,D. DeRozan,2,1.962301587301587,-3.1099630537762946
S2324-G0459,D. House Jr.,1,6.683333333333334,-0.25121894776745257
S2324-G0459,D. House Jr.,2,-9.903030303030302,-5.054443466011865
S2324-G0459,D. Terry,2,2.2384615384615385,-3.5458299128355426
S2324-G0459,D. Terry,3,-12.9875,-5.211032185332749
S2324-G0459,J. Carter,1,0.0,-4.3394740173584605
S2324-G0459,J. Carter,2,-12.975,-3.631860075350902
S2324-G0459,J. Carter,3,0.657692307692308,6.643745275312785
S2324-G0459,J. Embiid,1,-12.697539302802454,7.767519835485945
S2324-G0459,J. Embiid,2,10.5144315333789,16.261447450951323
S2324-G0459,J. Phillips,3,5.299545454545454,3.0653795679839577
S2324-G0459,J. Springer,1,-2.308333333333333,-5.866799967113386
S2324-G0459,J. Springer,2,2.308333333333333,-2.907959524020406
S2324-G0459,J. Springer,3,-10.925641025641024,-6.073772235705211
S2324-G0459,K. Oubre Jr.,1,19.242307692307694,10.82952587907154
S2324-G0459,K. Oubre Jr.,2,0.6600000000000001,-6.7274244059971435
S2324-G0459,M. Morris Sr.,1,-3.358333333333334,-3.7850840455687553
S2324-G0459,M. Morris Sr.,2,4.553571428571429,0.40176918314317644
S2324-G0459,N. Batum,1,8.346666666666664,1.8398109274288843
S2324-G0459,N. Batum,2,-0.08999999999999986,-4.821306449217718
S2324-G0459,P. Beverley,1,5.183333333333334,-1.5559544375242054
S2324-G0459,P. Reed,2,-0.33452380952381056,-2.429373640045699
S2324-G0459,P. Williams,1,-0.7745454545454544,-3.5121343802597838
S2324-G0459,T. Harris,1,4.2247863247863275,4.83801404609372
S2324-G0459,T. Harris,2,-9.883333333333335,-6.041576096276278
S2324-G0459,T. Maxey,1,-1.1288888888888877,1.29065335057365
S2324-G0459,T. Maxey,2,-1.8100000000000005,0.5290345671574664
S2324-G0459,T. Maxey,3,6.220000000000001,4.9429305408383675
S2324-G0459,T. Taylor,1,-4.725,-5.5774175146276805
S2324-G0459,T. Taylor,2,2.5583333333333336,-0.3771418959943696
S2324-G0459,T. Taylor,3,-2.5233333333333334,-3.2584225590442495
S2324-G0479,C. Sexton,1,-2.2025641025641036,5.355500713015251
S2324-G0479,C. Sexton,2,9.579230769230769,7.073174161305901
S2324-G0479,D. White,1,4.642107892107893,2.566795005050249
S2324-G0479,D. White,2,2.767307692307691,-1.8635185840111375
S2324-G0479,J. Brown,1,8.778860028860027,3.922085290942443
S2324-G0479,J. Brown,2,-11.48777777777778,-4.946444187151246
S2324-G0479,J. Clarkson,1,2.583333333333334,-0.2692980056172721
S2324-G0479,J. Clarkson,2,-2.05,-1.7354187209845462
S2324-G0479,J. Collins,1,-4.2,-4.329108111865347
S2324-G0479,J. Collins,2,-15.075452488687782,-0.6570972517175597
S2324-G0479,J. Holiday,1,4.576996336996336,3.3837271266096356
S2324-G0479,J. Holiday,2,0.9796703296703289,0.343485219476146
S2324-G0479,J. Tatum,1,-20.19018759018759,3.0642940256752658
S2324-G0479,J. Tatum,2,21.575901875901877,15.725752644406123
S2324-G0479,K. Dunn,1,-4.423333333333334,-3.951467602378409
S2324-G0479,K. Dunn,2,8.9,-0.7513448764572077
S2324-G0479,K. Dunn,3,-4.707142857142856,-6.4735043744567715
S2324-G0479,K. George,1,12.214285714285714,5.818946223760194
S2324-G0479,K. George,2,-7.500000000000002,-4.207261207926067
S2324-G0479,K. George,3,0.7100000000000009,2.247941398328525
S2324-G0479,K. Olynyk,1,-0.038095238095238404,-3.7850840455687553
S2324-G0479,K. Olynyk,2,-4.0095238095238095,-2.499299341195166
S2324-G0479,K. Porzingis,1,6.930714285714286,2.4977604796168817
S2324-G0479,K. Porzingis,2,-6.340384615384615,-7.356775878491387
S2324-G0479,L. Kornet,2,6.68,-1.8124944492217139
S2324-G0479,L. Kornet,3,-2.4142857142857146,-7.34368908289435
S2324-G0479,L. Markkanen,1,-7.1747619047619065,1.9036080163856661
S2324-G0479,L. Markkanen,2,0.6588888888888889,5.173662438192441
S2324-G0479,O. Agbaji,1,0.4666666666666668,-3.189853915477251
S2324-G0479,O. Agbaji,2,-4.449999999999999,-3.0330013445527606
S2324-G0479,O. Agbaji,3,1.1818181818181817,0.6194624804917199
S2324-G0479,O. Brissett,1,-8.714285714285714,-6.263642031118527
S2324-G0479,O. Brissett,2,1.7142857142857144,2.5004968886842165
S2324-G0479,O. Brissett,3,4.442857142857143,0.16517531482204378
S2324-G0479,P. Pritchard,1,5.0,-1.9959680403845677
S2324-G0479,P. Pritchard,2,-10.083333333333332,-4.510430053549024
S2324-G0479,P. Pritchard,3,-5.575714285714287,2.123301987059198
S2324-G0479,S. Fontecchio,1,2.7089743589743582,-3.980480942362859
S2324-G0479,S. Fontecchio,2,-1.116666666666668,-5.1923798493219255
S2324-G0479,S. Hauser,1,2.216666666666667,2.61703707794151
S2324-G0479,S. Hauser,2,0.9333333333333327,0.2058635390890092
S2324-G0479,S. Hauser,3,-5.599999999999999,-0.19287228254175495
S2324-G0479,S. Mykhailiuk,3,-19.37777777777778,-5.866799967113386
S2324-G0479,W. Kessler,1,2.2059523809523816,-1.6186765866763737
S2324-G0483,D. DiVincenzo,1,7.403030303030303,2.0320595670455783
S2324-G0483,D. DiVincenzo,2,-4.803333333333334,-3.7382119383994024
S2324-G0483,D. House Jr.,1,-0.03333333333333344,-5.866799967113386
S2324-G0483,D. House Jr.,2,-4.2749999999999995,-4.138422891733184
S2324-G0483,D. House Jr.,3,-0.375,-0.4923963386265423
S2324-G0483,I. Hartenstein,1,-7.550822510822511,-1.269714166598836
S2324-G0483,I. Hartenstein,2,1.9466666666666672,0.9994741454083056
S2324-G0483,I. Hartenstein,3,2.334999999999999,1.2473750369930245
S2324-G0483,J. Brunson,1,-20.21,3.09695573228362
S2324-G0483,J. Brunson,2,21.215584415584416,22.75587947822271
S2324-G0483,J. Brunson,3,-0.015584415584417144,1.0820168163177377
S2324-G0483,J. Embiid,1,3.984415584415583,13.845067843923562
S2324-G0483,J. Embiid,2,-10.545833333333334,0.9786350675678035
S2324-G0483,J. Embiid,3,21.729166666666664,12.758081324176377
S2324-G0483,J. Hart,1,4.494999999999999,2.8632530308128805
S2324-G0483,J. Hart,2,4.313333333333334,-2.9944599166881556
S2324-G0483,J. Hart,3,-4.0476190476190474,-5.320994042147964
S2324-G0483,J. Randle,1,7.186320346320345,6.124771530514676
S2324-G0483,J. Randle,2,-0.33904761904761926,-2.0517217193220305
S2324-G0483,J. Springer,2,4.14,-1.0743343904334626
S2324-G0483,J. Springer,3,-1.0,-4.374290527487357
S2324-G0483,K. Oubre Jr.,1,-9.09794372294372,-0.721057319749712
S2324-G0483,K. Oubre Jr.,2,11.293181818181814,3.7398348472642433
S2324-G0483,K. Oubre Jr.,3,-7.638461538461539,-4.772266525124457
S2324-G0483,M. McBride,1,21.497142857142855,10.32684337111679
S2324-G0483,M. McBride,2,-0.9999999999999996,-5.363546223511295
S2324-G0483,M. McBride,3,-1.3250000000000002,-3.257579731181565
S2324-G0483,M. Morris Sr.,1,2.3,-3.7850840455687553
S2324-G0483,M. Morris Sr.,2,0.0,-5.035559551897323
S2324-G0483,N. Batum,1,-4.883333333333333,-5.5774175146276805
S2324-G0483,N. Batum,2,4.869047619047619,-1.1036313869329863
S2324-G0483,N. Batum,3,0.04761904761904767,-4.54904036105362
S2324-G0483,O. Anunoby,1,-11.695238095238095,-3.056369602835793
S2324-G0483,O. Anunoby,2,7.408333333333333,9.057217209265906
S2324-G0483,O. Anunoby,3,2.3,-3.089533714581986
S2324-G0483,P. Achiuwa,2,-1.4000000000000004,-1.8394839258363265
S2324-G0483,P. Beverley,1,-0.20000000000000018,-3.7965293218533156
S2324-G0483,P. Beverley,3,2.466666666666667,-2.7929219154311937
S2324-G0483,P. Reed,2,-8.910714285714285,-2.8421601432512147
S2324-G0483,Q. Grimes,1,2.376666666666667,-2.1808390793460486
S2324-G0483,Q. Grimes,2,0.040000000000000036,-3.152817522318828
S2324-G0483,Q. Grimes,3,-37.46754385964912,-4.436478499460221
S2324-G0483,T. Harris,1,16.557142857142857,4.88088783873881
S2324-G0483,T. Harris,2,-2.2583333333333333,-10.13927158271984
S2324-G0483,T. Maxey,1,6.903174603174605,13.933210355714818
S2324-G0483,T. Maxey,2,12.913333333333334,6.136774306752348
S2324-G0483,T. Maxey,3,-5.8184615384615395,-4.839050854252889
S2324-G0486,A. Coffey,2,-0.11111111111111072,-1.3049743264608413
S2324-G0486,B. Ingram,1,-6.9222222222222225,-2.429373640045699
S2324-G0486,B. Ingram,2,-3.144444444444444,1.7384803774182165
S2324-G0486,B. Ingram,3,11.2,5.731223864504974
S2324-G0486,C. McCollum,1,-0.07222222222222285,1.0195986195464706
S2324-G0486,C. McCollum,2,-5.307431457431456,0.23626566978107874
S2324-G0486,C. McCollum,3,17.646320346320344,6.595940756202967
S2324-G0486,D. Daniels,2,0.0,-3.9122780402193604
S2324-G0486,D. Daniels,3,-4.28,-3.4312323022837807
S2324-G0486,D. Theis,1,2.5166666666666666,-3.0044936513053084
S2324-G0486,D. Theis,2,-6.7476190476190485,-5.560222610023104
S2324-G0486,H. Jones,1,4.324999999999999,-2.070169693620121
S2324-G0486,H. Jones,2,-11.733333333333333,-4.207261207926067
S2324-G0486,I. Zubac,1,-0.6380952380952394,-0.5102674789527828
S2324-G0486,I. Zubac,2,-6.538419913419913,1.022097568490366
S2324-G0486,J. Alvarado,1,-2.2047619047619045,-3.7850840455687553
S2324-G0486,J. Alvarado,2,-6.728571428571429,-0.8318426714979492
S2324-G0486,J. Harden,1,-1.9399999999999995,0.6201087953896304
S2324-G0486,J. Harden,2,9.7,1.5532036661043207
S2324-G0486,J. Valanciunas,1,16.165714285714284,6.116392090077231
S2324-G0486,J. Valanciunas,2,-11.466666666666667,-13.634987220697717
S2324-G0486,J. Valanciunas,3,7.086666666666666,1.7842059215233597
S2324-G0486,K. Leonard,1,4.9,2.583121579627659
S2324-G0486,K. Leonard,2,-11.575000000000001,-2.880896502995154
S2324-G0486,K. Leonard,3,8.930555555555555,8.449018540754567
S2324-G0486,L. Nance Jr.,1,-10.033333333333331,-5.866799967113386
S2324-G0486,L. Nance Jr.,2,-1.0833333333333357,4.695967380734796
S2324-G0486,L. Nance Jr.,3,11.116666666666667,2.593927025926367
S2324-G0486,N. Marshall,1,-5.917307692307693,3.000377540938635
S2324-G0486,N. Powell,1,0.8200000000000003,2.851634609019686
S2324-G0486,N. Powell,2,5.913333333333333,2.3976151225565197
S2324-G0486,N. Powell,3,-9.32,-2.631742309268204
S2324-G0486,P. George,1,1.1142857142857103,8.440213714314748
S2324-G0486,P. George,2,-5.527960927960926,4.737443089484823
S2324-G0486,R. Westbrook,1,-3.560714285714286,-0.9276948395932311
S2324-G0486,R. Westbrook,2,3.7583333333333337,1.7324645963858871
S2324-G0486,R. Westbrook,3,2.9333333333333336,-1.7927527429595713
S2324-G0486,T. Mann,1,2.4499999999999993,0.041964036383678405
S2324-G0486,T. Mann,2,3.2357142857142858,-1.5946208979848508
S2324-G0486,T. Mann,3,2.1476190476190475,-3.0019141732273695
S2324-G0486,T. Murphy III,1,-7.575,-2.5209848466130893
S2324-G0486,T. Murphy III,2,5.4395454545454545,4.919862926762842
S2324-G0486,Z. Williamson,1,-3.6799999999999997,0.2945296906575351
S2324-G0486,Z. Williamson,2,3.336666666666666,2.7957574755370516
S2324-G0487,A. Lawson,1,-2.166666666666666,-5.014756373101497
S2324-G0487,A. Lawson,2,-9.700000000000001,-2.589797798688385
S2324-G0487,A. Lawson,3,-6.324786324786324,5.113742968297664
S2324-G0487,A. Simons,1,-8.634285714285713,-2.794630283853586
S2324-G0487,A. Simons,2,13.68095238095238,3.3171746418385997
S2324-G0487,D. Jones Jr.,1,10.935641025641026,0.44526986585347417
S2324-G0487,D. Jones Jr.,2,-14.893333333333333,-8.791142396393605
S2324-G0487,D. Powell,1,-2.072222222222222,-4.087228131773589
S2324-G0487,D. Powell,2,-1.177777777777778,-0.9067576686702069
S2324-G0487,D. Reath,1,-17.514529914529916,-2.308119190253369
S2324-G0487,D. Reath,2,20.57802197802198,10.484988054848445
S2324-G0487,D. Reath,3,-11.063492063492063,-7.302537295856756
S2324-G0487,G. Brown III,3,-13.908658008658008,-2.962055407417114
S2324-G0487,I. Badji,1,2.2547619047619047,-3.7650027539759665
S2324-G0487,I. Badji,3,0.08333333333333326,-5.731258028527273
S2324-G0487,J. Grant,1,-4.115584415584419,6.405995958651527
S2324-G0487,J. Grant,2,20.5,7.352486707845609
S2324-G0487,J. Green,1,1.959999999999999,2.2509440156400125
S2324-G0487,J. Green,2,2.381666666666666,-1.373780697400064
S2324-G0487,J. Hardy,1,-20.767857142857142,-2.2331764073753915
S2324-G0487,J. Hardy,2,19.00785714285714,12.504618853455288
S2324-G0487,J. Hardy,3,-5.934444444444445,-3.2245013135570715
S2324-G0487,K. Irving,1,13.722398190045253,14.076403153002623
S2324-G0487,K. Irving,2,-8.323076923076924,-3.793384228475499
S2324-G0487,K. Murray,3,-8.585,2.034666905376961
S2324-G0487,M. Brogdon,1,4.571428571428571,-0.7940175573590352
S2324-G0487,M. Brogdon,2,-11.111111111111112,-3.1048774128506618
S2324-G0487,M. Thybulle,1,0.18333333333333357,-3.4376660929061496
S2324-G0487,M. Thybulle,2,2.3,-3.280139976183449
S2324-G0487,O. Prosper,2,-2.033333333333333,-5.014756373101497
S2324-G0487,O. Prosper,3,-19.876666666666665,-3.0330013445527606
S2324-G0487,R. Rupert,3,-5.22952380952381,-0.04267250093337998
S2324-G0487,S. Curry,1,5.3969696969696965,4.778422591597787
S2324-G0487,S. Curry,2,2.1863636363636365,2.096278892682576
S2324-G0487,S. Curry,3,6.75,-1.7397253070513266
S2324-G0487,S. Henderson,1,20.777272727272727,6.9942696428936575
S2324-G0487,S. Henderson,2,-6.864285714285714,-8.88568469365261
S2324-G0487,S. Henderson,3,-16.960714285714285,-2.032550718529508
S2324-G0487,S. Sharpe,1,3.8476190476190464,2.5640444044722632
S2324-G0487,S. Sharpe,2,-12.207936507936507,-0.5774987400020241
S2324-G0487,S. Sharpe,3,-3.450396825396826,6.948169006614794
S2324-G0487,T. Camara,1,2.197222222222222,-0.28250100624432184
S2324-G0487,T. Camara,2,0.6877777777777778,-0.7521245143473728
S2324-G0487,T. Camara,3,-10.967142857142857,-3.996607972530688
S2324-G0487,T. Hardaway Jr.,1,14.296363636363639,9.453395725519423
S2324-G0487,T. Hardaway Jr.,2,-14.926666666666668,-3.857059572208128
S2324-G0487,T. Hardaway Jr.,3,19.133333333333333,9.546136439557163
S2324-G0494,B. Coulibaly,1,4.320238095238095,-0.10252314448629912
S2324-G0494,B. Coulibaly,2,-1.8952380952380947,-3.6666731448328935
S2324-G0494,B. Coulibaly,3,1.8999999999999995,-2.64101883417499
S2324-G0494,C. Kispert,1,-8.311111111111114,-3.569892784480852
S2324-G0494,C. Kispert,2,10.744444444444445,5.084360259995737
S2324-G0494,C. Kispert,3,-4.300000000000001,-6.80834369164175
S2324-G0494,D. Avdija,1,-8.974285714285717,-1.6478211929230264
S2324-G0494,D. Avdija,2,-11.593199741435035,7.03019853459867
S2324-G0494,D. Avdija,3,18.138914027149323,14.15466516634436
S2324-G0494,D. DiVincenzo,1,10.516666666666666,3.0568979076362006
S2324-G0494,D. DiVincenzo,2,-15.607142857142858,-5.48671628050914
S2324-G0494,D. Gafford,1,7.374999999999999,-0.8785512968290975
S2324-G0494,D. Gafford,2,1.2989010989010992,-9.495637437954514
S2324-G0494,D. Gafford,3,-1.1131868131868132,-6.600959184967928
S2324-G0494,D. Wright,1,-4.608333333333334,-3.7850840455687553
S2324-G0494,D. Wright,2,4.675000000000001,1.0330488351612934
S2324-G0494,D. Wright,3,-2.099999999999999,-3.627679105445897
S2324-G0494,I. Hartenstein,1,8.981547619047618,1.895893896233138
S2324-G0494,I. Hartenstein,2,0.016666666666666607,-5.6053284109026835
S2324-G0494,I. Hartenstein,3,-0.3038961038961041,-7.711294643901598
S2324-G0494,J. Brunson,1,2.383333333333333,5.8284133191608465
S2324-G0494,J. Brunson,2,-11.26651515151515,4.099641635254553
S2324-G0494,J. Brunson,3,6.059848484848484,11.92703686044755
S2324-G0494,J. Hart,1,-8.658333333333333,-3.7850840455687553
S2324-G0494,J. Hart,2,-3.2598484848484848,4.781548559920856
S2324-G0494,J. Poole,1,-10.704444444444444,-4.88008186998955
S2324-G0494,J. Poole,2,-2.56388888888889,3.2812292692545086
S2324-G0494,J. Poole,3,13.275000000000002,3.5931799202973966
S2324-G0494,J. Randle,1,9.609036796536799,16.068885061646967
S2324-G0494,J. Randle,2,-4.323051948051948,0.40232645283489954
S2324-G0494,J. Randle,3,4.434451659451657,8.916075769469654
S2324-G0494,K. Kuzma,1,15.788888888888891,11.454608783953613
S2324-G0494,K. Kuzma,2,-18.40793650793651,-4.751222255341149
S2324-G0494,K. Kuzma,3,11.832222222222224,10.98806471417921
S2324-G0494,M. McBride,1,-3.1333333333333337,-1.8704665276932946
S2324-G0494,M. McBride,2,0.8000000000000007,0.5108430479959789
S2324-G0494,M. Muscala,1,-5.977777777777778,-4.391480826389875
S2324-G0494,M. Muscala,2,4.877777777777778,1.0162595212196859
S2324-G0494,O. Anunoby,1,0.09883116883116916,-1.8281771499966029
S2324-G0494,O. Anunoby,2,1.2511688311688305,-0.9728419766339599
S2324-G0494,O. Anunoby,3,-1.2999999999999998,-1.8863521302226005
S2324-G0494,P. Achiuwa,2,-4.366666666666667,-6.263642031118527
S2324-G0494,Q. Grimes,1,-10.047619047619046,-5.866799967113386
S2324-G0494,Q. Grimes,2,2.5587301587301567,4.429068828933278
S2324-G0494,T. Jones,1,3.3583333333333343,2.324433432535647
S2324-G0494,T. Jones,2,-1.120000000000001,0.2721157428969339
S2324-G0494,T. Jones,3,0.07238095238095354,2.8103082795068324
S2324-G0495,C. Sexton,1,-4.463492063492065,-0.08596711731782776
S2324-G0495,C. Sexton,2,-1.136507936507936,3.9774032722432047
S2324-G0495,C. Sexton,3,-3.8757142857142863,4.162738948843114
S2324-G0495,J. Clarkson,1,2.321978021978021,4.693912084227277
S2324-G0495,J. Clarkson,2,7.212307692307692,3.093511842822124
S2324-G0495,J. Clarkson,3,-14.928119658119659,-5.1372850124092935
S2324-G0495,J. Collins,1,-7.56388888888889,3.090180457067286
S2324-G0495,J. Collins,2,16.241666666666667,7.354927831752906
S2324-G0495,J. Collins,3,0.06666666666666643,-4.777484269753617
S2324-G0495,J. Springer,1,6.958333333333334,-2.099008240413998
S2324-G0495,J. Springer,2,0.0,-5.560222610023104
S2324-G0495,J. Springer,3,-0.033333333333333326,-5.603412856454962
S2324-G0495,K. Dunn,1,-2.3030303030303028,-6.169848148589279
S2324-G0495,K. Dunn,2,2.1919191919191916,-3.5437130779997945
S2324-G0495,K. George,1,0.19999999999999996,-5.331861883831866
S2324-G0495,K. George,2,-11.047619047619046,-5.289973598727397
S2324-G0495,K. George,3,6.747619047619046,3.5194096332767857
S2324-G0495,K. Martin,1,-1.0507936507936506,-1.3188359944456753
S2324-G0495,K. Martin,2,3.355555555555556,1.9639443941529895
S2324-G0495,K. Martin,3,-2.155555555555556,-2.753464618620546
S2324-G0495,K. Olynyk,1,-6.666666666666666,-5.866799967113386
S2324-G0495,K. Olynyk,2,1.3666666666666663,1.420093948084481
S2324-G0495,K. Olynyk,3,5.300000000000001,-2.6021142781440116
S2324-G0495,K. Oubre Jr.,1,-15.164323911382734,-1.6186765866763737
S2324-G0495,K. Oubre Jr.,2,-8.568890374331552,12.403430630994531
S2324-G0495,K. Oubre Jr.,3,23.7475,14.420459323660273
S2324-G0495,L. Markkanen,1,11.044155844155844,9.852966525910494
S2324-G0495,L. Markkanen,2,-16.644155844155847,-1.389855665526477
S2324-G0495,L. Markkanen,3,18.888888888888886,12.656743465470559
S2324-G0495,M. Bamba,1,-6.736507936507936,-1.1480065022959052
S2324-G0495,M. Bamba,2,6.347330447330447,5.370138468383559
S2324-G0495,M. Morris Sr.,1,9.652777777777779,1.426671112570093
S2324-G0495,M. Morris Sr.,2,-8.94469696969697,-5.103716100614259
S2324-G0495,M. Morris Sr.,3,-6.041414141414142,0.8139288028137455
S2324-G0495,N. Batum,1,6.978571428571429,-3.05806515167779
S2324-G0495,N. Batum,2,-2.268787878787879,-6.7918805785861585
S2324-G0495,N. Batum,3,-4.5145454545454555,-7.2331841387336855
S2324-G0495,O. Agbaji,2,2.197619047619048,-5.022255391663049
S2324-G0495,O. Agbaji,3,-2.1333333333333337,-5.743309481455113
S2324-G0495,P. Beverley,1,-10.909523809523812,2.7718391690927424
S2324-G0495,P. Beverley,2,19.473809523809525,11.599486292931486
S2324-G0495,P. Beverley,3,-4.516666666666667,-5.992799546022148
S2324-G0495,P. Reed,1,6.727307692307692,3.8807635111703838
S2324-G0495,P. Reed,2,-0.41000000000000014,-2.494104421420868
S2324-G0495,P. Reed,3,-2.0166666666666657,-3.9263353470345885
S2324-G0495,S. Fontecchio,1,7.612987012987011,-0.035120807248273475
S2324-G0495,S. Fontecchio,2,-6.300000000000001,-6.950156135181204
S2324-G0495,S. Fontecchio,3,1.6333333333333355,1.4429777539293716
S2324-G0495,T. Maxey,1,2.7250000000000014,6.253020209260617
S2324-G0495,T. Maxey,2,2.6506410256410255,-0.7422353420384166
S2324-G0495,T. Maxey,3,-19.611904761904764,-1.6814473356110096
S2324-G0495,W. Kessler,1,8.525,1.3941452350873413
S2324-G0495,W. Kessler,2,0.03333333333333344,-5.572488029007697
S2324-G0495,W. Kessler,3,-10.744444444444445,-6.073772235705211
S2324-G0498,A. Simons,1,5.920833333333334,9.252188840844365
S2324-G0498,A. Simons,2,-1.3333333333333321,-3.1787877462812517
S2324-G0498,A. Simons,3,-14.0625,2.321372285250453
S2324-G0498,A. Simons,4,23.029166666666665,17.47626555284722
S2324-G0498,C. Johnson,1,5.506666666666667,-1.7456735241203711
S2324-G0498,C. Johnson,2,-12.718181818181819,-6.159829658331258
S2324-G0498,C. Johnson,3,2.6515151515151523,6.298427091870646
S2324-G0498,C. Johnson,4,1.166666666666666,0.4276990165475839
S2324-G0498,C. Thomas,1,-20.91730769230769,-6.263642031118527
S2324-G0498,C. Thomas,2,14.11730769230769,11.439537060732814
S2324-G0498,C. Thomas,3,4.433333333333334,-1.76539245064928
S2324-G0498,D. Finney-Smith,1,1.9500000000000002,-3.003624706554206
S2324-G0498,D. Finney-Smith,2,-15.778571428571428,-3.254716445047591
S2324-G0498,D. Finney-Smith,3,16.014285714285712,10.29472721683487
S2324-G0498,D. Finney-Smith,4,2.3476190476190477,-4.883550589530616
S2324-G0498,D. Reath,1,2.969444444444445,-0.6541246479742329
S2324-G0498,D. Reath,2,-6.434444444444445,-0.5301228640051142
S2324-G0498,D. Reath,3,3.1066666666666674,3.3882678111990616
S2324-G0498,D. Reath,4,9.5,1.7888139287614422
S2324-G0498,D. Sharpe,1,18.43611111111111,9.030017984903852
S2324-G0498,D. Sharpe,2,-0.025000000000000022,-6.613016281356556
S2324-G0498,D. Sharpe,3,-8.917307692307691,-7.800269627798633
S2324-G0498,D. Smith Jr.,1,-4.225,-3.574157514219188
S2324-G0498,D. Smith Jr.,2,0.2702380952380956,-2.0683251265143423
S2324-G0498,D. Smith Jr.,3,-4.495238095238095,-1.3149317461458583
S2324-G0498,D. Smith Jr.,4,8.399999999999999,3.3338899412257534
S2324-G0498,I. Badji,1,0.03809523809523796,-5.980626229794997
S2324-G0498,I. Badji,2,0.0,-5.828332975464659
S2324-G0498,J. Grant,1,-1.3041558441558472,4.9414664251007245
S2324-G0498,J. Grant,2,-6.9763636363636365,5.207804245681131
S2324-G0498,J. Grant,3,16.503030303030304,11.524414798813176
S2324-G0498,J. Grant,4,-1.7333333333333325,-1.5194750855686159
S2324-G0498,K. Murray,1,-4.685714285714286,-5.610395091051399
S2324-G0498,M. Bridges,1,22.259523809523806,11.37187649386603
S2324-G0498,M. Bridges,2,-23.558119658119658,-8.3206635386624
S2324-G0498,M. Bridges,3,4.455089355089356,15.27949900808262
S2324-G0498,M. Bridges,4,5.028030303030302,8.15237563598115
S2324-G0498,M. Brogdon,1,5.2785714285714285,0.13882215475088336
S2324-G0498,M. Brogdon,2,-2.328571428571429,-3.05366727899217
S2324-G0498,M. Brogdon,3,-2.914285714285713,-2.3693218430871728
S2324-G0498,M. Brogdon,4,-7.585714285714287,1.1263149044561758
S2324-G0498,N. Claxton,1,8.61904761904762,2.483872506066235
S2324-G0498,N. Claxton,2,0.014285714285714235,-6.015790140699969
S2324-G0498,N. Claxton,3,-4.286666666666666,-5.522321034117775
S2324-G0498,N. Claxton,4,4.22,-1.373306411540152
S2324-G0498,R. O'Neale,1,-7.369696969696971,-3.750933716958999
S2324-G0498,R. O'Neale,2,4.303030303030304,3.480742788811559
S2324-G0498,R. O'Neale,3,3.0285714285714294,-1.7927527429595713
S2324-G0498,S. Dinwiddie,1,-7.299999999999999,-5.022255391663049
S2324-G0498,S. Dinwiddie,2,7.492857142857142,2.1126675447377097
S2324-G0498,S. Dinwiddie,3,-2.3952380952380956,-2.994203021293136
S2324-G0498,S. Henderson,1,-2.1820512820512814,-0.1361606363940902
S2324-G0498,S. Henderson,2,-1.0646153846153847,3.259815205819918
S2324-G0498,S. Sharpe,1,-8.875,0.8396487869810952
S2324-G0498,S. Sharpe,2,4.6,9.498367374219733
S2324-G0498,S. Sharpe,3,-4.331666666666669,1.6621338942509625
S2324-G0498,S. Sharpe,4,14.840000000000003,3.6645188238036845
S2324-G0498,T. Camara,1,0.8466666666666662,-4.559359203773069
S2324-G0498,T. Camara,2,-4.614285714285714,-5.788392711207725
S2324-G0498,T. Camara,3,4.642857142857143,1.5339493001870252
S2324-G0514,A. Simons,1,-5.254166666666666,4.856780710369861
S2324-G0514,A. Simons,2,14.880833333333332,6.698130877347067
S2324-G0514,D. DiVincenzo,1,9.51818181818182,2.7007305609995114
S2324-G0514,D. DiVincenzo,2,-10.11730769230769,-9.266153184756403
S2324-G0514,D. Reath,1,-16.223809523809525,-3.792845036862581
S2324-G0514,D. Reath,2,18.557142857142857,10.210438456878117
S2324-G0514,D. Reath,3,0.0,-7.4205071028488385
S2324-G0514,I. Badji,1,-4.438095238095237,-5.570171562537708
S2324-G0514,I. Badji,2,2.0571428571428565,-2.389569010126708
S2324-G0514,I. Badji,3,-6.311428571428571,-3.1146199541252844
S2324-G0514,I. Hartenstein,1,-3.0774891774891775,-6.1972457777564225
S2324-G0514,I. Hartenstein,2,-1.2712121212121215,-5.291847188984264
S2324-G0514,J. Brunson,1,0.4142857142857146,1.7361065367918083
S2324-G0514,J. Brunson,2,1.6460317460317437,4.138987915427952
S2324-G0514,J. Grant,1,20.735353535353532,19.281833023065353
S2324-G0514,J. Grant,2,-4.727777777777778,-8.636414227665705
S2324-G0514,J. Hart,1,-8.873809523809523,-5.914740076581552
S2324-G0514,J. Hart,2,9.023809523809522,2.891609871249516
S2324-G0514,J. Hart,3,-2.4000000000000004,-6.737926634412613
S2324-G0514,J. Randle,1,6.976666666666668,8.739122484928666
S2324-G0514,J. Randle,2,-16.746536796536795,1.3676581324761918
S2324-G0514,K. Murray,3,-14.115714285714283,2.3498005415491465
S2324-G0514,M. Brogdon,1,-2.256666666666667,-3.8330241550369215
S2324-G0514,M. Brogdon,2,-2.043333333333333,-0.9886507900799492
S2324-G0514,M. McBride,1,21.99047619047619,11.185021808999437
S2324-G0514,M. McBride,2,-11.899999999999999,-8.552241052202104
S2324-G0514,M. McBride,3,-0.3000000000000007,2.3346614226821396
S2324-G0514,M. Thybulle,1,0.1499999999999999,-5.914740076581552
S2324-G0514,M. Thybulle,2,-2.3666666666666663,-5.405160665421915
S2324-G0514,O. Anunoby,1,26.52925962925963,20.950148941725338
S2324-G0514,O. Anunoby,2,-3.0055844155844147,-7.550862482794005
S2324-G0514,O. Anunoby,3,4.49,-2.8030990997874277
S2324-G0514,P. Achiuwa,1,-6.322222222222221,-2.434794843524292
S2324-G0514,P. Achiuwa,2,-2.811111111111112,1.4669613040007814
S2324-G0514,Q. Grimes,2,5.286363636363635,2.5805638385649754
S2324-G0514,Q. Grimes,3,-14.283333333333335,-2.640581969233635
S2324-G0514,S. Henderson,1,-2.2666666666666666,-1.9016194902238626
S2324-G0514,S. Henderson,2,-2.1503030303030304,-3.0393053007617348
S2324-G0514,S. Sharpe,1,-2.9030303030303033,-2.1765118537710944
S2324-G0514,S. Sharpe,2,-7.674747474747473,2.210496239435729
S2324-G0514,T. Camara,1,0.0,-6.169848148589279
S2324-G0514,T. Camara,2,0.06666666666666665,-5.125010033344183
S2324-G0514,T. Camara,3,-14.445714285714287,-5.213947862734808
S2324-G0515,A. Lawson,2,-10.233333333333334,-6.263642031118527
S2324-G0515,B. Biyombo,1,6.631666666666667,-1.7456735241203711
S2324-G0515,B. Biyombo,3,0.008333333333333304,-6.279358540513442
S2324-G0515,D. Bane,1,30.97083333333333,22.34208157173824
S2324-G0515,D. Bane,2,-27.43611111111111,-6.522996883335284
S2324-G0515,D. Bane,3,17.441414141414143,19.014132480129142
S2324-G0515,D. Jones Jr.,1,-7.29047619047619,-5.007560143417823
S2324-G0515,D. Jones Jr.,2,-3.5119047619047628,2.4585873765185617
S2324-G0515,D. Jones Jr.,3,6.591666666666668,3.7030179790403297
S2324-G0515,D. Powell,1,11.084126984126982,0.134795312488181
S2324-G0515,D. Powell,3,-0.0535714285714286,-11.036643935410254
S2324-G0515,D. Roddy,1,-15.66969696969697,-3.7850840455687553
S2324-G0515,D. Roddy,2,13.103030303030302,8.935123614399165
S2324-G0515,D. Roddy,3,2.6333333333333333,-1.1509195574346736
S2324-G0515,G. Williams,1,-0.02499999999999991,-4.3394740173584605
S2324-G0515,J. Green,1,-2.2674603174603174,-3.8455899331441676
S2324-G0515,J. Green,2,4.605555555555555,-0.9392651019996514
S2324-G0515,J. Green,3,0.0,-7.133069950590895
S2324-G0515,J. Hardy,2,5.3,1.9122084828745354
S2324-G0515,J. Hardy,3,-1.1083333333333334,-1.5312157530712567
S2324-G0515,J. Konchar,1,2.3476190476190477,-3.558019331391212
S2324-G0515,J. Konchar,2,-4.5,-5.560222610023104
S2324-G0515,J. Konchar,3,0.06666666666666643,-1.4977742450822893
S2324-G0515,K. Irving,1,1.0397146712936198,9.568371269910319
S2324-G0515,K. Irving,2,-13.535829959514167,8.066216448371318
S2324-G0515,K. Irving,3,20.860877192982453,16.5535417883212
S2324-G0515,L. Doncic,1,5.837890179995441,8.808918464436658
S2324-G0515,L. Doncic,2,5.0206793206793225,-0.590966675401775
S2324-G0515,L. Doncic,3,-10.621025641025641,-0.522864988744819
S2324-G0515,L. Kennard,1,-7.660714285714286,-2.215064666987604
S2324-G0515,L. Kennard,2,13.075,3.3839197400078107
S2324-G0515,L. Kennard,3,-11.967857142857142,-6.007924662773303
S2324-G0515,M. Morris,2,-0.06666666666666665,-6.263642031118527
S2324-G0515,M. Smart,1,-2.557500000000001,7.654549799267249
S2324-G0515,M. Smart,2,3.6932142857142836,5.422144013654202
S2324-G0515,S. Curry,1,4.266666666666667,-2.136027345621061
S2324-G0515,S. Curry,3,-2.2666666666666666,-4.138422891733184
S2324-G0515,T. Hardaway Jr.,1,-7.299999999999999,-2.486834518003333
S2324-G0515,T. Hardaway Jr.,2,5.494444444444444,4.304682929791493
S2324-G0515,T. Hardaway Jr.,3,6.405555555555556,-0.3035908254503247
S2324-G0515,V. Williams Jr.,1,-5.217748917748917,-3.544426387203944
S2324-G0515,V. Williams Jr.,2,-4.495584415584416,2.4239726364621026
S2324-G0515,V. Williams Jr.,3,9.963333333333335,1.3592164084836769
S2324-G0515,X. Tillman,1,-16.10666666666667,-5.331861883831866
S2324-G0515,X. Tillman,2,4.123333333333335,9.334048047053546
S2324-G0515,X. Tillman,3,5.5547619047619055,1.8935761447960244
S2324-G0515,Z. Williams,1,-6.9,1.1936907199269764
S2324-G0515,Z. Williams,2,10.266666666666666,6.373451848674976
S2324-G0515,Z. Williams,3,-0.04761904761904745,-2.3266028593454036
S2324-G0523,A. Caruso,1,-0.4066666666666672,-3.146159789114662
S2324-G0523,A. Caruso,2,-1.4076190476190469,-4.391999230898184
S2324-G0523,A. Caruso,3,2.0476190476190466,-0.008588222049898665
S2324-G0523,A. Caruso,4,0.8333333333333339,0.2703273381714963
S2324-G0523,A. Dosunmu,1,1.8000000000000007,-0.3226957555206843
S2324-G0523,A. Dosunmu,2,-1.5,-1.444840676638503
S2324-G0523,A. Dosunmu,3,-0.9066666666666663,0.2898303422039267
S2324-G0523,A. Drummond,1,0.09523809523809579,-2.136027345621061
S2324-G0523,A. Drummond,2,4.093650793650793,-0.46516398388323815
S2324-G0523,A. Holiday,1,4.675,-0.1506875275006075
S2324-G0523,A. Holiday,2,-0.3083333333333331,-3.4344145236716237
S2324-G0523,A. Holiday,4,2.3666666666666663,-3.197188961825124
S2324-G0523,A. Sengun,1,2.42,-4.4912130036416364
S2324-G0523,A. Sengun,2,-8.419999999999998,-8.179059659356023
S2324-G0523,A. Sengun,3,-17.37575757575758,2.1406712944045023
S2324-G0523,A. Sengun,4,15.964646464646465,16.101958637259067
S2324-G0523,A. Thompson,1,-4.314285714285714,-3.792845036862581
S2324-G0523,A. Thompson,2,2.3476190476190473,1.0483572025737784
S2324-G0523,A. Thompson,3,-4.733333333333333,-2.1978122236996467
S2324-G0523,C. White,1,-6.888636363636364,0.20814576667333504
S2324-G0523,C. White,2,-2.5178571428571423,5.9862900525708875
S2324-G0523,C. White,3,6.328571428571429,5.5612659551845764
S2324-G0523,C. White,4,8.864285714285714,-2.811296108179365
S2324-G0523,C. Whitmore,1,-4.9799999999999995,-3.1865045176635807
S2324-G0523,C. Whitmore,2,-4.595000000000001,1.8354756828178616
S2324-G0523,C. Whitmore,3,0.9250000000000007,2.988768918683038
S2324-G0523,C. Whitmore,4,-0.43333333333333357,1.986981168685677
S2324-G0523,D. DeRozan,1,12.666810966810967,10.415058578374133
S2324-G0523,D. DeRozan,2,-0.5636363636363626,-2.6778195098402606
S2324-G0523,D. DeRozan,3,-4.100000000000001,0.4186980553077084
S2324-G0523,D. DeRozan,4,15.933333333333334,3.3648311217463878
S2324-G0523,F. VanVleet,1,2.143589743589743,7.2951680003204205
S2324-G0523,F. VanVleet,2,10.092307692307694,2.1165878075112716
S2324-G0523,F. VanVleet,3,-2.4333333333333336,-4.243495313797206
S2324-G0523,F. VanVleet,4,6.595238095238095,0.15087887361713107
S2324-G0523,J. Green,1,6.61167557932264,13.051168167109548
S2324-G0523,J. Green,2,-1.3542346542346557,3.8083614488326383
S2324-G0523,J. Green,3,16.548931623931626,6.913331314509257
S2324-G0523,J. Green,4,4.325,-4.810614017357563
S2324-G0523,J. Smith Jr.,1,-1.8852813852813863,0.7205052632930765
S2324-G0523,J. Smith Jr.,2,-1.4439782439782434,0.9080165164740617
S2324-G0523,J. Smith Jr.,3,1.9475213675213663,1.2858666352805102
S2324-G0523,J. Smith Jr.,4,12.39948717948718,-1.1859962686934133
S2324-G0523,J. Tate,1,-3.26904761904762,-4.966076874691357
S2324-G0523,J. Tate,2,6.666666666666668,-0.4814316870828111
S2324-G0523,N. Vucevic,1,10.913174603174603,4.903402922227919
S2324-G0523,N. Vucevic,2,-4.17969696969697,-6.510801749089534
S2324-G0523,N. Vucevic,3,-4.80808080808081,-0.0769540457307188
S2324-G0523,N. Vucevic,4,8.844444444444445,3.886039118977918
S2324-G0523,P. Williams,1,4.933333333333334,1.2761982640401908
S2324-G0523,P. Williams,2,2.2666666666666666,-0.9886507900799492
S2324-G0523,P. Williams,3,0.10000000000000009,-3.333856823771193
S2324-G0523,Z. LaVine,1,-0.8542857142857141,1.7472169364896546
S2324-G0523,Z. LaVine,2,-4.166666666666666,2.972087514216322
S2324-G0523,Z. LaVine,3,10.512770562770562,6.435705301076348
S2324-G0523,Z. LaVine,4,-4.115151515151515,-6.025355702270252
S2324-G0530,D. DiVincenzo,1,15.144444444444446,7.302586891624009
S2324-G0530,D. DiVincenzo,2,-15.351190476190474,-5.486323507012484
S2324-G0530,D. DiVincenzo,3,14.334523809523809,9.020559530511681
S2324-G0530,D. Jones Jr.,1,5.366666666666665,1.3205328361935065
S2324-G0530,D. Jones Jr.,2,1.9952380952380953,-6.137073174850382
S2324-G0530,D. Jones Jr.,3,-4.345238095238095,-3.681031652482748
S2324-G0530,D. Powell,1,-8.453956043956044,-6.349539159436026
S2324-G0530,D. Powell,2,6.268956043956044,-0.039168430403445045
S2324-G0530,D. Powell,3,2.3495454545454546,-5.824286957508116
S2324-G0530,G. Williams,1,-4.466666666666666,-1.194771383720859
S2324-G0530,G. Williams,2,5.128571428571428,0.39577400941818147
S2324-G0530,G. Williams,3,-2.7819047619047623,-4.9820072181761095
S2324-G0530,I. Hartenstein,1,0.24415584415584402,-2.1146889019951374
S2324-G0530,I. Hartenstein,2,4.355844155844156,-0.7635439622912308
S2324-G0530,I. Hartenstein,3,-6.485714285714285,-6.520453443319421
S2324-G0530,J. Brunson,1,-5.6073308270676705,5.15139886700095
S2324-G0530,J. Brunson,2,13.726775271512114,5.313142132841219
S2324-G0530,J. Brunson,3,-21.094444444444445,-6.238519595824596
S2324-G0530,J. Green,1,24.950288600288598,11.000388426958693
S2324-G0530,J. Green,2,-4.361111111111112,-7.391487623876486
S2324-G0530,J. Green,3,-12.2,-3.659189185105955
S2324-G0530,J. Hardy,1,-2.338095238095237,1.328355809706772
S2324-G0530,J. Hardy,2,6.342857142857142,2.766524510318094
S2324-G0530,J. Hardy,3,2.4,-4.017412745287708
S2324-G0530,J. Hart,1,-5.466666666666666,-3.1586622347769664
S2324-G0530,J. Hart,2,4.216666666666666,2.241607537978611
S2324-G0530,J. Hart,3,3.5833333333333335,-2.550567839944795
S2324-G0530,J. Randle,1,0.16698301698301776,5.919668910937744
S2324-G0530,J. Randle,2,-24.453825122246176,3.356347572094156
S2324-G0530,J. Randle,3,34.42914979757085,22.384165320725916
S2324-G0530,K. Irving,1,-2.567245989304812,9.582846519301759
S2324-G0530,K. Irving,2,-16.65006170300288,10.31563298647106
S2324-G0530,K. Irving,3,23.3596279537456,21.29609075981799
S2324-G0530,M. McBride,1,2.7547619047619047,0.027010299382554278
S2324-G0530,M. McBride,3,0.6500000000000004,-1.9975955174303572
S2324-G0530,M. Morris,1,0.2666666666666666,-3.7850840455687553
S2324-G0530,M. Morris,2,2.033333333333333,-3.225375102424873
S2324-G0530,O. Anunoby,1,-8.983333333333333,-5.8708714226275225
S2324-G0530,O. Anunoby,2,6.675,2.543149710384963
S2324-G0530,O. Anunoby,3,-19.5525,-3.0521039853318506
S2324-G0530,P. Achiuwa,2,14.188888888888888,3.300624178296074
S2324-G0530,P. Achiuwa,3,0.033333333333333215,-10.719651652625572
S2324-G0530,Q. Grimes,1,9.899999999999999,2.2892827061663197
S2324-G0530,Q. Grimes,2,-12.805555555555555,-4.788183017519194
S2324-G0530,S. Curry,2,-0.06666666666666665,-6.263642031118527
S2324-G0530,S. Curry,3,-2.2047619047619045,-5.683317919059108
S2324-G0530,T. Hardaway Jr.,1,4.034523809523812,9.744257489152183
S2324-G0530,T. Hardaway Jr.,2,8.96785714285714,4.931593600095133
S2324-G0530,T. Hardaway Jr.,3,-17.809649122807016,-0.9204253702713926
S2324-G0536,A. Caruso,1,7.7,-0.09395855956802424
S2324-G0536,A. Caruso,2,-6.966666666666667,-5.405160665421915
S2324-G0536,A. Caruso,3,1.6952380952380954,0.6333269874809371
S2324-G0536,A. Dosunmu,1,-0.015873015873015817,-1.3520852445092282
S2324-G0536,A. Dosunmu,2,0.5464285714285708,-1.03163594806318
S2324-G0536,A. Drummond,1,4.55,-1.9867927685763547
S2324-G0536,A. Drummond,2,-1.1,-5.405160665421915
S2324-G0536,A. Drummond,3,-3.2666666666666666,-4.762883360031142
S2324-G0536,A. Wiggins,1,7.2780663780663755,7.973414499399933
S2324-G0536,A. Wiggins,2,6.708080808080809,0.6223802913904377
S2324-G0536,A. Wiggins,3,-0.06363636363636438,-3.3989121962216355
S2324-G0536,B. Podziemski,1,-9.94,-3.750933716958999
S2324-G0536,B. Podziemski,2,7.84,4.407492624338077
S2324-G0536,B. Podziemski,3,-0.23636363636363722,-2.5250292540533197
S2324-G0536,C. Joseph,2,6.614285714285714,-1.799494238301767
S2324-G0536,C. Joseph,3,-2.2,-5.89936562289897
S2324-G0536,C. White,1,-3.208333333333332,7.093195624592448
S2324-G0536,C. White,2,18.16190476190476,7.718467817254887
S2324-G0536,C. White,3,-4.495238095238094,-4.473877528640009
S2324-G0536,D. DeRozan,1,-10.617857142857144,3.0254069187686086
S2324-G0536,D. DeRozan,2,-0.014285714285716011,9.820836292554791
S2324-G0536,D. DeRozan,3,1.1826923076923102,11.060445049110099
S2324-G0536,D. Saric,1,13.835897435897438,5.227245944072657
S2324-G0536,D. Saric,2,-4.5344444444444445,-9.233152035217685
S2324-G0536,D. Saric,3,5.618571428571428,-3.654800654971358
S2324-G0536,D. Terry,2,4.333333333333332,-0.9863274805512895
S2324-G0536,J. Kuminga,1,-4.2452380952380935,2.5764973240086517
S2324-G0536,J. Kuminga,2,-4.509523809523813,7.8182436429911935
S2324-G0536,J. Kuminga,3,8.584761904761907,7.26810215708385
S2324-G0536,K. Looney,1,0.09761904761904727,-2.8421601432512147
S2324-G0536,K. Looney,2,-5.379999999999998,-3.337967271714162
S2324-G0536,K. Looney,3,9.63238095238095,3.888146218666418
S2324-G0536,K. Thompson,1,7.825641025641028,4.823653992784127
S2324-G0536,K. Thompson,2,-22.10666666666667,-3.963199178149809
S2324-G0536,K. Thompson,3,13.236969696969698,16.51630608829164
S2324-G0536,N. Vucevic,1,1.5614635364635365,-0.12412930940321634
S2324-G0536,N. Vucevic,2,0.7808441558441555,-2.904451214709976
S2324-G0536,N. Vucevic,3,-3.039285714285713,-3.329727816171403
S2324-G0536,P. Williams,1,-7.611363636363636,-2.6792672240496453
S2324-G0536,P. Williams,2,7.2696969696969695,3.5391544029393813
S2324-G0536,P. Williams,3,-2.0,-4.257466593395455
S2324-G0536,S. Curry,1,-3.4888888888888907,-1.0323083706674578
S2324-G0536,S. Curry,2,-4.823054070112892,2.6207924550721526
S2324-G0536,S. Curry,3,-15.84889037433155,8.316388183063253
S2324-G0536,T. Jackson-Davis,1,-1.25,-2.9544531629339192
S2324-G0536,T. Jackson-Davis,2,-7.583333333333332,-0.6412816211448431
S2324-G0536,T. Jackson-Davis,3,6.499999999999999,3.2036622356143982
S2324-G0536,Z. LaVine,1,-11.972380952380952,-2.215064666987604
S2324-G0536,Z. LaVine,2,8.703333333333333,6.414768889245852
S2324-G0536,Z. LaVine,3,-19.952564102564104,0.6416321622034289
S2324-G0539,A. Gordon,1,11.366666666666667,4.787415445627443
S2324-G0539,A. Gordon,2,-14.379047619047618,-4.645635914974047
S2324-G0539,A. Gordon,3,14.474285714285715,10.149669796728022
S2324-G0539,B. Ingram,1,5.661666666666665,2.7682561158576076
S2324-G0539,B. Ingram,2,-3.578030303030303,-0.5880090307771152
S2324-G0539,B. Ingram,3,9.003030303030304,0.6791827062344937
S2324-G0539,C. Braun,1,3.0433333333333334,-1.5559544375242054
S2324-G0539,C. Braun,2,1.2316666666666665,-3.042105115758912
S2324-G0539,C. Braun,3,-3.4499999999999997,-3.9138680992659602
S2324-G0539,C. McCollum,1,1.408333333333335,4.711431079037956
S2324-G0539,C. McCollum,2,12.995238095238095,1.09634534616467
S2324-G0539,C. McCollum,3,1.1683982683982683,-8.603243648119658
S2324-G0539,D. Daniels,2,-2.018253968253969,-3.5416082053747897
S2324-G0539,D. Jordan,1,-1.7333333333333338,-2.3708035371177894
S2324-G0539,D. Jordan,2,0.033333333333333215,-0.7635354339613614
S2324-G0539,H. Jones,1,0.7666666666666666,-1.7188398209118434
S2324-G0539,H. Jones,2,-3.1047619047619053,-0.8751629322936659
S2324-G0539,J. Alvarado,1,1.9380952380952383,2.2964330039854812
S2324-G0539,J. Alvarado,2,3.0,0.5108430479959789
S2324-G0539,J. Alvarado,3,0.20000000000000018,-2.0566502359491072
S2324-G0539,J. Murray,1,-9.602380952380951,-1.1350813638873143
S2324-G0539,J. Murray,2,13.026666666666666,8.0983971608328
S2324-G0539,J. Murray,3,-16.009999999999998,-3.5525155699357356
S2324-G0539,J. Valanciunas,1,-10.560714285714287,-3.038713699158975
S2324-G0539,J. Valanciunas,2,-0.5607142857142833,7.001994173587615
S2324-G0539,J. Valanciunas,3,18.160714285714285,9.07564846700512
S2324-G0539,K. Caldwell-Pope,1,5.25,-0.14388154086678148
S2324-G0539,K. Caldwell-Pope,2,-11.877272727272727,-3.9109298503533605
S2324-G0539,K. Caldwell-Pope,3,6.627272727272727,7.043540310038362
S2324-G0539,L. Nance Jr.,1,-3.366666666666667,-2.136027345621061
S2324-G0539,L. Nance Jr.,2,-2.1444444444444457,1.7129396079354466
S2324-G0539,L. Nance Jr.,3,4.4861111111111125,3.2749703985412744
S2324-G0539,M. Porter Jr.,1,3.2658974358974344,4.424041739597182
S2324-G0539,M. Porter Jr.,2,-1.8549999999999986,-3.22385001291832
S2324-G0539,M. Porter Jr.,3,7.291666666666666,0.6706816650494039
S2324-G0539,N. Jokic,1,18.291038961038957,15.095486942935256
S2324-G0539,N. Jokic,2,-3.8092207792207784,-3.9633629874619842
S2324-G0539,N. Jokic,3,3.918181818181818,2.626533138254183
S2324-G0539,N. Marshall,3,4.9471428571428575,3.004903068429553
S2324-G0539,P. Watson,1,6.25,3.3662234481984297
S2324-G0539,P. Watson,2,-0.6166666666666671,-0.4940224536910296
S2324-G0539,P. Watson,3,0.33333333333333304,-2.807759711882213
S2324-G0539,R. Jackson,1,-13.852380952380951,-3.558019331391212
S2324-G0539,R. Jackson,2,4.300000000000001,6.577042693156503
S2324-G0539,R. Jackson,3,7.299999999999999,2.261002938155803
S2324-G0539,T. Murphy III,1,-2.788095238095238,-2.1280941830644617
S2324-G0539,T. Murphy III,2,5.188095238095238,1.861086287297808
S2324-G0539,T. Murphy III,3,-9.765384615384615,-3.7821813245064346
S2324-G0539,Z. Williamson,1,12.909523809523812,5.185131921166448
S2324-G0539,Z. Williamson,2,-10.555844155844156,-6.3932735091925865
S2324-G0539,Z. Williamson,3,-19.000227272727276,4.871331760596125
S2324-G0542,A. Holiday,3,-10.26969696969697,-2.136027345621061
S2324-G0542,A. Horford,1,-5.6380952380952385,-4.048176345131812
S2324-G0542,A. Horford,2,3.1880952380952383,1.861086287297808
S2324-G0542,A. Horford,3,4.478571428571429,-2.0888690676797537
S2324-G0542,A. Sengun,1,-8.704761904761902,5.393585322327851
S2324-G0542,A. Sengun,2,11.654761904761902,10.641294618650253
S2324-G0542,A. Thompson,1,-4.394444444444444,-3.268594955741503
S2324-G0542,A. Thompson,2,0.2777777777777777,1.663769900372729
S2324-G0542,A. Thompson,3,-11.03137254901961,-0.7710041629539088
S2324-G0542,C. Whitmore,1,6.461904761904762,4.317228016818895
S2324-G0542,C. Whitmore,2,-7.761904761904761,-0.9344206221222148
S2324-G0542,C. Whitmore,3,-4.069841269841273,5.672462751513585
S2324-G0542,D. Brooks,1,-4.249999999999999,-1.6186765866763737
S2324-G0542,D. Brooks,2,-2.045238095238096,2.040171347038135
S2324-G0542,D. White,1,3.6107142857142875,4.711431079037956
S2324-G0542,D. White,2,13.064285714285713,-2.1453607757236703
S2324-G0542,D. White,3,-4.4,-6.989452912781784
S2324-G0542,F. VanVleet,1,6.5547619047619055,-0.3025977290661528
S2324-G0542,F. VanVleet,2,-5.3277777777777775,-4.015017574205461
S2324-G0542,J. Brown,1,13.966666666666669,6.947007335350498
S2324-G0542,J. Brown,2,-39.859406207827256,-7.37010266314594
S2324-G0542,J. Green,1,17.38666666666667,11.537301744488346
S2324-G0542,J. Green,2,-7.66969696969697,-4.338498900001833
S2324-G0542,J. Holiday,1,-6.683333333333334,-4.3394740173584605
S2324-G0542,J. Holiday,2,-4.429653679653679,2.1769976449790915
S2324-G0542,J. Holiday,3,3.698701298701298,4.572137657009242
S2324-G0542,J. Smith Jr.,1,0.8470085470085458,0.9707446234833165
S2324-G0542,J. Smith Jr.,2,-0.13333333333333286,-4.2054714953470995
S2324-G0542,J. Tatum,1,-10.326228673287495,6.930249691392711
S2324-G0542,J. Tatum,2,16.853609625668447,15.443110497751684
S2324-G0542,J. Tatum,3,4.825000000000001,-0.6052620988824049
S2324-G0542,K. Porzingis,1,20.795833333333334,13.764179211611092
S2324-G0542,K. Porzingis,2,-6.033333333333333,-9.180077113942641
S2324-G0542,L. Kornet,2,-2.066666666666667,-3.879740261753924
S2324-G0542,P. Pritchard,2,-5.366666666666666,-1.6913023938437353
S2324-G0542,P. Pritchard,3,-15.624786324786326,3.23788075487132
S2324-G0542,R. Bullock Jr.,2,5.235714285714285,-1.570358340730878
S2324-G0542,S. Hauser,1,-0.03333333333333366,-3.6391313260220493
S2324-G0542,S. Hauser,2,-7.455555555555555,-3.6209609776617526
S2324-G0542,S. Hauser,3,-2.4474747474747485,3.497019841531251
S2324-G0543,B. Bogdanovic,1,-11.93397435897436,-0.690098624408221
S2324-G0543,B. Bogdanovic,2,16.69587912087912,8.237086683771707
S2324-G0543,B. Bogdanovic,3,-13.684126984126985,-5.950202129603444
S2324-G0543,B. Coulibaly,1,1.1566666666666672,-1.4527044970006495
S2324-G0543,B. Coulibaly,2,4.61,-0.403094818288578
S2324-G0543,B. Coulibaly,3,-21.0075,-5.828332975464659
S2324-G0543,C. Capela,1,0.01904761904761898,-1.9818831111354314
S2324-G0543,C. Capela,2,-2.8499999999999996,-5.376112652228268
S2324-G0543,C. Capela,3,9.564285714285713,-0.511669620349386
S2324-G0543,C. Kispert,1,0.1750000000000007,0.9401802072479404
S2324-G0543,C. Kispert,2,2.125,2.291295085918145
S2324-G0543,C. Kispert,3,-3.496666666666666,-1.5720869800124986
S2324-G0543,D. Avdija,1,1.280555555555555,-0.5049188847540493
S2324-G0543,D. Avdija,2,-7.2692307692307665,-4.655640027547776
S2324-G0543,D. Avdija,3,-0.3117216117216124,3.0739219317802844
S2324-G0543,D. Gafford,1,2.3238095238095235,0.4480202499403886
S2324-G0543,D. Gafford,2,2.147619047619047,-0.19237946859127197
S2324-G0543,D. Gafford,3,4.300000000000001,-1.0409725335491817
S2324-G0543,D. Murray,1,0.9428571428571431,4.72318492052771
S2324-G0543,D. Murray,2,2.0606060606060606,2.5816655951967302
S2324-G0543,D. Murray,3,11.590476190476188,-0.31658242686243115
S2324-G0543,D. Wright,1,2.3833333333333333,-3.8330241550369215
S2324-G0543,D. Wright,2,-9.997619047619047,-4.609984264529787
S2324-G0543,D. Wright,3,-1.8023809523809522,2.5275162665796373
S2324-G0543,G. Mathews,1,5.45,-1.5559544375242054
S2324-G0543,G. Mathews,2,-7.8500000000000005,-5.405160665421915
S2324-G0543,G. Mathews,3,-1.2249999999999996,0.8745660184194787
S2324-G0543,J. Johnson,1,1.0599999999999987,-0.02997904336930805
S2324-G0543,J. Johnson,2,8.879393939393939,-2.5069851275720736
S2324-G0543,J. Johnson,3,-2.178282828282828,-5.729432004440033
S2324-G0543,J. Poole,1,-6.875000000000002,-0.16360256600736148
S2324-G0543,J. Poole,2,-13.68373015873016,4.964628745721049
S2324-G0543,K. Kuzma,1,3.886691086691087,14.444856806886591
S2324-G0543,K. Kuzma,2,4.5239285714285735,5.238700974383201
S2324-G0543,O. Okongwu,1,1.0633333333333335,-0.24909408963255267
S2324-G0543,O. Okongwu,2,1.2266666666666666,-1.9563878974305027
S2324-G0543,O. Okongwu,3,0.07500000000000018,-4.2389377662021825
S2324-G0543,P. Baldwin Jr.,1,-0.09999999999999964,-1.9526628339868153
S2324-G0543,P. Baldwin Jr.,2,4.800000000000001,-0.32332446467301834
S2324-G0543,P. Baldwin Jr.,3,-17.667543859649122,-5.683317919059108
S2324-G0543,S. Bey,1,-0.6666666666666679,1.1724911827054483
S2324-G0543,S. Bey,2,-8.923809523809524,0.4246115754360539
S2324-G0543,S. Bey,3,18.857142857142858,6.313627530450038
S2324-G0543,T. Forrest,1,4.366666666666667,-1.7579439591950088
S2324-G0543,T. Forrest,2,-0.128571428571429,-3.7766426748268818
S2324-G0543,T. Forrest,3,0.016666666666666607,-3.228278574817238
S2324-G0543,T. Jones,1,0.14952380952381006,-3.050483442326579
S2324-G0543,T. Jones,2,-8.492857142857142,-1.5654969607121072
S2324-G0543,T. Young,1,11.780000000000001,6.382893619571326
S2324-G0543,T. Young,2,-18.23873015873016,-2.8877091280523666
S2324-G0543,T. Young,3,15.187301587301588,11.76625936596866
S2324-G0544,D. DiVincenzo,1,5.199999999999999,-0.09406832677050864
S2324-G0544,D. DiVincenzo,2,-19.286153846153844,-5.431140735916032
S2324-G0544,D. DiVincenzo,3,16.84448717948718,11.857857311949356
S2324-G0544,D. Roddy,1,9.675,1.4636557773074854
S2324-G0544,D. Roddy,2,-4.3500000000000005,-5.280260765859623
S2324-G0544,D. Roddy,3,-14.299999999999999,-0.7409543212953419
S2324-G0544,G. Jackson II,1,-8.836190476190476,1.803043089271988
S2324-G0544,G. Jackson II,2,12.204761904761904,9.268684061818641
S2324-G0544,G. Jackson II,3,-2.446320346320345,-2.6576460024366133
S2324-G0544,I. Hartenstein,1,-0.2942857142857145,-1.2724656379238575
S2324-G0544,I. Hartenstein,2,-4.122222222222224,-9.804593752609577
S2324-G0544,I. Hartenstein,3,0.06507936507936485,-2.1476659321809564
S2324-G0544,J. Gilyard,1,-1.2582417582417573,-0.8919386729097742
S2324-G0544,J. Gilyard,2,4.2391941391941375,1.4077350018416863
S2324-G0544,J. Gilyard,3,2.333333333333334,-3.7024564137257094
S2324-G0544,J. Hart,1,-5.366666666666667,-3.7850840455687553
S2324-G0544,J. Hart,2,7.666666666666666,2.8857051146555808
S2324-G0544,J. Hart,3,-14.345833333333333,-6.073772235705211
S2324-G0544,J. Konchar,1,-4.633699633699634,-5.795126450559333
S2324-G0544,J. Konchar,2,-0.2448717948717949,-0.5478305874811559
S2324-G0544,J. Konchar,3,4.783333333333333,-3.6626530886532898
S2324-G0544,J. Randle,1,22.64803921568627,17.65486602495462
S2324-G0544,J. Randle,2,-13.055555555555554,-7.870056016834373
S2324-G0544,J. Randle,3,12.555555555555555,8.463227826314059
S2324-G0544,L. Kennard,1,-18.949177489177487,-3.050483442326579
S2324-G0544,L. Kennard,2,21.589177489177487,12.813225761071893
S2324-G0544,L. Kennard,3,-2.7666666666666657,-4.752313658290342
S2324-G0544,M. Flynn,1,-12.111111111111107,-2.136027345621061
S2324-G0544,M. McBride,1,1.1333333333333329,1.1957624814370134
S2324-G0544,M. McBride,2,1.7888888888888879,-2.1925022784382375
S2324-G0544,M. McBride,3,-6.5,0.6944336361468518
S2324-G0544,O. Anunoby,1,-7.154945054945054,-1.3140096467925817
S2324-G0544,O. Anunoby,2,3.558119658119658,3.2468270204514065
S2324-G0544,O. Anunoby,3,2.8611111111111107,0.042896471408636276
S2324-G0544,Q. Grimes,2,0.6857142857142859,-1.185149205893602
S2324-G0544,V. Williams Jr.,1,14.893162393162394,12.172060391025314
S2324-G0544,V. Williams Jr.,2,1.0969696969696976,-9.754438544044117
S2324-G0544,V. Williams Jr.,3,1.16969696969697,-5.956379370260143
S2324-G0544,X. Tillman,1,2.3361111111111104,-1.4567977302535566
S2324-G0544,X. Tillman,2,-13.311363636363636,-7.105167072012607
S2324-G0544,X. Tillman,3,8.639696969696969,5.639672833785187
S2324-G0544,Z. Williams,1,-2.6047619047619035,-2.2878638303065615
S2324-G0544,Z. Williams,2,2.5738095238095235,0.23280443454127073
S2324-G0544,Z. Williams,3,-7.402380952380953,-1.4213602612464862
S2324-G0546,A. Black,1,2.9904761904761914,0.9411471683011962
S2324-G0546,A. Black,2,-5.004761904761904,-1.9647506102494616
S2324-G0546,A. Black,3,4.014285714285714,2.336568720504872
S2324-G0546,A. Wiggins,2,4.77,-3.3543349051698605
S2324-G0546,C. Anthony,1,-12.014285714285712,-5.866799967113386
S2324-G0546,C. Anthony,2,12.014285714285712,5.656719125253408
S2324-G0546,C. Anthony,3,-27.591452991452993,-6.240389619061122
S2324-G0546,C. Holmgren,1,-2.280000000000001,-1.232968824366477
S2324-G0546,C. Holmgren,2,-13.628333333333332,-0.32437482508167
S2324-G0546,C. Holmgren,3,22.519444444444442,11.578424818884859
S2324-G0546,C. Houstan,1,17.523333333333333,8.032317765481224
S2324-G0546,C. Houstan,2,-12.549999999999997,-12.756236233741248
S2324-G0546,C. Houstan,3,17.23333333333333,5.049398132265071
S2324-G0546,C. Okeke,1,5.614285714285714,0.2184809750027643
S2324-G0546,C. Okeke,2,2.15,-3.3395933867786494
S2324-G0546,C. Okeke,3,-0.3500000000000001,-3.641495430543851
S2324-G0546,C. Wallace,1,-3.566666666666667,-5.866799967113386
S2324-G0546,C. Wallace,2,-3.366666666666667,-1.933760874451775
S2324-G0546,C. Wallace,3,4.744444444444445,-0.46903003828452483
S2324-G0546,G. Bitadze,1,0.10571428571428498,-1.5198359983339544
S2324-G0546,G. Bitadze,2,-2.0700000000000003,-7.7479705427111565
S2324-G0546,I. Joe,1,2.0,-2.486834518003333
S2324-G0546,I. Joe,2,-7.038095238095238,-2.7434130742191383
S2324-G0546,I. Joe,3,-1.2873593073593064,3.5627048995013935
S2324-G0546,J. Giddey,1,4.711111111111111,-1.2297507337513536
S2324-G0546,J. Giddey,2,-9.899999999999999,-6.478330611317881
S2324-G0546,J. Giddey,3,1.8249999999999993,4.764149791671014
S2324-G0546,J. Isaac,1,-2.3,-5.866799967113386
S2324-G0546,J. Isaac,2,-4.017748917748918,-2.9194473257866678
S2324-G0546,J. Suggs,1,-4.461904761904762,-1.885879300193323
S2324-G0546,J. Suggs,2,1.0952380952380967,2.948798479336986
S2324-G0546,J. Williams,1,-14.024175824175826,-4.340881709002344
S2324-G0546,J. Williams,2,11.238461538461541,4.606394663895442
S2324-G0546,J. Williams,3,-23.517543859649123,-3.166953805430886
S2324-G0546,K. Williams,1,-7.585454545454545,-6.020780834898836
S2324-G0546,K. Williams,2,7.585454545454545,1.3167495594244838
S2324-G0546,K. Williams,3,-0.06666666666666665,-7.133069950590895
S2324-G0546,L. Dort,1,9.761904761904761,1.3205328361935065
S2324-G0546,L. Dort,2,-12.008571428571429,-6.56665079249013
S2324-G0546,L. Dort,3,12.108571428571429,3.5937729326413463
S2324-G0546,M. Wagner,1,4.585714285714285,-2.5209848466130893
S2324-G0546,M. Wagner,2,-10.980158730158731,-4.5325478027346735
S2324-G0546,M. Wagner,3,8.844444444444445,3.405200641444299
S2324-G0546,O. Dieng,1,4.647619047619047,-2.3851493723719144
S2324-G0546,P. Banchero,1,1.2025641025641036,0.2558205284790809
S2324-G0546,P. Banchero,2,-14.158333333333335,-4.311910569866228
S2324-G0546,P. Banchero,3,5.413888888888888,8.965401744436443
S2324-G0546,S. Gilgeous-Alexander,1,8.254112554112556,17.109716109691114
S2324-G0546,S. Gilgeous-Alexander,2,4.499855699855697,6.416952028856105
S2324-G0546,S. Gilgeous-Alexander,3,3.3031746031746057,5.290259345281071
S2324-G0546,T. Queen,1,2.42,0.26169651866333643
S2324-G0546,T. Queen,2,-5.7044155844155835,-0.7911605503420042
S2324-G0546,V. Micic,2,10.094444444444445,2.7007305609995114
S2324-G0549,A. Davis,1,-1.208547008547006,3.2137060563686055
S2324-G0549,A. Davis,2,-13.504761904761905,-1.0650310112420418
S2324-G0549,A. Davis,3,15.270787545787545,6.288268475518218
S2324-G0549,A. Reaves,1,19.353357753357756,9.44592563314145
S2324-G0549,A. Reaves,2,-1.0649350649350655,-7.818916397521211
S2324-G0549,A. Reaves,3,0.8744588744588739,-3.769818857560203
S2324-G0549,C. Reddish,1,2.3,-4.3394740173584605
S2324-G0549,C. Sexton,1,-14.263675213675215,1.0228736344832623
S2324-G0549,C. Sexton,2,16.688675213675214,10.843856686749422
S2324-G0549,C. Sexton,3,-4.2816666666666645,-0.9496383045336977
S2324-G0549,C. Wood,2,23.74871794871795,11.008895153708531
S2324-G0549,C. Wood,3,-14.075641025641024,-9.095855907820082
S2324-G0549,D. Russell,1,6.118655462184872,13.850405893115903
S2324-G0549,D. Russell,2,-1.6157983193277303,6.905028164276398
S2324-G0549,D. Russell,3,-1.0646428571428572,5.775601723333052
S2324-G0549,J. Clarkson,1,-24.11432391138273,1.3941452350873413
S2324-G0549,J. Clarkson,2,30.478609625668444,19.090101486550388
S2324-G0549,J. Clarkson,3,-16.66969696969697,-9.202840141644856
S2324-G0549,J. Collins,1,11.12651515151515,5.46931245461973
S2324-G0549,J. Collins,2,-4.466666666666666,-6.6572059717352765
S2324-G0549,J. Collins,3,0.923333333333332,-1.0282588781035351
S2324-G0549,J. Vanderbilt,2,-5.428571428571428,-5.5774175146276805
S2324-G0549,J. Vanderbilt,3,1.1619047619047613,-0.005319774328621717
S2324-G0549,K. Dunn,1,5.6499999999999995,1.0228736344832623
S2324-G0549,K. Dunn,3,5.3,-1.8336698152902633
S2324-G0549,K. George,1,1.9750000000000005,-1.3170776394605512
S2324-G0549,K. George,2,-10.315000000000001,-0.9886507900799492
S2324-G0549,K. George,3,-3.4273076923076946,6.715474728379761
S2324-G0549,K. Olynyk,1,-8.453333333333333,-2.1093413215824133
S2324-G0549,K. Olynyk,2,11.02,6.810184116585221
S2324-G0549,K. Olynyk,3,-0.18999999999999995,-3.8605153551449245
S2324-G0549,L. Markkanen,1,6.809523809523808,8.053540672687303
S2324-G0549,L. Markkanen,2,-15.861785714285714,-0.5644047944952979
S2324-G0549,L. Markkanen,3,21.8575,13.327193100627456
S2324-G0549,M. Christie,1,7.8,0.8301215896230337
S2324-G0549,M. Christie,2,-0.10000000000000009,-5.213947862734808
S2324-G0549,O. Agbaji,1,0.125,-3.8330241550369215
S2324-G0549,O. Agbaji,2,-0.2416666666666667,-3.042105115758912
S2324-G0549,O. Agbaji,3,-4.166666666666668,-3.4738205845097143
S2324-G0549,R. Hachimura,1,3.6750000000000007,1.2592054468059652
S2324-G0549,R. Hachimura,2,-5.675000000000001,-0.3260828090764416
S2324-G0549,R. Hachimura,3,-8.6,2.573934593285964
S2324-G0549,S. Fontecchio,1,2.2357142857142858,-4.047143949166491
S2324-G0549,S. Fontecchio,2,-2.3257142857142856,-5.898108454351799
S2324-G0549,S. Mays,3,0.10999999999999988,-3.8330241550369215
S2324-G0549,T. Prince,1,4.404761904761905,2.214844790265207
S2324-G0549,T. Prince,2,0.9636363636363638,-0.3698113963936617
S2324-G0549,T. Prince,3,2.336363636363637,0.44930844637098016
S2324-G0549,W. Kessler,1,-1.7749999999999995,-4.329108111865347
S2324-G0549,W. Kessler,2,-2.4000000000000004,-2.4516958832738034
S2324-G0549,W. Kessler,3,6.6,-0.3149912951813367
S2324-G0553,A. Coffey,1,0.1499999999999999,-5.914740076581552
S2324-G0553,A. Coffey,2,-2.3666666666666663,-5.405160665421915
S2324-G0553,A. Edwards,1,1.0285714285714285,3.9945345117193174
S2324-G0553,A. Edwards,2,-28.78809523809523,-0.08593735338903226
S2324-G0553,A. Edwards,3,36.50999999999999,26.26666959474578
S2324-G0553,D. Theis,1,7.799999999999999,-0.24587661188868343
S2324-G0553,D. Theis,2,-2.271428571428571,-5.580135647116711
S2324-G0553,D. Theis,3,2.271428571428571,-3.2713881159058755
S2324-G0553,J. Harden,1,-6.575641025641024,-3.445917895607968
S2324-G0553,J. Harden,2,-4.342107892107892,-0.58200037444301
S2324-G0553,J. Harden,3,4.651082251082251,3.4229794473904795
S2324-G0553,J. McDaniels,1,5.102564102564104,0.1520767711465246
S2324-G0553,J. McDaniels,2,-6.336363636363636,-9.508965244348452
S2324-G0553,J. McDaniels,3,-0.963636363636363,0.8121082322282673
S2324-G0553,K. Anderson,1,0.18333333333333357,-0.11692127985780743
S2324-G0553,K. Anderson,2,6.566666666666666,0.019078659474398362
S2324-G0553,K. Anderson,3,-10.674999999999999,-5.018036011116235
S2324-G0553,K. Leonard,1,4.209848484848479,11.505697270892133
S2324-G0553,K. Leonard,2,-1.5941666666666627,3.7409709658735135
S2324-G0553,K. Leonard,3,7.983055555555554,6.434669195808875
S2324-G0553,K. Towns,1,17.31238095238095,9.201640981858434
S2324-G0553,K. Towns,2,-3.8166666666666655,-7.668087137428005
S2324-G0553,K. Towns,3,-1.1416666666666675,-0.9976302935918828
S2324-G0553,M. Conley,1,2.1977272727272723,0.7382249329163076
S2324-G0553,M. Conley,2,5.427272727272728,1.9198633852797682
S2324-G0553,M. Conley,3,-0.036363636363636154,-5.526496037063669
S2324-G0553,M. Plumlee,1,4.283333333333334,0.2198385493519409
S2324-G0553,M. Plumlee,2,4.4,-0.5849602282808023
S2324-G0553,M. Plumlee,3,-6.640000000000001,-5.560222610023104
S2324-G0553,N. Alexander-Walker,2,4.603030303030303,0.34855968255497083
S2324-G0553,N. Alexander-Walker,3,0.6600000000000001,-3.7382119383994024
S2324-G0553,N. Powell,1,-11.690000000000003,-1.260261658535106
S2324-G0553,N. Powell,2,14.873333333333337,9.049348042956224
S2324-G0553,N. Powell,3,-24.633333333333333,-4.469957813514143
S2324-G0553,N. Reid,1,-0.1999999999999993,2.6737398940690937
S2324-G0553,N. Reid,2,10.025,3.945702909512
S2324-G0553,P. George,1,-7.686666666666669,-2.4102853832857014
S2324-G0553,P. George,2,-2.5633333333333326,4.967922944747645
S2324-G0553,P. George,3,5.092857142857143,4.321467610667727
S2324-G0553,R. Gobert,1,-1.1357142857142855,-6.3749769957105675
S2324-G0553,R. Gobert,2,-7.530952380952381,-5.974138948925373
S2324-G0553,R. Gobert,3,-8.386990202779677,-1.2868671401458047
S2324-G0553,R. Westbrook,1,-4.308333333333334,-5.866799967113386
S2324-G0553,R. Westbrook,2,-4.928030303030304,-0.48693592900138466
S2324-G0553,R. Westbrook,3,-7.874242424242423,1.7899277801494955
S2324-G0553,T. Mann,1,-2.0833333333333335,-4.412808960720689
S2324-G0553,T. Mann,2,4.35,-0.6412816211448431
S2324-G0561,A. Caruso,1,-9.369696969696971,-3.050483442326579
S2324-G0561,A. Caruso,2,10.936363636363637,5.061212480374768
S2324-G0561,A. Caruso,3,3.1,-2.316225249542617
S2324-G0561,A. Dosunmu,1,2.3,-3.750933716958999
S2324-G0561,A. Dosunmu,2,-21.703030303030303,-5.405160665421915
S2324-G0561,A. Dosunmu,3,19.336363636363636,12.430231619202809
S2324-G0561,A. Drummond,1,0.16428571428571426,-5.533858248670101
S2324-G0561,A. Drummond,2,-5.53,-6.007924662773303
S2324-G0561,A. Drummond,3,-4.19705882352941,-0.34760181532650364
S2324-G0561,C. LeVert,1,16.26190476190476,8.842062137496766
S2324-G0561,C. LeVert,2,-4.670238095238095,-4.826732130650369
S2324-G0561,C. LeVert,3,-20.492307692307694,-0.6105503390361686
S2324-G0561,C. White,1,-4.967765567765571,1.0195986195464706
S2324-G0561,C. White,2,7.183791208791213,4.8381984919010295
S2324-G0561,C. White,3,-3.1826923076923084,-2.119847618101548
S2324-G0561,D. DeRozan,1,-9.0,-2.6954054068776214
S2324-G0561,D. DeRozan,2,10.966666666666665,2.8055556691541508
S2324-G0561,D. DeRozan,3,-2.2199999999999998,-4.72627442273725
S2324-G0561,D. Mitchell,1,-3.763888888888893,9.31612945345605
S2324-G0561,D. Mitchell,2,6.1555555555555586,9.518355271731078
S2324-G0561,D. Mitchell,3,2.8917748917748938,4.524041594677851
S2324-G0561,D. Terry,1,2.2047619047619045,-3.287756597477315
S2324-G0561,D. Wade,1,0.8111111111111109,-1.143573186791084
S2324-G0561,D. Wade,2,2.2393939393939393,-3.875379250866656
S2324-G0561,D. Wade,3,-11.50987012987013,-2.6631636692296294
S2324-G0561,G. Niang,1,11.403571428571428,7.375415636344145
S2324-G0561,G. Niang,2,-4.873015873015874,-2.686087826657839
S2324-G0561,G. Niang,3,4.777777777777779,1.8223989812938448
S2324-G0561,I. Okoro,1,-0.40000000000000036,-0.8788813905956027
S2324-G0561,I. Okoro,2,-5.008333333333333,0.6513853976388814
S2324-G0561,I. Okoro,3,11.833333333333332,5.418861439102182
S2324-G0561,J. Allen,1,11.005714285714287,2.546335263351852
S2324-G0561,J. Allen,2,-2.246666666666667,-10.092235551127212
S2324-G0561,J. Allen,3,1.9200000000000004,-5.946172168734849
S2324-G0561,J. Carter,1,0.9600000000000009,-0.24691307927972714
S2324-G0561,J. Carter,2,6.573333333333332,0.5691823520225278
S2324-G0561,M. Strus,1,2.3761904761904766,-4.031005766338516
S2324-G0561,M. Strus,2,-2.526190476190477,-3.916468147293087
S2324-G0561,M. Strus,3,-4.213492063492064,-0.7426250361759134
S2324-G0561,N. Vucevic,1,12.806196581196584,4.721475773492832
S2324-G0561,N. Vucevic,2,-22.769841269841272,-8.184041087629609
S2324-G0561,N. Vucevic,3,16.347619047619048,13.482719891781883
S2324-G0561,S. Merrill,1,-8.53,-1.5559544375242054
S2324-G0561,S. Merrill,2,6.046666666666665,6.9073737004093045
S2324-G0561,S. Merrill,3,3.5666666666666673,1.1221540910687071
S2324-G0561,T. Thompson,1,-4.0,-4.031005766338516
S2324-G0561,T. Thompson,2,8.647619047619047,0.5677563527554865
S2324-G0561,Z. LaVine,1,2.961904761904762,6.74673518881224
S2324-G0561,Z. LaVine,2,5.608333333333334,0.8101220440599527
S2324-G0561,Z. LaVine,3,4.725,-2.1272545263456513
S2324-G0562,B. Adebayo,1,-7.200000000000001,0.6047529548782258
S2324-G0562,B. Adebayo,2,15.866666666666667,3.231739298327524
S2324-G0562,B. Adebayo,3,-14.382503770739063,-6.955317017876353
S2324-G0562,B. Adebayo,4,14.365837104072398,8.098151126555921
S2324-G0562,C. Johnson,1,-6.564285714285712,-2.979167954910082
S2324-G0562,C. Johnson,2,-0.013492063492066109,2.163794103744031
S2324-G0562,C. Johnson,3,2.3527777777777796,3.632091669849665
S2324-G0562,C. Martin,2,-3.3342857142857145,0.10242204657205893
S2324-G0562,C. Martin,3,9.644588744588743,2.116071750624193
S2324-G0562,C. Martin,4,-2.3803030303030304,-4.974380569162758
S2324-G0562,C. Thomas,1,10.72,7.653367572961953
S2324-G0562,C. Thomas,2,-2.120000000000001,-1.7723031778978664
S2324-G0562,C. Thomas,3,-3.5250000000000004,1.0966119400695857
S2324-G0562,C. Thomas,4,4.075000000000001,3.7440450783254224
S2324-G0562,D. Finney-Smith,1,-2.1190476190476186,-3.470802860367645
S2324-G0562,D. Finney-Smith,2,-0.8309523809523798,0.09767426319629796
S2324-G0562,D. Finney-Smith,3,7.792857142857142,1.5107080200261778
S2324-G0562,D. Robinson,1,-2.2196969696969697,-3.8330241550369215
S2324-G0562,D. Robinson,2,2.303030303030303,-1.840702651941447
S2324-G0562,D. Robinson,3,2.3,-4.603793731934867
S2324-G0562,D. Smith Jr.,1,-3.3357142857142863,-2.4235813876700454
S2324-G0562,D. Smith Jr.,2,-2.8500000000000005,-0.6537696604750584
S2324-G0562,D. Smith Jr.,3,2.726190476190477,2.3321402560784876
S2324-G0562,D. Smith Jr.,4,6.923809523809523,1.1014440693834833
S2324-G0562,H. Highsmith,1,0.128571428571429,-3.1865045176635807
S2324-G0562,J. Butler,1,6.466666666666665,4.134156367882523
S2324-G0562,J. Butler,2,-12.266666666666666,-4.575786544823336
S2324-G0562,J. Butler,3,9.133333333333335,8.912936503622893
S2324-G0562,J. Butler,4,9.799999999999999,0.9746084643367287
S2324-G0562,J. Richardson,1,-7.9642857142857135,-3.1586622347769664
S2324-G0562,J. Richardson,2,5.097619047619047,3.7919208004124103
S2324-G0562,J. Richardson,3,-13.633333333333333,-2.633390439920802
S2324-G0562,J. Richardson,4,16.35,8.705270765348764
S2324-G0562,K. Lowry,1,6.666666666666666,-1.5174584919425114
S2324-G0562,K. Lowry,2,2.3,-6.255030273318528
S2324-G0562,K. Lowry,3,-2.5,-5.042416733307185
S2324-G0562,L. Walker IV,2,2.5444444444444447,-3.710705761124267
S2324-G0562,M. Bridges,1,1.043284950343775,8.607265824369051
S2324-G0562,M. Bridges,2,4.832727272727272,3.3965913949974054
S2324-G0562,M. Bridges,3,1.3201298701298718,1.2374882796808
S2324-G0562,M. Bridges,4,5.014285714285714,2.428755571031726
S2324-G0562,N. Claxton,1,-3.385714285714288,0.8833825074702193
S2324-G0562,N. Claxton,2,9.81904761904762,4.8764369040778925
S2324-G0562,N. Claxton,3,4.561904761904762,-7.937952426829351
S2324-G0562,N. Claxton,4,-0.09523809523809534,-7.28619997934125
S2324-G0562,N. Jovic,1,3.6583333333333323,-0.7039675307123212
S2324-G0562,R. O'Neale,2,2.3,-0.43075030694654814
S2324-G0562,R. O'Neale,3,-14.566666666666666,-1.6177393156027917
S2324-G0562,R. O'Neale,4,14.516666666666667,10.078047004643905
S2324-G0562,S. Dinwiddie,1,12.297619047619046,1.4642938659893014
S2324-G0562,S. Dinwiddie,2,-4.751515151515152,-6.240389619061122
S2324-G0562,T. Herro,1,0.2969696969696951,-0.02297391336365928
S2324-G0562,T. Herro,2,-17.341991341991342,0.48821770904458167
S2324-G0562,T. Herro,3,13.834545454545456,14.787737238444274
S2324-G0562,T. Herro,4,-0.9561904761904749,-1.0241550897723435
S2324-G0567,A. Len,2,0.033333333333333326,-5.345911957447029
S2324-G0567,A. Len,3,-0.0976190476190476,-5.603557264568125
S2324-G0567,A. Vezenkov,1,-14.73888888888889,-0.20720401743311978
S2324-G0567,A. Vezenkov,2,19.305555555555557,10.035167264515728
S2324-G0567,A. Vezenkov,3,-1.971428571428571,-4.350119930598708
S2324-G0567,B. Beal,1,9.935844155844155,6.35013385512469
S2324-G0567,B. Beal,2,5.295,-1.7085380557015222
S2324-G0567,B. Beal,3,-6.211363636363636,-4.7241838594272005
S2324-G0567,C. Metu,1,-0.17857142857142883,-1.1480065022959052
S2324-G0567,C. Metu,3,2.375,0.5003358133434578
S2324-G0567,D. Booker,1,14.167307692307691,6.636308101559681
S2324-G0567,D. Booker,2,-14.892307692307693,-7.460351553788084
S2324-G0567,D. Booker,3,18.292307692307695,7.425524403065786
S2324-G0567,D. Eubanks,2,-5.4452380952380945,-5.419146018551427
S2324-G0567,D. Eubanks,3,5.4833333333333325,-1.5720869800124986
S2324-G0567,D. Fox,1,-7.580952380952382,6.386485547847363
S2324-G0567,D. Fox,2,8.922366522366524,12.921645721969409
S2324-G0567,D. Fox,3,-9.224064171122997,3.3102676759529794
S2324-G0567,D. Sabonis,1,11.974145299145299,8.970416518087799
S2324-G0567,D. Sabonis,2,-1.907692307692308,-5.386017017157045
S2324-G0567,D. Sabonis,3,-0.08611111111111036,-4.760150314678406
S2324-G0567,E. Gordon,1,-2.3696969696969696,-3.750933716958999
S2324-G0567,E. Gordon,2,-11.596969696969698,-1.2927109689985714
S2324-G0567,E. Gordon,3,3.2666666666666675,6.376545388770898
S2324-G0567,G. Allen,1,-0.4326923076923066,10.389653622635175
S2324-G0567,G. Allen,2,10.725,7.011378004172556
S2324-G0567,G. Allen,3,1.5933333333333337,-1.9450596693760567
S2324-G0567,H. Barnes,1,17.295238095238098,7.612973780164731
S2324-G0567,H. Barnes,2,-4.636904761904763,-5.661924754098214
S2324-G0567,H. Barnes,3,6.825,-1.9188893124416884
S2324-G0567,J. Nurkic,1,0.2987373737373744,-1.995835058904952
S2324-G0567,J. Nurkic,2,-2.248888888888888,-5.078018081148469
S2324-G0567,J. Okogie,2,0.27500000000000036,-4.0987428886218025
S2324-G0567,K. Durant,1,-11.567857142857143,-4.982122307143282
S2324-G0567,K. Durant,2,-2.7571428571428562,4.4966691855378755
S2324-G0567,K. Durant,3,-14.507995951417005,5.636948740745165
S2324-G0567,K. Huerter,1,1.4136752136752122,-1.3636670378980251
S2324-G0567,K. Huerter,2,-6.7002886002886,-3.8093448131750676
S2324-G0567,K. Huerter,3,14.289177489177488,1.365222644432994
S2324-G0567,K. Murray,1,18.599999999999998,9.398177431107047
S2324-G0567,K. Murray,2,-15.172727272727274,-6.261851714422225
S2324-G0567,K. Murray,3,12.172727272727274,9.6897839314892
S2324-G0567,M. Monk,1,-4.842857142857142,2.4288175718090326
S2324-G0567,M. Monk,2,5.676190476190477,2.6569460465600874
S2324-G0567,M. Monk,3,-7.972222222222221,-2.2445644707821106
S2324-G0567,T. Lyles,1,-4.666666666666668,-5.866799967113386
S2324-G0567,T. Lyles,2,4.666666666666668,-0.6701327031428904
S2324-G0567,T. Lyles,3,0.06666666666666665,-5.683317919059108
S2324-G0573,A. Sengun,1,-1.4473593073593065,1.8768309134550096
S2324-G0573,A. Sengun,2,10.465454545454545,1.3082928791349409
S2324-G0573,A. Sengun,3,-17.065470085470086,-4.56662172556664
S2324-G0573,A. Thompson,1,2.0999999999999996,-2.285493961405525
S2324-G0573,A. Thompson,2,-1.9400000000000004,-3.6209609776617526
S2324-G0573,C. Whitmore,1,-2.3999999999999995,-3.1865045176635807
S2324-G0573,D. Brooks,1,-3.372527472527473,-0.9939091899025004
S2324-G0573,D. Brooks,2,1.2694971694971695,1.1495867002906057
S2324-G0573,D. Brooks,3,2.078030303030303,0.8121082322282673
S2324-G0573,D. DiVincenzo,1,-7.460714285714285,-5.022255391663049
S2324-G0573,D. DiVincenzo,2,0.875,1.816454707406509
S2324-G0573,F. VanVleet,1,-11.014141414141417,-3.5035427943146313
S2324-G0573,F. VanVleet,2,-16.15757575757576,5.178028560053983
S2324-G0573,F. VanVleet,3,15.33727272727273,15.597099189329498
S2324-G0573,I. Hartenstein,1,5.305944055944055,0.8112615344585635
S2324-G0573,I. Hartenstein,2,6.6220779220779225,-4.453367234450713
S2324-G0573,I. Hartenstein,3,0.011255411255411407,-8.646647838788764
S2324-G0573,J. Brunson,1,11.26111111111111,5.255293257951547
S2324-G0573,J. Brunson,2,-17.90811965811966,-4.376137460125767
S2324-G0573,J. Brunson,3,-6.327883227883227,10.788482818281791
S2324-G0573,J. Green,1,12.898997493734338,17.174674508140964
S2324-G0573,J. Green,2,8.68888888888889,-6.837542092930762
S2324-G0573,J. Green,3,-1.9335775335775338,-4.825992544722804
S2324-G0573,J. Hart,1,-9.179999999999998,-6.020780834898836
S2324-G0573,J. Hart,2,4.1133333333333315,4.146901142243241
S2324-G0573,J. Hart,3,-16.901515151515152,-2.807759711882213
S2324-G0573,J. Randle,1,19.738888888888887,14.637012150935078
S2324-G0573,J. Randle,2,-13.944444444444443,-6.875810550525471
S2324-G0573,J. Randle,3,7.391111111111108,8.324134304550933
S2324-G0573,J. Smith Jr.,1,16.434415584415582,4.83801404609372
S2324-G0573,J. Smith Jr.,2,-8.8,-6.8166648331290345
S2324-G0573,J. Smith Jr.,3,1.825000000000001,-0.14058473412337574
S2324-G0573,J. Tate,1,-2.0000000000000004,-4.412808960720689
S2324-G0573,J. Tate,2,4.300000000000001,-3.30833924058997
S2324-G0573,J. Tate,3,0.0,-5.683317919059108
S2324-G0573,M. McBride,1,-2.733333333333334,-3.7850840455687553
S2324-G0573,M. McBride,2,2.685714285714286,-1.9053688174054773
S2324-G0573,O. Anunoby,1,0.09500000000000064,-2.5655130276224387
S2324-G0573,O. Anunoby,2,-20.004166666666666,-3.8853422112959985
S2324-G0573,O. Anunoby,3,18.92440476190476,16.19893332394283
S2324-G0573,P. Achiuwa,2,5.033333333333333,-3.3908515032828483
S2324-G0573,Q. Grimes,1,-12.5,-3.189853915477251
S2324-G0573,Q. Grimes,2,12.9,6.29453488399554
S2324-G0573,Q. Grimes,3,-7.638095238095239,-3.967077464737296
S2324-G0589,A. Wiggins,1,13.94145299145299,6.303276201635235
S2324-G0589,A. Wiggins,2,-18.886507936507936,-8.789644198794544
S2324-G0589,A. Wiggins,3,10.341269841269842,8.842066398400036
S2324-G0589,B. Podziemski,1,2.3636363636363633,-3.879740261753924
S2324-G0589,B. Podziemski,2,-4.363636363636363,-4.391173315604082
S2324-G0589,B. Podziemski,3,-3.258974358974359,-3.0677361137318537
S2324-G0589,C. Paul,1,5.328571428571427,2.851634609019686
S2324-G0589,C. Paul,2,-3.1119047619047624,-0.9344206221222148
S2324-G0589,C. Paul,3,-1.4899999999999984,2.3321402560784876
S2324-G0589,D. Exum,1,-3.055555555555555,-3.792845036862581
S2324-G0589,D. Exum,2,3.055555555555555,0.21895558332836024
S2324-G0589,D. Exum,3,2.3285714285714287,-3.641495430543851
S2324-G0589,D. Gafford,1,4.596666666666667,-0.3115842327524906
S2324-G0589,D. Gafford,2,0.18444444444444485,-3.2704411252391266
S2324-G0589,D. Gafford,3,-6.880158730158731,-2.9285217872299363
S2324-G0589,D. Green,1,3.5004329004329007,0.3712664390915832
S2324-G0589,D. Green,2,6.714141414141414,-4.9002037679853085
S2324-G0589,D. Green,3,-13.208730158730159,-7.847927721381629
S2324-G0589,D. Jones Jr.,1,-4.588888888888889,-6.169848148589279
S2324-G0589,D. Jones Jr.,2,0.11010101010101003,-1.3804674656687264
S2324-G0589,D. Powell,1,-0.2333333333333334,-5.866799967113386
S2324-G0589,G. Payton II,1,-1.5916666666666668,-1.965948016381059
S2324-G0589,G. Payton II,2,1.8666666666666671,1.8629050665029359
S2324-G0589,G. Payton II,3,2.5,-0.7953631472145727
S2324-G0589,J. Hardy,2,3.0250000000000004,-0.5956608700604639
S2324-G0589,K. Irving,1,-8.855219780219782,0.19129866221131245
S2324-G0589,K. Irving,2,-0.36978021978022113,4.060456246267147
S2324-G0589,K. Irving,3,-5.082692307692305,2.2006560352976945
S2324-G0589,K. Looney,1,0.11111111111111116,-5.674307212497326
S2324-G0589,K. Thompson,1,-1.2607142857142852,-2.215064666987604
S2324-G0589,K. Thompson,2,-4.625,-0.9758239894152348
S2324-G0589,K. Thompson,3,-11.992857142857142,2.818543487288725
S2324-G0589,L. Doncic,1,18.53604700854701,15.761198589308483
S2324-G0589,L. Doncic,2,-10.536047008547008,-1.4541675185417577
S2324-G0589,L. Doncic,3,15.770357142857142,9.700099721598994
S2324-G0589,M. Kleber,1,-2.3666666666666663,-5.866799967113386
S2324-G0589,M. Kleber,2,0.10833333333333295,-2.8877181519934165
S2324-G0589,M. Kleber,3,-2.3797619047619047,-3.042105115758912
S2324-G0589,M. Moody,1,-2.1400000000000006,1.0615910182609885
S2324-G0589,M. Moody,2,-0.6933333333333334,4.672745191876448
S2324-G0589,M. Moody,3,8.4,4.631314214696774
S2324-G0589,P. Washington,1,12.61904761904762,9.008652231292197
S2324-G0589,P. Washington,2,-1.612554112554113,-5.457633838867556
S2324-G0589,P. Washington,3,-11.005944055944058,-0.4890684069945801
S2324-G0589,S. Curry,1,-16.802564102564105,0.536497291293199
S2324-G0589,S. Curry,2,13.06923076923077,9.028160148866974
S2324-G0589,S. Curry,3,9.0,0.8133467743566117
S2324-G0589,T. Hardaway Jr.,1,-2.045238095238095,-2.173126322528604
S2324-G0589,T. Hardaway Jr.,2,1.3833333333333329,-0.37750436605230225
S2324-G0589,T. Hardaway Jr.,3,1.0,-1.9908075360521842
S2324-G0589,T. Jackson-Davis,1,6.475,-0.8785512968290975
S2324-G0589,T. Jackson-Davis,2,2.166666666666667,-7.548807647587526
S2324-G0590,A. Nesmith,1,9.989999999999998,1.3034764994880006
S2324-G0590,A. Nesmith,2,-8.350000000000001,-4.530490184516722
S2324-G0590,A. Nesmith,3,2.913636363636364,4.148930944086895
S2324-G0590,B. Hield,1,0.06363636363636616,4.209236614703666
S2324-G0590,B. Hield,2,-0.16363636363636402,2.693701769675089
S2324-G0590,B. Hield,3,13.033333333333333,4.5998374631733325
S2324-G0590,B. Mathurin,1,1.0524725274725277,0.685212808867712
S2324-G0590,B. Mathurin,2,3.472527472527471,0.08495948390407743
S2324-G0590,B. Mathurin,3,1.2000000000000006,-4.510759333279003
S2324-G0590,B. Sheppard,1,2.958333333333334,-0.5819646392312464
S2324-G0590,B. Sheppard,2,4.6,-1.7075947527555113
S2324-G0590,D. Ayton,1,4.228571428571426,4.7569665200711055
S2324-G0590,D. Ayton,2,1.7321428571428577,-2.4390688574299624
S2324-G0590,D. Ayton,3,7.210714285714286,-5.593380753018612
S2324-G0590,D. Reath,1,4.5,-1.8704665276932946
S2324-G0590,D. Reath,2,0.04166666666666674,-5.289973598727397
S2324-G0590,D. Reath,3,-1.213095238095238,-4.934549027186721
S2324-G0590,J. Grant,1,-17.838863636363634,5.20991827925254
S2324-G0590,J. Grant,2,6.5818181818181785,12.969626104543208
S2324-G0590,J. Grant,3,7.51883116883117,9.194829933641403
S2324-G0590,J. Smith,1,6.666666666666667,-2.1298574531104255
S2324-G0590,J. Smith,2,-4.8,-6.65139129536796
S2324-G0590,J. Smith,3,-2.6047619047619044,-2.580052050682202
S2324-G0590,J. Walker,1,-3.9965367965367964,-4.0055679300639735
S2324-G0590,J. Walker,2,-2.5542857142857134,-2.0741630822118857
S2324-G0590,J. Walker,3,-2.8933333333333344,-1.597166937498167
S2324-G0590,K. Murray,1,0.08333333333333326,-5.914740076581552
S2324-G0590,K. Murray,2,-4.300000000000001,-5.054443466011865
S2324-G0590,K. Murray,3,-1.0,-0.868076407604021
S2324-G0590,M. Brogdon,1,10.724450549450552,12.114162744203801
S2324-G0590,M. Brogdon,2,2.5628571428571423,2.0201832210076986
S2324-G0590,M. Brogdon,3,-4.5187012987013,0.965493927022111
S2324-G0590,M. Thybulle,1,-4.366666666666667,-6.263642031118527
S2324-G0590,M. Thybulle,2,2.066666666666667,-2.320079202314294
S2324-G0590,M. Thybulle,3,0.19696969696969724,-3.1089130991472977
S2324-G0590,M. Turner,1,-4.0868131868131865,2.688671747053177
S2324-G0590,M. Turner,2,6.1058608058608055,4.14033302416605
S2324-G0590,M. Turner,3,-16.139047619047616,1.2204841230815788
S2324-G0590,O. Toppin,1,0.06666666666666643,-3.6391313260220493
S2324-G0590,O. Toppin,2,-0.1499999999999999,-3.641495430543851
S2324-G0590,O. Toppin,3,2.35,-3.7821813245064346
S2324-G0590,P. Siakam,1,-0.18528138528138705,3.3724856404034056
S2324-G0590,P. Siakam,2,-1.3599733599733597,0.9718525157431964
S2324-G0590,P. Siakam,3,5.763003663003664,3.1926863055359607
S2324-G0590,S. Henderson,1,10.635714285714284,5.264645995100753
S2324-G0590,T. Camara,1,0.08333333333333326,-5.914740076581552
S2324-G0590,T. Camara,2,-10.950000000000001,-5.054443466011865
S2324-G0590,T. Haliburton,1,-0.3083333333333327,-1.6913023938437353
S2324-G0590,T. Haliburton,2,-13.025,-0.8084590713215847
S2324-G0590,T. Haliburton,3,-5.369696969696971,9.093730488030843
S2324-G0590,T. McConnell,1,-1.6999999999999993,-3.561490042781699
S2324-G0590,T. McConnell,2,-0.36666666666666714,-0.6973552016211507
S2324-G0590,T. McConnell,3,4.6,-0.9437828015738088
S2324-G0591,A. Davis,1,3.3817094017094025,8.994671380142936
S2324-G0591,A. Davis,2,0.7349206349206359,-2.591301358672649
S2324-G0591,A. Davis,3,5.539393939393939,0.45112527735297003
S2324-G0591,A. Reaves,1,2.741558441558441,1.0590430870926189
S2324-G0591,A. Reaves,2,-3.9523809523809526,-4.170240184550263
S2324-G0591,A. Reaves,3,10.966666666666667,1.4062556336721892
S2324-G0591,C. Johnson,1,-7.666666666666666,-4.412808960720689
S2324-G0591,C. Johnson,2,-4.37777777777778,2.1041448349502985
S2324-G0591,C. Johnson,3,9.996825396825397,6.183045401501628
S2324-G0591,C. Thomas,1,7.891666666666669,15.310569502021114
S2324-G0591,C. Thomas,2,10.274999999999999,5.086556113885363
S2324-G0591,C. Thomas,3,-7.6675,-3.0995503285622648
S2324-G0591,C. Wood,2,-4.995238095238095,-0.8711341052863728
S2324-G0591,D. Finney-Smith,1,3.2199999999999998,-3.167175399098523
S2324-G0591,D. Finney-Smith,2,-8.884415584415585,-5.033024982374645
S2324-G0591,D. Finney-Smith,3,9.009415584415585,3.84138027919845
S2324-G0591,D. Russell,1,22.764705882352942,17.21304881190322
S2324-G0591,D. Russell,2,1.793333333333333,-9.238121438938888
S2324-G0591,D. Russell,3,1.54,-4.275780155807181
S2324-G0591,D. Smith Jr.,1,7.7333333333333325,1.09673317421197
S2324-G0591,D. Smith Jr.,2,-2.2666666666666666,-5.572488029007697
S2324-G0591,D. Smith Jr.,3,-15.058333333333335,-4.469957813514143
S2324-G0591,H. Giles III,1,-2.2523809523809524,-6.3749769957105675
S2324-G0591,J. Vanderbilt,1,-0.02857142857142847,-2.4856892389547847
S2324-G0591,J. Vanderbilt,2,-6.450000000000001,-1.9581915429147776
S2324-G0591,J. Vanderbilt,3,6.425000000000001,5.108184542932453
S2324-G0591,L. James,1,-23.62802197802198,-1.2242479589586823
S2324-G0591,L. James,2,18.950854700854702,17.837513780152104
S2324-G0591,L. James,3,-6.500854700854703,0.5392098759583465
S2324-G0591,L. Walker IV,2,12.06111111111111,9.274553434353532
S2324-G0591,M. Bridges,1,-2.8933333333333344,0.9755908534270648
S2324-G0591,M. Bridges,2,-3.75,0.9985246366219817
S2324-G0591,M. Bridges,3,4.185714285714287,4.687755400730295
S2324-G0591,M. Christie,1,3.0000000000000004,-1.5559544375242054
S2324-G0591,M. Christie,2,-2.933333333333333,-2.9194473257866678
S2324-G0591,M. Christie,3,5.2333333333333325,-1.5889311588228145
S2324-G0591,N. Claxton,1,-9.125,0.07003290366583617
S2324-G0591,N. Claxton,2,0.2875000000000014,7.16907631819577
S2324-G0591,N. Claxton,3,1.845192307692308,9.287361083070948
S2324-G0591,R. Hachimura,1,-2.65,-3.750933716958999
S2324-G0591,R. Hachimura,2,-2.0166666666666666,-1.8935077935782552
S2324-G0591,R. O'Neale,1,-0.05333333333333279,-2.351913709448443
S2324-G0591,R. O'Neale,2,2.3199999999999994,-1.0578022422564093
S2324-G0591,S. Dinwiddie,1,4.696666666666667,1.6417542461490386
S2324-G0591,S. Dinwiddie,2,-14.66969696969697,-1.4972800956654109
S2324-G0591,S. Dinwiddie,3,20.1030303030303,10.749306484617998
S2324-G0591,T. Prince,1,-0.0023809523809532607,-0.8919386729097742
S2324-G0591,T. Prince,2,1.0523809523809522,0.9689974508193112
S2324-G0591,T. Prince,3,2.30952380952381,-2.0207850400155563
S2324-G0595,B. Bogdanovic,1,4.6819047619047645,4.233124655669097
S2324-G0595,B. Bogdanovic,2,5.079999999999998,-1.0563875689256732
S2324-G0595,B. Bogdanovic,3,-6.347619047619046,-5.225776427673283
S2324-G0595,C. Capela,1,8.808225108225107,-0.26758464657080283
S2324-G0595,C. Capela,2,-13.177777777777779,-8.19612708931089
S2324-G0595,C. Capela,3,11.211111111111112,2.957578043957171
S2324-G0595,C. Porter Jr.,1,-4.36969696969697,-4.890612289637829
S2324-G0595,C. Porter Jr.,2,6.56969696969697,0.3013748953008085
S2324-G0595,C. Porter Jr.,3,-2.3030303030303028,-6.245500231201122
S2324-G0595,D. Mitchell,1,-4.382683982683982,1.8303297019998843
S2324-G0595,D. Mitchell,2,6.300000000000001,5.221881066799889
S2324-G0595,D. Mitchell,3,-4.0476190476190474,-1.1677183550078039
S2324-G0595,D. Murray,1,7.91666666666667,8.979980648558383
S2324-G0595,D. Murray,2,-6.329047619047623,-3.6919757556793176
S2324-G0595,D. Murray,3,9.660000000000004,7.263189110014469
S2324-G0595,D. Wade,1,1.8000000000000003,-2.4856892389547847
S2324-G0595,D. Wade,2,-13.563333333333333,-3.4738205845097143
S2324-G0595,D. Wade,3,5.3657142857142865,7.57865593732481
S2324-G0595,G. Mathews,2,-1.7130952380952378,-3.935329419550433
S2324-G0595,G. Niang,1,-11.112987012987015,-2.136027345621061
S2324-G0595,G. Niang,2,10.112987012987015,9.202177490310067
S2324-G0595,G. Niang,3,-4.666666666666666,-3.02606516073972
S2324-G0595,I. Okoro,1,10.913333333333334,6.110096323333516
S2324-G0595,I. Okoro,2,0.9733333333333327,-6.731014170261575
S2324-G0595,I. Okoro,3,6.708571428571429,-4.441199988408963
S2324-G0595,J. Allen,1,2.4466666666666663,-2.2872716042674037
S2324-G0595,J. Allen,2,-4.36969696969697,-6.717796431684325
S2324-G0595,J. Allen,3,-4.287445887445886,-1.7408021353587273
S2324-G0595,J. Johnson,1,-8.573076923076925,1.3358101357825598
S2324-G0595,J. Johnson,2,14.108974358974361,7.006103693627234
S2324-G0595,J. Johnson,3,-6.519047619047619,-3.109000210488503
S2324-G0595,M. Strus,1,-5.4107142857142865,-1.2242479589586823
S2324-G0595,M. Strus,2,1.3499999999999996,4.830024313976464
S2324-G0595,O. Okongwu,1,2.394444444444445,-3.1865045176635807
S2324-G0595,O. Okongwu,2,-3.4944444444444445,-4.892088805977416
S2324-G0595,O. Okongwu,3,1.1999999999999997,-2.9012497270083206
S2324-G0595,P. Mills,1,0.0,-5.866799967113386
S2324-G0595,P. Mills,2,-12.997619047619047,-5.035559551897323
S2324-G0595,S. Bey,1,-0.05333333333333368,-2.886081527825097
S2324-G0595,S. Bey,2,-2.4333333333333327,-2.8827473889876902
S2324-G0595,S. Bey,3,4.666666666666665,2.036529616238465
S2324-G0595,S. Merrill,1,0.46645299145299113,3.2419185459914632
S2324-G0595,S. Merrill,2,-11.374999999999998,-1.600560443587244
S2324-G0595,S. Merrill,3,19.43333333333333,10.559409980493118
S2324-G0595,T. Thompson,1,-6.186363636363637,-3.8330241550369215
S2324-G0595,T. Thompson,2,8.56969696969697,2.317882848393687
S2324-G0595,T. Thompson,3,-4.4833333333333325,-5.560222610023104
S2324-G0595,T. Young,1,-13.210641025641026,-0.3899470962000088
S2324-G0595,T. Young,2,11.910641025641025,7.30484593007959
S2324-G0595,T. Young,3,3.706666666666667,-3.478460629700401
S2324-G0610,A. Edwards,1,2.2333333333333334,-3.750933716958999
S2324-G0610,A. Edwards,2,-18.834432234432235,-5.683317919059108
S2324-G0610,A. Edwards,3,5.6510989010989015,9.490654960838276
S2324-G0610,B. Miller,1,-1.21904761904762,4.411143080112557
S2324-G0610,B. Miller,2,3.135714285714286,4.336102280406156
S2324-G0610,B. Miller,3,-4.325000000000001,0.7071688314313254
S2324-G0610,I. Smith,1,4.3,1.3941452350873413
S2324-G0610,J. McDaniels,1,-0.9780663780663765,-0.12202654690484374
S2324-G0610,J. McDaniels,2,4.4502886002886,0.6087208672720191
S2324-G0610,J. McDaniels,3,4.176984126984126,-4.273025650829695
S2324-G0610,J. McLaughlin,1,2.3666666666666663,-3.2733997425549237
S2324-G0610,J. McLaughlin,3,-2.2333333333333334,-6.073772235705211
S2324-G0610,J. Thor,1,-1.1357142857142857,-5.1650181519203935
S2324-G0610,J. Thor,2,-3.2499999999999996,-4.207261207926067
S2324-G0610,J. Thor,3,0.07222222222222197,-1.5720869800124986
S2324-G0610,K. Anderson,1,-7.697619047619046,-5.866799967113386
S2324-G0610,K. Anderson,2,5.659523809523808,2.6383440770471145
S2324-G0610,K. Anderson,3,2.1380952380952385,-3.8590927391189527
S2324-G0610,K. Towns,1,6.9559180757323205,27.511058455373707
S2324-G0610,K. Towns,2,5.728546479320471,24.811673193233784
S2324-G0610,K. Towns,3,5.5586452762923315,14.589616626014433
S2324-G0610,L. Ball,1,-0.6645299145299131,2.0927814766610053
S2324-G0610,L. Ball,2,-7.384965034965035,2.3211936922183223
S2324-G0610,L. Ball,3,10.124242424242423,6.498885450697724
S2324-G0610,L. Black,2,9.933333333333335,3.1729943058760255
S2324-G0610,M. Bridges,1,18.35,18.19296100316189
S2324-G0610,M. Bridges,2,-16.79206349206349,-6.145906553210116
S2324-G0610,M. Bridges,3,23.325396825396822,13.254724651735241
S2324-G0610,N. Alexander-Walker,1,7.366666666666667,0.9961969693609536
S2324-G0610,N. Alexander-Walker,2,-15.1,-3.641495430543851
S2324-G0610,N. Alexander-Walker,3,7.822222222222221,7.634975321169726
S2324-G0610,N. Mensah,1,-4.366666666666667,-5.866799967113386
S2324-G0610,N. Mensah,2,4.166666666666667,-0.4227110482970705
S2324-G0610,N. Mensah,3,0.2666666666666666,-5.046124130428598
S2324-G0610,N. Reid,1,9.183333333333334,1.67310975517894
S2324-G0610,N. Reid,2,-7.6380952380952385,-5.2415141026869
S2324-G0610,N. Smith Jr.,2,-8.668398268398269,-2.8597361557370045
S2324-G0610,P. Washington,1,6.719444444444445,-1.382344301474199
S2324-G0610,P. Washington,2,-6.7011111111111115,-5.159649804663026
S2324-G0610,P. Washington,3,-8.317142857142855,0.2748407829124511
S2324-G0610,R. Gobert,1,-4.197727272727273,-2.89166508985465
S2324-G0610,R. Gobert,2,4.286904761904763,-2.647909868126956
S2324-G0610,R. Gobert,3,-5.420634920634921,-3.299647334646748
S2324-G0610,S. Milton,2,2.3476190476190473,-0.22033701561621438
S2324-G0610,S. Milton,3,-0.36666666666666714,-3.337967271714162
S2324-G0610,T. Rozier,1,-0.8916666666666666,-2.9556877124995746
S2324-G0610,T. Rozier,2,-2.3666666666666654,-1.5298446100890561
S2324-G0610,T. Rozier,3,-8.573333333333334,2.4699206858270473
S2324-G0611,A. Horford,1,-6.299999999999999,-2.0553045850097345
S2324-G0611,A. Horford,2,5.295238095238094,0.8653959300994573
S2324-G0611,A. Horford,3,7.554761904761905,-2.2266816510647978
S2324-G0611,D. Jones Jr.,1,0.4976190476190476,-4.031005766338516
S2324-G0611,D. Jones Jr.,2,-7.988888888888889,-1.3846325462799434
S2324-G0611,D. Jones Jr.,3,12.188888888888888,2.7474715081950056
S2324-G0611,D. Lively II,1,-8.59469696969697,-6.231360539454318
S2324-G0611,D. Lively II,2,4.223030303030304,0.9512547384757748
S2324-G0611,D. Lively II,3,4.446666666666667,-3.0235763781175096
S2324-G0611,D. White,1,-0.6600000000000001,-3.050483442326579
S2324-G0611,D. White,2,-0.4177489177489164,-1.6457828429515668
S2324-G0611,D. White,3,-3.3000000000000007,0.9989306627750854
S2324-G0611,G. Williams,1,-2.2388888888888885,-3.7850840455687553
S2324-G0611,G. Williams,2,-2.019444444444445,-0.9683516972726075
S2324-G0611,J. Brown,1,-2.575000000000003,6.834394562036286
S2324-G0611,J. Brown,2,6.304761904761907,8.418124388945209
S2324-G0611,J. Brown,3,-10.147619047619049,1.1188343654469632
S2324-G0611,J. Green,1,12.011363636363637,6.049611819526055
S2324-G0611,J. Green,2,-4.698809523809523,-4.281875432561891
S2324-G0611,J. Green,3,2.933809523809523,0.3094687593757026
S2324-G0611,J. Holiday,1,-7.533333333333335,0.7314631720014905
S2324-G0611,J. Holiday,2,4.620000000000003,5.746037239311453
S2324-G0611,J. Holiday,3,6.295238095238094,3.973320448664196
S2324-G0611,J. Tatum,1,10.480995475113122,11.466530432558207
S2324-G0611,J. Tatum,2,-5.275653594771242,1.8153225741866617
S2324-G0611,J. Tatum,3,-0.9392857142857132,6.707206884549515
S2324-G0611,K. Irving,1,12.417307692307693,6.9557469646428185
S2324-G0611,K. Irving,2,-13.360000000000001,-4.837893251176911
S2324-G0611,K. Irving,3,-0.06499999999999773,6.511478519107606
S2324-G0611,L. Doncic,1,9.80833333333333,13.841271195205426
S2324-G0611,L. Doncic,2,1.5451923076923073,-0.5439006453710076
S2324-G0611,L. Doncic,3,-15.443247863247858,1.6922147524545104
S2324-G0611,L. Kornet,1,-6.333333333333334,-5.331861883831866
S2324-G0611,L. Kornet,2,4.185714285714286,0.5534219802999608
S2324-G0611,L. Kornet,3,2.3476190476190477,-4.048555278565418
S2324-G0611,M. Kleber,1,-6.571428571428571,-6.263642031118527
S2324-G0611,M. Kleber,2,6.471428571428571,0.019078659474398362
S2324-G0611,M. Kleber,3,-16.714285714285715,-5.7734905804224015
S2324-G0611,P. Pritchard,1,-9.335454545454546,-3.4376660929061496
S2324-G0611,P. Pritchard,2,7.152121212121211,4.437688635528545
S2324-G0611,P. Pritchard,3,2.353333333333334,-2.3446797280931966
S2324-G0611,S. Hauser,1,-3.025,-3.750933716958999
S2324-G0611,S. Hauser,2,0.958333333333333,0.8667137592159971
S2324-G0611,S. Hauser,3,4.300000000000001,-3.30833924058997
S2324-G0611,T. Hardaway Jr.,1,-23.614285714285714,-0.24691307927972714
S2324-G0611,T. Hardaway Jr.,2,26.576190476190476,22.26413628735362
S2324-G0611,T. Hardaway Jr.,3,-2.1952380952380945,-4.62647106749731
S2324-G0615,C. Johnson,1,20.39047619047619,9.650403564169844
S2324-G0615,C. Johnson,2,-17.344444444444445,-7.986154646151084
S2324-G0615,C. Johnson,3,12.67777777777778,8.082037590178532
S2324-G0615,C. Thomas,1,-1.9357142857142868,2.4220354756305804
S2324-G0615,C. Thomas,2,0.8166666666666647,2.9789116839672785
S2324-G0615,C. Thomas,3,4.566666666666668,2.3845884092937255
S2324-G0615,D. DiVincenzo,1,0.5629870129870129,-1.143573186791084
S2324-G0615,D. DiVincenzo,2,-10.142380952380954,-4.22014757659311
S2324-G0615,D. DiVincenzo,3,14.90666666666667,6.632938907776113
S2324-G0615,D. Finney-Smith,1,11.222510822510822,2.0948052249049094
S2324-G0615,D. Finney-Smith,2,0.06666666666666643,-7.669405607328524
S2324-G0615,D. Finney-Smith,3,-7.640000000000001,-5.593692425163054
S2324-G0615,D. Smith Jr.,1,-4.553030303030303,-2.137653460685548
S2324-G0615,D. Smith Jr.,2,2.191919191919192,2.547673355617911
S2324-G0615,D. Smith Jr.,3,-2.1959477124183007,-0.03591372459748662
S2324-G0615,J. Brunson,1,-1.9666666666666686,9.296337324788256
S2324-G0615,J. Brunson,2,8.602380952380955,4.861391486916116
S2324-G0615,J. Brunson,3,-4.602380952380955,2.2142039107186293
S2324-G0615,J. Hart,1,-2.0880952380952382,-3.4376660929061496
S2324-G0615,J. Hart,2,2.3380952380952382,-0.8559014519110312
S2324-G0615,J. Hart,3,-6.736363636363636,-3.627679105445897
S2324-G0615,J. Randle,1,14.344805194805197,12.341507823026506
S2324-G0615,J. Randle,2,-8.530952380952382,-5.476324230979513
S2324-G0615,J. Randle,3,1.120238095238097,6.737768685992685
S2324-G0615,J. Sims,1,10.808333333333334,2.6739971555329993
S2324-G0615,J. Sims,2,-4.133333333333333,-10.875371547371948
S2324-G0615,L. Walker IV,2,-9.385454545454545,-1.7011427791303626
S2324-G0615,M. Bridges,1,10.603896103896105,16.182436799947077
S2324-G0615,M. Bridges,2,-19.31142857142857,-1.924906292832834
S2324-G0615,M. Bridges,3,21.93904761904762,21.38624130908741
S2324-G0615,M. McBride,2,7.647619047619047,-0.8919386729097742
S2324-G0615,M. McBride,3,-12.023333333333333,-5.560222610023104
S2324-G0615,N. Claxton,1,-13.212409812409813,-4.871423910759796
S2324-G0615,N. Claxton,2,6.947619047619046,3.210243763621602
S2324-G0615,N. Claxton,3,6.408080808080809,-3.1385585256148634
S2324-G0615,O. Anunoby,1,4.437777777777777,-1.9689900037277495
S2324-G0615,O. Anunoby,2,0.07571428571428562,-5.771365487928713
S2324-G0615,O. Anunoby,3,-15.505411255411255,-5.047901247821887
S2324-G0615,P. Achiuwa,2,9.02,-0.3115842327524906
S2324-G0615,P. Achiuwa,3,-10.999999999999998,-7.657067401893372
S2324-G0615,Q. Grimes,1,-11.958333333333332,-5.866799967113386
S2324-G0615,Q. Grimes,2,9.725,5.50376102241141
S2324-G0615,Q. Grimes,3,0.0,-3.627679105445897
S2324-G0615,R. O'Neale,1,-1.265714285714286,-1.1350836242305542
S2324-G0615,R. O'Neale,2,1.4345454545454555,-0.16464030821711528
S2324-G0615,S. Dinwiddie,1,-0.125,-3.935329419550433
S2324-G0615,S. Dinwiddie,2,4.75,-3.3698261285988926
S2324-G0615,S. Dinwiddie,3,-0.06666666666666665,-5.213947862734808
S2324-G0627,A. Nembhard,1,15.17142857142857,5.255293257951547
S2324-G0627,A. Nembhard,2,-17.54920634920635,-5.429972162891986
S2324-G0627,A. Nembhard,3,6.000000000000002,7.238647979186601
S2324-G0627,A. Nesmith,1,-15.731746031746031,-3.470802860367645
S2324-G0627,A. Nesmith,2,16.246031746031747,9.278919488683664
S2324-G0627,A. Nesmith,3,-1.0153846153846153,-3.757072996530342
S2324-G0627,B. Hield,1,4.366666666666667,0.7695028136952415
S2324-G0627,B. Hield,2,-0.06666666666666732,-3.5356026729757253
S2324-G0627,B. Hield,3,0.7000000000000002,0.10419648763403594
S2324-G0627,B. Mathurin,1,-19.358333333333334,-2.351913709448443
S2324-G0627,B. Mathurin,2,11.669155844155844,13.316160615459822
S2324-G0627,B. Mathurin,3,10.03917748917749,0.8460311165054479
S2324-G0627,B. Sheppard,1,-0.27142857142857135,-1.9917007411388412
S2324-G0627,B. Sheppard,2,4.704761904761904,-1.7798391995500569
S2324-G0627,B. Sheppard,3,-2.3333333333333335,-6.073772235705211
S2324-G0627,D. House Jr.,1,2.3952380952380947,-1.5174584919425114
S2324-G0627,D. House Jr.,2,2.333333333333333,-3.6069397883885217
S2324-G0627,D. House Jr.,3,-0.09523809523809579,-3.400196155394243
S2324-G0627,F. Korkmaz,3,2.1999999999999997,-1.8704665276932946
S2324-G0627,I. Jackson,2,0.0,-5.8708714226275225
S2324-G0627,I. Jackson,3,-2.3380952380952382,-5.603557264568125
S2324-G0627,J. Embiid,1,23.139999999999997,23.20709163587574
S2324-G0627,J. Embiid,2,-8.34,0.07746153539477318
S2324-G0627,J. Smith,1,-0.1333333333333333,-5.866799967113386
S2324-G0627,J. Smith,2,-10.82,-4.014301724266688
S2324-G0627,J. Smith,3,6.620000000000001,4.335810209500138
S2324-G0627,J. Springer,1,6.966666666666667,0.6433531345382026
S2324-G0627,J. Springer,2,-2.2666666666666666,-4.855278154387736
S2324-G0627,J. Springer,3,-4.433333333333334,-3.6973469696853667
S2324-G0627,K. Martin,1,-1.9916666666666671,-3.5247744701682717
S2324-G0627,K. Martin,2,1.9523809523809526,-2.1027089416724216
S2324-G0627,K. Martin,3,-13.82857142857143,-3.3339278435042377
S2324-G0627,K. Oubre Jr.,1,4.706666666666667,-3.951467602378409
S2324-G0627,K. Oubre Jr.,2,-11.17012987012987,-6.65139129536796
S2324-G0627,M. Turner,1,8.68666666666667,4.949710830075507
S2324-G0627,M. Turner,2,-16.389166666666668,-7.079841742891441
S2324-G0627,N. Batum,1,-7.422222222222222,-2.933241108957168
S2324-G0627,N. Batum,2,6.488888888888888,0.7349847238758865
S2324-G0627,O. Toppin,1,-7.605860805860807,2.5580942101284707
S2324-G0627,O. Toppin,2,18.505860805860806,8.222822587149217
S2324-G0627,O. Toppin,3,-8.866013071895424,-7.657067401893372
S2324-G0627,P. Beverley,1,-6.383333333333335,-4.412808960720689
S2324-G0627,P. Beverley,2,1.5722222222222229,2.41455673115005
S2324-G0627,P. Reed,2,-18.625714285714285,-6.190881687390775
S2324-G0627,P. Siakam,1,7.55844155844156,7.293578713131361
S2324-G0627,P. Siakam,2,0.29761904761904745,-4.924660497856294
S2324-G0627,P. Siakam,3,-1.144444444444444,0.09931700807061672
S2324-G0627,T. Maxey,1,-20.37222222222222,3.596350151491741
S2324-G0627,T. Maxey,2,25.96388888888889,22.45823161074158
S2324-G0627,T. McConnell,1,4.395238095238096,-2.136027345621061
S2324-G0627,T. McConnell,2,-4.353571428571429,-4.804522790218655
S2324-G0627,T. McConnell,3,-9.030555555555555,-0.8735368172291786
S2324-G0629,A. Edwards,1,9.173737373737376,10.724357593422322
S2324-G0629,A. Edwards,2,-19.10126984126984,-4.2343033640580225
S2324-G0629,A. Edwards,3,26.079047619047618,16.24934566699064
S2324-G0629,C. Johnson,1,9.697619047619046,0.7087789560832732
S2324-G0629,C. Johnson,2,-4.723333333333333,-6.240389619061122
S2324-G0629,C. Johnson,3,2.4519047619047623,-0.9886507900799492
S2324-G0629,C. Thomas,1,-14.358333333333333,1.3941452350873413
S2324-G0629,C. Thomas,2,14.118333333333334,10.73071224548237
S2324-G0629,C. Thomas,3,-10.81873015873016,-0.16320714793647098
S2324-G0629,D. Finney-Smith,1,2.204761904761905,-1.0298380310264088
S2324-G0629,D. Finney-Smith,2,-3.647619047619046,-1.6177393156027917
S2324-G0629,D. Finney-Smith,3,9.014285714285712,1.1254598092183037
S2324-G0629,D. Smith Jr.,1,7.166666666666667,0.5073129183233055
S2324-G0629,D. Smith Jr.,2,-2.3,-5.213947862734808
S2324-G0629,J. McDaniels,1,-3.0285714285714285,-1.7579439591950088
S2324-G0629,J. McDaniels,2,5.366666666666667,2.329900212341216
S2324-G0629,J. McDaniels,3,1.9999999999999996,-3.337967271714162
S2324-G0629,J. McLaughlin,2,6.6000000000000005,-1.705199062913422
S2324-G0629,K. Anderson,1,-3.0047619047619047,-4.645916276351789
S2324-G0629,K. Anderson,2,-0.6619047619047622,-0.589280648919808
S2324-G0629,K. Anderson,3,4.833333333333333,-0.973704170074046
S2324-G0629,K. Towns,1,-1.0500000000000007,4.748647066428266
S2324-G0629,K. Towns,2,10.599999999999998,5.794835519668713
S2324-G0629,K. Towns,3,-15.0508547008547,-4.085065231470076
S2324-G0629,L. Walker IV,1,-2.5196969696969695,-2.137653460685548
S2324-G0629,L. Walker IV,2,4.555411255411255,0.5336069351950445
S2324-G0629,M. Bridges,1,11.666666666666668,6.824131511268012
S2324-G0629,M. Bridges,2,-5.083333333333334,-9.177506041309947
S2324-G0629,M. Bridges,3,-3.913030303030302,0.4383828438497589
S2324-G0629,M. Conley,1,-4.298268398268398,0.027010299382554278
S2324-G0629,M. Conley,2,7.703030303030303,4.0078301505236595
S2324-G0629,M. Conley,3,4.328571428571428,-2.967968966301798
S2324-G0629,N. Alexander-Walker,2,-2.966666666666667,-3.792845036862581
S2324-G0629,N. Alexander-Walker,3,-2.4083333333333323,-1.740006294217438
S2324-G0629,N. Claxton,1,10.725396825396828,5.444799176438064
S2324-G0629,N. Claxton,2,-6.444444444444445,-5.944341892655721
S2324-G0629,N. Claxton,3,10.808080808080808,0.8689642570503738
S2324-G0629,N. Reid,1,-14.203030303030303,-3.1865045176635807
S2324-G0629,N. Reid,2,16.453030303030303,8.929972711976653
S2324-G0629,N. Reid,3,-2.314285714285714,-6.288329728529288
S2324-G0629,R. Gobert,1,9.027272727272727,1.482963561683826
S2324-G0629,R. Gobert,2,-4.606060606060605,-8.647478557408295
S2324-G0629,R. Gobert,3,4.503333333333332,-5.014723699108174
S2324-G0629,R. O'Neale,1,-6.9366666666666665,-5.914740076581552
S2324-G0629,R. O'Neale,2,6.9366666666666665,1.2038981862903835
S2324-G0629,R. O'Neale,3,-5.121428571428571,-6.108436571850314
S2324-G0629,S. Dinwiddie,1,1.1476190476190453,-1.2242479589586823
S2324-G0629,S. Dinwiddie,2,-10.369696969696967,0.7648628899676667
S2324-G0629,S. Dinwiddie,3,15.772077922077921,9.653207247436221
S2324-G0630,A. Horford,1,1.043333333333333,-1.194771383720859
S2324-G0630,A. Horford,2,2.0400000000000005,-3.2704411252391266
S2324-G0630,A. Horford,3,-3.0833333333333335,-5.361528189881887
S2324-G0630,B. Adebayo,1,-5.636363636363637,-0.3585743821798273
S2324-G0630,B. Adebayo,2,-3.474747474747476,1.6530881673408222
S2324-G0630,B. Adebayo,3,6.687777777777779,5.399763662497718
S2324-G0630,C. Martin,1,-5.689285714285713,-0.10252314448629912
S2324-G0630,C. Martin,2,2.2476190476190467,2.5365181073679093
S2324-G0630,C. Martin,3,3.0666666666666664,2.0366437833245525
S2324-G0630,D. Robinson,1,9.666666666666666,2.187994176591448
S2324-G0630,D. Robinson,2,-7.033333333333333,-5.213947862734808
S2324-G0630,D. Robinson,3,4.7333333333333325,-0.03184977134248035
S2324-G0630,D. White,1,1.97330447330447,4.83801404609372
S2324-G0630,D. White,2,12.044444444444446,1.5035246396576776
S2324-G0630,D. White,3,-7.697619047619048,-7.275770630800106
S2324-G0630,H. Highsmith,1,-0.007142857142858006,-0.8919386729097742
S2324-G0630,H. Highsmith,2,7.704761904761904,1.0097593866676886
S2324-G0630,H. Highsmith,3,-15.116666666666667,-5.343781861161732
S2324-G0630,J. Brown,1,1.1057142857142885,5.841033863137477
S2324-G0630,J. Brown,2,6.274999999999999,-1.0735393081674287
S2324-G0630,J. Butler,1,1.1063636363636373,2.0726315628388963
S2324-G0630,J. Butler,2,-5.225844155844154,1.113306980857594
S2324-G0630,J. Holiday,1,-8.233333333333334,-3.879740261753924
S2324-G0630,J. Holiday,2,-12.039047619047617,4.675382959087272
S2324-G0630,J. Richardson,2,1.6272727272727288,4.202690067847573
S2324-G0630,J. Tatum,1,-2.650793650793652,4.094888940840224
S2324-G0630,J. Tatum,2,-8.338383838383837,4.014579980808574
S2324-G0630,J. Tatum,3,23.59155844155844,10.252893201784838
S2324-G0630,K. Porzingis,1,22.667307692307695,15.813794379283642
S2324-G0630,K. Porzingis,2,5.335714285714285,-3.8341180682564837
S2324-G0630,L. Kornet,2,-13.130476190476191,-6.140652147918586
S2324-G0630,L. Kornet,3,10.87047619047619,3.9852542045960666
S2324-G0630,P. Pritchard,2,-5.362380952380953,1.0755791670481663
S2324-G0630,S. Hauser,1,-1.0,-2.136027345621061
S2324-G0630,T. Bryant,1,-11.843333333333334,-4.412808960720689
S2324-G0630,T. Bryant,2,14.11,6.863077700484141
S2324-G0630,T. Herro,1,15.464285714285715,8.020071645639653
S2324-G0630,T. Herro,2,-12.886507936507936,-4.428779034891203
S2324-G0630,T. Rozier,1,5.573333333333332,2.4007615927141974
S2324-G0630,T. Rozier,2,2.9333333333333336,-1.152224181449714
S2324-G0630,T. Rozier,3,-8.881784197001252e-16,-1.9360971888132612
S2324-G0637,A. Coffey,1,0.028571428571428692,-5.866799967113386
S2324-G0637,A. Coffey,2,-5.528571428571429,-4.517392556615762
S2324-G0637,A. Coffey,3,1.1428571428571432,-1.635076569442766
S2324-G0637,B. Brown,1,-4.25,-5.022255391663049
S2324-G0637,B. Brown,2,-12.066056166056166,-0.6895641183346024
S2324-G0637,B. Brown,3,18.713675213675213,8.64158176440145
S2324-G0637,C. Boucher,1,0.41666666666666696,-2.1280941830644617
S2324-G0637,C. Boucher,2,-8.616666666666667,-0.9379806491146839
S2324-G0637,C. Boucher,3,7.235714285714285,5.30436958450709
S2324-G0637,D. Schroder,1,-5.117857142857142,2.305928786236923
S2324-G0637,D. Schroder,2,6.042857142857143,4.219790311090124
S2324-G0637,D. Schroder,3,9.049999999999999,-2.9373709868892455
S2324-G0637,D. Theis,1,-4.2333333333333325,-5.866799967113386
S2324-G0637,D. Theis,2,-2.583333333333333,-0.43068338822754243
S2324-G0637,D. Theis,3,2.4690476190476183,1.0991082767025289
S2324-G0637,G. Dick,1,-10.79,-3.8330241550369215
S2324-G0637,G. Dick,2,13.09,4.675133337780943
S2324-G0637,G. Dick,3,-6.4653846153846155,-6.108436571850314
S2324-G0637,G. Trent Jr.,1,-2.758333333333333,-1.7637123801908252
S2324-G0637,G. Trent Jr.,2,-7.566666666666666,2.7157555538542733
S2324-G0637,G. Trent Jr.,3,17.2,10.183035364182505
S2324-G0637,J. Harden,1,-11.587936507936504,3.616622073113972
S2324-G0637,J. Harden,2,19.332380952380948,12.343092634401302
S2324-G0637,J. Harden,3,-1.0476190476190466,-4.704820141766077
S2324-G0637,J. Nwora,2,-6.908333333333333,-6.231360539454318
S2324-G0637,K. Leonard,1,6.825714285714286,3.2419185459914632
S2324-G0637,K. Leonard,2,-19.746153846153845,-9.093169019891326
S2324-G0637,M. Plumlee,1,10.899999999999999,4.462366066436487
S2324-G0637,M. Plumlee,2,-9.270129870129871,-5.737726828043588
S2324-G0637,M. Plumlee,3,6.82012987012987,5.4674619901640895
S2324-G0637,N. Powell,1,-0.8288961038961062,2.479903196800044
S2324-G0637,N. Powell,2,8.64318181818182,4.111246004043227
S2324-G0637,N. Powell,3,-17.073809523809523,-5.674937558095274
S2324-G0637,P. George,1,-15.161904761904761,-1.1669050649002708
S2324-G0637,P. George,2,3.4285714285714306,11.34111626318939
S2324-G0637,P. George,3,9.442857142857143,7.288841557685908
S2324-G0637,R. Barrett,1,1.5414529914529922,4.356092273741465
S2324-G0637,R. Barrett,2,5.0941558441558445,2.100289566780185
S2324-G0637,R. Barrett,3,-9.271214667685259,-3.5140067761834755
S2324-G0637,R. Westbrook,1,0.1285714285714299,6.731720860037663
S2324-G0637,R. Westbrook,2,8.42142857142857,6.7766705917403245
S2324-G0637,R. Westbrook,3,-7.928571428571428,-3.208468841880609
S2324-G0637,S. Barnes,1,9.667307692307691,9.428404496522317
S2324-G0637,S. Barnes,2,6.591666666666668,-1.7511084721074504
S2324-G0637,S. Barnes,3,-20.925,-3.7937353782247585
S2324-G0637,T. Mann,1,8.695238095238095,1.7145440670549676
S2324-G0637,T. Mann,2,2.338095238095238,-3.379889474713266
S2324-G0637,T. Mann,3,-6.6000000000000005,-5.213947862734808
S2324-G0637,T. Young,1,8.666320346320344,2.688671747053177
S2324-G0637,T. Young,2,-4.286666666666666,-4.298023658248587
S2324-G0637,T. Young,3,8.533333333333333,-2.038430572041186
S2324-G0650,A. Davis,1,8.094683257918552,11.569981678587755
S2324-G0650,A. Davis,2,4.888333333333334,-3.75033036743456
S2324-G0650,A. Davis,3,-15.328039215686275,-5.178227072692733
S2324-G0650,A. Davis,4,12.931372549019608,10.60656080961431
S2324-G0650,A. Davis,5,7.033333333333333,-4.104409002302272
S2324-G0650,A. Reaves,1,1.0920634920634917,0.4442675511303531
S2324-G0650,A. Reaves,2,-6.651190476190475,-5.953424335706168
S2324-G0650,A. Reaves,3,9.827857142857141,2.9778932272930176
S2324-G0650,A. Reaves,4,2.423333333333333,-3.7773944464389473
S2324-G0650,A. Reaves,5,2.9000000000000004,-5.252272558885983
S2324-G0650,A. Wiggins,1,-10.680844155844154,1.5211047553892554
S2324-G0650,A. Wiggins,2,6.603463203463203,11.01912016001957
S2324-G0650,A. Wiggins,3,12.495238095238093,3.627319523152401
S2324-G0650,A. Wiggins,4,2.49047619047619,-6.414660498489632
S2324-G0650,A. Wiggins,5,0.06666666666666665,-10.13927158271984
S2324-G0650,B. Podziemski,1,-4.392307692307693,-1.449672268150075
S2324-G0650,B. Podziemski,2,-4.074358974358974,4.682835011624405
S2324-G0650,B. Podziemski,3,13.766666666666666,4.802088935583149
S2324-G0650,B. Podziemski,4,-0.06666666666666665,-7.983509749921506
S2324-G0650,B. Podziemski,5,-2.2333333333333334,-5.343781861161732
S2324-G0650,C. Joseph,1,0.0,-6.263642031118527
S2324-G0650,C. Joseph,2,-5.45,-5.405160665421915
S2324-G0650,C. Joseph,3,3.15,-1.5946208979848508
S2324-G0650,C. Wood,2,17.26969696969697,6.049611819526055
S2324-G0650,D. Green,1,9.033675213675213,1.5305708887316627
S2324-G0650,D. Green,2,1.913333333333333,-5.793735395990514
S2324-G0650,D. Green,3,-2.3177489177489186,-6.59352079615365
S2324-G0650,D. Green,4,0.25108225108225213,-1.7202131332916097
S2324-G0650,D. Green,5,4.587878787878788,-3.8468173085020596
S2324-G0650,D. Russell,1,10.917307692307691,2.6371950738886225
S2324-G0650,D. Russell,2,-7.303030303030303,-7.468867684345028
S2324-G0650,D. Russell,3,-10.64935064935065,0.9960886167728558
S2324-G0650,D. Russell,4,20.185714285714287,8.788454402886163
S2324-G0650,D. Russell,5,-12.977777777777778,-8.4550920120446
S2324-G0650,D. Saric,1,5.4938095238095235,1.057988090434526
S2324-G0650,D. Saric,2,2.1919047619047616,-3.6560646833965884
S2324-G0650,D. Saric,3,4.571428571428571,-6.102599639781907
S2324-G0650,J. Kuminga,1,-15.0159477124183,-1.1350711633160206
S2324-G0650,J. Kuminga,2,8.599786096256684,10.344494925451018
S2324-G0650,J. Kuminga,3,5.242857142857144,-0.6067944226588265
S2324-G0650,J. Kuminga,4,4.784415584415584,-4.3443799195715895
S2324-G0650,J. Kuminga,5,3.033333333333333,-5.095939598691009
S2324-G0650,J. Vanderbilt,1,-8.603021978021978,-1.7621791004941638
S2324-G0650,J. Vanderbilt,2,5.200641025641026,4.678082511996521
S2324-G0650,J. Vanderbilt,3,4.742857142857142,-3.575167985818124
S2324-G0650,J. Vanderbilt,4,0.7571428571428571,-5.366489563216855
S2324-G0650,J. Vanderbilt,5,2.3666666666666663,-5.729106598649821
S2324-G0650,K. Looney,1,4.614285714285714,-2.3851493723719144
S2324-G0650,K. Thompson,1,2.1439393939393927,0.1012785445446091
S2324-G0650,K. Thompson,2,-19.09,-3.764690001245077
S2324-G0650,K. Thompson,3,10.281880341880342,13.55517179295855
S2324-G0650,K. Thompson,4,10.258119658119659,1.5157273691601756
S2324-G0650,K. Thompson,5,2.333333333333334,-5.350353510436663
S2324-G0650,L. James,1,4.710644910644913,9.480837229817874
S2324-G0650,L. James,2,-1.6644696969696966,3.710265048522347
S2324-G0650,L. James,3,15.214166666666664,6.606477113480881
S2324-G0650,L. James,4,-13.096666666666664,-7.117491507019957
S2324-G0650,L. James,5,7.1033333333333335,-0.7958574092263095
S2324-G0650,M. Christie,1,1.9333333333333331,-2.2653275598573965
S2324-G0650,R. Hachimura,1,6.453333333333334,0.5323496234289126
S2324-G0650,R. Hachimura,2,-2.2200000000000006,-2.936097340385796
S2324-G0650,R. Hachimura,3,-0.9333333333333327,-2.239083856503338
S2324-G0650,S. Curry,1,10.733974358974358,10.972036625715363
S2324-G0650,S. Curry,2,-3.4690476190476183,-0.8972222853184624
S2324-G0650,S. Curry,3,-14.620346320346318,3.9347539787945442
S2324-G0650,S. Curry,4,15.582727272727272,17.128500347573738
S2324-G0650,S. Curry,5,-4.8796969696969725,0.1451645373740412
S2324-G0650,T. Prince,1,0.04444444444444473,-4.3394740173584605
S2324-G0650,T. Prince,2,2.091269841269841,-3.01516780856769
S2324-G0650,T. Prince,3,0.0892857142857143,-4.54904036105362
S2324-G0655,A. Black,1,2.1999999999999997,-3.7965293218533156
S2324-G0655,A. Black,2,-4.383333333333333,-5.035559551897323
S2324-G0655,A. Black,3,2.1833333333333336,-0.9720713273862346
S2324-G0655,B. Beal,1,9.7982683982684,4.718081876460607
S2324-G0655,B. Beal,2,-0.4369047619047617,-8.198099955904919
S2324-G0655,B. Beal,3,-2.1678571428571427,-3.535516558219182
S2324-G0655,C. Anthony,1,-7.1411255411255405,-2.658628664560738
S2324-G0655,C. Metu,2,0.04761904761904767,-6.3749769957105675
S2324-G0655,D. Booker,1,3.6942857142857157,12.019166665694112
S2324-G0655,D. Booker,2,-21.455824175824183,7.924896585278542
S2324-G0655,D. Booker,3,32.8448717948718,22.71146074154358
S2324-G0655,D. Eubanks,1,8.689177489177489,-0.7799919853003111
S2324-G0655,D. Eubanks,2,0.06666666666666665,-8.631094549800702
S2324-G0655,D. Eubanks,3,-0.05555555555555558,-6.989452912781784
S2324-G0655,E. Gordon,1,2.8,1.2761982640401908
S2324-G0655,E. Gordon,2,6.733333333333334,1.0505826009422767
S2324-G0655,E. Gordon,3,-4.2333333333333325,-6.073772235705211
S2324-G0655,F. Wagner,1,-9.300641025641024,-1.899171685326631
S2324-G0655,F. Wagner,2,9.789529914529915,4.036050203641322
S2324-G0655,F. Wagner,3,-7.062222222222222,-4.612092671392062
S2324-G0655,G. Allen,1,10.605555555555554,2.432466480006931
S2324-G0655,G. Allen,2,-4.38,-6.339715304847394
S2324-G0655,G. Allen,3,4.38,-1.0235809717742388
S2324-G0655,J. Ingles,1,-8.428571428571429,-4.484256616834441
S2324-G0655,J. Ingles,3,8.4,4.631314214696774
S2324-G0655,J. Isaac,1,-8.636363636363637,-3.1865045176635807
S2324-G0655,J. Isaac,2,-1.1504495504495509,3.9524521482648165
S2324-G0655,J. Okogie,2,-2.5666666666666664,-6.263642031118527
S2324-G0655,J. Suggs,1,3.6410256410256405,0.059702525442091314
S2324-G0655,J. Suggs,2,-8.988644688644689,-2.822744886612958
S2324-G0655,K. Bates-Diop,1,-3.700000000000001,-1.260261658535106
S2324-G0655,K. Bates-Diop,2,9.183333333333334,2.213939862753232
S2324-G0655,K. Bates-Diop,3,-4.204761904761904,-6.240389619061122
S2324-G0655,K. Durant,1,-6.564285714285713,-2.816722306976673
S2324-G0655,K. Durant,2,-2.3607142857142875,1.842470487077824
S2324-G0655,K. Durant,3,-0.9202380952380942,0.3875231400922582
S2324-G0655,M. Fultz,1,12.791666666666668,7.642795957777495
S2324-G0655,M. Fultz,2,-4.123333333333334,-5.920910511326263
S2324-G0655,M. Fultz,3,11.006666666666666,0.4937925150536191
S2324-G0655,M. Wagner,1,2.3464285714285715,2.77287881208107
S2324-G0655,M. Wagner,2,5.641666666666666,1.7596472108762837
S2324-G0655,M. Wagner,3,-19.705555555555556,-2.252740852198506
S2324-G0655,P. Banchero,1,-7.954745254745255,2.2707329166325882
S2324-G0655,P. Banchero,2,-2.0941558441558463,4.061053158581307
S2324-G0655,P. Banchero,3,12.110000000000001,8.362779496136282
S2324-G0655,U. Azubuike,1,-1.7400000000000007,-2.920548144915841
S2324-G0655,U. Azubuike,3,1.9400000000000004,-0.8211452181642851
S2324-G0655,W. Carter Jr.,1,-0.9727272727272727,-0.12202654690484374
S2324-G0655,W. Carter Jr.,2,4.285714285714285,0.06868787861258588
S2324-G0655,W. Carter Jr.,3,6.647619047619047,-4.189512336728874
S2324-G0661,B. Adebayo,1,-13.377991452991452,-6.383010685288086
S2324-G0661,B. Adebayo,2,8.801666666666666,-2.559977223950769
S2324-G0661,B. Adebayo,3,-6.095714285714287,-7.861658903706569
S2324-G0661,B. Beal,1,9.870238095238097,6.233189302707535
S2324-G0661,B. Beal,2,-8.541666666666668,-3.0354119875975494
S2324-G0661,B. Beal,3,-0.7111111111111121,6.062154106829556
S2324-G0661,C. Martin,1,-3.8892857142857142,1.0830369433827525
S2324-G0661,C. Martin,2,7.197619047619047,2.242584246004333
S2324-G0661,C. Martin,3,-5.4444444444444455,-3.337967271714162
S2324-G0661,D. Booker,1,-4.415555555555557,0.10168955885713626
S2324-G0661,D. Booker,2,-13.890641025641028,1.605688044171728
S2324-G0661,D. Booker,3,14.777307692307694,13.071402998870362
S2324-G0661,D. Eubanks,1,22.7,11.257697315340776
S2324-G0661,D. Eubanks,2,0.0,-11.82497942797184
S2324-G0661,E. Gordon,1,-7.788571428571428,3.3185518358539317
S2324-G0661,E. Gordon,2,1.7533333333333303,10.727315712815804
S2324-G0661,E. Gordon,3,5.944761904761908,6.871172141429136
S2324-G0661,G. Allen,1,3.708571428571429,-3.350241548819885
S2324-G0661,H. Highsmith,1,5.34,-0.3899470962000088
S2324-G0661,J. Butler,1,-7.94047619047619,1.2587017511485201
S2324-G0661,J. Butler,2,1.1434676434676412,5.440728999306182
S2324-G0661,J. Butler,3,9.930341880341883,6.082864187232414
S2324-G0661,J. Jaquez Jr.,1,-2.288888888888889,-3.7850840455687553
S2324-G0661,J. Jaquez Jr.,2,-2.091111111111111,-0.7494459639361015
S2324-G0661,J. Jaquez Jr.,3,4.346666666666667,1.018078962809283
S2324-G0661,J. Nurkic,1,-1.9280219780219783,-5.022255391663049
S2324-G0661,J. Nurkic,2,-0.16483516483516425,-2.5071889882224094
S2324-G0661,J. Nurkic,3,-2.1678571428571436,-3.8428889603518113
S2324-G0661,J. Okogie,2,0.9333333333333336,0.8775642071418258
S2324-G0661,J. Okogie,3,4.343636363636362,0.444360711859769
S2324-G0661,J. Richardson,1,-2.9499999999999997,-3.7850840455687553
S2324-G0661,J. Richardson,2,-17.78333333333333,0.09197421950723765
S2324-G0661,K. Bates-Diop,1,5.300000000000001,-1.5559544375242054
S2324-G0661,K. Durant,1,-13.626190476190473,-0.12562059806064949
S2324-G0661,K. Durant,2,13.576190476190474,9.538229141960084
S2324-G0661,K. Durant,3,-6.633333333333335,-1.2899162956583063
S2324-G0661,K. Love,1,7.058333333333334,-1.7103175136818656
S2324-G0661,K. Love,2,-6.566666666666666,-5.560222610023104
S2324-G0661,T. Herro,1,-14.166666666666668,0.8264958221077676
S2324-G0661,T. Herro,2,17.141666666666666,13.460028112070374
S2324-G0661,T. Herro,3,-10.65,-4.484158327237635
S2324-G0661,T. Rozier,1,15.020634920634922,9.452485428574544
S2324-G0661,T. Rozier,2,-11.717748917748917,-6.449106499465887
S2324-G0662,A. Davis,1,0.5153651903651948,10.669960808323157
S2324-G0662,A. Davis,2,6.067467532467532,4.607100979858423
S2324-G0662,A. Reaves,1,-4.795238095238094,-1.8909288657635956
S2324-G0662,A. Reaves,2,7.6916666666666655,4.001768463024946
S2324-G0662,A. Reaves,3,-6.689285714285714,-4.6647252587797565
S2324-G0662,A. Sengun,1,11.200420168067229,10.08282688816326
S2324-G0662,A. Sengun,2,-9.819924812030074,-6.589432517321076
S2324-G0662,A. Sengun,3,-1.360661268556008,7.370825336481401
S2324-G0662,A. Thompson,1,2.433333333333333,-3.1865612278410502
S2324-G0662,A. Thompson,2,0.0,-6.844834807601567
S2324-G0662,A. Thompson,3,-0.08333333333333326,-5.341178800553315
S2324-G0662,C. Whitmore,1,17.380259740259742,15.024185772304719
S2324-G0662,C. Whitmore,2,8.738787878787878,0.9294994120754303
S2324-G0662,C. Whitmore,3,-4.533333333333334,-6.1661307149821285
S2324-G0662,C. Wood,1,4.75,-2.5209848466130893
S2324-G0662,C. Wood,2,-2.49,-4.6935620853583355
S2324-G0662,C. Wood,3,-6.676666666666667,-3.3879655785321097
S2324-G0662,D. Brooks,1,-17.708333333333336,-2.1298574531104255
S2324-G0662,D. Brooks,2,19.775,9.62356356919479
S2324-G0662,D. Brooks,3,-5.074999999999999,-4.660107600593587
S2324-G0662,D. Russell,1,20.373333333333335,13.73424083473863
S2324-G0662,D. Russell,2,-17.685714285714283,-9.093169019891326
S2324-G0662,D. Russell,3,14.960714285714285,11.168041587009176
S2324-G0662,F. VanVleet,1,-3.406666666666667,-6.263642031118527
S2324-G0662,F. VanVleet,2,1.0733333333333337,-2.4424163204057665
S2324-G0662,F. VanVleet,3,-4.355555555555556,-3.3106720575579685
S2324-G0662,J. Green,1,5.371116138763195,18.29931656134216
S2324-G0662,J. Green,2,6.632478632478634,11.18192797870768
S2324-G0662,J. Green,3,-2.3159477124183,2.563384704217852
S2324-G0662,J. Smith Jr.,1,6.256666666666666,4.217443126502442
S2324-G0662,J. Smith Jr.,2,-7.6087301587301575,-0.751631951853989
S2324-G0662,J. Smith Jr.,3,4.0658730158730165,5.310795011880497
S2324-G0662,J. Tate,1,-10.75,-5.914740076581552
S2324-G0662,J. Tate,2,0.9599999999999991,3.6418892353413796
S2324-G0662,J. Tate,3,7.640000000000001,2.0491684613084034
S2324-G0662,J. Vanderbilt,1,-5.633333333333333,-5.866799967113386
S2324-G0662,L. James,1,-4.232500000000002,0.9604837755638326
S2324-G0662,L. James,2,6.129722222222224,1.9543965826732692
S2324-G0662,L. James,3,-9.535209235209233,-3.5009882087516195
S2324-G0662,M. Christie,1,2.3,-3.7850840455687553
S2324-G0662,M. Christie,2,-10.908333333333333,-5.603557264568125
S2324-G0662,M. Christie,3,3.241666666666667,4.150757328687798
S2324-G0662,R. Hachimura,1,3.1333333333333333,-1.2887675045319547
S2324-G0662,R. Hachimura,2,0.2250000000000001,-3.641495430543851
S2324-G0662,R. Hachimura,3,-16.037987012987013,-4.279346352685703
S2324-G0662,T. Prince,1,-7.628571428571428,-4.412808960720689
S2324-G0662,T. Prince,2,3.3702380952380944,3.1172984209373418
S2324-G0677,B. Beal,1,8.691666666666666,0.9301002904517023
S2324-G0677,B. Beal,2,-7.196794871794872,-5.824286957508116
S2324-G0677,B. Beal,3,1.9020979020979034,0.54341799735654
S2324-G0677,C. Johnson,1,17.547619047619047,9.398994382520701
S2324-G0677,C. Johnson,2,-7.641666666666667,-5.845951003927527
S2324-G0677,C. Johnson,3,4.475,2.730688671260422
S2324-G0677,C. Thomas,1,2.4066666666666663,2.4007615927141974
S2324-G0677,C. Thomas,2,-8.104545454545455,1.9887417695130003
S2324-G0677,C. Thomas,3,-7.209740259740261,8.791982148605157
S2324-G0677,D. Booker,1,29.9625,16.440669911125372
S2324-G0677,D. Booker,2,-17.29230769230769,-16.727018051344675
S2324-G0677,D. Booker,3,2.9684981684981686,4.452710409612061
S2324-G0677,D. Eubanks,1,-10.984415584415583,-5.292146023056717
S2324-G0677,D. Eubanks,2,6.759415584415583,4.776082334514505
S2324-G0677,D. Smith Jr.,2,3.9035714285714285,-0.20358106212265928
S2324-G0677,D. Smith Jr.,3,2.4333333333333336,-2.2175992743722204
S2324-G0677,E. Gordon,1,9.488095238095237,2.0548672903985796
S2324-G0677,E. Gordon,2,-2.875,-4.015017574205461
S2324-G0677,E. Gordon,3,-15.386111111111113,-0.43191081759141414
S2324-G0677,J. Nurkic,1,-13.622619047619049,1.913078813155242
S2324-G0677,J. Nurkic,2,7.294285714285714,10.64463602711784
S2324-G0677,J. Nurkic,3,16.50888888888889,5.785455604934776
S2324-G0677,J. Okogie,1,-16.409523809523808,-5.780494188680335
S2324-G0677,J. Okogie,2,9.975396825396825,9.662433400969237
S2324-G0677,J. Okogie,3,4.105555555555556,-2.9446786135136067
S2324-G0677,K. Bates-Diop,1,-4.175,-5.914740076581552
S2324-G0677,K. Bates-Diop,2,-1.041666666666667,-0.4923963386265423
S2324-G0677,K. Bates-Diop,3,5.366666666666667,-2.633390439920802
S2324-G0677,K. Durant,1,-2.1915750915750944,3.2732487548662954
S2324-G0677,K. Durant,2,-9.910012210012209,3.9544631300894175
S2324-G0677,K. Durant,3,16.41111111111111,12.253763254511702
S2324-G0677,L. Walker IV,1,-1.0076190476190465,0.6432815673781553
S2324-G0677,L. Walker IV,2,5.389285714285713,0.21783924297701823
S2324-G0677,L. Walker IV,3,-27.98876518218623,-3.5739613037474407
S2324-G0677,M. Bridges,1,-13.109350649350647,0.34855968255497083
S2324-G0677,M. Bridges,2,10.079047619047618,10.44194787835447
S2324-G0677,M. Bridges,3,0.7266666666666666,-0.9389489582585181
S2324-G0677,N. Claxton,1,15.363636363636365,11.177518433831453
S2324-G0677,N. Claxton,2,2.312987012987012,-6.58408002312433
S2324-G0677,N. Claxton,3,6.647619047619047,-5.917151260530957
S2324-G0677,R. O'Neale,1,0.0,-6.169848148589279
S2324-G0677,R. O'Neale,2,-2.3,-5.289973598727397
S2324-G0677,R. O'Neale,3,-5.25,-3.967077464737296
S2324-G0677,S. Dinwiddie,1,-11.384415584415583,-1.8909288657635956
S2324-G0677,S. Dinwiddie,2,1.7158441558441542,6.586030215569483
S2324-G0677,S. Dinwiddie,3,12.54,5.527648438901266
S2324-G0678,B. Adebayo,1,-16.727272727272727,-1.955086899992498
S2324-G0678,B. Adebayo,2,8.417272727272726,13.628693454743159
S2324-G0678,B. Adebayo,3,4.8171428571428585,3.289075293488341
S2324-G0678,C. Martin,1,-10.908333333333333,-5.866799967113386
S2324-G0678,C. Martin,2,10.908333333333333,4.715713603835086
S2324-G0678,C. Martin,3,-12.257142857142856,-6.073772235705211
S2324-G0678,D. Fox,1,1.249545454545455,0.09800951919429879
S2324-G0678,D. Fox,2,-5.349545454545455,-3.764260657295094
S2324-G0678,D. Fox,3,-2.7173076923076955,2.663355834417512
S2324-G0678,D. Mitchell,1,-5.5,-6.263642031118527
S2324-G0678,D. Mitchell,2,3.1999999999999997,-1.0830909728934037
S2324-G0678,D. Sabonis,1,-20.474603174603175,-3.942092755765789
S2324-G0678,D. Sabonis,2,13.190187590187593,10.31432363409988
S2324-G0678,D. Sabonis,3,2.2879870129870117,-0.18289052745321124
S2324-G0678,H. Barnes,1,2.3535714285714286,-3.935329419550433
S2324-G0678,H. Barnes,2,-14.44155844155844,-2.994203021293136
S2324-G0678,H. Barnes,3,1.09567932067932,7.663287123990414
S2324-G0678,H. Highsmith,1,-0.06363636363636349,-2.271367529522491
S2324-G0678,J. Butler,1,16.3075,7.470025555740887
S2324-G0678,J. Butler,2,-19.34155844155844,-11.133938029337978
S2324-G0678,J. Butler,3,8.68155844155844,9.423134249806687
S2324-G0678,J. Jaquez Jr.,1,-2.5154545454545456,1.3941452350873413
S2324-G0678,J. Jaquez Jr.,2,2.330454545454545,0.9324946717309694
S2324-G0678,J. Jaquez Jr.,3,8.975,-1.0611636447583297
S2324-G0678,J. McGee,2,-2.2928571428571427,-2.2391113920352694
S2324-G0678,J. Richardson,1,-21.553174603174604,0.7295901693561886
S2324-G0678,J. Richardson,2,7.328174603174606,19.115413621469216
S2324-G0678,K. Huerter,1,18.738961038961037,9.452556335150897
S2324-G0678,K. Huerter,2,-3.3795454545454557,-6.64109615877009
S2324-G0678,K. Huerter,3,0.6850000000000005,-2.9666902118229883
S2324-G0678,K. Love,1,2.2333333333333325,2.2498060714556676
S2324-G0678,K. Love,3,7.566666666666666,1.3480180541713933
S2324-G0678,K. Murray,1,-7.2108225108225135,7.3346946958838135
S2324-G0678,K. Murray,2,11.523809523809526,11.517784940260846
S2324-G0678,K. Murray,3,2.364285714285714,2.3050280468330917
S2324-G0678,M. Monk,1,-6.8187878787878775,-1.990074626074354
S2324-G0678,M. Monk,2,2.1521212121212123,2.6897425768262813
S2324-G0678,M. Monk,3,9.033333333333331,0.5491340038339807
S2324-G0678,T. Herro,1,-1.7009523809523799,-0.5028945578295811
S2324-G0678,T. Herro,2,-2.84404761904762,-0.22265776571559132
S2324-G0678,T. Herro,3,5.158333333333332,0.43035867897561597
S2324-G0678,T. Lyles,1,4.571428571428571,-2.2537135016968053
S2324-G0678,T. Lyles,2,-7.666666666666666,-5.289973598727397
S2324-G0678,T. Lyles,3,1.0666666666666664,1.4497821641634985
S2324-G0678,T. Rozier,1,4.608333333333334,-2.9430373523708924
S2324-G0678,T. Rozier,2,-5.385714285714286,-4.603793731934867
S2324-G0678,T. Rozier,3,2.9523809523809517,2.056018743781588
S2324-G0705,B. Beal,1,11.207936507936505,20.672244174564902
S2324-G0705,B. Beal,2,-5.347936507936506,5.502578763873788
S2324-G0705,B. Beal,3,24.659047619047616,16.92502215370855
S2324-G0705,B. Bol,1,-6.300000000000001,-3.8082024631866958
S2324-G0705,B. Bol,2,4.252380952380952,1.1802247065416351
S2324-G0705,B. Bol,3,-4.672380952380952,-1.7059642896703522
S2324-G0705,B. Coulibaly,1,-0.06666666666666643,-3.750933716958999
S2324-G0705,B. Coulibaly,2,2.3666666666666663,-3.967077464737296
S2324-G0705,C. Kispert,1,-2.9611111111111104,2.3420720684702943
S2324-G0705,C. Kispert,2,5.496825396825397,3.328125114506738
S2324-G0705,C. Kispert,3,-2.2757142857142867,-2.951028730533865
S2324-G0705,D. Avdija,1,-5.700000000000001,4.408126523033035
S2324-G0705,D. Avdija,2,-1.0861538461538451,8.239046096274974
S2324-G0705,D. Booker,1,19.06666666666667,8.82359866928607
S2324-G0705,D. Booker,2,-13.61111111111111,-6.687646355462441
S2324-G0705,D. Eubanks,1,-2.0666666666666664,-5.866799967113386
S2324-G0705,D. Eubanks,2,2.0666666666666664,-3.6185115168949875
S2324-G0705,D. Eubanks,3,-5.369696969696969,-4.935808933413431
S2324-G0705,D. Gafford,1,13.098961038961036,5.8127529684705
S2324-G0705,D. Gafford,2,-5.58121212121212,-5.161215651703916
S2324-G0705,D. Wright,2,2.0000000000000004,-2.4856892389547847
S2324-G0705,D. Wright,3,-0.03333333333333366,-4.469957813514143
S2324-G0705,E. Gordon,2,-16.225,-3.7650027539759665
S2324-G0705,E. Gordon,3,18.558333333333334,8.348537655737895
S2324-G0705,E. Omoruyi,1,5.441666666666666,0.7663996977877064
S2324-G0705,E. Omoruyi,2,2.175,-3.180789167445199
S2324-G0705,E. Omoruyi,3,-34.21806722689075,-6.108436571850314
S2324-G0705,G. Allen,1,2.916666666666667,-1.899171685326631
S2324-G0705,G. Allen,2,-9.896666666666667,-5.829849732469774
S2324-G0705,J. Davis,3,-10.143181818181818,-2.486834518003333
S2324-G0705,J. Nurkic,1,5.773772893772897,8.548634568185257
S2324-G0705,J. Nurkic,2,3.765714285714285,-1.1002565324675133
S2324-G0705,J. Okogie,1,-8.504761904761905,-5.866799967113386
S2324-G0705,J. Okogie,2,8.504761904761905,3.4692756232670177
S2324-G0705,J. Poole,1,9.38034188034188,2.2284801933043146
S2324-G0705,J. Poole,2,1.8690476190476186,-6.103619337053108
S2324-G0705,K. Durant,1,-0.605627705627704,2.4176713444411058
S2324-G0705,K. Durant,2,5.348809523809523,1.4848152823507246
S2324-G0705,L. Shamet,1,-16.228571428571428,-5.866799967113386
S2324-G0705,L. Shamet,2,5.1952380952380945,10.731093108571555
S2324-G0705,L. Shamet,3,2.085714285714287,2.0411210237909247
S2324-G0705,T. Jones,1,4.684615384615384,3.687763935030255
S2324-G0705,T. Jones,2,-11.351282051282052,-1.1030303880453174
S2324-G0708,A. Coffey,2,11.928571428571427,1.2071087074607108
S2324-G0708,A. Coffey,3,0.04166666666666674,-10.13927158271984
S2324-G0708,B. Adebayo,1,2.5936363636363637,4.747515313704582
S2324-G0708,B. Adebayo,2,1.8863636363636367,0.645356650851309
S2324-G0708,B. Adebayo,3,-2.5817460317460323,-0.9706488425490505
S2324-G0708,C. Martin,1,-12.292063492063491,-2.136027345621061
S2324-G0708,C. Martin,2,5.540548340548341,10.304339683270937
S2324-G0708,H. Highsmith,1,7.641666666666666,0.536497291293199
S2324-G0708,H. Highsmith,2,2.2107142857142854,-5.356571135119033
S2324-G0708,H. Highsmith,3,-4.385714285714285,-6.023009608983906
S2324-G0708,I. Zubac,1,-4.188888888888889,-4.982122307143282
S2324-G0708,I. Zubac,2,2.366666666666667,-3.8033474081829084
S2324-G0708,J. Butler,1,1.2333333333333343,2.5395422195607202
S2324-G0708,J. Butler,2,-3.6030303030303052,1.2341375645458097
S2324-G0708,J. Butler,3,-8.888636363636362,4.1421160279154225
S2324-G0708,J. Harden,1,-0.9000000000000004,-1.2061237691892743
S2324-G0708,J. Harden,2,-2.0666666666666664,-2.0714356977209807
S2324-G0708,J. Harden,3,-8.408974358974362,1.9246637582385004
S2324-G0708,J. Jaquez Jr.,1,2.566666666666667,-2.1093413215824133
S2324-G0708,J. Jaquez Jr.,2,-8.675,-3.129800399456728
S2324-G0708,J. Jaquez Jr.,3,-3.791666666666666,2.3738829202677656
S2324-G0708,J. Richardson,1,9.98,1.820987909613819
S2324-G0708,J. Richardson,2,-18.169696969696968,-5.31694683268063
S2324-G0708,J. Richardson,3,11.436363636363636,9.270511506469132
S2324-G0708,K. Leonard,1,7.977272727272727,9.586236087763464
S2324-G0708,K. Leonard,2,-14.25042016806723,-1.2504384959865367
S2324-G0708,K. Leonard,3,21.936928104575166,10.795084359068666
S2324-G0708,K. Love,1,-10.047619047619046,-5.866799967113386
S2324-G0708,K. Love,2,4.6779220779220765,4.429068828933278
S2324-G0708,M. Plumlee,1,0.10000000000000009,-5.123074885892071
S2324-G0708,M. Plumlee,2,-2.5,-5.405160665421915
S2324-G0708,M. Plumlee,3,-4.966666666666665,-3.239987958140773
S2324-G0708,N. Powell,1,5.808333333333334,3.905676055932269
S2324-G0708,N. Powell,2,-1.4083333333333314,0.046921270048864365
S2324-G0708,N. Powell,3,-5.066666666666668,0.5491340038339807
S2324-G0708,P. George,1,-6.922564102564104,0.5664558921794951
S2324-G0708,P. George,2,14.804945054945055,5.243985437071782
S2324-G0708,P. George,3,-14.308441558441558,-7.671148721518853
S2324-G0708,R. Westbrook,1,6.061904761904763,2.3175592658469824
S2324-G0708,R. Westbrook,2,-1.7833333333333332,-4.512086842984619
S2324-G0708,R. Westbrook,3,4.85,-3.3328050407832013
S2324-G0708,T. Mann,1,6.733333333333334,-1.2243871472926402
S2324-G0708,T. Mann,2,-12.008333333333333,-6.073772235705211
S2324-G0708,T. Rozier,1,-2.271978021978022,0.44526986585347417
S2324-G0708,T. Rozier,2,6.580952380952381,-2.8891445583143667
S2324-G0708,T. Rozier,3,-19.014718614718618,-3.4545574793070988
S2324-G0711,A. Green,1,-8.68095238095238,-1.2887675045319547
S2324-G0711,A. Green,2,14.047619047619046,6.059409401902523
S2324-G0711,A. Green,3,-4.633333333333333,-5.5801096075399155
S2324-G0711,B. Portis,1,-11.584415584415584,4.297181025067748
S2324-G0711,B. Portis,2,4.325685425685425,14.597156996137592
S2324-G0711,B. Portis,3,15.12873015873016,9.668235340182619
S2324-G0711,C. Payne,2,10.006666666666666,0.39274468248389216
S2324-G0711,C. Sexton,1,9.244444444444442,10.041805924205756
S2324-G0711,C. Sexton,2,0.10793650793650933,0.7763828199999884
S2324-G0711,D. Lillard,1,17.751082251082252,10.531967890596135
S2324-G0711,D. Lillard,2,-16.12,-5.9268129702939865
S2324-G0711,D. Lillard,3,15.083333333333334,7.679966118613298
S2324-G0711,G. Antetokounmpo,1,-2.0007142857142846,6.745600411919727
S2324-G0711,G. Antetokounmpo,2,3.312380952380952,8.911893264920645
S2324-G0711,G. Antetokounmpo,3,0.7133333333333347,4.497517264310133
S2324-G0711,J. Clarkson,1,4.741666666666666,-0.007711499269639307
S2324-G0711,J. Clarkson,2,-7.489285714285714,-3.180789167445199
S2324-G0711,J. Clarkson,3,-9.442857142857143,2.6207221551431457
S2324-G0711,J. Collins,1,-13.397402597402598,-1.799494238301767
S2324-G0711,J. Collins,2,6.056132756132758,8.700872275026764
S2324-G0711,J. Crowder,1,-0.7476190476190476,-3.050483442326579
S2324-G0711,J. Crowder,2,0.04761904761904745,-0.8857246590107641
S2324-G0711,J. Crowder,3,0.7611111111111111,1.001557307208414
S2324-G0711,K. Dunn,1,2.4333333333333336,-3.050483442326579
S2324-G0711,K. Dunn,2,2.043333333333333,-3.8468173085020596
S2324-G0711,K. George,1,7.7333333333333325,1.0147664968282628
S2324-G0711,K. George,2,-15.583333333333332,-4.425188496990917
S2324-G0711,K. George,3,-10.846666666666668,5.513916096990535
S2324-G0711,K. Olynyk,2,-10.142424242424244,-4.229212626406688
S2324-G0711,L. Markkanen,1,-1.880303030303029,6.99456614543337
S2324-G0711,L. Markkanen,2,14.385714285714286,2.058706972400702
S2324-G0711,L. Markkanen,3,-10.392857142857142,-5.2654478294437395
S2324-G0711,M. Beasley,1,6.389177489177488,3.3724856404034056
S2324-G0711,M. Beasley,2,2.2333333333333334,-4.341779039115954
S2324-G0711,M. Beasley,3,-2.2333333333333334,-3.9938489100209695
S2324-G0711,O. Agbaji,1,3.15,-1.5559544375242054
S2324-G0711,P. Connaughton,1,0.20000000000000007,-4.260531946931316
S2324-G0711,P. Connaughton,2,-1.0666666666666669,-5.02703516347193
S2324-G0711,P. Connaughton,3,1.1333333333333333,-4.726102322936448
S2324-G0711,S. Fontecchio,1,-4.432142857142859,-2.38532876460616
S2324-G0711,S. Fontecchio,2,-3.079220779220778,1.6966709058602176
S2324-G0711,W. Kessler,1,-1.1666666666666665,-4.567507389471981
S2324-G0711,W. Kessler,2,-3.058333333333333,-3.705195018713129
S2324-G0711,W. Kessler,3,-17.817424242424245,-0.8099646504495113
S2324-G0712,A. Gordon,1,6.800000000000001,1.6188693523409645
S2324-G0712,A. Gordon,2,4.128571428571429,-5.873026474267856
S2324-G0712,A. Gordon,3,-6.248571428571428,-4.536753370844074
S2324-G0712,A. Simons,1,7.35,8.09213956935426
S2324-G0712,A. Simons,2,-9.400641025641027,0.016732674409398556
S2324-G0712,A. Simons,3,5.831593406593409,8.306883227578336
S2324-G0712,C. Braun,1,-7.6083333333333325,-5.866799967113386
S2324-G0712,C. Braun,2,1.625,2.493760563799885
S2324-G0712,C. Braun,3,5.9833333333333325,-1.1612929972750425
S2324-G0712,D. Ayton,1,22.1575,14.78311212702925
S2324-G0712,D. Ayton,2,-9.617307692307694,-5.190415537462926
S2324-G0712,D. Ayton,3,4.938736263736265,6.97295720174725
S2324-G0712,D. Jordan,1,0.08333333333333304,-2.137653460685548
S2324-G0712,D. Reath,1,-4.26969696969697,-1.5559544375242054
S2324-G0712,D. Reath,2,9.536363636363637,4.275178960017322
S2324-G0712,J. Minaya,2,2.3333333333333335,-3.792845036862581
S2324-G0712,J. Minaya,3,0.0,-5.683317919059108
S2324-G0712,J. Murray,1,-9.724786324786326,1.0195986195464706
S2324-G0712,J. Murray,2,5.691452991452994,10.409077238617732
S2324-G0712,J. Murray,3,8.699999999999998,2.511447095771391
S2324-G0712,J. Walker,1,0.013095238095237605,-3.8455899331441676
S2324-G0712,J. Walker,2,-13.342307692307692,-3.180789167445199
S2324-G0712,J. Walker,3,13.367307692307692,5.826485369846299
S2324-G0712,K. Caldwell-Pope,1,4.466666666666665,-0.9863274805512895
S2324-G0712,K. Caldwell-Pope,2,-4.199999999999999,-4.557740148096349
S2324-G0712,K. Caldwell-Pope,3,-1.2750000000000004,2.487359698061978
S2324-G0712,K. Murray,1,11.077777777777778,0.8750673095957043
S2324-G0712,K. Murray,2,-4.366666666666667,-6.528806954100473
S2324-G0712,K. Murray,3,-4.733333333333333,-1.3184419476248774
S2324-G0712,M. Porter Jr.,1,4.063181818181818,4.61565810988709
S2324-G0712,M. Porter Jr.,2,2.5633333333333344,-1.8486875167560142
S2324-G0712,M. Thybulle,1,-7.2333333333333325,-3.056369602835793
S2324-G0712,M. Thybulle,2,8.384761904761904,2.515871927670987
S2324-G0712,M. Thybulle,3,1.1200000000000006,-1.9032609583430633
S2324-G0712,N. Jokic,1,-7.982539682539684,3.596613107426472
S2324-G0712,N. Jokic,2,-7.827619047619049,5.290152953620206
S2324-G0712,N. Jokic,3,24.288333333333334,14.460270387541442
S2324-G0712,P. Watson,1,-4.366666666666667,-5.866799967113386
S2324-G0712,P. Watson,2,4.166666666666667,-0.4227110482970705
S2324-G0712,P. Watson,3,-21.36984126984127,-4.7685955219999805
S2324-G0712,R. Jackson,1,1.7142857142857144,-1.0790502261074626
S2324-G0712,R. Jackson,2,2.893333333333333,-2.1144067248529885
S2324-G0712,R. Jackson,3,-15.496363636363636,-3.5055391289261264
S2324-G0712,S. Henderson,1,5.276190476190477,5.273147991501454
S2324-G0712,S. Henderson,2,-2.691428571428572,2.0829707868060403
S2324-G0712,S. Henderson,3,-5.11203463203463,0.3331396445578149
S2324-G0712,T. Camara,1,-8.957142857142857,-1.2423849351616985
S2324-G0712,T. Camara,2,14.195238095238095,5.132891146933892
S2324-G0712,T. Camara,3,-4.433333333333333,-6.520453443319421
S2324-G0715,D. House Jr.,1,4.058333333333333,-0.6894894652100045
S2324-G0715,D. Jones Jr.,1,14.266666666666666,5.334231070564063
S2324-G0715,D. Jones Jr.,2,-0.014285714285714235,-5.414919390464812
S2324-G0715,D. Powell,1,0.02499999999999991,-6.231360539454318
S2324-G0715,D. Powell,2,-0.16428571428571426,-6.007924662773303
S2324-G0715,D. Powell,3,-2.4357142857142855,-4.54904036105362
S2324-G0715,G. Williams,1,-0.566666666666666,-3.189853915477251
S2324-G0715,G. Williams,2,-0.2666666666666675,-2.5687077101108953
S2324-G0715,G. Williams,3,-13.417857142857143,-2.552277685481204
S2324-G0715,J. Green,1,-18.383333333333333,-2.8185044098893224
S2324-G0715,J. Green,2,8.265584415584415,12.383893260814496
S2324-G0715,J. Green,3,14.384415584415583,2.995008602128342
S2324-G0715,J. Hardy,1,11.697619047619048,5.344773403477277
S2324-G0715,J. Hardy,3,-21.501190476190473,-4.603793731934867
S2324-G0715,J. Springer,2,6.111428571428573,3.9945345117193174
S2324-G0715,J. Springer,3,2.4642857142857144,-9.561644113964828
S2324-G0715,K. Irving,1,-3.0247619047619043,0.20814576667333504
S2324-G0715,K. Irving,2,-10.547058823529413,2.259148624164432
S2324-G0715,K. Irving,3,12.86402852049911,11.162228143911264
S2324-G0715,K. Oubre Jr.,1,15.079047619047621,15.013708652898949
S2324-G0715,K. Oubre Jr.,2,0.5087301587301578,-3.4520823194211925
S2324-G0715,K. Oubre Jr.,3,5.2988888888888885,0.22754011308660302
S2324-G0715,L. Doncic,1,-2.6023892773892783,0.0635289181633486
S2324-G0715,L. Doncic,2,-6.541414141414142,-1.3679654288496645
S2324-G0715,L. Doncic,3,5.9044444444444455,0.5359281732839274
S2324-G0715,M. Bamba,1,-5.523809523809525,-5.084456250411476
S2324-G0715,M. Bamba,2,-7.1428571428571415,0.771184940523233
S2324-G0715,M. Bamba,3,13.866666666666665,4.532661791047542
S2324-G0715,M. Kleber,1,-4.233333333333333,-1.6913023938437353
S2324-G0715,M. Kleber,2,0.620000000000001,2.3907708129522502
S2324-G0715,M. Kleber,3,0.3133333333333326,0.8314590059070024
S2324-G0715,M. Morris Sr.,1,10.033333333333331,4.019893726366982
S2324-G0715,M. Morris Sr.,2,-0.43333333333333357,-6.382530363279585
S2324-G0715,M. Morris Sr.,3,-5.124999999999999,-4.040041524624759
S2324-G0715,P. Beverley,1,-7.869047619047619,1.0830369433827525
S2324-G0715,P. Beverley,2,13.283333333333333,2.966529791250228
S2324-G0715,P. Reed,1,2.308333333333333,-4.8786389354068
S2324-G0715,P. Reed,2,-11.303030303030303,-5.560222610023104
S2324-G0715,P. Reed,3,9.06969696969697,4.481045856995345
S2324-G0715,T. Hardaway Jr.,1,4.619999999999999,1.1450693725409216
S2324-G0715,T. Hardaway Jr.,2,6.879999999999999,-3.1397538095444673
S2324-G0715,T. Hardaway Jr.,3,0.033333333333333326,-6.842821615997796
S2324-G0715,T. Harris,1,-4.385714285714286,0.5438291773822603
S2324-G0715,T. Harris,2,4.393333333333333,1.3792012750762546
S2324-G0715,T. Harris,3,5.64,-0.20254210523405167
S2324-G0715,T. Maxey,1,6.096969696969696,4.83801404609372
S2324-G0715,T. Maxey,2,-7.633477633477634,-4.579970357767213
S2324-G0715,T. Maxey,3,10.2984126984127,1.1640110392528074
S2324-G0718,B. Brown,1,-0.04166666666666696,-2.070169693620121
S2324-G0718,B. Brown,2,-0.9714285714285715,-1.3792794988834465
S2324-G0718,B. Brown,3,3.204761904761905,0.7020330582353259
S2324-G0718,B. Ingram,1,9.914603174603172,14.114160126109049
S2324-G0718,B. Ingram,2,-24.875042735042737,1.7929619929032472
S2324-G0718,C. McCollum,1,7.683333333333334,4.862986514453496
S2324-G0718,C. McCollum,2,-17.205844155844154,-2.6059479661628884
S2324-G0718,D. Daniels,1,5.300000000000001,0.7295901693561886
S2324-G0718,D. Daniels,3,-4.325,-3.9109298503533605
S2324-G0718,D. Schroder,1,7.1,-0.9497054810944094
S2324-G0718,D. Schroder,2,-2.2714285714285714,-5.213947862734808
S2324-G0718,G. Dick,1,-7.483333333333331,4.894005755021741
S2324-G0718,G. Dick,2,9.391666666666666,9.537994423885161
S2324-G0718,G. Dick,3,-2.9613636363636378,0.6320720269308124
S2324-G0718,G. Trent Jr.,1,-4.300000000000001,-2.733821926352734
S2324-G0718,H. Jones,1,-4.491666666666667,-3.935329419550433
S2324-G0718,H. Jones,2,-0.5,1.4735071320837887
S2324-G0718,I. Quickley,1,-0.5166666666666693,-1.0323083706674578
S2324-G0718,I. Quickley,2,4.545238095238096,-0.06466868264632773
S2324-G0718,J. Alvarado,1,8.899999999999999,0.44652865573162714
S2324-G0718,J. Alvarado,2,0.0,-5.125010033344183
S2324-G0718,J. Alvarado,3,-27.5625,-6.073772235705211
S2324-G0718,J. Nwora,1,-5.258333333333333,-5.866799967113386
S2324-G0718,J. Nwora,2,2.775,0.5309201885179559
S2324-G0718,J. Nwora,3,-13.073809523809524,-3.2392368655574715
S2324-G0718,J. Poeltl,1,4.357467532467531,2.6754888763561437
S2324-G0718,J. Poeltl,2,-2.266666666666664,-2.407753647534254
S2324-G0718,J. Valanciunas,1,-2.2242857142857133,-1.8940472208497718
S2324-G0718,J. Valanciunas,2,-0.5357142857142865,-1.0026902806767612
S2324-G0718,J. Valanciunas,3,-8.459999999999999,1.1372330984113905
S2324-G0718,L. Nance Jr.,1,-8.233333333333333,-3.189853915477251
S2324-G0718,L. Nance Jr.,2,10.809999999999999,4.998603467439502
S2324-G0718,N. Marshall,2,-24.441071428571426,-6.399775629077766
S2324-G0718,S. Barnes,1,-0.7511111111111113,1.6872565216278248
S2324-G0718,S. Barnes,2,-6.687590187590185,3.0389274084154967
S2324-G0718,T. Murphy III,1,-8.691666666666666,1.2229020033159745
S2324-G0718,T. Murphy III,2,13.975000000000001,6.463697761945313
S2324-G0718,T. Murphy III,3,-4.016666666666667,-3.542031876568309
S2324-G0718,T. Young,1,3.238095238095238,-2.136027345621061
S2324-G0718,Z. Williamson,1,2.109956709956709,4.082788449698772
S2324-G0718,Z. Williamson,2,6.2887445887445885,1.3086916987690713
S2324-G0728,B. Coulibaly,1,-3.1,-3.750933716958999
S2324-G0728,B. Coulibaly,2,2.95,0.2827833254698
S2324-G0728,B. Coulibaly,3,-5.1875,-4.436478499460221
S2324-G0728,C. Kispert,1,-1.2500000000000036,6.862076896900322
S2324-G0728,C. Kispert,2,9.835714285714287,4.8617501290031235
S2324-G0728,C. Kispert,3,-8.533333333333333,-4.350542315616859
S2324-G0728,C. LeVert,1,13.395238095238094,6.079734138711993
S2324-G0728,C. LeVert,2,-0.22857142857142865,-6.298286573677784
S2324-G0728,D. Avdija,1,2.953333333333333,2.313219688227873
S2324-G0728,D. Avdija,2,4.6933333333333325,-3.202825397588148
S2324-G0728,D. Avdija,3,6.706666666666667,-5.276753193743375
S2324-G0728,D. Gafford,1,4.722610722610721,1.185064583637653
S2324-G0728,D. Gafford,2,-7.043636363636361,-2.8660302259005586
S2324-G0728,D. Gafford,3,11.408787878787876,2.9524822980286323
S2324-G0728,D. Garland,1,2.0,-0.8788813905956027
S2324-G0728,D. Garland,2,-0.7816666666666663,-1.867158238978269
S2324-G0728,D. Garland,3,-9.594432234432238,1.41095570431964
S2324-G0728,D. Mitchell,1,-9.743333333333332,6.49399157264335
S2324-G0728,D. Mitchell,2,12.172710622710621,12.802876080253146
S2324-G0728,D. Mitchell,3,-9.347155067155065,-1.1884311771838363
S2324-G0728,D. Wade,1,4.506666666666667,0.39274468248389216
S2324-G0728,D. Wade,2,0.7666666666666657,-3.349745555309628
S2324-G0728,D. Wright,2,-1.1428571428571432,-2.4856892389547847
S2324-G0728,E. Mobley,1,-0.01071428571428612,-0.40164069182926543
S2324-G0728,E. Mobley,2,-9.666452991452994,0.7627226866424222
S2324-G0728,E. Mobley,3,8.648595848595852,7.9529900636219555
S2324-G0728,E. Omoruyi,1,-1.1500000000000004,-2.633498330936176
S2324-G0728,E. Omoruyi,2,2.461904761904763,-0.7436245168657668
S2324-G0728,E. Omoruyi,3,-4.420634920634921,-2.9598091597660154
S2324-G0728,G. Niang,1,-13.790000000000001,-5.914740076581552
S2324-G0728,G. Niang,2,13.873333333333333,7.084785296756726
S2324-G0728,G. Niang,3,-2.3,-6.073772235705211
S2324-G0728,I. Okoro,1,-5.3999999999999995,-6.231360539454318
S2324-G0728,I. Okoro,2,5.324999999999999,-1.3808152531883264
S2324-G0728,I. Okoro,3,-6.445454545454545,-5.572488029007697
S2324-G0728,J. Allen,1,17.529047619047617,7.326296026472635
S2324-G0728,J. Allen,2,-5.635714285714286,-10.225849193423075
S2324-G0728,J. Allen,3,2.460000000000001,-2.5486190478780064
S2324-G0728,J. Poole,1,4.50079365079365,-4.014017908169653
S2324-G0728,J. Poole,2,-2.2952380952380955,-4.8728698303407665
S2324-G0728,J. Poole,3,-2.2051282051282053,-3.1997073803311826
S2324-G0728,K. Kuzma,1,0.26132478632478495,11.101920113422128
S2324-G0728,K. Kuzma,2,-4.589499389499391,9.970264191587537
S2324-G0728,K. Kuzma,3,21.513174603174605,13.816595920181012
S2324-G0728,L. Shamet,2,7.545238095238094,0.26175421251593817
S2324-G0728,L. Shamet,3,0.08333333333333348,-8.012886512048675
S2324-G0728,M. Strus,1,-0.1761904761904769,-3.8455899331441676
S2324-G0728,M. Strus,2,-6.532380952380951,-3.1146199541252844
S2324-G0728,M. Strus,3,8.979999999999999,1.8537057122404315
S2324-G0728,S. Merrill,2,-2.840692640692641,-2.6527687334615675
S2324-G0728,T. Jones,1,-5.510000000000001,-1.7456735241203711
S2324-G0728,T. Jones,3,-6.988888888888889,1.0470594068936283
S2324-G0729,A. Horford,1,-19.665714285714284,-1.570358340730878
S2324-G0729,A. Horford,2,22.619047619047617,18.162096980917337
S2324-G0729,A. Horford,3,-6.9399999999999995,-5.028112451216075
S2324-G0729,B. Bogdanovic,1,1.793939393939393,0.1012785445446091
S2324-G0729,B. Bogdanovic,2,-9.466666666666667,-2.382663852550365
S2324-G0729,B. Bogdanovic,3,4.530000000000001,5.151774854766866
S2324-G0729,B. Fernando,1,2.086666666666668,1.3941452350873413
S2324-G0729,B. Fernando,2,3.5600000000000005,0.5600403853723167
S2324-G0729,D. Hunter,1,6.484415584415585,2.3627267672071577
S2324-G0729,D. Hunter,2,-2.6380952380952376,-5.095939598691009
S2324-G0729,D. Hunter,3,-1.9869047619047624,-1.4789760009342607
S2324-G0729,D. White,1,0.3060606060606066,0.059702525442091314
S2324-G0729,D. White,2,3.262987012987013,-0.09750447132714261
S2324-G0729,D. White,3,-15.910714285714288,-2.936502411537827
S2324-G0729,G. Mathews,2,-5.3,-6.263642031118527
S2324-G0729,G. Mathews,3,5.3,-1.5889311588228145
S2324-G0729,J. Brown,1,5.416666666666668,9.296337324788256
S2324-G0729,J. Brown,2,16.438095238095237,0.27905458633102764
S2324-G0729,J. Brown,3,-2.471428571428571,-7.207924405504438
S2324-G0729,J. Johnson,1,-9.853896103896107,-0.5433256026105476
S2324-G0729,J. Johnson,2,2.576728826728825,8.183012164965326
S2324-G0729,J. Johnson,3,4.255089355089357,2.5520356126353563
S2324-G0729,J. Tatum,1,2.7647619047619045,6.165555135460597
S2324-G0729,J. Tatum,2,4.837770562770563,-2.365540093833943
S2324-G0729,J. Tatum,3,-12.234595959595959,-1.38868618593059
S2324-G0729,K. Porzingis,1,10.892307692307694,9.259772359047581
S2324-G0729,K. Porzingis,2,-15.804545454545456,-5.879728490942753
S2324-G0729,K. Porzingis,3,10.214545454545455,12.482117599843413
S2324-G0729,L. Kornet,1,4.395238095238096,-2.136027345621061
S2324-G0729,L. Kornet,2,-0.09523809523809534,-4.831690472048458
S2324-G0729,L. Kornet,3,-4.366666666666667,-4.935808933413431
S2324-G0729,O. Okongwu,1,-11.745054945054944,-1.995835058904952
S2324-G0729,O. Okongwu,2,3.177777777777777,3.0921907470045698
S2324-G0729,O. Okongwu,3,10.969841269841268,2.0812913404498783
S2324-G0729,P. Mills,1,0.06666666666666665,-6.169848148589279
S2324-G0729,P. Mills,2,-4.7,-5.213947862734808
S2324-G0729,P. Pritchard,1,-2.0833333333333335,-3.7850840455687553
S2324-G0729,P. Pritchard,2,-6.188095238095238,-0.48856204406587195
S2324-G0729,P. Pritchard,3,8.271428571428572,3.3102925358539355
S2324-G0729,S. Bey,1,1.9222222222222207,9.274553434353532
S2324-G0729,S. Bey,2,13.049206349206349,6.251219753412091
S2324-G0729,S. Bey,3,-7.761904761904763,-3.739126555626506
S2324-G0729,S. Hauser,1,-1.4714285714285706,-1.4100017179775002
S2324-G0729,S. Hauser,2,-3.1952380952380945,0.3193377447067431
S2324-G0729,S. Hauser,3,3.299999999999999,2.1041448349502985
S2324-G0729,T. Young,1,6.916593406593407,14.560971332433745
S2324-G0729,T. Young,2,17.959047619047617,4.885683237804075
S2324-G0729,T. Young,3,-16.58571428571429,-8.30919202657549
S2324-G0732,A. Burks,1,14.21190476190476,11.686583126268241
S2324-G0732,A. Burks,2,-16.079761904761902,-0.9903390975322298
S2324-G0732,A. Thompson,1,2.302564102564104,-0.7799919853003111
S2324-G0732,A. Thompson,2,-0.40000000000000036,-5.164349030581958
S2324-G0732,A. Thompson,3,2.461904761904763,-3.661314101212137
S2324-G0732,A. Vezenkov,1,3.866666666666667,-3.848299456251995
S2324-G0732,D. Fox,1,12.025998445998445,2.487499631697398
S2324-G0732,D. Fox,2,-7.724545454545455,-8.708416703035866
S2324-G0732,D. Fox,3,-7.811098901098902,-2.8975235648684463
S2324-G0732,D. Gallinari,1,-4.1000000000000005,-5.014756373101497
S2324-G0732,D. Gallinari,2,4.328571428571429,-0.46516398388323815
S2324-G0732,D. Mitchell,1,-0.10714285714285676,-0.350305559476796
S2324-G0732,D. Mitchell,2,1.204761904761904,-1.3191054333187016
S2324-G0732,D. Mitchell,3,3.041666666666667,-2.6021142781440116
S2324-G0732,D. Sabonis,1,1.8138888888888882,2.4119327317638204
S2324-G0732,D. Sabonis,2,-19.275,-3.3603700589320833
S2324-G0732,D. Sabonis,3,15.180555555555557,17.041392491362686
S2324-G0732,H. Barnes,1,2.125,-1.7116489080389872
S2324-G0732,H. Barnes,2,-8.814285714285713,-3.223603806656979
S2324-G0732,H. Barnes,3,6.3892857142857125,3.95612535203876
S2324-G0732,J. Duren,1,8.889350649350646,9.480837229817874
S2324-G0732,J. Duren,2,4.651948051948054,-1.410703051149158
S2324-G0732,J. Duren,3,8.377748917748917,-3.1898396428686
S2324-G0732,J. Harris,1,0.18888888888888822,-4.014017908169653
S2324-G0732,J. Harris,3,4.300000000000001,-3.337967271714162
S2324-G0732,J. Ivey,1,3.948595848595847,7.137618430423376
S2324-G0732,J. Ivey,2,-4.714285714285712,2.2549562760430155
S2324-G0732,J. Ivey,3,-11.968253968253972,4.2343099858884905
S2324-G0732,K. Hayes,1,-4.135,-0.9578087437629433
S2324-G0732,K. Hayes,2,7.175,2.0759207327657667
S2324-G0732,K. Huerter,1,8.368571428571432,8.11215438760293
S2324-G0732,K. Huerter,2,-1.1119047619047624,-0.6048730295064719
S2324-G0732,K. Huerter,3,8.583333333333332,2.144547015019046
S2324-G0732,K. Murray,1,0.14000000000000057,-4.982122307143282
S2324-G0732,K. Murray,2,-2.3642857142857148,-5.153916244861821
S2324-G0732,M. Monk,1,-4.546969696969695,4.253952888208585
S2324-G0732,M. Monk,2,9.616666666666665,5.757933154571899
S2324-G0732,M. Monk,3,-20.253725490196082,-4.326282903826881
S2324-G0732,M. Muscala,1,-7.706666666666667,-4.3394740173584605
S2324-G0732,M. Muscala,2,-3.043333333333333,3.5618325889369418
S2324-G0732,M. Muscala,3,10.75,5.231547318193531
S2324-G0732,M. Sasser,1,-23.125,-4.048176345131812
S2324-G0732,M. Sasser,2,11.641666666666667,16.30568028028543
S2324-G0732,M. Sasser,3,3.5583333333333336,2.78224131132084
S2324-G0732,T. Lyles,1,-15.986666666666668,-0.45406314935341474
S2324-G0732,T. Lyles,2,9.503333333333334,12.380110913375628
S2324-G0732,T. Lyles,3,6.277777777777779,4.282970825552192
S2324-G0733,A. Nembhard,1,-0.1333333333333333,-4.412808960720689
S2324-G0733,A. Nembhard,2,-10.886666666666667,-3.8168696169619376
S2324-G0733,A. Nembhard,3,2.719999999999999,5.455064791133703
S2324-G0733,A. Nesmith,1,3.808412698412697,3.4991538543555873
S2324-G0733,A. Nesmith,2,7.61936507936508,1.6596022846707943
S2324-G0733,A. Nesmith,3,-0.6365079365079365,-5.131838882925108
S2324-G0733,A. Wiggins,1,2.6066666666666674,4.217443126502442
S2324-G0733,A. Wiggins,2,6.6933333333333325,0.4134164766949602
S2324-G0733,A. Wiggins,3,0.3816666666666668,-1.7075947527555113
S2324-G0733,B. Mathurin,1,-3.4116666666666653,2.305928786236923
S2324-G0733,B. Mathurin,2,10.936666666666666,3.520994367747461
S2324-G0733,B. Mathurin,3,-8.676666666666666,-5.454719767490947
S2324-G0733,B. Podziemski,1,-0.5222510822510822,-2.3399072579321047
S2324-G0733,B. Podziemski,2,-6.418333333333333,-4.275780155807181
S2324-G0733,B. Podziemski,3,10.099545454545455,1.8892170777878168
S2324-G0733,B. Sheppard,1,-3.066666666666667,-3.7850840455687553
S2324-G0733,B. Sheppard,2,-6.613333333333332,0.5967711842867572
S2324-G0733,D. Green,1,2.147222222222222,-2.070169693620121
S2324-G0733,D. Green,2,-8.947222222222223,-1.7742580880785308
S2324-G0733,D. Green,3,10.969155844155843,3.9211492534454564
S2324-G0733,D. Saric,1,5.395238095238096,3.0423515573214783
S2324-G0733,D. Saric,2,-1.5500000000000007,-4.405772532510573
S2324-G0733,D. Saric,3,4.36,-1.5920083162327971
S2324-G0733,G. Santos,2,5.689177489177488,-0.20883201694387657
S2324-G0733,G. Santos,3,-12.944444444444443,-5.161005600818998
S2324-G0733,I. Jackson,3,-8.717748917748917,-5.866799967113386
S2324-G0733,J. Kuminga,1,12.972069597069599,10.631406993211737
S2324-G0733,J. Kuminga,2,0.32023809523809454,-2.6078538360226173
S2324-G0733,J. Kuminga,3,2.4295454545454547,-0.9493854965646807
S2324-G0733,J. Smith,1,17.266666666666666,11.257697315340776
S2324-G0733,L. Quinones,1,2.133333333333334,-2.4275609969472844
S2324-G0733,L. Quinones,2,-4.333333333333334,-3.3055384445156317
S2324-G0733,L. Quinones,3,-1.8500000000000014,0.06754910635005232
S2324-G0733,M. Moody,1,-2.4000000000000004,-6.020780834898836
S2324-G0733,M. Moody,2,2.2357142857142858,-3.1813746783598047
S2324-G0733,M. Moody,3,-9.55,-4.6198825538822295
S2324-G0733,M. Turner,1,-3.9198412698412692,-0.03478559363704635
S2324-G0733,M. Turner,2,-2.8271672771672804,2.428755571031726
S2324-G0733,M. Turner,3,14.591452991452995,7.485091064554442
S2324-G0733,O. Toppin,2,-13.966666666666667,-4.412808960720689
S2324-G0733,P. Siakam,1,21.370164835164836,9.28777765221272
S2324-G0733,P. Siakam,2,-13.089523809523808,-10.619557470527276
S2324-G0733,P. Siakam,3,6.516666666666666,2.0521855348411
S2324-G0733,S. Curry,1,9.23289210789211,18.81282915238893
S2324-G0733,S. Curry,2,-5.208917748917752,6.085014413912096
S2324-G0733,S. Curry,3,17.226666666666667,13.93451428352006
S2324-G0733,T. Haliburton,1,-2.641666666666667,-4.3394740173584605
S2324-G0733,T. Haliburton,2,-5.122619047619047,-1.5453150432559968
S2324-G0733,T. Haliburton,3,5.764285714285714,1.3181000817030502
S2324-G0733,T. McConnell,1,-8.647619047619047,-3.7850840455687553
S2324-G0733,T. McConnell,2,6.564285714285713,4.691327873856438
S2324-G0733,T. McConnell,3,-0.21666666666666679,-2.0888690676797537
S2324-G0737,A. Caruso,1,4.6535714285714285,-3.935329419550433
S2324-G0737,A. Caruso,2,-4.553571428571429,-5.716619842597701
S2324-G0737,A. Caruso,3,-2.9749999999999988,-0.8496140198077907
S2324-G0737,A. Dosunmu,1,16.28,4.904742278906757
S2324-G0737,A. Dosunmu,2,-0.06666666666666665,-6.65139129536796
S2324-G0737,A. Dosunmu,3,-5.2333333333333325,-6.073772235705211
S2324-G0737,A. Drummond,1,-4.317857142857143,1.3941452350873413
S2324-G0737,A. Drummond,2,8.692857142857143,4.034956475899891
S2324-G0737,A. Drummond,3,-16.4,-4.561413864853948
S2324-G0737,C. White,1,-4.116452991452993,-1.7116489080389872
S2324-G0737,C. White,2,1.8217560217560234,2.947411026919124
S2324-G0737,C. White,3,-12.685858585858586,-2.6959052908455576
S2324-G0737,D. DeRozan,1,-0.6666666666666679,7.335600901406551
S2324-G0737,D. DeRozan,2,1.5774891774891806,3.476880843592703
S2324-G0737,D. DeRozan,3,2.2861471861471827,2.9561155914334014
S2324-G0737,G. Jackson II,1,-6.673333333333332,6.200025609160834
S2324-G0737,G. Jackson II,2,5.323636363636364,10.819988128542317
S2324-G0737,G. Jackson II,3,1.753030303030302,3.242531582896693
S2324-G0737,J. Carter,1,-6.8999999999999995,-2.136027345621061
S2324-G0737,J. Carter,2,5.8999999999999995,4.658000194599472
S2324-G0737,J. Carter,3,3.066666666666667,-2.633390439920802
S2324-G0737,J. Gilyard,1,1.125,0.8387345672160162
S2324-G0737,J. Gilyard,2,0.1999999999999993,0.5383935620802338
S2324-G0737,J. Gilyard,3,7.628571428571429,-0.48826277601961765
S2324-G0737,J. Jackson Jr.,1,12.605555555555558,14.185103587515746
S2324-G0737,J. Jackson Jr.,2,-0.05303030303030454,0.4715662690874093
S2324-G0737,J. Jackson Jr.,3,0.047474747474748114,1.4414736396785623
S2324-G0737,J. Konchar,1,9.035238095238096,-1.0743343904334626
S2324-G0737,J. Konchar,2,-2.3285714285714287,-6.935866220856433
S2324-G0737,J. Konchar,3,-2.0380952380952375,-4.207261207926067
S2324-G0737,J. Phillips,2,0.0,-6.263642031118527
S2324-G0737,N. Vucevic,1,9.403030303030304,4.223385525676287
S2324-G0737,N. Vucevic,2,-24.318401206636494,-3.4615401985426364
S2324-G0737,N. Vucevic,3,24.285067873303163,22.407046383505886
S2324-G0737,S. Aldama,1,-1.3749999999999982,-0.5956608700604639
S2324-G0737,S. Aldama,2,2.2857142857142847,1.156489520250714
S2324-G0737,S. Aldama,3,-15.076623376623376,-2.0207850400155563
S2324-G0737,S. Pippen Jr.,1,-7.625,-4.3394740173584605
S2324-G0737,S. Pippen Jr.,2,-3.219444444444445,3.8800034859431327
S2324-G0737,S. Pippen Jr.,3,0.26503267973856204,6.1979591185492575
S2324-G0737,T. Craig,1,-7.664935064935064,-6.399775629077766
S2324-G0737,T. Craig,2,2.836363636363636,2.0312497684159267
S2324-G0737,T. Evbuomwan,1,-2.3285714285714287,-6.302826645870999
S2324-G0737,T. Evbuomwan,3,0.0,-3.641495430543851
S2324-G0737,T. Jemison,1,-2.1,-4.140738526166793
S2324-G0737,T. Jemison,2,-2.3499999999999996,-3.2420149209251856
S2324-G0737,T. Jemison,3,2.492857142857143,-1.1754417695531691
S2324-G0737,V. Williams Jr.,1,3.3030303030303028,1.74256870069744
S2324-G0737,V. Williams Jr.,2,-4.651082251082251,-1.2907256867959513
S2324-G0737,V. Williams Jr.,3,11.078860028860028,1.305254205077172
S2324-G0739,B. Beal,1,-0.24525474525474777,7.2033991445020025
S2324-G0739,B. Beal,2,2.143956043956045,4.67577983469049
S2324-G0739,B. Beal,3,-9.131856378915206,3.0503335744544047
S2324-G0739,B. Bol,2,-4.191666666666666,-1.382344301474199
S2324-G0739,C. Sexton,1,-7.7234632034632025,0.5664558921794951
S2324-G0739,C. Sexton,2,3.3129870129870103,6.5521725631057395
S2324-G0739,C. Sexton,3,2.3704761904761913,2.2130206524648655
S2324-G0739,D. Eubanks,1,3.2249999999999996,-2.6792672240496453
S2324-G0739,D. Eubanks,2,-11.137142857142857,-5.957230056483663
S2324-G0739,D. Eubanks,3,-1.1551648351648343,3.620755058084623
S2324-G0739,E. Gordon,1,-5.639285714285713,-0.350305559476796
S2324-G0739,E. Gordon,2,-7.335714285714285,2.3710808350228842
S2324-G0739,E. Gordon,3,19.349999999999998,7.890574089931529
S2324-G0739,G. Allen,1,-10.485714285714284,-5.007560143417823
S2324-G0739,G. Allen,2,10.7,3.4528300684731303
S2324-G0739,G. Allen,3,2.2285714285714286,-4.164618395771483
S2324-G0739,J. Clarkson,1,3.041666666666666,4.061758489976414
S2324-G0739,J. Clarkson,2,1.1916666666666664,2.497716204139677
S2324-G0739,J. Clarkson,3,-0.5066666666666659,1.2268685223897433
S2324-G0739,J. Collins,1,-7.301025641025639,3.1850741148833
S2324-G0739,J. Collins,2,18.515555555555554,8.241148724839677
S2324-G0739,J. Collins,3,-8.733333333333334,-6.4562604695487655
S2324-G0739,J. Nurkic,1,-8.455844155844154,0.8578082053523157
S2324-G0739,J. Nurkic,2,8.565844155844154,4.939445466812421
S2324-G0739,J. Nurkic,3,10.905584415584416,-0.20254210523405167
S2324-G0739,J. Okogie,1,-2.256666666666667,-2.137653460685548
S2324-G0739,J. Okogie,2,4.256666666666667,1.1831880590492807
S2324-G0739,K. Dunn,1,1.8200000000000012,-0.6622431166761092
S2324-G0739,K. Dunn,2,-6.169999999999999,-4.731438658162909
S2324-G0739,K. Durant,1,40.406666666666666,32.19117897331898
S2324-G0739,K. Durant,2,-9.066666666666665,-10.672753495254337
S2324-G0739,K. Durant,3,8.744155844155843,3.7171802740380793
S2324-G0739,K. George,1,-4.233333333333334,0.44652865573162714
S2324-G0739,K. George,2,9.766666666666666,4.274534483588857
S2324-G0739,K. George,3,-7.546666666666666,-3.264618300753436
S2324-G0739,L. Markkanen,1,-13.628030303030302,-1.7116489080389872
S2324-G0739,L. Markkanen,2,-0.7428030303030297,9.478797756842463
S2324-G0739,L. Markkanen,3,12.120833333333332,5.220650930412587
S2324-G0739,N. Little,2,2.3666666666666667,-4.975758216777634
S2324-G0739,N. Little,3,-5.347619047619048,-7.91226092794585
S2324-G0739,T. Hendricks,1,0.19999999999999973,-3.7389639216454986
S2324-G0739,T. Hendricks,2,-0.19999999999999973,-3.641495430543851
S2324-G0739,T. Hendricks,3,-5.258730158730159,-3.389554552007222
S2324-G0739,T. Horton-Tucker,2,-3.6888888888888864,-0.7825785358872821
S2324-G0739,W. Kessler,1,15.069444444444445,5.1532442351758485
S2324-G0739,W. Kessler,2,0.05555555555555558,-5.252058406905799
S2324-G0739,W. Kessler,3,-9.17012987012987,-6.007924662773303
S2324-G0740,A. Davis,1,22.154534412955464,21.420627559987135
S2324-G0740,A. Davis,2,-13.995714285714284,-7.9428788511534645
S2324-G0740,A. Davis,3,8.672727272727272,13.390834638239992
S2324-G0740,A. Gordon,1,2.5666666666666647,0.24095776680559997
S2324-G0740,A. Gordon,2,4.5277777777777795,-5.407469079011443
S2324-G0740,A. Gordon,3,-1.094444444444444,-4.241454019485288
S2324-G0740,A. Reaves,1,-6.263836163836164,-1.9819221695715232
S2324-G0740,A. Reaves,2,-1.7809440559440581,1.5960440137383396
S2324-G0740,A. Reaves,3,7.2673076923076945,5.9249260623410525
S2324-G0740,C. Braun,1,3.041666666666667,-1.5559544375242054
S2324-G0740,C. Braun,2,-0.04166666666666652,-3.0366447061337545
S2324-G0740,C. Wood,1,5.5,-1.232419375648492
S2324-G0740,C. Wood,2,-0.1499999999999999,-5.828332975464659
S2324-G0740,C. Wood,3,0.08333333333333326,-5.651471334459496
S2324-G0740,D. Jordan,1,-11.37142857142857,-5.866799967113386
S2324-G0740,D. Jordan,2,2.8130952380952365,3.993487990517861
S2324-G0740,J. Hayes,2,4.140000000000001,-1.7456735241203711
S2324-G0740,J. Hayes,3,-11.526666666666666,-4.453886157349494
S2324-G0740,J. Holiday,1,4.2333333333333325,-2.446504624202314
S2324-G0740,J. Holiday,2,-0.039999999999999925,-5.683317919059108
S2324-G0740,J. Holiday,3,0.006666666666666599,-4.566482034788906
S2324-G0740,J. Murray,1,-15.224102564102566,1.3358101357825598
S2324-G0740,J. Murray,2,11.879047619047618,12.928964109016572
S2324-G0740,J. Murray,3,-11.825108225108224,0.07527499328483353
S2324-G0740,L. James,1,-8.782917082917084,-1.9689900037277495
S2324-G0740,L. James,2,-7.112576312576312,0.8266578984608387
S2324-G0740,L. James,3,-3.961324786324788,8.60671856905829
S2324-G0740,M. Christie,1,6.039971139971138,3.964820821267684
S2324-G0740,M. Porter Jr.,1,19.63080808080808,14.708876175782711
S2324-G0740,M. Porter Jr.,2,-4.444444444444445,-7.469273994896778
S2324-G0740,M. Porter Jr.,3,-5.169696969696972,2.111606259653629
S2324-G0740,N. Jokic,1,-4.002499999999998,-2.3526192545234483
S2324-G0740,N. Jokic,2,-19.86565217391305,-2.26395193435302
S2324-G0740,N. Jokic,3,26.44898550724638,17.346187979700677
S2324-G0740,P. Watson,1,5.411904761904763,0.7295901693561886
S2324-G0740,P. Watson,2,2.338095238095238,-2.555647470078629
S2324-G0740,P. Watson,3,-9.046666666666665,-5.748546281396881
S2324-G0740,R. Hachimura,1,-4.466666666666666,-4.982122307143282
S2324-G0740,R. Hachimura,2,6.85,-1.5819081769558099
S2324-G0740,R. Hachimura,3,-4.258333333333333,-6.7428548388216045
S2324-G0740,R. Jackson,1,-12.236363636363635,-2.136027345621061
S2324-G0740,R. Jackson,2,11.953030303030303,9.457219650577871
S2324-G0740,T. Prince,1,-7.588571428571427,-1.6756735517207566
S2324-G0740,T. Prince,2,12.628571428571428,5.784632345711914
S2324-G0740,T. Prince,3,0.0,-5.694832651456174
S2324-G0755,A. Burks,1,-12.033333333333333,-3.7850840455687553
S2324-G0755,A. Burks,2,10.033333333333331,7.5709044862081765
S2324-G0755,A. Burks,3,-29.279047619047613,-4.24054860107378
S2324-G0755,A. Nembhard,1,-2.2666666666666666,-2.2391113920352694
S2324-G0755,A. Nembhard,3,-3.258333333333333,1.445427518787207
S2324-G0755,A. Nesmith,1,-16.052777777777777,-3.8121585864509218
S2324-G0755,A. Nesmith,2,-1.925252525252528,8.241658903088629
S2324-G0755,A. Nesmith,3,20.03636363636364,7.42569128655836
S2324-G0755,B. Bogdanovic,1,-13.919999999999998,-0.20720401743311978
S2324-G0755,B. Bogdanovic,2,13.603333333333333,10.723017619201356
S2324-G0755,B. Mathurin,1,-4.3730158730158735,-3.1586622347769664
S2324-G0755,B. Mathurin,2,4.444444444444445,1.357032732190288
S2324-G0755,B. Mathurin,3,-4.266666666666667,-4.628285811312871
S2324-G0755,D. DiVincenzo,1,10.949177489177488,11.103820208289735
S2324-G0755,D. DiVincenzo,2,-2.7063203463203465,-0.32613428831142033
S2324-G0755,D. DiVincenzo,3,11.346320346320347,1.6697097358766027
S2324-G0755,D. McDermott,1,2.3666666666666663,-3.7850840455687553
S2324-G0755,I. Jackson,1,-5.5285714285714285,-6.020780834898836
S2324-G0755,I. Jackson,2,2.7619047619047614,0.22910174344526393
S2324-G0755,I. Jackson,3,-15.78034188034188,-3.8370238154145366
S2324-G0755,J. Brunson,1,5.285714285714285,10.474912025472447
S2324-G0755,J. Brunson,2,-16.46111111111111,3.406296654350876
S2324-G0755,J. Brunson,3,15.78949938949939,18.22339612311399
S2324-G0755,J. Hart,1,-2.366666666666667,-3.7991530825857227
S2324-G0755,J. Hart,2,-3.93904761904762,-2.0002452062772127
S2324-G0755,J. Hart,3,6.53904761904762,2.8848311088506504
S2324-G0755,M. McBride,1,-2.3333333333333335,-5.866799967113386
S2324-G0755,M. McBride,2,-6.3500000000000005,-2.6512582891183505
S2324-G0755,M. McBride,3,4.250000000000001,1.3914695289845476
S2324-G0755,M. Turner,1,4.256666666666668,7.163076421418592
S2324-G0755,M. Turner,2,8.696666666666665,4.180348572734361
S2324-G0755,M. Turner,3,-1.1366666666666667,-1.8336698152902633
S2324-G0755,O. Toppin,2,2.751904761904763,-1.0204217244777298
S2324-G0755,O. Toppin,3,0.9047619047619042,-2.3057791679544573
S2324-G0755,P. Achiuwa,1,1.0307692307692324,5.199263078137183
S2324-G0755,P. Achiuwa,2,12.964468864468863,1.5021587163879304
S2324-G0755,P. Achiuwa,3,-1.9333333333333331,-9.930450799019965
S2324-G0755,P. Siakam,1,15.151098901098901,7.790735363959718
S2324-G0755,P. Siakam,2,-11.978571428571428,-5.414754761331581
S2324-G0755,P. Siakam,3,7.395238095238096,6.874991687706515
S2324-G0755,T. Gibson,1,4.683333333333334,-4.0055679300639735
S2324-G0755,T. Gibson,2,-4.697619047619048,-6.6893948994783115
S2324-G0755,T. Haliburton,1,-7.789285714285715,-0.5956608700604639
S2324-G0755,T. Haliburton,2,0.04697802197802403,6.10436409369949
S2324-G0755,T. Haliburton,3,-0.907692307692308,6.128672493915783
S2324-G0755,T. McConnell,1,-2.5396825396825395,1.125834179128136
S2324-G0755,T. McConnell,2,0.1444444444444457,4.189456814990022
S2324-G0755,T. McConnell,3,2.176666666666666,2.0329633370890465
S2324-G0766,B. Ingram,1,-15.190476190476192,-1.9818831111354314
S2324-G0766,B. Ingram,2,12.923809523809526,8.53795009108227
S2324-G0766,B. Ingram,3,-2.0844155844155843,-3.4540225477246596
S2324-G0766,C. McCollum,1,3.5999999999999996,0.5405164637656731
S2324-G0766,C. McCollum,2,-10.047008547008547,-0.6508228640860029
S2324-G0766,C. McCollum,3,8.498290598290598,6.306275262344699
S2324-G0766,H. Jones,1,8.949389499389499,4.134156367882523
S2324-G0766,H. Jones,2,-3.321428571428573,-6.4336148912270685
S2324-G0766,H. Jones,3,3.0802597402597414,-0.7043050400025476
S2324-G0766,J. Alvarado,1,10.644285714285713,6.0114769007190585
S2324-G0766,J. Alvarado,2,2.053333333333334,-1.9349108155896861
S2324-G0766,J. Alvarado,3,-2.3333333333333335,-5.218562460184227
S2324-G0766,J. Jackson Jr.,1,26.69145299145299,17.045614719862705
S2324-G0766,J. Jackson Jr.,2,-9.15904761904762,-8.719162744742494
S2324-G0766,J. Jackson Jr.,3,-4.181785714285713,1.1181349545644654
S2324-G0766,J. Konchar,1,6.775,-1.9689900037277495
S2324-G0766,J. Konchar,2,-0.06666666666666665,-11.283161506929488
S2324-G0766,J. Valanciunas,1,2.3285714285714283,-1.9689900037277495
S2324-G0766,J. Valanciunas,2,0.09999999999999964,-4.325807234728721
S2324-G0766,J. Valanciunas,3,4.428571428571429,-6.102064643057546
S2324-G0766,L. Kennard,1,-4.050641025641024,2.458826691750249
S2324-G0766,L. Kennard,2,4.7458791208791204,4.227532707746501
S2324-G0766,L. Kennard,3,9.899999999999999,-0.03332507711709172
S2324-G0766,L. Nance Jr.,1,2.8,-1.6096281898973606
S2324-G0766,L. Nance Jr.,2,-3.0396825396825395,-2.8084729091273584
S2324-G0766,L. Nance Jr.,3,1.1311111111111112,0.4055858732412506
S2324-G0766,L. Stevens,1,-8.478787878787879,-5.866799967113386
S2324-G0766,L. Stevens,2,-9.232323232323234,2.9932281719264338
S2324-G0766,L. Stevens,3,10.71953601953602,8.345864229067535
S2324-G0766,N. Marshall,1,1.2666666666666675,0.8979781304218744
S2324-G0766,N. Marshall,2,6.133333333333334,-0.06469351640631371
S2324-G0766,N. Marshall,3,0.46666666666666656,-4.774815704937361
S2324-G0766,S. Aldama,1,-9.146666666666665,-1.9299131774227842
S2324-G0766,S. Aldama,2,12.165714285714284,5.492066718293997
S2324-G0766,S. Aldama,3,-2.223809523809524,-4.425842998295344
S2324-G0766,S. Pippen Jr.,1,-5.914432234432233,-2.0733941063367465
S2324-G0766,S. Pippen Jr.,2,10.7010989010989,2.564713918566244
S2324-G0766,T. Jemison,2,-13.022222222222222,-6.190881687390775
S2324-G0766,T. Jemison,3,10.817460317460318,2.6024776504534275
S2324-G0766,T. Murphy III,1,7.336904761904762,3.250880497506311
S2324-G0766,T. Murphy III,2,-2.0619047619047617,-2.3261025014927004
S2324-G0766,T. Murphy III,3,2.4000000000000004,-0.4541288838595333
S2324-G0766,V. Williams Jr.,1,4.226190476190478,2.8091555446815
S2324-G0766,V. Williams Jr.,2,5.590476190476189,-2.320009664602317
S2324-G0766,V. Williams Jr.,3,2.366666666666667,-6.00416596477633
S2324-G0766,Y. Watanabe,1,-0.07500000000000018,-3.935329419550433
S2324-G0766,Y. Watanabe,2,-5.100000000000001,-2.5061788583625857
S2324-G0766,Y. Watanabe,3,-10.092857142857142,2.247941398328525
S2324-G0766,Z. Williamson,1,-16.0010989010989,-2.979167954910082
S2324-G0766,Z. Williamson,2,11.0760989010989,10.979555277347593
S2324-G0766,Z. Williamson,3,0.509615384615385,1.3467382645377428
S2324-G0769,A. Wiggins,1,11.325,4.411143080112557
S2324-G0769,A. Wiggins,2,-17.15,-3.4731558934825024
S2324-G0769,A. Wiggins,3,15.450000000000001,10.521724345612473
S2324-G0769,B. Podziemski,1,10.404761904761905,7.658064423383692
S2324-G0769,B. Podziemski,2,2.5809523809523807,-3.9398751882892156
S2324-G0769,B. Podziemski,3,2.047619047619048,-6.121485653473363
S2324-G0769,C. Sexton,1,-10.891666666666666,1.019996283663632
S2324-G0769,C. Sexton,2,4.648809523809522,9.915615432613851
S2324-G0769,C. Sexton,3,6.553571428571431,5.687455711063377
S2324-G0769,D. Green,1,-8.508333333333333,-1.9258814246131701
S2324-G0769,D. Green,2,7.219047619047617,5.781312133045075
S2324-G0769,D. Green,3,4.498901098901099,-1.6417105621462156
S2324-G0769,D. Saric,2,2.271428571428572,-3.056369602835793
S2324-G0769,G. Payton II,1,-9.613333333333333,-1.6913023938437353
S2324-G0769,G. Payton II,2,14.979999999999999,6.569146025776163
S2324-G0769,G. Payton II,3,0.0,-6.007924662773303
S2324-G0769,J. Clarkson,1,-11.372619047619049,4.44852600052408
S2324-G0769,J. Clarkson,2,15.080952380952382,12.413875461402421
S2324-G0769,J. Clarkson,3,-6.957142857142859,-4.196738158621688
S2324-G0769,J. Collins,1,8.404761904761905,0.8731671369289523
S2324-G0769,J. Collins,2,-9.561904761904762,-6.8137181240248506
S2324-G0769,J. Collins,3,11.995238095238093,1.1514315563967212
S2324-G0769,J. Kuminga,1,4.605944055944057,4.660172771940217
S2324-G0769,J. Kuminga,2,3.3808080808080803,-0.3768310643289285
S2324-G0769,J. Kuminga,3,8.588888888888889,-2.176859499326834
S2324-G0769,K. Dunn,1,-4.621428571428571,-5.914740076581552
S2324-G0769,K. Dunn,2,-1.8535714285714286,-0.6142759192502406
S2324-G0769,K. Dunn,3,2.0,-0.5661418787443298
S2324-G0769,K. George,1,5.175,0.7382249329163076
S2324-G0769,K. George,2,-2.2750000000000004,-3.3698261285988926
S2324-G0769,K. George,3,0.3583333333333334,0.6813748362931226
S2324-G0769,K. Looney,1,4.835714285714285,-1.782318787531297
S2324-G0769,K. Thompson,1,5.26,3.3837271266096356
S2324-G0769,K. Thompson,2,-13.922564102564104,-0.6562684920194448
S2324-G0769,K. Thompson,3,-1.0004662004661995,11.274600255466197
S2324-G0769,L. Markkanen,1,-12.836363636363638,-1.993098047451189
S2324-G0769,L. Markkanen,2,12.564935064935066,9.719719951155678
S2324-G0769,L. Markkanen,3,-7.654212454212454,-1.7634371622375922
S2324-G0769,L. Quinones,1,0.10000000000000009,-3.792845036862581
S2324-G0769,L. Quinones,2,-0.19999999999999973,-3.631860075350902
S2324-G0769,L. Quinones,3,2.5285714285714285,-3.2109014346422518
S2324-G0769,S. Curry,1,-6.305844155844156,3.6121031888643294
S2324-G0769,S. Curry,2,18.530844155844154,3.4629714566649494
S2324-G0769,S. Curry,3,-28.84833333333333,-7.6479112378113845
S2324-G0769,T. Hendricks,1,4.784415584415585,-2.643752201948914
S2324-G0769,T. Hendricks,2,0.0,-8.092546344132993
S2324-G0769,T. Hendricks,3,-0.09999999999999998,-6.737926634412613
S2324-G0769,T. Horton-Tucker,1,-2.2833333333333314,0.2198385493519409
S2324-G0769,T. Horton-Tucker,2,6.391666666666666,4.247827667544222
S2324-G0769,T. Horton-Tucker,3,-5.263888888888889,-2.3172425375889363
S2324-G0769,T. Jackson-Davis,3,-0.7833333333333332,2.2955393332982705
S2324-G0769,W. Kessler,1,2.289177489177489,-1.9689900037277495
S2324-G0769,W. Kessler,2,-2.346320346320347,-4.296675889307489
S2324-G0769,W. Kessler,3,-2.842568542568542,-3.0244233558168125
S2324-G0773,A. Green,2,3.558333333333333,-3.935329419550433
S2324-G0773,A. Green,3,-13.701515151515151,-6.101943700347719
S2324-G0773,B. Adebayo,1,-4.557783882783884,4.528861471557459
S2324-G0773,B. Adebayo,2,13.214926739926739,5.582364656462884
S2324-G0773,B. Adebayo,3,-0.011904761904760974,-5.247303667884526
S2324-G0773,B. Lopez,1,-5.096818181818181,-0.9186890678262967
S2324-G0773,B. Lopez,2,9.514999999999999,-0.7153679399955404
S2324-G0773,B. Portis,1,-11.578021978021981,2.479903196800044
S2324-G0773,B. Portis,2,20.642307692307693,11.67854165390753
S2324-G0773,B. Portis,3,-5.106666666666667,-6.261851714422225
S2324-G0773,C. Martin,1,6.558333333333334,-2.070169693620121
S2324-G0773,C. Martin,2,-2.3833333333333333,-6.240389619061122
S2324-G0773,D. Lillard,1,3.680844155844154,2.0948052249049094
S2324-G0773,D. Lillard,2,-12.692307692307692,-4.453387558885389
S2324-G0773,D. Lillard,3,20.342307692307692,9.817330580733021
S2324-G0773,D. Robinson,1,11.891596638655464,10.315275160226209
S2324-G0773,D. Robinson,2,0.07032967032967008,-6.056529159035601
S2324-G0773,G. Antetokounmpo,1,16.618560606060605,16.53883117467577
S2324-G0773,G. Antetokounmpo,2,-6.255723224144278,-7.087540882397834
S2324-G0773,G. Antetokounmpo,3,20.311567379988432,1.3815499936044375
S2324-G0773,H. Highsmith,1,-8.899999999999999,-5.8708714226275225
S2324-G0773,H. Highsmith,2,8.7,2.8081114244840384
S2324-G0773,H. Highsmith,3,-2.2333333333333334,-5.710826294142962
S2324-G0773,J. Crowder,1,4.366666666666667,-2.4856892389547847
S2324-G0773,J. Crowder,2,-0.06666666666666665,-5.213947862734808
S2324-G0773,J. Jaquez Jr.,1,-2.385714285714286,2.7718391690927424
S2324-G0773,J. Jaquez Jr.,2,4.274999999999999,3.803473241391128
S2324-G0773,J. Jaquez Jr.,3,2.4250000000000007,-2.907952347704262
S2324-G0773,K. Love,1,3.461904761904763,-2.7076199574552002
S2324-G0773,K. Love,2,-11.714285714285714,-4.430057805468206
S2324-G0773,K. Love,3,-11.004761904761905,4.9784873575984125
S2324-G0773,M. Beasley,1,14.716666666666667,8.547609870914538
S2324-G0773,M. Beasley,2,-9.417857142857143,-5.266581384160425
S2324-G0773,M. Beasley,3,4.301190476190476,3.6797258266368345
S2324-G0773,N. Jovic,1,12.692063492063491,8.009599889568156
S2324-G0773,N. Jovic,2,-14.083333333333334,-6.526837533097259
S2324-G0773,N. Jovic,3,17.05,9.629446950405619
S2324-G0773,P. Beverley,2,-2.822222222222222,-4.982122307143282
S2324-G0773,P. Beverley,3,2.9749999999999996,-4.665196770198092
S2324-G0773,P. Connaughton,1,0.19444444444444442,-5.914740076581552
S2324-G0773,P. Connaughton,2,-2.677777777777778,-4.60492472841837
S2324-G0773,P. Connaughton,3,0.1333333333333333,-2.5942742844676556
S2324-G0773,T. Herro,1,-12.235714285714288,1.5163613098723896
S2324-G0773,T. Herro,2,12.983333333333334,14.660512683566376
S2324-G0773,T. Herro,3,2.5600000000000005,-1.5866856335626571
S2324-G0778,A. Black,1,11.377777777777778,0.14259523290195017
S2324-G0778,A. Black,2,-6.71111111111111,-7.91226092794585
S2324-G0778,A. Black,3,4.477777777777778,0.9268964888574486
S2324-G0778,A. Burks,1,-4.936666666666664,1.0208172247389709
S2324-G0778,A. Burks,2,0.2888888888888843,5.605393861049325
S2324-G0778,A. Burks,3,9.363492063492066,4.15789341511034
S2324-G0778,C. Anthony,1,-12.861904761904762,-3.2392494139451675
S2324-G0778,C. Anthony,2,10.833333333333332,6.711460573537933
S2324-G0778,C. Anthony,3,-3.4083333333333323,-3.337967271714162
S2324-G0778,C. Houstan,1,5.300000000000001,-1.6913023938437353
S2324-G0778,C. Houstan,2,-7.647619047619047,-6.073772235705211
S2324-G0778,C. Houstan,3,7.647619047619047,2.291295085918145
S2324-G0778,F. Wagner,1,14.509415584415583,6.9136270504251165
S2324-G0778,F. Wagner,2,-9.339285714285714,-3.3629423424513414
S2324-G0778,F. Wagner,3,7.434285714285714,4.506037691064034
S2324-G0778,J. Brunson,1,36.651948051948054,30.71436155732385
S2324-G0778,J. Brunson,2,-11.771428571428572,-7.265498561574414
S2324-G0778,J. Brunson,3,14.219047619047618,6.270902194401609
S2324-G0778,J. Hart,1,13.395238095238094,6.091487980201747
S2324-G0778,J. Hart,2,-2.5285714285714285,-6.298286573677784
S2324-G0778,J. Ingles,1,-3.0833333333333335,-3.7850840455687553
S2324-G0778,J. Ingles,2,-0.11666666666666714,0.5309201885179559
S2324-G0778,J. Ingles,3,5.5,-2.712130873645888
S2324-G0778,J. Isaac,1,-10.866666666666665,-5.605068670956129
S2324-G0778,J. Isaac,2,2.302380952380952,4.188412281638907
S2324-G0778,J. Sims,1,-3.166666666666667,-5.084456250411476
S2324-G0778,J. Sims,2,-4.633333333333332,-3.30833924058997
S2324-G0778,J. Sims,3,3.5666666666666655,2.187517383910218
S2324-G0778,J. Toppin,2,-27.2425,-6.231360539454318
S2324-G0778,M. McBride,1,-2.3619047619047606,2.2955393332982705
S2324-G0778,M. McBride,2,9.845238095238095,3.9168721678476306
S2324-G0778,M. McBride,3,-6.816666666666666,-5.829849732469774
S2324-G0778,M. Wagner,2,8.503463203463204,2.9001120719652214
S2324-G0778,P. Achiuwa,1,-5.7031746031746025,2.465189035263696
S2324-G0778,P. Achiuwa,2,-1.599389499389499,5.176115813155411
S2324-G0778,P. Achiuwa,3,3.8636752136752133,7.245351000808217
S2324-G0778,P. Banchero,1,-8.583333333333332,8.65988381075897
S2324-G0778,P. Banchero,2,3.5333333333333314,6.513543029158295
S2324-G0778,P. Banchero,3,9.461904761904762,8.028504095689419
S2324-G0778,T. Gibson,1,0.06666666666666665,-5.866799967113386
S2324-G0778,T. Gibson,2,-0.06666666666666665,-4.855278154387736
S2324-G0778,T. Queen,1,-5.0,-5.866799967113386
S2324-G0778,W. Carter Jr.,1,12.999999999999998,2.83181995586035
S2324-G0778,W. Carter Jr.,2,-7.774891774891774,-7.91226092794585
S2324-G0786,A. Gordon,1,-6.7027777777777775,2.3354346592150703
S2324-G0786,A. Gordon,2,4.168253968253968,4.653898109995277
S2324-G0786,A. Gordon,3,3.776190476190477,2.727519099360582
S2324-G0786,A. Len,1,4.711904761904762,-1.9550037599892678
S2324-G0786,C. Braun,1,3.179999999999999,2.296474532935934
S2324-G0786,C. Braun,2,6.32,1.245504106357279
S2324-G0786,C. Braun,3,-1.94,-4.623357434485369
S2324-G0786,C. Gillespie,1,2.3466666666666667,-3.720080607736887
S2324-G0786,C. Gillespie,2,-2.9333333333333327,-4.7343773896487855
S2324-G0786,C. Gillespie,3,3.0277777777777777,-1.2261815152402065
S2324-G0786,D. Fox,1,0.6888386123680235,7.247363777019656
S2324-G0786,D. Fox,2,11.947058823529414,5.62944203225196
S2324-G0786,D. Fox,3,-35.19583333333333,-4.925104254839207
S2324-G0786,D. Mitchell,1,2.9999999999999996,-1.7188398209118434
S2324-G0786,D. Sabonis,1,-2.310992063492062,0.7587423562870687
S2324-G0786,D. Sabonis,2,-8.478214285714287,0.36397744115970637
S2324-G0786,D. Sabonis,3,19.69238095238095,10.948807334895607
S2324-G0786,H. Barnes,1,-11.261190476190475,-3.951467602378409
S2324-G0786,H. Barnes,2,0.9154761904761912,5.928465316186914
S2324-G0786,H. Barnes,3,9.685714285714283,3.0631173735977084
S2324-G0786,J. Holiday,1,-4.777777777777778,-1.6913023938437353
S2324-G0786,J. Holiday,2,5.774747474747475,3.4709218588896396
S2324-G0786,J. Holiday,3,-2.7303030303030296,-2.85322875136915
S2324-G0786,K. Huerter,1,3.413636363636364,-0.9441125129337259
S2324-G0786,K. Huerter,2,-8.050303030303029,-3.3179833475261877
S2324-G0786,K. Murray,1,9.252380952380951,-0.528501957673217
S2324-G0786,K. Murray,2,-13.277777777777779,-7.727688644258275
S2324-G0786,K. Murray,3,11.372222222222224,3.789866074575526
S2324-G0786,M. Monk,1,-1.9257142857142862,-1.0790502261074626
S2324-G0786,M. Monk,2,4.506666666666667,0.8679064432194739
S2324-G0786,M. Monk,3,-6.979653679653679,-3.0677361137318537
S2324-G0786,M. Porter Jr.,1,3.4365079365079367,4.660172771940217
S2324-G0786,M. Porter Jr.,2,0.9250000000000007,-2.9332476289510017
S2324-G0786,M. Porter Jr.,3,-3.961363636363636,-1.1507218762775706
S2324-G0786,N. Jokic,1,-1.4444444444444464,1.05860115333302
S2324-G0786,N. Jokic,2,-7.8920634920634924,-0.8527588078802284
S2324-G0786,N. Jokic,3,9.283174603174604,7.278149821017643
S2324-G0786,P. Watson,1,-4.580952380952381,-5.4011004253730635
S2324-G0786,P. Watson,2,-0.6523809523809527,-1.4213602612464862
S2324-G0786,P. Watson,3,2.9466666666666668,-2.6021142781440116
S2324-G0786,R. Jackson,1,-4.38917748917749,-0.9863274805512895
S2324-G0786,R. Jackson,2,6.649177489177489,2.7689779726649246
S2324-G0786,R. Jackson,3,-6.563030303030303,-3.502556241451505
S2324-G0786,T. Lyles,1,2.3,-3.7850840455687553
S2324-G0786,T. Lyles,2,-2.3833333333333333,-5.035559551897323
S2324-G0786,T. Lyles,3,-8.683333333333334,-3.3049616680336746
S2324-G0786,Z. Nnaji,1,1.866666666666668,0.2198385493519409
S2324-G0786,Z. Nnaji,2,4.743333333333333,0.10527149514372214
S2324-G0788,A. Davis,1,6.290870240870241,10.733785573138585
S2324-G0788,A. Davis,2,-22.663700351935642,-3.2028348877762207
S2324-G0788,A. Davis,3,17.764388552623842,22.237003404650835
S2324-G0788,A. Reaves,1,13.313636363636363,9.296337324788256
S2324-G0788,A. Reaves,2,-2.088636363636363,-3.079893931611378
S2324-G0788,A. Reaves,3,-0.38611111111111107,-2.9957290630030333
S2324-G0788,C. Sexton,1,7.216666666666666,1.8179269312071134
S2324-G0788,C. Sexton,2,-27.061111111111106,-4.311989006510251
S2324-G0788,C. Sexton,3,27.44444444444444,19.722096497251396
S2324-G0788,C. Wood,1,-0.39870129870129833,-0.35840627717678486
S2324-G0788,D. Russell,1,1.2083333333333321,0.7689290332191179
S2324-G0788,D. Russell,2,0.6805555555555554,0.23514058902929633
S2324-G0788,D. Russell,3,9.041414141414142,0.19179436440440856
S2324-G0788,D. Windler,1,-0.7000000000000002,-2.2009686054152184
S2324-G0788,D. Windler,2,3.0333333333333337,-1.1793616212900815
S2324-G0788,J. Clarkson,1,-17.82002442002442,-0.9386756601415311
S2324-G0788,J. Clarkson,2,18.06645299145299,14.290068635803292
S2324-G0788,J. Clarkson,3,-4.6923076923076925,-5.79910104363211
S2324-G0788,J. Collins,1,-8.352987012987015,-2.198945682878273
S2324-G0788,J. Collins,2,12.92857142857143,5.4593658664978095
S2324-G0788,J. Collins,3,-7.3422510822510825,-4.460702159968508
S2324-G0788,J. Hayes,2,-8.653571428571428,-6.302826645870999
S2324-G0788,K. Dunn,1,12.996666666666666,7.895192326107075
S2324-G0788,K. Dunn,2,0.13333333333333375,-3.3407460488888385
S2324-G0788,K. George,1,14.845238095238095,6.849095735380255
S2324-G0788,K. George,2,-4.314285714285714,-8.165218115533808
S2324-G0788,K. George,3,-0.9357142857142859,-3.791451750365272
S2324-G0788,L. Markkanen,1,-3.0062388591800335,2.04164491930939
S2324-G0788,L. Markkanen,2,19.56190476190476,-0.5371842066368578
S2324-G0788,L. Markkanen,3,-14.46190476190476,-9.46352582623021
S2324-G0788,R. Hachimura,1,1.374458874458874,9.316406906473201
S2324-G0788,R. Hachimura,2,3.7952380952380977,10.341429835046975
S2324-G0788,R. Hachimura,3,3.7190476190476183,6.816675543170489
S2324-G0788,S. Dinwiddie,1,-9.55,-3.8082024631866958
S2324-G0788,S. Dinwiddie,2,7.55,4.090237363517429
S2324-G0788,S. Dinwiddie,3,-0.9333333333333327,-4.24054860107378
S2324-G0788,T. Hendricks,1,1.8666666666666671,-0.8711341052863728
S2324-G0788,T. Hendricks,2,-7.998268398268399,-1.5659966939168202
S2324-G0788,T. Hendricks,3,8.81969696969697,4.6186325985724554
S2324-G0788,T. Horton-Tucker,2,9.633333333333333,1.3205328361935065
S2324-G0788,T. Horton-Tucker,3,-2.1476190476190475,-6.255030273318528
S2324-G0788,T. Prince,1,2.8,-0.8711341052863728
S2324-G0788,T. Prince,2,-4.339999999999999,-3.30833924058997
S2324-G0788,T. Prince,3,-1.0,2.5778554529068582
S2324-G0788,W. Kessler,1,0.4225000000000012,-0.6120375015289625
S2324-G0788,W. Kessler,2,-4.974285714285715,-5.084766700747809
S2324-G0788,W. Kessler,3,2.6309523809523814,-1.9904682531078204
S2324-G0789,A. Coffey,1,-2.8833333333333346,-0.6745845089615137
S2324-G0789,A. Coffey,3,2.5357142857142865,0.6812269932310638
S2324-G0789,A. Wiggins,1,0.8916666666666657,1.213899588539327
S2324-G0789,A. Wiggins,2,-2.7939393939393913,1.887808701763992
S2324-G0789,A. Wiggins,3,9.652272727272727,4.532362257417618
S2324-G0789,B. Podziemski,1,-8.54,-0.6566927011061459
S2324-G0789,B. Podziemski,2,-2.3599999999999977,7.240999205452653
S2324-G0789,B. Podziemski,3,2.9076923076923062,7.780211579594385
S2324-G0789,D. Green,1,0.9107142857142865,-0.20883201694387657
S2324-G0789,D. Green,2,-0.3023809523809522,-4.66069770181167
S2324-G0789,D. Green,3,0.7333333333333325,-1.2688694916847998
S2324-G0789,G. Payton II,1,1.8888888888888888,-2.0655102954514173
S2324-G0789,G. Payton II,2,2.2666666666666666,-4.011267191216149
S2324-G0789,G. Payton II,3,0.09999999999999998,-5.504254569999143
S2324-G0789,I. Zubac,1,-3.359523809523809,-2.816722306976673
S2324-G0789,I. Zubac,2,-5.376630036630038,-0.39491369654299713
S2324-G0789,I. Zubac,3,8.786153846153848,2.16085669080212
S2324-G0789,J. Harden,1,-12.70357142857143,1.5163613098723896
S2324-G0789,J. Harden,2,16.317857142857143,11.628652041577038
S2324-G0789,J. Harden,3,-0.620000000000001,-1.2168756856442269
S2324-G0789,J. Kuminga,1,6.263492063492066,4.209236614703666
S2324-G0789,J. Kuminga,2,2.3365079365079353,-2.4232488641199748
S2324-G0789,J. Kuminga,3,-5.703030303030303,-5.5317957134655815
S2324-G0789,K. Looney,1,-2.2944444444444443,-6.173980535015696
S2324-G0789,K. Looney,3,4.3,-2.4516958832738034
S2324-G0789,K. Thompson,1,11.14587912087912,1.2371727416235463
S2324-G0789,K. Thompson,2,-6.666666666666666,-9.389294745034762
S2324-G0789,K. Thompson,3,-10.954761904761906,-1.1374821711699803
S2324-G0789,L. Quinones,1,-8.039285714285713,-5.117078042452228
S2324-G0789,M. Moody,3,13.017748917748916,3.9945345117193174
S2324-G0789,M. Plumlee,1,13.408333333333333,2.8529584815341833
S2324-G0789,M. Plumlee,2,0.0,-5.560222610023104
S2324-G0789,M. Plumlee,3,-8.844444444444445,-5.114462050778401
S2324-G0789,N. Powell,1,-19.8,-5.674307212497326
S2324-G0789,N. Powell,2,14.5,9.438876798470195
S2324-G0789,N. Powell,3,-20.583333333333332,-2.970882663234907
S2324-G0789,P. George,1,16.15,6.068520304230998
S2324-G0789,P. George,2,-28.51488095238095,-10.52935127648677
S2324-G0789,P. George,3,19.079166666666666,16.969981544191775
S2324-G0789,R. Westbrook,1,5.925555555555555,3.0230975884115665
S2324-G0789,R. Westbrook,2,5.313333333333334,1.044896087064376
S2324-G0789,R. Westbrook,3,-21.619696969696967,-5.218562460184227
S2324-G0789,S. Curry,1,-15.06155844155844,6.73625295486747
S2324-G0789,S. Curry,2,4.674014581909319,18.828093537046783
S2324-G0789,S. Curry,3,-1.6506379585326982,15.386028716733707
S2324-G0789,T. Mann,1,-5.326666666666666,-3.416808842353973
S2324-G0789,T. Mann,2,-0.07774891774891657,1.4171646102197688
S2324-G0789,T. Mann,3,11.017748917748916,1.6938250723089345
S2324-G0799,A. Coffey,1,8.433333333333334,3.6814086354273696
S2324-G0799,A. Coffey,2,-0.25,-3.641495430543851
S2324-G0799,A. Coffey,3,-8.71969696969697,-3.2392368655574715
S2324-G0799,A. Wiggins,1,-2.377777777777778,-0.1361606363940902
S2324-G0799,A. Wiggins,2,4.621111111111111,4.030360730970593
S2324-G0799,C. Holmgren,1,-5.805882352941175,1.3435441889137048
S2324-G0799,C. Holmgren,2,13.061437908496732,1.8951626229987144
S2324-G0799,C. Holmgren,3,-10.87094017094017,-7.80037391063756
S2324-G0799,C. Wallace,1,5.433333333333334,-1.5790728551421462
S2324-G0799,C. Wallace,2,0.0,-5.289973598727397
S2324-G0799,C. Wallace,3,-8.711111111111112,-4.935808933413431
S2324-G0799,G. Hayward,2,0.10833333333333295,-3.879740261753924
S2324-G0799,I. Joe,1,2.45,-4.982122307143282
S2324-G0799,I. Joe,2,-18.39,-5.747822945469598
S2324-G0799,I. Joe,3,18.323333333333334,8.760669663278692
S2324-G0799,I. Zubac,1,5.913333333333332,3.048604437964768
S2324-G0799,I. Zubac,2,-11.705396825396825,-2.871034971133227
S2324-G0799,I. Zubac,3,16.364790764790765,7.643159177755678
S2324-G0799,J. Giddey,1,11.7,2.5933824275471427
S2324-G0799,J. Giddey,2,-5.7272727272727275,-9.489822611102678
S2324-G0799,J. Giddey,3,-4.362727272727273,0.2623502703611258
S2324-G0799,J. Harden,1,1.3552380952380965,1.5203100408121788
S2324-G0799,J. Harden,2,12.006666666666666,-0.22843305858890844
S2324-G0799,J. Harden,3,-12.697619047619046,-9.302379679916369
S2324-G0799,J. Williams,1,-0.0230303030303034,-0.3142065413844284
S2324-G0799,J. Williams,2,5.300000000000001,-0.6002566025514514
S2324-G0799,J. Williams,3,-28.0980685980686,-4.576296042107391
S2324-G0799,K. Leonard,1,6.109999999999999,8.462208793563558
S2324-G0799,K. Leonard,2,-8.517499999999998,1.4904324250671792
S2324-G0799,K. Leonard,3,19.54083333333333,8.731839827012726
S2324-G0799,K. Williams,1,-2.2166666666666677,-0.14164799967686567
S2324-G0799,K. Williams,2,3.7750000000000004,1.2055605530662263
S2324-G0799,K. Williams,3,2.9583333333333335,-0.6311413026142341
S2324-G0799,L. Dort,1,2.083333333333334,0.6560734235183692
S2324-G0799,L. Dort,2,-8.763333333333334,-1.6457828429515668
S2324-G0799,L. Dort,3,0.7934920634920637,6.9761273920257105
S2324-G0799,M. Plumlee,1,-2.1333333333333333,-4.88008186998955
S2324-G0799,N. Powell,1,-30.125396825396827,-5.4011004253730635
S2324-G0799,N. Powell,2,20.092063492063495,19.390588304565167
S2324-G0799,N. Powell,3,-3.5233333333333334,-2.5333562469374358
S2324-G0799,P. George,1,-1.3177489177489168,2.0929982110592675
S2324-G0799,P. George,2,7.970129870129869,2.7701065237999534
S2324-G0799,P. George,3,-9.95238095238095,-4.189512336728874
S2324-G0799,R. Westbrook,1,-0.30530303030302974,1.7515932281874023
S2324-G0799,R. Westbrook,3,11.475,-0.0003429776697648143
S2324-G0799,S. Gilgeous-Alexander,1,3.1642857142857146,10.920078993354386
S2324-G0799,S. Gilgeous-Alexander,2,-3.3173076923076934,5.275235739121332
S2324-G0799,S. Gilgeous-Alexander,3,13.095512820512822,8.214579100960565
S2324-G0799,T. Mann,1,7.556666666666666,-0.3899470962000088
S2324-G0799,T. Mann,2,-14.505844155844155,-7.34368908289435
S2324-G0799,T. Mann,3,10.289177489177487,6.133266672592584
S2324-G0803,A. Len,1,4.333333333333332,-2.3117101292276523
S2324-G0803,A. Len,2,-0.08333333333333326,-4.609984264529787
S2324-G0803,A. Len,3,-11.314285714285715,-5.651471334459496
S2324-G0803,B. Wesley,2,-6.625714285714286,-4.484256616834441
S2324-G0803,B. Wesley,3,6.530476190476191,1.7053042645533525
S2324-G0803,C. Duarte,2,8.461904761904762,3.5405760784933533
S2324-G0803,C. Osman,1,-11.947619047619046,-5.866799967113386
S2324-G0803,C. Osman,2,9.599999999999998,5.407551168764086
S2324-G0803,D. Fox,1,-11.85833333333333,0.594492106958742
S2324-G0803,D. Fox,2,9.527619047619044,6.3089666657024805
S2324-G0803,D. Fox,3,-9.275238095238095,0.5716037856309347
S2324-G0803,D. Mitchell,2,4.666666666666667,-3.3219069260870713
S2324-G0803,D. Mitchell,3,-0.06666666666666665,-5.213947862734808
S2324-G0803,D. Sabonis,1,6.508119658119661,5.841033863137477
S2324-G0803,D. Sabonis,2,4.096666666666667,-3.075342598285105
S2324-G0803,D. Sabonis,3,-15.227008547008548,-3.961890884950923
S2324-G0803,D. Vassell,1,8.36060606060606,10.541144891637547
S2324-G0803,D. Vassell,2,0.836666666666666,2.215955266245951
S2324-G0803,D. Vassell,3,-6.225844155844154,2.5769423252295987
S2324-G0803,H. Barnes,1,-6.531904761904762,-3.056369602835793
S2324-G0803,H. Barnes,3,9.97,3.7053027978930753
S2324-G0803,J. Champagnie,1,5.666666666666667,2.6370633607032103
S2324-G0803,J. Champagnie,2,-3.79,-1.274474816077954
S2324-G0803,J. Sochan,1,4.725,3.6702590157579817
S2324-G0803,J. Sochan,2,-11.131153846153845,-3.4131926909908765
S2324-G0803,J. Sochan,3,19.739487179487178,9.899835861380696
S2324-G0803,K. Huerter,1,-6.553021978021981,3.150151359976229
S2324-G0803,K. Huerter,2,-1.349358974358971,9.371920483571856
S2324-G0803,K. Huerter,3,20.966666666666665,7.176425626569526
S2324-G0803,K. Johnson,1,-2.060714285714287,0.7507276573338424
S2324-G0803,K. Johnson,2,8.525,3.1873777210506766
S2324-G0803,K. Johnson,3,-21.077272727272724,-5.923345897109251
S2324-G0803,K. Murray,1,14.527272727272726,6.649484004648692
S2324-G0803,K. Murray,2,-10.028571428571428,-9.160281155908168
S2324-G0803,K. Murray,3,3.3952380952380956,3.4025899447506722
S2324-G0803,M. Branham,1,-0.08333333333333348,-3.7850840455687553
S2324-G0803,M. Branham,2,-11.927777777777779,-3.0845848156019207
S2324-G0803,M. Monk,1,-3.036363636363637,0.44652865573162714
S2324-G0803,M. Monk,2,-5.715151515151513,4.484995550254386
S2324-G0803,M. Monk,3,0.33722943722943555,7.779411872952218
S2324-G0803,T. Jones,1,-4.641666666666666,-2.6792672240496453
S2324-G0803,T. Jones,2,-2.1111111111111125,0.2721157428969339
S2324-G0803,T. Jones,3,6.711111111111111,3.807620944573579
S2324-G0803,T. Lyles,1,11.006666666666666,4.8919651041275865
S2324-G0803,T. Lyles,2,3.6000000000000005,-4.006381945223527
S2324-G0803,V. Wembanyama,1,6.972222222222221,7.16742693770563
S2324-G0803,V. Wembanyama,2,2.3166666666666664,-0.5551902171030204
S2324-G0803,V. Wembanyama,3,-12.297888386123681,-1.2745652886521672
S2324-G0803,Z. Collins,1,4.533333333333333,-0.14164799967686567
S2324-G0803,Z. Collins,2,-1.214285714285714,-4.207261207926067
S2324-G0803,Z. Collins,3,3.414285714285714,-1.9580573780997261
S2324-G0807,A. Coffey,2,-0.4616666666666669,-1.0008977129115921
S2324-G0807,A. Coffey,3,4.8152380952380955,0.22570160040467704
S2324-G0807,D. Rose,1,4.366666666666667,-1.1480065022959052
S2324-G0807,D. Rose,2,-4.529999999999999,-3.641495430543851
S2324-G0807,G. Jackson II,1,1.5733333333333324,2.096122772084551
S2324-G0807,G. Jackson II,2,0.6033333333333335,0.6846340122616621
S2324-G0807,G. Jackson II,3,6.93,1.5532037274458101
S2324-G0807,I. Zubac,1,-2.3183333333333334,-2.6970315219421086
S2324-G0807,I. Zubac,2,-4.460714285714285,-1.6244076059202959
S2324-G0807,I. Zubac,3,6.90025974025974,2.9428610794040138
S2324-G0807,J. Harden,1,-8.533333333333333,-4.88008186998955
S2324-G0807,J. Harden,2,3.8636363636363624,1.5187636270029636
S2324-G0807,J. Harden,3,-0.535064935064935,-3.199785299673367
S2324-G0807,J. Jackson Jr.,1,16.533044733044733,15.730150530605776
S2324-G0807,J. Jackson Jr.,2,-3.3941558441558453,-4.619969270711949
S2324-G0807,J. Jackson Jr.,3,-6.643181818181816,1.2207281588903036
S2324-G0807,J. Konchar,1,5.366666666666667,-1.5559544375242054
S2324-G0807,J. Konchar,2,-6.7250000000000005,-4.855278154387736
S2324-G0807,J. Konchar,3,2.3183333333333334,0.945842964381904
S2324-G0807,J. LaRavia,1,-12.23333333333333,-1.8890562002302547
S2324-G0807,J. LaRavia,2,17.03333333333333,6.253977508441702
S2324-G0807,K. Leonard,1,17.45873015873016,11.02856948058029
S2324-G0807,K. Leonard,2,-21.847619047619048,-7.345872825438865
S2324-G0807,K. Leonard,3,12.912409812409814,11.475885731020417
S2324-G0807,L. Kennard,1,-2.9257142857142853,-4.031005766338516
S2324-G0807,L. Kennard,2,3.24,0.8028773189528247
S2324-G0807,L. Kennard,3,-4.566666666666666,-2.8680455833146583
S2324-G0807,L. Stevens,1,-10.646320346320346,-3.189853915477251
S2324-G0807,L. Stevens,2,11.112987012987013,6.818077000676473
S2324-G0807,L. Stevens,3,-8.91,-4.603793731934867
S2324-G0807,M. Plumlee,1,-4.436666666666667,-6.307597723580308
S2324-G0807,P. George,1,-0.07111111111111157,0.39274468248389216
S2324-G0807,P. George,2,7.711111111111112,-0.44273254314934274
S2324-G0807,P. George,3,-17.266666666666666,-5.368385886151374
S2324-G0807,P. Tucker,1,-0.08333333333333326,-5.866799967113386
S2324-G0807,P. Tucker,3,0.08333333333333326,-5.007170660333011
S2324-G0807,R. Westbrook,1,1.9833333333333325,2.465189035263696
S2324-G0807,R. Westbrook,2,-7.174999999999999,-2.603077981915898
S2324-G0807,R. Westbrook,3,4.645,3.5885129398759754
S2324-G0807,S. Aldama,1,1.0142857142857142,-0.8919386729097742
S2324-G0807,S. Aldama,2,-0.11428571428571477,0.1635180605915253
S2324-G0807,S. Aldama,3,2.189285714285715,-1.6417105621462156
S2324-G0807,T. Mann,1,14.018181818181818,9.879176472338653
S2324-G0807,T. Mann,2,-8.987987012987011,-4.0383869885228005
S2324-G0807,T. Mann,3,0.004440004440002809,4.731472833019029
S2324-G0807,V. Williams Jr.,1,-1.4850000000000012,0.7729322381092174
S2324-G0807,V. Williams Jr.,2,8.75,2.411739666795803
S2324-G0807,V. Williams Jr.,3,2.375,-4.6647252587797565
S2324-G0807,Z. Williams,1,-4.563636363636363,-0.6330054060165607
S2324-G0807,Z. Williams,2,4.363636363636363,0.966105088513222
S2324-G0807,Z. Williams,3,8.86969696969697,-2.6166136823517565
S2324-G0808,A. Edwards,1,0.5415584415584433,9.103797335159548
S2324-G0808,A. Edwards,2,-0.8727272727272748,4.72291993197906
S2324-G0808,A. Edwards,3,-9.516161616161618,8.055172823940676
S2324-G0808,B. Lopez,1,5.662380952380953,9.378423063285652
S2324-G0808,B. Lopez,2,13.323333333333336,0.8802272820408078
S2324-G0808,B. Lopez,3,-2.3833333333333333,-5.694832651456174
S2324-G0808,B. Portis,1,13.271666666666667,9.458050962529605
S2324-G0808,B. Portis,2,2.2416666666666663,-2.0683251265143423
S2324-G0808,B. Portis,3,-8.93095238095238,-3.0677361137318537
S2324-G0808,D. Gallinari,1,-2.3583333333333334,-5.866799967113386
S2324-G0808,D. Lillard,1,-2.7005494505494507,-1.7140693979828434
S2324-G0808,D. Lillard,2,-11.394642857142857,-0.04250934242529657
S2324-G0808,D. Lillard,3,2.7458333333333336,11.416532119167458
S2324-G0808,G. Antetokounmpo,1,-7.656410256410254,0.9885273928538552
S2324-G0808,G. Antetokounmpo,2,-0.9899100899100937,5.2637246984713375
S2324-G0808,G. Antetokounmpo,3,4.143290043290044,2.6502403384012285
S2324-G0808,J. Crowder,1,0.01363636363636278,-4.0055679300639735
S2324-G0808,J. Crowder,2,4.572077922077923,-3.4354380873836567
S2324-G0808,J. Crowder,3,-4.2023809523809526,-6.91664182011154
S2324-G0808,J. McDaniels,1,2.3142857142857145,-5.007560143417823
S2324-G0808,J. McDaniels,2,-6.875,-5.89936562289897
S2324-G0808,J. McDaniels,3,2.5683333333333334,0.1867058677899517
S2324-G0808,K. Anderson,1,-4.288888888888888,-5.866799967113386
S2324-G0808,K. Anderson,2,4.205555555555555,-0.5952964260714286
S2324-G0808,K. Anderson,3,-12.792857142857143,-5.651471334459496
S2324-G0808,K. Towns,1,13.027922077922078,13.652379714997137
S2324-G0808,K. Towns,2,5.586363636363638,-3.918389229592073
S2324-G0808,K. Towns,3,-12.979999999999999,-6.148507441131548
S2324-G0808,M. Beasley,1,0.03809523809523796,-5.980626229794997
S2324-G0808,M. Beasley,2,-39.545833333333334,-5.213947862734808
S2324-G0808,M. Beasley,3,37.27440476190476,25.926129319858337
S2324-G0808,M. Conley,1,-1.9892857142857139,-0.6013063703812634
S2324-G0808,M. Conley,2,5.564285714285713,2.077540436131669
S2324-G0808,M. Conley,3,3.0833333333333335,-0.6493577632403608
S2324-G0808,M. Morris,2,-7.366666666666665,-3.3219069260870713
S2324-G0808,N. Alexander-Walker,1,-12.00666666666667,-1.6226764793447845
S2324-G0808,N. Alexander-Walker,2,5.992380952380955,9.044798410128424
S2324-G0808,N. Reid,1,15.266666666666667,8.83411328644072
S2324-G0808,N. Reid,2,3.353333333333334,-4.234088604289201
S2324-G0808,N. Reid,3,-9.363333333333333,-7.657067401893372
S2324-G0808,P. Beverley,1,6.675,-1.7116489080389872
S2324-G0808,P. Beverley,2,-4.406666666666667,-6.007924662773303
S2324-G0808,P. Connaughton,1,11.908333333333333,3.250880497506311
S2324-G0808,P. Connaughton,2,-7.6,-5.560222610023104
S2324-G0808,P. Connaughton,3,7.666666666666667,1.1078763348601925
S2324-G0808,R. Gobert,1,-4.180341880341881,-2.918510145031853
S2324-G0808,R. Gobert,2,-4.753205128205128,-2.1470127503621455
S2324-G0808,R. Gobert,3,8.975,1.651105772746555
S2324-G0809,A. Wiggins,2,-10.317307692307692,-1.382344301474199
S2324-G0809,B. Coulibaly,1,6.829999999999999,-2.886081527825097
S2324-G0809,B. Coulibaly,2,-19.6,-7.34368908289435
S2324-G0809,B. Coulibaly,3,12.05,9.990918315018133
S2324-G0809,C. Holmgren,1,-24.998380566801615,0.005795404037293969
S2324-G0809,C. Holmgren,2,21.83171390013495,16.83931159728012
S2324-G0809,C. Kispert,1,-20.921791443850267,3.9319227652591073
S2324-G0809,C. Kispert,2,25.796791443850267,18.73767934292287
S2324-G0809,C. Wallace,1,4.199999999999999,-2.446504624202314
S2324-G0809,C. Wallace,2,-2.225,-4.527274039148147
S2324-G0809,C. Wallace,3,-20.28611111111111,-3.042105115758912
S2324-G0809,E. Omoruyi,1,7.8500000000000005,0.9401802072479404
S2324-G0809,E. Omoruyi,2,-2.45,-5.405160665421915
S2324-G0809,E. Omoruyi,3,-8.68,-3.9109298503533605
S2324-G0809,G. Hayward,2,-11.061813186813186,-2.070169693620121
S2324-G0809,I. Joe,1,-7.666666666666667,-6.263642031118527
S2324-G0809,I. Joe,2,-1.9714285714285715,1.3480180541713933
S2324-G0809,I. Joe,3,5.032539682539683,2.538648576685728
S2324-G0809,J. Davis,1,-2.2642857142857142,-5.914740076581552
S2324-G0809,J. Davis,2,2.2642857142857142,-3.0900452252270783
S2324-G0809,J. Davis,3,-18.175,-5.731258028527273
S2324-G0809,J. Giddey,1,-6.636363636363638,-2.349695209355887
S2324-G0809,J. Giddey,2,-1.296969696969695,0.45060148233851427
S2324-G0809,J. Poole,1,-0.0595238095238102,9.1304681798653
S2324-G0809,J. Poole,2,9.865079365079366,5.345020395423095
S2324-G0809,J. Poole,3,-1.3698412698412685,0.7422429316553376
S2324-G0809,J. Williams,1,0.3539682539682545,2.8589321964343175
S2324-G0809,J. Williams,2,6.331746031746031,1.1976866974461486
S2324-G0809,J. Williams,3,-0.1678571428571427,-2.921688785811599
S2324-G0809,K. Kuzma,1,12.788888888888888,9.289845095924905
S2324-G0809,K. Kuzma,2,-6.4447330447330415,-2.319640340374232
S2324-G0809,K. Williams,1,15.985714285714288,7.0455977435585755
S2324-G0809,K. Williams,2,-7.6,-4.54904036105362
S2324-G0809,K. Williams,3,5.314285714285714,1.3624108987722638
S2324-G0809,L. Dort,1,3.0285714285714285,-1.7188398209118434
S2324-G0809,L. Dort,2,-13.023809523809524,-3.2791758513145863
S2324-G0809,L. Shamet,1,-0.1416666666666666,-4.197265252746095
S2324-G0809,L. Shamet,3,2.5666666666666664,-2.674756562569154
S2324-G0809,M. Bagley III,1,-9.614444444444445,-0.6536937121735823
S2324-G0809,M. Bagley III,2,7.601262626262626,7.760381569413869
S2324-G0809,M. Bagley III,3,6.693181818181818,0.40949992243654487
S2324-G0809,P. Baldwin Jr.,2,-3.000000000000001,-4.0055679300639735
S2324-G0809,S. Gilgeous-Alexander,1,21.82424242424242,17.277526285825957
S2324-G0809,S. Gilgeous-Alexander,2,-15.636111111111111,-7.333989493208119
S2324-G0809,T. Jones,1,8.9,0.5405164637656731
S2324-G0809,T. Jones,2,-7.608333333333334,-5.729106598649821
S2324-G0833,A. Black,2,-17.29939393939394,-6.1972457777564225
S2324-G0833,C. Anthony,1,-9.965714285714286,-1.7621791004941638
S2324-G0833,C. Anthony,2,7.680000000000001,4.8659603804099145
S2324-G0833,C. Anthony,3,-8.02,-1.7397253070513266
S2324-G0833,C. Houstan,1,2.389177489177489,-1.143573186791084
S2324-G0833,C. Houstan,2,0.04166666666666696,-5.244814950310192
S2324-G0833,C. Houstan,3,5.258333333333333,-2.505409684527746
S2324-G0833,C. Johnson,1,7.615,5.244586664014811
S2324-G0833,C. Johnson,2,2.3249999999999993,-0.952724344475675
S2324-G0833,C. Johnson,3,4.1,-1.8809821422580908
S2324-G0833,D. Finney-Smith,1,-7.675714285714285,-6.3749769957105675
S2324-G0833,D. Finney-Smith,2,7.723333333333333,0.9005490002420367
S2324-G0833,D. Finney-Smith,3,-0.43333333333333335,-7.4205071028488385
S2324-G0833,D. Schroder,1,6.273333333333337,7.033616777261447
S2324-G0833,D. Schroder,2,1.1478787878787866,1.4807708298004718
S2324-G0833,D. Schroder,3,9.818787878787878,-0.36560051008453254
S2324-G0833,D. Sharpe,1,4.238095238095237,-2.3180724561389834
S2324-G0833,D. Sharpe,2,-4.346666666666667,-5.23995477878376
S2324-G0833,D. Sharpe,3,4.446666666666667,-0.40356083367011863
S2324-G0833,D. Smith Jr.,1,0.6107142857142858,-1.1350836242305542
S2324-G0833,D. Smith Jr.,2,-6.319047619047618,-2.881427256143063
S2324-G0833,F. Wagner,1,-13.779298642533936,1.5211047553892554
S2324-G0833,F. Wagner,2,13.687631975867271,13.780058323480901
S2324-G0833,G. Harris,1,11.899999999999999,1.8179269312071134
S2324-G0833,G. Harris,2,-9.908333333333333,-7.657067401893372
S2324-G0833,J. Ingles,1,2.433333333333333,-3.7389639216454986
S2324-G0833,J. Ingles,2,-2.3976190476190475,-5.125010033344183
S2324-G0833,J. Suggs,1,9.661904761904761,1.3205328361935065
S2324-G0833,J. Suggs,2,-4.2063492063492065,-5.0480212871137145
S2324-G0833,J. Wilson,1,-2.733333333333333,-2.962055407417114
S2324-G0833,J. Wilson,2,0.7285714285714286,-0.13080267392205253
S2324-G0833,J. Wilson,3,0.15714285714285658,-1.0573512438203636
S2324-G0833,L. Walker IV,1,-2.2363636363636363,-2.76458672372
S2324-G0833,L. Walker IV,2,4.664935064935065,0.2328805086922287
S2324-G0833,L. Walker IV,3,-8.664935064935065,-4.803813659074255
S2324-G0833,M. Bridges,1,0.0969696969696967,-3.146159789114662
S2324-G0833,M. Bridges,2,-10.980944055944056,-3.8793543896305924
S2324-G0833,M. Bridges,3,15.517307692307693,2.6388984018175283
S2324-G0833,M. Fultz,1,-0.3392857142857135,1.3941452350873413
S2324-G0833,M. Fultz,2,-4.292380952380952,0.3616201087820884
S2324-G0833,M. Fultz,3,4.273333333333333,2.9737331904778856
S2324-G0833,M. Wagner,1,3.915151515151515,3.6440395463338358
S2324-G0833,M. Wagner,2,-2.011818181818181,1.1286338577865274
S2324-G0833,M. Wagner,3,2.204999999999999,0.6321662949740945
S2324-G0833,N. Claxton,1,2.1726190476190483,0.07003290366583617
S2324-G0833,N. Claxton,2,-2.6173160173160186,-1.0946005619508399
S2324-G0833,N. Claxton,3,9.003030303030304,-0.2541344198193982
S2324-G0833,T. Watford,1,-2.205844155844156,-1.260261658535106
S2324-G0833,T. Watford,2,-1.29082251082251,2.6358847518485597
S2324-G0833,T. Watford,3,-6.448571428571428,1.134979582499831
S2324-G0833,W. Carter Jr.,1,17.866666666666667,4.089031752087226
S2324-G0833,W. Carter Jr.,2,-12.991666666666667,-10.235043457006379
S2324-G0840,B. Lopez,1,0.027272727272727337,-4.982122307143282
S2324-G0840,B. Lopez,2,2.4000000000000004,-7.611312982398787
S2324-G0840,B. Miller,1,-4.366666666666665,-3.3219069260870713
S2324-G0840,B. Miller,2,-9.633333333333333,0.33157212004087677
S2324-G0840,B. Miller,3,4.396969696969695,9.26858740374628
S2324-G0840,B. Portis,1,-19.535396825396827,2.612995360151252
S2324-G0840,B. Portis,2,13.950396825396826,15.952164310366392
S2324-G0840,C. Martin,1,-6.843333333333334,-3.3219069260870713
S2324-G0840,C. Martin,2,9.11,2.857312781603947
S2324-G0840,C. Martin,3,2.3,-3.62809748878565
S2324-G0840,D. Bertans,2,-16.59,-0.9497054810944094
S2324-G0840,D. Gallinari,1,-4.633333333333333,-5.866799967113386
S2324-G0840,D. Gallinari,2,-0.8666666666666663,-0.6074765285362854
S2324-G0840,D. Gallinari,3,-1.88,0.0807998492086188
S2324-G0840,D. Lillard,1,18.793174603174606,15.529148762675186
S2324-G0840,D. Lillard,2,-2.708181818181817,-3.8162823759522824
S2324-G0840,G. Antetokounmpo,1,18.292063492063495,12.289053296527403
S2324-G0840,G. Antetokounmpo,2,-9.446320346320348,-3.5104023973989573
S2324-G0840,G. Williams,1,0.13928571428571512,-1.9922835819006839
S2324-G0840,G. Williams,2,-4.10277777777778,-3.258714975872993
S2324-G0840,G. Williams,3,6.452777777777779,1.105353132668359
S2324-G0840,J. Crowder,1,-11.983333333333333,-6.247498722282295
S2324-G0840,J. Crowder,2,2.383333333333333,1.8898745731837434
S2324-G0840,M. Beasley,1,12.327272727272726,0.9470180090020629
S2324-G0840,M. Beasley,2,-7.79,-8.980641888110767
S2324-G0840,M. Bridges,1,9.620129870129869,6.899817286262882
S2324-G0840,M. Bridges,2,-3.938744588744588,-5.014220534061255
S2324-G0840,M. Bridges,3,-6.240925740925741,1.1076879118076186
S2324-G0840,N. Richards,1,10.993333333333332,1.5203100408121788
S2324-G0840,N. Richards,2,-4.404444444444444,-8.632089640957956
S2324-G0840,N. Richards,3,6.744444444444444,-3.4414124568563036
S2324-G0840,P. Beverley,1,-14.608333333333333,-5.843378349661971
S2324-G0840,P. Beverley,2,7.9416666666666655,5.614788459407205
S2324-G0840,P. Beverley,3,2.4333333333333345,-0.19287228254175495
S2324-G0840,P. Connaughton,1,2.3,-3.7850840455687553
S2324-G0840,P. Connaughton,2,-13.233333333333333,-5.035559551897323
S2324-G0840,P. Connaughton,3,-1.1129870129870127,5.716248388930539
S2324-G0840,S. Curry,1,-0.11428571428571388,1.1621224385278335
S2324-G0840,S. Curry,2,5.78095238095238,2.7440418945215765
S2324-G0840,S. Curry,3,-2.504761904761905,-5.30703286333055
S2324-G0840,T. Mann,1,5.4129870129870135,2.0653015833223742
S2324-G0840,T. Mann,2,1.2749999999999986,-1.6552445487718777
S2324-G0840,T. Mann,3,-9.570238095238095,-0.7409543212953419
S2324-G0840,V. Micic,1,-0.2666666666666666,-3.750933716958999
S2324-G0840,V. Micic,2,-4.1,-3.155483660581596
S2324-G0863,A. Nembhard,1,4.6,-3.3219069260870713
S2324-G0863,A. Nembhard,2,-9.86969696969697,-6.073772235705211
S2324-G0863,A. Nembhard,3,-13.355089355089357,3.7230550921383134
S2324-G0863,A. Nesmith,1,-6.792857142857143,-1.8909288657635956
S2324-G0863,A. Nesmith,2,8.534285714285714,3.2051342775764198
S2324-G0863,B. Ingram,1,37.71754385964912,22.78225150400919
S2324-G0863,B. Ingram,2,-21.695833333333333,-6.7032532735414545
S2324-G0863,B. Ingram,3,24.93916666666667,12.666288090693918
S2324-G0863,B. Mathurin,1,-3.614285714285713,-0.6728387783372496
S2324-G0863,B. Mathurin,2,1.0892857142857135,2.5696335855218795
S2324-G0863,B. Mathurin,3,-2.052777777777779,1.571489229677532
S2324-G0863,C. McCollum,1,-6.023809523809524,2.742318310096968
S2324-G0863,C. McCollum,2,4.323809523809524,7.095779134802941
S2324-G0863,C. McCollum,3,12.366666666666665,2.199677206722716
S2324-G0863,H. Jones,1,-2.265714285714286,-2.8421601432512147
S2324-G0863,H. Jones,3,2.2800000000000002,-0.16464030821711528
S2324-G0863,I. Jackson,3,-14.602500000000001,2.4303187083772513
S2324-G0863,J. Alvarado,1,-2.2333333333333334,-1.990074626074354
S2324-G0863,J. Alvarado,2,1.2333333333333334,-0.8913110810335767
S2324-G0863,J. Alvarado,3,-3.6030303030303026,-1.1172564922307218
S2324-G0863,J. Smith,1,-15.924999999999997,-4.863943687161574
S2324-G0863,J. Smith,2,15.849999999999998,7.600758196613432
S2324-G0863,J. Valanciunas,1,15.995833333333335,6.9807048471033735
S2324-G0863,J. Valanciunas,2,-6.593939393939394,-14.601378239952254
S2324-G0863,J. Valanciunas,3,-2.0419580419580416,-4.656808881985919
S2324-G0863,J. Walker,2,2.3166666666666664,-3.255830330048704
S2324-G0863,J. Walker,3,-10.604945054945055,-9.079888320644718
S2324-G0863,L. Nance Jr.,1,-4.300000000000001,-5.866799967113386
S2324-G0863,L. Nance Jr.,2,0.028571428571429358,-2.1746938060817063
S2324-G0863,M. Turner,1,4.426190476190477,4.424041739597182
S2324-G0863,M. Turner,2,1.8095238095238084,-0.7081556829020895
S2324-G0863,N. Marshall,2,3.273333333333334,-5.069503383596211
S2324-G0863,N. Marshall,3,0.09523809523809534,-7.657067401893372
S2324-G0863,O. Toppin,1,2.0,-2.1591457632390014
S2324-G0863,O. Toppin,2,-7.83968253968254,-3.7766426748268818
S2324-G0863,P. Siakam,1,12.966666666666669,9.61382740817406
S2324-G0863,P. Siakam,2,7.666666666666666,-2.462639351052812
S2324-G0863,T. Haliburton,1,2.271428571428571,-3.287756597477315
S2324-G0863,T. Haliburton,2,-6.983333333333334,-3.641495430543851
S2324-G0863,T. McConnell,1,-8.816558441558442,-1.0008977129115921
S2324-G0863,T. McConnell,2,10.574891774891775,6.639804836627977
S2324-G0863,T. Murphy III,1,-29.35,0.9618046932777814
S2324-G0863,T. Murphy III,2,27.8969696969697,24.271373347948554
S2324-G0863,T. Murphy III,3,5.633333333333333,-2.41635318144512
S2324-G0863,Z. Williamson,1,4.033333333333333,-0.7041143705687222
S2324-G0863,Z. Williamson,2,-4.166666666666666,-4.940476950472684
S2324-G0866,B. Bogdanovic,1,0.7155555555555555,3.0568979076362006
S2324-G0866,B. Bogdanovic,2,-5.773888888888889,-2.0184813776663786
S2324-G0866,B. Bogdanovic,3,17.95,3.778365806322344
S2324-G0866,B. Fernando,1,8.6,1.3941452350873413
S2324-G0866,B. Fernando,2,-8.97142857142857,-6.815698190367681
S2324-G0866,B. Fernando,3,4.633333333333333,1.6674786976365603
S2324-G0866,C. Capela,1,-0.8058608058608066,0.30845459330858827
S2324-G0866,C. Capela,2,2.808241758241758,0.27708630930561373
S2324-G0866,C. Capela,3,4.464285714285714,-3.129908352306015
S2324-G0866,C. Johnson,1,4.356493506493505,6.315011607509559
S2324-G0866,C. Johnson,2,2.0808080808080813,0.02622330397867647
S2324-G0866,C. Johnson,3,0.8499999999999996,0.4440532943083813
S2324-G0866,D. Finney-Smith,1,-7.199999999999998,-2.042315823837821
S2324-G0866,D. Finney-Smith,2,11.6,-0.13689341243186473
S2324-G0866,D. Finney-Smith,3,-1.8888888888888888,-5.17741677841304
S2324-G0866,D. Hunter,1,-11.153571428571428,4.516888455209476
S2324-G0866,D. Hunter,2,23.067857142857143,14.271417257675079
S2324-G0866,D. Hunter,3,-1.2654545454545456,-7.014436275447105
S2324-G0866,D. Murray,1,5.740392156862745,4.219739807451129
S2324-G0866,D. Murray,2,-2.500641025641025,-5.321215232889672
S2324-G0866,D. Murray,3,-4.975000000000001,1.4001633855219333
S2324-G0866,D. Schroder,1,-1.6198412698412694,-2.8020128285576678
S2324-G0866,D. Schroder,2,-5.5357142857142865,-1.97449704953691
S2324-G0866,D. Schroder,3,0.014285714285714235,4.253556624575528
S2324-G0866,D. Sharpe,1,2.464999999999999,-0.1896003119478826
S2324-G0866,D. Sharpe,3,2.7749999999999995,-2.505409684527746
S2324-G0866,D. Smith Jr.,1,-5.425000000000001,-3.750933716958999
S2324-G0866,D. Smith Jr.,2,2.8583333333333334,2.4188715450148237
S2324-G0866,D. Smith Jr.,3,2.466666666666667,-1.7069647771992995
S2324-G0866,G. Mathews,1,-2.3,-6.263642031118527
S2324-G0866,G. Mathews,2,2.3,-3.631860075350902
S2324-G0866,J. Johnson,1,2.7666666666666666,-2.8704339028373886
S2324-G0866,J. Johnson,2,-13.623809523809525,-4.850197469714728
S2324-G0866,J. Johnson,3,12.17835497835498,5.036875166280895
S2324-G0866,J. Wilson,1,5.366666666666667,-1.2887675045319547
S2324-G0866,J. Wilson,2,-2.3380952380952382,-5.289973598727397
S2324-G0866,J. Wilson,3,0.13333333333333375,-2.4399850037908744
S2324-G0866,K. Bufkin,1,-1.038095238095238,-5.8708714226275225
S2324-G0866,K. Bufkin,2,-3.5952380952380953,-3.611311298907223
S2324-G0866,K. Bufkin,3,-4.324999999999999,-2.2990601678838525
S2324-G0866,L. Walker IV,1,13.803030303030303,1.7349230277136691
S2324-G0866,L. Walker IV,2,-4.3999999999999995,-8.014979520715814
S2324-G0866,M. Bridges,1,-5.18888888888889,10.363211553678449
S2324-G0866,M. Bridges,2,-4.073611111111113,14.574168168453404
S2324-G0866,M. Bridges,3,19.91011904761905,16.375917283709022
S2324-G0866,N. Claxton,1,-10.928021978021977,-6.3749769957105675
S2324-G0866,N. Claxton,2,6.4491258741258735,2.500957745877878
S2324-G0866,N. Claxton,3,-13.11634199134199,-3.8291894030378963
S2324-G0866,S. Bey,1,-10.681666666666667,1.1173999745342658
S2324-G0866,S. Bey,2,19.24,9.964594004834384
S2324-G0866,S. Bey,3,-18.349999999999998,-5.17741677841304
S2324-G0869,A. Davis,1,9.938888888888888,8.936900112575888
S2324-G0869,A. Davis,2,-1.666666666666666,-7.847410081901529
S2324-G0869,A. Davis,3,4.6,-2.4532226505257997
S2324-G0869,A. Gordon,1,-7.11904761904762,1.501041573294288
S2324-G0869,A. Gordon,2,2.3727272727272712,6.974133266577025
S2324-G0869,A. Gordon,3,4.901875901875902,3.871179446449202
S2324-G0869,A. Reaves,1,2.663030303030304,2.1311391753996123
S2324-G0869,A. Reaves,2,-2.918333333333333,-2.5069851275720736
S2324-G0869,A. Reaves,3,-2.341666666666667,1.9188297189014352
S2324-G0869,C. Braun,1,-4.4976190476190485,-4.88008186998955
S2324-G0869,C. Braun,2,6.826190476190477,-1.5105716841543373
S2324-G0869,C. Reddish,2,5.366666666666667,-0.5277111673703595
S2324-G0869,D. Russell,1,-18.317307692307693,-1.478949382342488
S2324-G0869,D. Russell,2,9.242307692307694,13.344447171045362
S2324-G0869,D. Russell,3,15.7,3.91167774937678
S2324-G0869,J. Hayes,2,-2.4157142857142855,-2.8421601432512147
S2324-G0869,J. Holiday,1,-4.204761904761905,-1.5559544375242054
S2324-G0869,J. Holiday,2,-4.83968253968254,3.594232359527793
S2324-G0869,J. Murray,1,-11.8375,-2.9430373523708924
S2324-G0869,J. Murray,2,-5.543214285714285,8.694633716644745
S2324-G0869,J. Murray,3,-3.351428571428574,9.564191677814868
S2324-G0869,L. James,1,-10.280341880341883,1.3205328361935065
S2324-G0869,L. James,2,15.502564102564104,10.09046746731513
S2324-G0869,L. James,3,-24.74222222222222,-5.607216433112965
S2324-G0869,M. Porter Jr.,1,-7.546428571428571,1.012310452847511
S2324-G0869,M. Porter Jr.,2,8.625,5.625810275327335
S2324-G0869,M. Porter Jr.,3,0.035714285714286476,-1.3941706211187312
S2324-G0869,N. Jokic,1,26.46606060606061,24.105193531170794
S2324-G0869,N. Jokic,2,-20.66666666666667,-11.319573756158194
S2324-G0869,N. Jokic,3,18.51619047619048,13.574380618867016
S2324-G0869,P. Watson,1,6.666666666666667,-1.1480065022959052
S2324-G0869,P. Watson,2,-1.4666666666666666,-5.213947862734808
S2324-G0869,P. Watson,3,-9.647619047619045,-4.774815704937361
S2324-G0869,R. Hachimura,1,9.643333333333333,7.77716075288056
S2324-G0869,R. Hachimura,2,-10.593333333333332,-1.9659081883196463
S2324-G0869,R. Hachimura,3,16.849999999999998,9.389630587704387
S2324-G0869,R. Jackson,1,-2.3,-6.020780834898836
S2324-G0869,S. Dinwiddie,2,0.0,-3.7850840455687553
S2324-G0869,S. Dinwiddie,3,-5.397619047619047,-3.8629897408851943
S2324-G0869,T. Prince,1,9.064285714285713,2.479903196800044
S2324-G0869,T. Prince,2,-0.06666666666666643,-4.207261207926067
S2324-G0869,Z. Nnaji,1,-4.800000000000001,-5.8708714226275225
S2324-G0869,Z. Nnaji,2,4.766666666666667,-0.32332446467301834
S2324-G0870,A. Holiday,1,2.316666666666667,-3.8330241550369215
S2324-G0870,A. Holiday,2,0.1333333333333332,-4.387892729620964
S2324-G0870,A. Sengun,1,2.976767676767679,7.611503052460596
S2324-G0870,A. Sengun,2,1.1190476190476168,-5.481902108234247
S2324-G0870,A. Sengun,3,-2.3912698412698425,-3.201378113735742
S2324-G0870,A. Thompson,1,5.045,2.726554326877104
S2324-G0870,A. Thompson,2,4.680000000000001,-1.8756440810792951
S2324-G0870,A. Thompson,3,-6.395238095238096,-6.577267803370247
S2324-G0870,B. Beal,1,-7.569696969696969,-2.4856892389547847
S2324-G0870,B. Beal,2,7.003030303030303,4.347191527767574
S2324-G0870,B. Bol,1,-0.8387445887445892,2.253781739926783
S2324-G0870,B. Bol,2,5.269696969696969,2.4335541956415256
S2324-G0870,B. Bol,3,4.666666666666668,-3.635372377968312
S2324-G0870,C. Whitmore,1,-1.4333333333333318,1.1996401918861275
S2324-G0870,C. Whitmore,2,8.083333333333332,3.221605068248515
S2324-G0870,C. Whitmore,3,1.2833333333333332,-6.1472659872038395
S2324-G0870,D. Booker,1,16.625,11.799924443691065
S2324-G0870,D. Booker,2,-6.775,-6.171407648366932
S2324-G0870,D. Booker,3,1.1425,1.784936560485699
S2324-G0870,D. Brooks,1,0.08333333333333348,-5.8757883247608715
S2324-G0870,D. Brooks,2,-11.975641025641025,-9.318358074990112
S2324-G0870,D. Brooks,3,-1.0326923076923098,4.75113098442311
S2324-G0870,D. Eubanks,1,-4.34,-3.6391313260220493
S2324-G0870,D. Eubanks,3,6.640000000000001,0.6871569584606425
S2324-G0870,F. VanVleet,1,11.229177489177488,10.334252304294477
S2324-G0870,F. VanVleet,2,-3.49,-2.105968853340035
S2324-G0870,F. VanVleet,3,4.883333333333335,3.6429085485691473
S2324-G0870,G. Allen,1,0.08696969696969692,-3.104583770012144
S2324-G0870,G. Allen,2,4.997474747474747,-1.3993832755129376
S2324-G0870,G. Allen,3,-0.2999999999999998,-5.885112669210129
S2324-G0870,J. Green,1,8.558119658119661,14.597493672865049
S2324-G0870,J. Green,2,0.3632478632478602,6.694166885880294
S2324-G0870,J. Green,3,-3.666783216783216,3.0410951965553847
S2324-G0870,J. Landale,1,2.3,-4.412808960720689
S2324-G0870,J. Landale,2,0.06666666666666665,-5.289973598727397
S2324-G0870,J. Nurkic,1,3.401587301587302,0.8168387334376348
S2324-G0870,J. Okogie,2,5.2714285714285705,-1.5524816173574705
S2324-G0870,J. Okogie,3,-8.545833333333333,-5.289973598727397
S2324-G0870,J. Smith Jr.,1,-4.561904761904762,-4.484256616834441
S2324-G0870,J. Smith Jr.,2,-12.793939393939393,0.4153824208756285
S2324-G0870,J. Smith Jr.,3,8.546320346320346,10.570407716956737
S2324-G0870,K. Durant,1,-7.646791443850266,-1.8940472208497718
S2324-G0870,K. Durant,2,-13.853208556149735,4.7474325040658165
S2324-G0870,K. Durant,3,3.21086956521739,14.15039231595314
S2324-G0870,R. O'Neale,1,7.33095238095238,0.5913999006217482
S2324-G0870,R. O'Neale,2,-14.966666666666665,-1.4228348137963767
S2324-G0870,R. O'Neale,3,4.411111111111111,7.546005478579348
S2324-G0870,S. Lee,1,-1.2666666666666664,-6.263642031118527
S2324-G0870,T. Young,3,-2.2800000000000002,-2.3367079455930364
S2324-G0876,A. Burks,2,-11.30873015873016,-1.541251837103636
S2324-G0876,B. Bogdanovic,1,-19.1075,-2.321148912081177
S2324-G0876,B. Bogdanovic,2,17.140833333333333,12.866853132823017
S2324-G0876,B. Bogdanovic,3,-13.233333333333334,-5.056626538193968
S2324-G0876,C. Porter Jr.,2,2.147619047619047,-1.6614249767411964
S2324-G0876,C. Porter Jr.,3,2.266666666666667,-3.1869788480299626
S2324-G0876,D. DiVincenzo,1,28.27367521367521,19.696731541287836
S2324-G0876,D. DiVincenzo,2,-25.305833333333332,-7.886467629891789
S2324-G0876,D. DiVincenzo,3,27.64583333333333,21.747584245754243
S2324-G0876,D. Garland,1,-4.024285714285716,2.6785553176405124
S2324-G0876,D. Garland,2,11.089285714285715,4.6891096297477795
S2324-G0876,D. Garland,3,-16.311363636363637,-2.677961664141238
S2324-G0876,D. Wade,1,-0.26666666666666616,-4.3394740173584605
S2324-G0876,D. Wade,2,0.24166666666666625,-2.2187908150990734
S2324-G0876,D. Wade,3,0.02499999999999991,-3.1048774128506618
S2324-G0876,E. Mobley,1,5.331428571428572,1.3591840499324686
S2324-G0876,E. Mobley,2,-9.032380952380954,-6.945332096492329
S2324-G0876,E. Mobley,3,11.521212121212123,4.203993946194107
S2324-G0876,G. Niang,1,-6.958333333333334,-5.866799967113386
S2324-G0876,G. Niang,2,4.658333333333333,1.432630118085553
S2324-G0876,G. Niang,3,-2.271428571428572,-4.469957813514143
S2324-G0876,I. Hartenstein,1,0.5396825396825395,-0.6241496752255922
S2324-G0876,I. Hartenstein,2,4.271428571428571,-2.1457376428170045
S2324-G0876,I. Hartenstein,3,1.8000000000000007,-3.173790884903344
S2324-G0876,I. Okoro,1,7.164285714285713,3.8613988568771913
S2324-G0876,I. Okoro,2,-16.708730158730162,-5.2581778979446225
S2324-G0876,I. Okoro,3,24.458730158730162,9.627942946218079
S2324-G0876,J. Allen,1,-7.472943722943722,1.5001601269900675
S2324-G0876,J. Allen,2,16.40151515151515,5.763483230009602
S2324-G0876,J. Allen,3,-5.833333333333333,-5.946172168734849
S2324-G0876,J. Hart,1,6.0723809523809535,2.2732488837677525
S2324-G0876,J. Hart,2,-8.666666666666668,-7.868854751442702
S2324-G0876,J. Hart,3,0.9584415584415602,-1.5551473162789742
S2324-G0876,J. Sims,1,0.04999999999999993,-5.914740076581552
S2324-G0876,J. Sims,2,0.09999999999999998,-4.527274039148147
S2324-G0876,J. Sims,3,-0.17142857142857137,-5.180157361864933
S2324-G0876,M. McBride,1,6.041666666666666,8.547609870914538
S2324-G0876,M. McBride,2,4.210714285714286,0.8964984618556029
S2324-G0876,M. McBride,3,-8.252380952380953,-1.7285560248574152
S2324-G0876,M. Strus,1,11.56969696969697,-4.267548567361276
S2324-G0876,M. Strus,2,-12.873333333333333,-6.978082760765495
S2324-G0876,M. Strus,3,10.54,3.9760745786205027
S2324-G0876,P. Achiuwa,1,-6.4243589743589755,-6.693096112102067
S2324-G0876,P. Achiuwa,2,-12.869696969696967,-4.7402415358306405
S2324-G0876,S. Merrill,1,-21.01969696969697,-3.268594955741503
S2324-G0876,S. Merrill,2,11.19469696969697,13.62433703194953
S2324-G0876,S. Merrill,3,-0.47499999999999964,3.2205754506239894
S2324-G0880,A. Coffey,1,-6.625,-3.750933716958999
S2324-G0880,A. Coffey,2,4.510714285714285,2.27355872032818
S2324-G0880,A. Coffey,3,1.9642857142857144,-1.7059642896703522
S2324-G0880,A. Green,1,2.3666666666666663,-3.7850840455687553
S2324-G0880,A. Green,2,-13.049999999999999,-4.855278154387736
S2324-G0880,B. Hyland,1,9.704761904761904,1.5935848002858002
S2324-G0880,B. Hyland,2,-2.3666666666666663,-5.213947862734808
S2324-G0880,B. Hyland,3,0.06666666666666643,-4.469957813514143
S2324-G0880,B. Lopez,1,7.463333333333333,0.5664558921794951
S2324-G0880,B. Lopez,2,0.39666666666666694,-5.30801934921078
S2324-G0880,B. Lopez,3,0.9033333333333329,-3.81804137911851
S2324-G0880,B. Portis,1,-15.323809523809523,-0.20720401743311978
S2324-G0880,B. Portis,2,10.846031746031745,11.734077693428377
S2324-G0880,B. Portis,3,-19.252525252525253,1.5541329253376315
S2324-G0880,D. Gallinari,2,-8.786666666666665,-6.263642031118527
S2324-G0880,D. Lillard,1,15.44922077922078,17.401014358712928
S2324-G0880,D. Lillard,2,-7.910357142857144,-2.6129988604256567
S2324-G0880,D. Lillard,3,2.033824786324786,10.250231957339782
S2324-G0880,D. Theis,1,1.0399999999999991,-0.3975288055512195
S2324-G0880,D. Theis,2,-0.10666666666666647,-2.414753903286509
S2324-G0880,I. Zubac,1,-7.041666666666666,-6.307597723580308
S2324-G0880,I. Zubac,2,4.5649999999999995,2.9288637076408954
S2324-G0880,I. Zubac,3,4.585,-0.9319662005929108
S2324-G0880,J. Crowder,1,5.15,-0.09395855956802424
S2324-G0880,J. Crowder,2,0.1499999999999999,-3.4816467974922167
S2324-G0880,J. Harden,1,18.190952380952382,11.356654255397226
S2324-G0880,J. Harden,2,-6.3100000000000005,-5.693020353590612
S2324-G0880,J. Harden,3,-8.71111111111111,2.1983592771838967
S2324-G0880,K. Leonard,1,0.8406349206349208,2.5671203816312986
S2324-G0880,K. Leonard,2,-18.63103896103896,-2.212202199341263
S2324-G0880,K. Leonard,3,18.322150072150073,14.558038254805838
S2324-G0880,M. Beasley,1,-2.4333333333333336,-4.975758216777634
S2324-G0880,M. Beasley,2,-11.98333333333333,-5.342600361765184
S2324-G0880,M. Beasley,3,9.99285714285714,5.017812676256135
S2324-G0880,N. Powell,2,0.7999999999999998,-1.4896630580063726
S2324-G0880,N. Powell,3,-6.5633333333333335,-5.064696706589082
S2324-G0880,P. Beverley,1,-15.996666666666664,-3.3543349051698605
S2324-G0880,P. Beverley,2,18.541666666666664,9.756113513066715
S2324-G0880,P. Beverley,3,-5.541666666666668,-7.258370548116256
S2324-G0880,P. Connaughton,1,-2.1999999999999997,-3.952090073101738
S2324-G0880,P. Connaughton,2,-4.486666666666666,-0.6973552016211507
S2324-G0880,P. George,1,-3.4725274725274726,4.452838515719692
S2324-G0880,P. George,2,6.176098901098902,4.852018721060671
S2324-G0880,P. George,3,-10.340714285714286,-0.12507657817035134
S2324-G0880,T. Mann,1,4.397619047619047,-1.8281771499966029
S2324-G0880,T. Mann,2,-2.1976190476190482,-4.210927946784329
S2324-G0882,B. Coulibaly,1,10.999999999999998,0.9301002904517023
S2324-G0882,B. Coulibaly,2,-5.338095238095237,-7.519619265188545
S2324-G0882,B. Coulibaly,3,-1.6952380952380954,-1.3202331597582977
S2324-G0882,B. Sensabaugh,1,6.683333333333334,-0.24909408963255267
S2324-G0882,B. Sensabaugh,2,-18.84,-6.815698190367681
S2324-G0882,B. Sensabaugh,3,16.54,7.381725649759632
S2324-G0882,C. Kispert,1,6.836904761904762,2.894081408279389
S2324-G0882,C. Kispert,2,-5.368571428571428,-5.4886961727974075
S2324-G0882,C. Kispert,3,9.94,1.5418835766781198
S2324-G0882,C. Sexton,1,-6.905303030303031,7.634788333881894
S2324-G0882,C. Sexton,2,12.968333333333334,11.220189982227454
S2324-G0882,C. Sexton,3,-5.104444444444447,-0.91791307666544
S2324-G0882,D. Avdija,1,-0.3206793206793215,3.852758218005245
S2324-G0882,D. Avdija,2,1.9463203463203484,1.5123964422944183
S2324-G0882,D. Avdija,3,0.39696969696969653,1.3217009432307156
S2324-G0882,J. Clarkson,1,-30.47662337662338,-0.350305559476796
S2324-G0882,J. Clarkson,2,12.327575757575758,21.265655966618926
S2324-G0882,J. Clarkson,3,-6.211666666666666,10.86976479244419
S2324-G0882,J. Collins,1,5.917543859649122,3.172052444607054
S2324-G0882,J. Collins,2,-9.624786324786324,-7.322436198492489
S2324-G0882,J. Collins,3,18.420976800976803,4.585045141022815
S2324-G0882,J. Davis,1,5.366666666666667,-1.5559544375242054
S2324-G0882,J. Juzang,2,-4.6558441558441555,1.3205328361935065
S2324-G0882,J. Poole,1,-9.929841269841269,8.497460975842744
S2324-G0882,J. Poole,2,12.629841269841272,13.124729491191603
S2324-G0882,J. Poole,3,-1.3520634920634933,1.0914824112111638
S2324-G0882,K. Dunn,1,4.657575757575756,0.45751712435001357
S2324-G0882,K. Dunn,3,1.9054112554112557,-4.642390190617351
S2324-G0882,K. Kuzma,1,-4.405194805194803,4.257940881117716
S2324-G0882,K. Kuzma,2,12.06655844155844,6.139794373943757
S2324-G0882,K. Kuzma,3,-14.647727272727275,-2.91062102416231
S2324-G0882,L. Samanic,1,0.0,-3.951467602378409
S2324-G0882,L. Samanic,2,-9.66060606060606,-3.7239127521191597
S2324-G0882,L. Samanic,3,12.055844155844156,5.775260326790421
S2324-G0882,L. Shamet,2,1.9333333333333331,-2.446504624202314
S2324-G0882,L. Shamet,3,2.2523809523809524,-3.967077464737296
S2324-G0882,M. Bagley III,1,-2.3923076923076927,-2.446504624202314
S2324-G0882,M. Bagley III,2,-4.774358974358973,1.3966877905023265
S2324-G0882,O. Yurtseven,3,0.34444444444444433,-4.473571264467798
S2324-G0882,R. Holmes,1,-2.3666666666666663,-6.263642031118527
S2324-G0882,R. Holmes,2,-2.358333333333334,-3.1063362879149876
S2324-G0882,T. Hendricks,1,4.241666666666666,0.9134627807016066
S2324-G0882,T. Horton-Tucker,1,-1.1333333333333329,2.4288175718090326
S2324-G0882,T. Horton-Tucker,2,10.866666666666667,1.9699958529321588
S2324-G0882,T. Horton-Tucker,3,-9.208333333333332,-6.073772235705211
S2324-G0882,T. Jones,1,7.612987012987011,5.960355310527996
S2324-G0882,T. Jones,2,-7.585714285714284,-3.091217019634148
S2324-G0882,T. Jones,3,14.749999999999998,6.134071335070011
S2324-G0886,A. Horford,1,0.11666666666666714,-3.268594955741503
S2324-G0886,A. Horford,2,-7.316666666666668,-2.589797798688385
S2324-G0886,A. Horford,3,-1.6799999999999997,3.88559057483403
S2324-G0886,C. LeVert,1,-6.408333333333333,0.8387345672160162
S2324-G0886,C. LeVert,2,12.966666666666667,7.015613706776289
S2324-G0886,C. LeVert,3,-4.38917748917749,-5.593692425163054
S2324-G0886,D. Garland,1,16.879212454212457,8.261173541297639
S2324-G0886,D. Garland,2,-22.2482683982684,-5.027019082291991
S2324-G0886,D. Garland,3,25.41136363636364,14.311835446283087
S2324-G0886,D. Wade,1,3.147619047619047,1.2229020033159745
S2324-G0886,D. Wade,2,-31.61194295900178,-2.5932654980096626
S2324-G0886,D. White,1,-2.3000000000000003,-4.88008186998955
S2324-G0886,D. White,2,-0.7183333333333328,-4.53674086486412
S2324-G0886,D. White,3,3.058333333333333,-2.7004729256799926
S2324-G0886,E. Mobley,1,9.289033189033187,-3.244569434290097
S2324-G0886,E. Mobley,2,-6.394588744588743,-8.365198270740347
S2324-G0886,G. Niang,1,7.6000000000000005,-0.24691307927972714
S2324-G0886,G. Niang,2,-0.06666666666666665,-4.6935620853583355
S2324-G0886,G. Niang,3,-10.533333333333333,-4.935808933413431
S2324-G0886,I. Okoro,1,-8.88874458874459,-2.215064666987604
S2324-G0886,I. Okoro,2,0.010722610722611492,4.4862000810889855
S2324-G0886,I. Okoro,3,6.505641025641026,4.385658179887238
S2324-G0886,J. Allen,1,4.973333333333333,9.9882781072438
S2324-G0886,J. Allen,2,2.5966666666666676,2.759409015769593
S2324-G0886,J. Allen,3,13.23,2.3585754244263404
S2324-G0886,J. Brown,1,8.002564102564104,8.201031771771977
S2324-G0886,J. Brown,2,-12.779166666666665,-0.09854359397899053
S2324-G0886,J. Holiday,1,3.76111111111111,-1.2061237691892743
S2324-G0886,J. Holiday,2,-4.4444444444444455,-4.134843119359957
S2324-G0886,J. Holiday,3,0.7000000000000011,0.9810693188374762
S2324-G0886,J. Tatum,1,6.377499999999998,10.85787768031487
S2324-G0886,J. Tatum,2,9.057500000000001,5.1793701263893475
S2324-G0886,J. Tatum,3,-13.73222222222222,-4.5397269811015155
S2324-G0886,K. Porzingis,1,6.026623376623377,9.372145666350955
S2324-G0886,K. Porzingis,2,1.3728327228327224,-3.0579118778703243
S2324-G0886,K. Porzingis,3,-0.1456898656898673,0.6121040802553944
S2324-G0886,L. Kornet,2,-13.35,-6.296965292207381
S2324-G0886,P. Pritchard,1,-4.6083333333333325,-5.866799967113386
S2324-G0886,P. Pritchard,2,0.14499999999999957,-0.9437828015738088
S2324-G0886,S. Hauser,1,3.439285714285714,2.305928786236923
S2324-G0886,S. Hauser,2,6.491666666666666,-1.4406283472878594
S2324-G0886,S. Merrill,1,-12.366666666666665,-6.263642031118527
S2324-G0886,S. Merrill,2,4.602380952380953,5.213675813893797
S2324-G0886,S. Merrill,3,5.4642857142857135,0.22325308052787826
S2324-G0900,A. Hagans,1,6.5249999999999995,-1.0008977129115921
S2324-G0900,A. Hagans,2,0.09999999999999998,-5.89936562289897
S2324-G0900,A. Simons,1,2.1030303030303035,-0.662811848324876
S2324-G0900,A. Simons,2,-20.708547008547008,-5.350179971672712
S2324-G0900,A. Simons,3,-3.227960927960929,17.69510622278802
S2324-G0900,A. Wiggins,2,-6.592380952380952,-6.3749769957105675
S2324-G0900,C. Holmgren,1,-10.813636363636363,0.07659050559476317
S2324-G0900,C. Holmgren,2,16.08030303030303,6.633150053121014
S2324-G0900,C. Holmgren,3,-3.336363636363637,-6.474527984376094
S2324-G0900,C. Wallace,1,-4.4642857142857135,-4.3394740173584605
S2324-G0900,C. Wallace,2,6.764285714285714,1.3291989739910803
S2324-G0900,C. Wallace,3,0.0,-5.213947862734808
S2324-G0900,D. Banton,1,-13.336363636363638,-4.3394740173584605
S2324-G0900,D. Banton,2,5.600000000000001,6.138219773123925
S2324-G0900,D. Banton,3,-5.353636363636362,1.8580048664034552
S2324-G0900,D. Reath,1,-5.108225108225108,-1.5174584919425114
S2324-G0900,D. Reath,2,-4.550749250749254,1.085428445754013
S2324-G0900,D. Reath,3,16.325641025641026,5.663956972875862
S2324-G0900,G. Hayward,1,0.07499999999999996,-5.117078042452228
S2324-G0900,G. Hayward,2,-8.666666666666666,-4.947449130043389
S2324-G0900,G. Hayward,3,4.2023809523809526,1.7033540858560052
S2324-G0900,I. Joe,1,0.0,-5.866799967113386
S2324-G0900,I. Joe,2,-2.3833333333333333,-5.035559551897323
S2324-G0900,I. Joe,3,2.411904761904762,-3.3049616680336746
S2324-G0900,J. Giddey,1,1.1070085470085491,0.7435507071557568
S2324-G0900,J. Giddey,2,-1.3000000000000007,-5.3284045231432655
S2324-G0900,J. Giddey,3,2.2793939393939393,-0.32613428831142033
S2324-G0900,J. Grant,1,-5.3487012987012985,-0.40164069182926543
S2324-G0900,J. Grant,2,1.00981240981241,5.9009762181707375
S2324-G0900,J. Grant,3,3.1631746031746015,4.2363334683291445
S2324-G0900,J. Walker,1,4.300000000000002,0.9411471683011962
S2324-G0900,J. Walker,2,-7.922727272727273,-1.6869335151402618
S2324-G0900,J. Williams,1,-8.52,1.124941593618825
S2324-G0900,J. Williams,2,4.2976190476190474,8.461719190821828
S2324-G0900,J. Williams,3,-9.417704517704518,3.9267802048930727
S2324-G0900,K. Murray,1,8.429212454212454,1.7414017075224848
S2324-G0900,K. Murray,2,4.238095238095237,-5.9438304650408105
S2324-G0900,K. Murray,3,-6.569696969696969,-7.481015066024976
S2324-G0900,K. Williams,1,-4.525,-5.261203586944547
S2324-G0900,L. Dort,1,8.414285714285715,2.3606485695445936
S2324-G0900,L. Dort,2,-2.3399999999999994,-4.603793731934867
S2324-G0900,L. Dort,3,4.64,-1.4910444640230198
S2324-G0900,M. Thybulle,1,-5.37857142857143,-1.7786993270620066
S2324-G0900,M. Thybulle,2,8.185714285714287,4.24988658211225
S2324-G0900,M. Thybulle,3,-9.453174603174604,-4.712665368247922
S2324-G0900,R. Rupert,1,-6.906666666666665,-3.1865045176635807
S2324-G0900,R. Rupert,2,3.8066666666666658,2.296984418554697
S2324-G0900,R. Rupert,3,5.433333333333334,-1.6590109484064826
S2324-G0900,S. Gilgeous-Alexander,1,3.9344322344322364,11.026235586116606
S2324-G0900,S. Gilgeous-Alexander,2,-22.81904761904762,3.2973998908289754
S2324-G0900,S. Gilgeous-Alexander,3,29.733333333333334,26.492116455701524
S2324-G0901,A. Davis,1,6.723333333333333,5.172339611414066
S2324-G0901,A. Davis,2,0.9328571428571433,-6.646712834332583
S2324-G0901,A. Davis,3,0.4874458874458867,-3.2477888811842175
S2324-G0901,A. Len,1,-2.4976190476190476,-5.866799967113386
S2324-G0901,A. Len,2,0.014285714285714235,-1.9081335833377864
S2324-G0901,A. Reaves,1,0.039285714285712814,4.509673445044496
S2324-G0901,A. Reaves,2,1.9719696969696976,3.46547588989918
S2324-G0901,A. Reaves,3,-1.043636363636363,1.1212037267873294
S2324-G0901,D. Fox,1,-6.618611111111111,9.458293915443088
S2324-G0901,D. Fox,2,-5.805,10.786108963606269
S2324-G0901,D. Fox,3,-4.459722222222219,14.974149048194647
S2324-G0901,D. Mitchell,1,-10.533333333333335,-1.6913023938437353
S2324-G0901,D. Mitchell,2,15.833333333333336,7.789811415552601
S2324-G0901,D. Mitchell,3,0.0,-5.560222610023104
S2324-G0901,D. Russell,1,12.863030303030303,6.99456614543337
S2324-G0901,D. Russell,2,2.135238095238096,-4.486507143445897
S2324-G0901,D. Russell,3,-6.943956043956044,-5.774646866445763
S2324-G0901,D. Sabonis,1,15.585714285714285,4.036222021109352
S2324-G0901,D. Sabonis,2,-15.403174603174602,-8.29371676846374
S2324-G0901,D. Sabonis,3,0.12759528053645397,4.081303498806472
S2324-G0901,H. Barnes,1,-5.299999999999999,0.6930514184875284
S2324-G0901,J. Hayes,1,1.4333333333333336,-2.434794843524292
S2324-G0901,J. Hayes,2,1.0533333333333335,-3.9747933463622958
S2324-G0901,K. Ellis,1,-5.308333333333334,-5.866799967113386
S2324-G0901,K. Ellis,2,5.308333333333334,0.5309201885179559
S2324-G0901,K. Ellis,3,-8.873333333333333,-6.073772235705211
S2324-G0901,K. Huerter,1,0.35666666666666647,-4.0055679300639735
S2324-G0901,K. Murray,1,-4.968333333333333,-3.951467602378409
S2324-G0901,K. Murray,2,-1.5649999999999995,0.8335418034790997
S2324-G0901,K. Murray,3,11.173333333333332,0.9789951958776985
S2324-G0901,L. James,1,0.3223076923076924,0.8112615344585635
S2324-G0901,L. James,2,-24.135555555555552,-1.210770275257848
S2324-G0901,L. James,3,27.044444444444437,20.10466894777137
S2324-G0901,M. Christie,1,-2.2333333333333334,-5.8708714226275225
S2324-G0901,M. Christie,2,-3.15,-3.0330013445527606
S2324-G0901,M. Christie,3,5.45,-0.7645059363249881
S2324-G0901,M. Monk,1,-18.202045454545456,3.066897574763651
S2324-G0901,M. Monk,2,22.54083333333333,16.842084669067955
S2324-G0901,M. Monk,3,-12.592063492063494,-4.4044510966715675
S2324-G0901,R. Hachimura,1,5.475,5.285545192038203
S2324-G0901,R. Hachimura,2,-7.611363636363636,-0.622826081256489
S2324-G0901,R. Hachimura,3,-4.119480519480518,7.362010049023459
S2324-G0901,S. Dinwiddie,1,9.7,2.2955393332982705
S2324-G0901,S. Dinwiddie,2,-5.314285714285714,-5.211484111271832
S2324-G0901,S. Dinwiddie,3,5.414285714285715,-0.9157926589644839
S2324-G0901,T. Lyles,1,-1.0166666666666657,-1.4527044970006495
S2324-G0901,T. Lyles,2,4.283333333333333,0.8037374661066315
S2324-G0901,T. Lyles,3,-2.164285714285714,-4.350119930598708
S2324-G0901,T. Prince,1,-7.683333333333334,-5.866799967113386
S2324-G0901,T. Prince,2,7.750000000000001,2.8613193846769325
S2324-G0901,T. Prince,3,-5.366666666666667,-5.213947862734808
S2324-G0902,A. Thompson,1,-7.676969696969696,-2.505602566872402
S2324-G0902,A. Thompson,2,-8.928333333333333,1.3318375931418212
S2324-G0902,A. Thompson,3,16.291666666666664,6.286403656121205
S2324-G0902,C. Cunningham,1,-12.86764346764347,1.63799538890153
S2324-G0902,C. Cunningham,2,2.2581196581196608,8.350501563102483
S2324-G0902,C. Cunningham,3,-2.4619047619047656,5.738792259453644
S2324-G0902,D. Finney-Smith,1,-9.708333333333334,-3.8007142043013498
S2324-G0902,D. Finney-Smith,2,7.369444444444445,2.693305769198446
S2324-G0902,D. Finney-Smith,3,-10.408730158730158,-1.6676059057221393
S2324-G0902,D. Schroder,1,-6.3145454545454545,-0.37304649043288274
S2324-G0902,D. Schroder,2,-10.995238095238097,5.545597290059251
S2324-G0902,D. Schroder,3,5.027380952380955,12.534605185242897
S2324-G0902,D. Smith Jr.,1,-1.0445887445887436,0.34855968255497083
S2324-G0902,D. Smith Jr.,2,1.7488311688311686,0.2526544974283673
S2324-G0902,D. Smith Jr.,3,7.090454545454545,-5.2369711098710106
S2324-G0902,E. Fournier,1,6.683333333333334,-0.25121894776745257
S2324-G0902,E. Fournier,2,0.0,-4.485867599493218
S2324-G0902,E. Fournier,3,0.09523809523809534,-5.114462050778401
S2324-G0902,I. Stewart,1,0.1416666666666675,-1.2018594423640405
S2324-G0902,I. Stewart,2,6.530303030303029,-0.9250041258143581
S2324-G0902,I. Stewart,3,-4.263636363636364,-5.4218852214808795
S2324-G0902,J. Duren,1,6.383116883116884,3.122882718854325
S2324-G0902,J. Duren,2,2.3952380952380947,-8.172942950101024
S2324-G0902,J. Duren,3,-2.3133333333333335,-7.05216202811862
S2324-G0902,J. Ivey,1,6.5706410256410255,6.7825554921654945
S2324-G0902,J. Ivey,2,0.5622510822510822,-0.5983984760059498
S2324-G0902,J. Ivey,3,-10.86264323911383,2.3464643173744304
S2324-G0902,J. Wilson,1,-1.8250000000000002,-2.733821926352734
S2324-G0902,J. Wilson,3,6.558333333333334,0.359139224034814
S2324-G0902,J. Wiseman,1,-6.414285714285715,-3.750933716958999
S2324-G0902,J. Wiseman,2,0.8171428571428567,2.5004968886842165
S2324-G0902,J. Wiseman,3,2.4904761904761905,1.1760029183916225
S2324-G0902,L. Walker IV,1,-11.628030303030302,0.6640065633438537
S2324-G0902,L. Walker IV,2,13.828030303030303,11.013059746861892
S2324-G0902,L. Walker IV,3,-15.732500000000002,-0.15007108127467245
S2324-G0902,M. Bridges,1,4.478787878787878,-0.10386035892810905
S2324-G0902,M. Bridges,2,-8.778787878787877,-2.970882663234907
S2324-G0902,M. Bridges,3,5.170454545454545,4.963695039494129
S2324-G0902,M. Sasser,1,-6.664285714285714,-3.378947356129124
S2324-G0902,N. Claxton,1,-15.311255411255411,-5.069503383596211
S2324-G0902,N. Claxton,2,14.225396825396825,7.008143315648671
S2324-G0902,N. Claxton,3,-2.9741147741147733,-5.262766775082317
S2324-G0902,N. Clowney,2,0.02499999999999991,-6.231360539454318
S2324-G0902,N. Clowney,3,-0.10000000000000009,-4.768011888197436
S2324-G0902,S. Fontecchio,1,2.2333333333333334,-3.750933716958999
S2324-G0902,S. Fontecchio,2,-15.674891774891776,-5.054443466011865
S2324-G0902,S. Fontecchio,3,13.470129870129872,7.582405132660449
S2324-G0902,T. Watford,1,-6.475000000000001,-4.863943687161574
S2324-G0902,T. Watford,2,6.500000000000002,0.7518388010931162
S2324-G0902,T. Watford,3,0.2619047619047623,-4.5761944158502725
S2324-G0904,B. Adebayo,1,0.9826923076923073,2.156922517617098
S2324-G0904,B. Adebayo,2,0.3506410256410266,-2.041827541054087
S2324-G0904,B. Adebayo,3,2.833333333333332,0.9670101489676617
S2324-G0904,C. Martin,1,-6.723809523809523,-1.6226764793447845
S2324-G0904,C. Martin,2,2.1238095238095234,5.340296477958382
S2324-G0904,C. Martin,3,3.219999999999999,1.6208405663912804
S2324-G0904,D. Exum,2,13.247619047619047,3.499933492164008
S2324-G0904,D. Exum,3,-11.708333333333332,-5.359325618894157
S2324-G0904,D. Gafford,1,-2.203030303030303,-2.4856892389547847
S2324-G0904,D. Gafford,2,-2.1803030303030306,0.5670872212279308
S2324-G0904,D. Gafford,3,4.375000000000001,1.4535066693917098
S2324-G0904,D. Jones Jr.,1,-5.699999999999999,-5.5774175146276805
S2324-G0904,D. Jones Jr.,2,5.7333333333333325,-1.366450563970727
S2324-G0904,D. Lively II,2,-2.24,-2.3117101292276523
S2324-G0904,D. Lively II,3,6.539999999999999,0.5691823520225278
S2324-G0904,D. Robinson,1,14.899999999999999,7.986819354293632
S2324-G0904,D. Robinson,2,-6.628571428571427,-6.62689685612692
S2324-G0904,D. Robinson,3,7.295238095238094,0.13312815654618596
S2324-G0904,H. Highsmith,1,-11.288888888888888,-5.8708714226275225
S2324-G0904,J. Butler,1,-2.1533333333333324,-1.7433544431790942
S2324-G0904,J. Butler,2,4.208333333333333,0.5456814395218298
S2324-G0904,J. Butler,3,-17.460714285714285,-3.8636806213596238
S2324-G0904,J. Green,1,4.45,-2.137653460685548
S2324-G0904,J. Green,2,-2.5666666666666664,-5.405160665421915
S2324-G0904,J. Green,3,0.2952380952380955,-3.155483660581596
S2324-G0904,J. Jaquez Jr.,1,-4.431601731601731,-0.24691307927972714
S2324-G0904,J. Jaquez Jr.,2,2.128030303030302,4.3431836863173485
S2324-G0904,K. Irving,1,9.891666666666667,6.925162261358654
S2324-G0904,K. Irving,2,-7.691666666666665,-4.273577890520084
S2324-G0904,K. Irving,3,2.0301587301587283,6.5774265775803515
S2324-G0904,L. Doncic,1,17.263492063492066,11.982153993573803
S2324-G0904,L. Doncic,2,-28.912454212454218,-4.269644062818831
S2324-G0904,L. Doncic,3,20.290384615384617,20.24195960892853
S2324-G0904,M. Kleber,1,-0.09523809523809534,-3.7650027539759665
S2324-G0904,M. Kleber,2,-2.8666666666666667,-3.649602290563979
S2324-G0904,N. Jovic,1,4.0272727272727264,0.6930514184875284
S2324-G0904,P. Washington,1,-7.778174603174603,-2.070169693620121
S2324-G0904,P. Washington,2,12.103174603174603,4.5190197692556
S2324-G0904,P. Washington,3,-12.383333333333335,-7.336705846885483
S2324-G0904,T. Bryant,1,-0.40000000000000124,-1.9851666535118675
S2324-G0904,T. Bryant,2,4.733333333333334,-0.7436245168657668
S2324-G0904,T. Hardaway Jr.,1,5.25,4.713428150843702
S2324-G0904,T. Hardaway Jr.,2,-4.300000000000001,0.7272020388786012
S2324-G0904,T. Rozier,1,11.56969696969697,5.088909188068124
S2324-G0904,T. Rozier,2,-18.88705882352941,-5.613469986533109
S2324-G0904,T. Rozier,3,1.6120588235294129,11.534829163658017
S2324-G0905,B. Beal,1,-4.868888888888888,-1.2297507337513536
S2324-G0905,B. Beal,2,-1.445000000000002,2.561611247373541
S2324-G0905,B. Beal,3,-3.4638888888888886,4.196746145067828
S2324-G0905,B. Bol,1,-7.6920634920634905,-2.136027345621061
S2324-G0905,B. Bol,2,1.0337301587301582,6.046006038438283
S2324-G0905,C. Boucher,1,-6.664285714285715,-5.914740076581552
S2324-G0905,C. Boucher,2,-7.270129870129868,1.410392863717502
S2324-G0905,C. Boucher,3,9.778860028860027,5.044182186875602
S2324-G0905,D. Eubanks,1,-0.0642857142857145,-3.8330241550369215
S2324-G0905,D. Eubanks,2,2.542857142857143,-2.6380464834552826
S2324-G0905,D. Eubanks,3,-13.008571428571429,-5.522917936634174
S2324-G0905,E. Gordon,1,-12.283333333333333,-3.7850840455687553
S2324-G0905,E. Gordon,2,14.583333333333332,7.750138584257957
S2324-G0905,E. Gordon,3,-4.258333333333333,-6.80834369164175
S2324-G0905,G. Allen,1,25.214880952380952,28.15618352685096
S2324-G0905,G. Allen,2,9.814285714285713,-8.036936016297533
S2324-G0905,G. Allen,3,4.533333333333333,-7.274254577051344
S2324-G0905,G. Dick,1,5.273333333333333,5.744287821828182
S2324-G0905,G. Dick,2,0.7285714285714278,-0.06930064816974146
S2324-G0905,G. Dick,3,4.049206349206349,1.8703340323066424
S2324-G0905,G. Trent Jr.,1,-6.299999999999997,5.12721651008427
S2324-G0905,G. Trent Jr.,2,1.927389277389274,9.418622413356456
S2324-G0905,G. Trent Jr.,3,4.3623076923076916,9.637016382733462
S2324-G0905,I. Quickley,1,-13.905000000000001,-4.8786389354068
S2324-G0905,I. Quickley,2,1.9626923076923095,6.037724893325625
S2324-G0905,I. Quickley,3,-13.203904428904432,4.640061898845679
S2324-G0905,J. Freeman-Liberty,1,0.9444444444444455,0.7295901693561886
S2324-G0905,J. Freeman-Liberty,2,6.738888888888889,1.5979600913415213
S2324-G0905,J. Freeman-Liberty,3,0.0,-6.073772235705211
S2324-G0905,J. Nurkic,1,0.43145743145743154,-0.3260838419723936
S2324-G0905,J. Nurkic,2,8.501875901875902,-4.383625308167313
S2324-G0905,J. Nurkic,3,-0.8888888888888888,-8.307910974184212
S2324-G0905,K. Durant,1,14.358119658119659,8.357004368102622
S2324-G0905,K. Durant,2,-37.18471177944862,-8.651136509523406
S2324-G0905,K. Durant,3,26.293045112781954,25.73319460534635
S2324-G0905,K. Olynyk,1,6.296969696969697,3.1024733723342046
S2324-G0905,K. Olynyk,2,7.856363636363636,-3.4010384965221423
S2324-G0905,K. Olynyk,3,-6.503333333333334,-6.071752688417529
S2324-G0905,O. Agbaji,1,6.666666666666666,-1.5174584919425114
S2324-G0905,O. Agbaji,2,-3.4666666666666672,-5.694832651456174
S2324-G0905,O. Agbaji,3,5.7666666666666675,-2.2333151860581375
S2324-G0905,R. Barrett,1,4.557692307692307,1.9098194543303906
S2324-G0905,R. Barrett,2,-11.974145299145299,1.50250365637103
S2324-G0905,R. Barrett,3,-0.852503052503053,8.424595158715269
S2324-G0905,R. O'Neale,1,14.083333333333334,2.6055750098426107
S2324-G0905,R. O'Neale,2,-2.1133333333333333,-10.875371547371948
S2324-G0905,R. O'Neale,3,-9.52,-4.262400932995884
S2324-G0905,S. Lee,2,4.486363636363636,-3.05806515167779
S2324-G0905,S. Lee,3,0.1499999999999999,-6.507851666023824
S2324-G0906,A. Gordon,1,-2.328333333333335,-0.9219328856036777
S2324-G0906,A. Gordon,2,-1.9773809523809511,1.8015052587026952
S2324-G0906,A. Gordon,3,-4.025396825396825,3.785975500885971
S2324-G0906,A. Horford,1,0.014285714285714235,-3.558019331391212
S2324-G0906,A. Horford,2,2.3333333333333335,-3.1679049243122743
S2324-G0906,A. Horford,3,-2.033333333333333,-6.073772235705211
S2324-G0906,C. Braun,1,-4.487301587301587,-2.4856892389547847
S2324-G0906,C. Braun,2,8.692063492063491,2.70100381036224
S2324-G0906,C. Braun,3,-1.1047619047619046,-7.91226092794585
S2324-G0906,D. White,1,-7.487379287379286,-1.8966311967842495
S2324-G0906,D. White,2,11.905128205128205,0.9680365437897896
S2324-G0906,D. White,3,-0.18333333333333357,-7.672550571314357
S2324-G0906,J. Brown,1,-21.739047619047618,7.635175964724461
S2324-G0906,J. Brown,2,14.625286478227654,23.4963216607635
S2324-G0906,J. Brown,3,2.4715389185977443,10.656580208776354
S2324-G0906,J. Holiday,1,11.013333333333334,1.8022401873643954
S2324-G0906,J. Holiday,2,2.2666666666666666,-4.344692865120884
S2324-G0906,J. Holiday,3,-26.335897435897436,-6.007924662773303
S2324-G0906,J. Murray,1,-3.3379870129870106,4.9414664251007245
S2324-G0906,J. Murray,2,14.201875901875901,4.759593788780464
S2324-G0906,J. Murray,3,-8.934722222222224,-5.607216433112965
S2324-G0906,J. Tatum,1,17.243636363636366,9.48368185575981
S2324-G0906,J. Tatum,2,-4.415151515151516,-5.186170913241417
S2324-G0906,J. Tatum,3,-9.906818181818181,-0.5041929438403475
S2324-G0906,K. Caldwell-Pope,1,4.442857142857143,-2.8421601432512147
S2324-G0906,K. Caldwell-Pope,2,-18.73428571428571,-5.619670859390934
S2324-G0906,K. Caldwell-Pope,3,14.439047619047617,9.60449113285121
S2324-G0906,K. Porzingis,1,-4.335064935064935,1.3057352310902084
S2324-G0906,K. Porzingis,2,-9.942246642246644,4.43932314312697
S2324-G0906,K. Porzingis,3,8.580341880341884,12.914191342475013
S2324-G0906,M. Porter Jr.,1,3.1314285714285717,2.271618941628777
S2324-G0906,M. Porter Jr.,2,0.015000000000000568,1.4360565751928762
S2324-G0906,M. Porter Jr.,3,8.886904761904761,0.12333399360137284
S2324-G0906,N. Jokic,1,-12.979320679320681,4.841717771451707
S2324-G0906,N. Jokic,2,9.400854700854701,10.831413021572475
S2324-G0906,N. Jokic,3,-0.08632478632478424,4.250398919417839
S2324-G0906,P. Pritchard,2,2.3,-4.3394740173584605
S2324-G0906,P. Watson,1,2.4000000000000004,-0.25121894776745257
S2324-G0906,P. Watson,2,-5.400000000000002,-1.7820993755596293
S2324-G0906,P. Watson,3,-1.4749999999999979,2.3338664333360124
S2324-G0906,R. Jackson,1,1.8857142857142843,-1.2242479589586823
S2324-G0906,R. Jackson,2,2.828571428571429,-0.6407603316983159
S2324-G0906,S. Hauser,1,7.683333333333334,0.7295901693561886
S2324-G0906,S. Hauser,2,-5.2333333333333325,-5.054443466011865
S2324-G0906,X. Tillman,1,6.828571428571428,-0.1506875275006075
S2324-G0906,X. Tillman,2,-0.09523809523809534,-4.173887980341659
S2324-G0906,X. Tillman,3,0.0,-5.289973598727397
S2324-G0906,Z. Nnaji,2,-2.1523809523809527,-5.247763994916044
S2324-G0909,B. Hield,1,2.1952380952380954,-3.05806515167779
S2324-G0909,B. Hield,2,-14.998701298701297,-4.693210085328863
S2324-G0909,B. Ingram,1,4.283753501400561,1.0380873335177372
S2324-G0909,B. Ingram,2,-0.9607142857142854,-7.542385706026088
S2324-G0909,B. Ingram,3,0.9083333333333332,-2.1628760980947797
S2324-G0909,C. McCollum,1,4.185281385281387,5.12721651008427
S2324-G0909,C. McCollum,2,8.620129870129869,1.305254205077172
S2324-G0909,C. McCollum,3,-2.2404761904761905,-5.252172056120677
S2324-G0909,C. Payne,1,-0.08333333333333304,-0.016389859590962383
S2324-G0909,C. Payne,2,-13.779653679653677,0.468577210028376
S2324-G0909,H. Jones,1,2.433333333333333,-3.7991530825857227
S2324-G0909,H. Jones,2,-3.308333333333333,-6.073772235705211
S2324-G0909,H. Jones,3,-4.425,-1.7635339685770457
S2324-G0909,J. Alvarado,1,0.6619047619047622,-1.5559544375242054
S2324-G0909,J. Alvarado,2,0.03809523809523796,-0.579634245649671
S2324-G0909,J. Alvarado,3,-4.104761904761904,-1.4466047278823817
S2324-G0909,J. Dowtin Jr.,2,-8.17142857142857,-3.792845036862581
S2324-G0909,J. Valanciunas,1,0.04458874458874451,-1.6186765866763737
S2324-G0909,J. Valanciunas,2,1.8996969696969703,0.00908223752425647
S2324-G0909,J. Valanciunas,3,0.4950000000000001,-3.4532482612497444
S2324-G0909,K. Lowry,1,1.3000000000000007,-3.056369602835793
S2324-G0909,K. Lowry,2,-6.506349206349208,-2.934589133988442
S2324-G0909,K. Martin,1,0.13333333333333375,-2.962055407417114
S2324-G0909,K. Martin,2,-0.01666666666666705,-2.589797798688385
S2324-G0909,K. Martin,3,2.45,-3.9109298503533605
S2324-G0909,K. Oubre Jr.,1,12.0,7.109826198430412
S2324-G0909,K. Oubre Jr.,2,-14.693181818181817,-4.661329674391767
S2324-G0909,K. Oubre Jr.,3,5.980194805194802,8.718514507684484
S2324-G0909,L. Nance Jr.,1,5.3999999999999995,-1.4293327956997521
S2324-G0909,L. Nance Jr.,2,-9.333333333333332,-5.405160665421915
S2324-G0909,L. Nance Jr.,3,0.6533333333333342,1.417992812209314
S2324-G0909,M. Bamba,1,-2.1333333333333333,-4.412808960720689
S2324-G0909,M. Bamba,2,4.256818181818182,-1.6869335151402618
S2324-G0909,N. Marshall,1,-1.036363636363637,2.187994176591448
S2324-G0909,N. Marshall,2,-0.06125541125540934,4.84600829418869
S2324-G0909,N. Marshall,3,4.139285714285713,2.622615545433724
S2324-G0909,P. Reed,1,2.5145299145299163,6.253756325053612
S2324-G0909,P. Reed,2,-5.567936507936505,1.4354794059083587
S2324-G0909,T. Harris,1,2.4073076923076915,1.6385249134266737
S2324-G0909,T. Harris,2,-14.135714285714284,-1.4955664019369304
S2324-G0909,T. Harris,3,9.934603174603172,10.976356257126342
S2324-G0909,T. Murphy III,1,-11.26969696969697,-1.5559544375242054
S2324-G0909,T. Murphy III,2,12.261363636363637,8.858713930423805
S2324-G0909,T. Murphy III,3,1.9749999999999996,-1.4088750251212723
S2324-G0909,Z. Williamson,1,4.255476190476193,5.781123594571096
S2324-G0909,Z. Williamson,2,-3.2496428571428577,0.3733791968772177
S2324-G0909,Z. Williamson,3,7.4175,3.3975373484083806
S2324-G0912,A. Black,1,2.3000000000000003,-3.951467602378409
S2324-G0912,A. Black,2,-2.4476190476190482,-5.729106598649821
S2324-G0912,B. Bogdanovic,1,-6.505555555555555,-2.137653460685548
S2324-G0912,B. Bogdanovic,2,6.288888888888888,3.7362449219405076
S2324-G0912,C. Anthony,2,4.3533333333333335,-2.5655130276224387
S2324-G0912,C. Anthony,3,-9.02,-7.657067401893372
S2324-G0912,D. DiVincenzo,1,0.1212121212121211,2.104201144613814
S2324-G0912,D. DiVincenzo,2,-2.1156443556443545,-0.6741101421973882
S2324-G0912,D. DiVincenzo,3,2.6980685980685966,1.1782859076278072
S2324-G0912,F. Wagner,1,-10.546363636363639,-2.2578877040330187
S2324-G0912,F. Wagner,2,0.980519480519483,7.797800279920284
S2324-G0912,F. Wagner,3,7.689177489177489,4.155546828884778
S2324-G0912,G. Harris,1,-0.09523809523809534,-4.484256616834441
S2324-G0912,G. Harris,2,-9.608333333333334,-4.469957813514143
S2324-G0912,I. Hartenstein,1,3.34025974025974,-2.3465701188136916
S2324-G0912,I. Hartenstein,2,-2.2656565656565655,-6.583424378336722
S2324-G0912,J. Brunson,1,3.033333333333335,9.553024341688994
S2324-G0912,J. Brunson,2,2.9826923076923073,4.963494032624366
S2324-G0912,J. Brunson,3,1.1873076923076908,2.2041008272854983
S2324-G0912,J. Hart,1,-5.52857142857143,0.7087789560832732
S2324-G0912,J. Hart,2,7.642857142857144,5.01884636570167
S2324-G0912,J. Hart,3,-6.692857142857141,-2.831422200172608
S2324-G0912,J. Ingles,1,0.0,-5.866799967113386
S2324-G0912,J. Ingles,2,-0.033333333333333326,-5.035559551897323
S2324-G0912,J. Ingles,3,-0.9249999999999999,-4.6440122114861
S2324-G0912,J. Isaac,1,-2.06190476190476,1.5055044490237146
S2324-G0912,J. Isaac,2,5.620238095238094,3.302766048118445
S2324-G0912,J. Sims,1,0.0,-5.292146023056717
S2324-G0912,J. Sims,2,-4.266666666666667,-4.788183017519194
S2324-G0912,J. Sims,3,4.252380952380952,-1.4243463603952364
S2324-G0912,M. Fultz,1,2.2666666666666666,-3.7850840455687553
S2324-G0912,M. Fultz,2,-2.2666666666666666,-4.6440122114861
S2324-G0912,M. Fultz,3,-4.383333333333333,-3.8629897408851943
S2324-G0912,M. McBride,1,8.4,3.3662234481984297
S2324-G0912,M. McBride,2,-6.475,-3.2186432196242887
S2324-G0912,M. McBride,3,0.1386363636363619,2.686373185128999
S2324-G0912,M. Wagner,1,0.2666666666666666,-3.7850840455687553
S2324-G0912,M. Wagner,2,-2.3000000000000003,-3.225375102424873
S2324-G0912,M. Wagner,3,4.333333333333334,-1.725964167178747
S2324-G0912,P. Achiuwa,1,2.6571428571428584,4.258472517043877
S2324-G0912,P. Achiuwa,2,-5.580952380952381,-2.7175220573417076
S2324-G0912,P. Achiuwa,3,5.567965367965369,1.6546067142211685
S2324-G0912,P. Banchero,1,16.821593406593408,13.750941635015005
S2324-G0912,P. Banchero,2,-3.3495238095238076,-2.7065489273425394
S2324-G0912,P. Banchero,3,-0.6714285714285708,0.6312443045680896
S2324-G0912,W. Carter Jr.,1,11.657619047619047,5.141337098729018
S2324-G0912,W. Carter Jr.,2,0.0033333333333329662,-7.861658903706569
S2324-G0917,A. Caruso,1,-1.4000000000000004,-1.8394839258363265
S2324-G0917,A. Caruso,2,2.469444444444445,-0.6570972517175597
S2324-G0917,A. Caruso,3,-4.694444444444445,-1.604445227465317
S2324-G0917,A. Coffey,2,0.028571428571428914,-4.3394740173584605
S2324-G0917,A. Dosunmu,1,4.059999999999999,4.813209323702335
S2324-G0917,A. Dosunmu,2,2.173333333333334,-0.7635102098167593
S2324-G0917,A. Dosunmu,3,10.12121212121212,0.5902047366680151
S2324-G0917,A. Drummond,1,-2.34,-5.914740076581552
S2324-G0917,A. Drummond,2,0.3900000000000001,-3.0900452252270783
S2324-G0917,A. Drummond,3,0.9952380952380953,-4.908454379964145
S2324-G0917,B. Hyland,1,6.633333333333333,-0.4629736742294802
S2324-G0917,B. Hyland,2,-5.566666666666667,-6.007924662773303
S2324-G0917,B. Hyland,3,0.13333333333333375,-2.712130873645888
S2324-G0917,C. White,1,2.6106410256410264,-0.12412930940321634
S2324-G0917,C. White,2,-4.263030303030304,-2.8030990997874277
S2324-G0917,C. White,3,-10.247846889952154,1.3715867880567052
S2324-G0917,D. DeRozan,1,-12.063333333333336,2.95796242906523
S2324-G0917,D. DeRozan,2,14.984761904761905,14.248302343140264
S2324-G0917,D. DeRozan,3,0.12987012987013102,0.1341896808419769
S2324-G0917,D. Theis,1,-8.592857142857142,-3.1865045176635807
S2324-G0917,D. Theis,2,8.692857142857143,4.752382960201132
S2324-G0917,D. Theis,3,-6.66969696969697,-5.583849780868175
S2324-G0917,I. Zubac,1,8.894444444444446,0.7900956611042022
S2324-G0917,I. Zubac,2,-19.504444444444445,-8.9408687750228
S2324-G0917,I. Zubac,3,19.676666666666666,7.973823935179005
S2324-G0917,J. Harden,1,2.2433333333333323,-0.16360256600736148
S2324-G0917,J. Harden,2,0.08999999999999986,-2.6059479661628884
S2324-G0917,J. Harden,3,-4.466666666666665,-0.44207700988197685
S2324-G0917,J. Phillips,2,-2.2,-5.5774175146276805
S2324-G0917,K. Leonard,1,5.670000000000002,8.103493149957425
S2324-G0917,K. Leonard,2,0.13333333333333286,1.327251649906681
S2324-G0917,K. Leonard,3,-4.333333333333336,0.7339904831711207
S2324-G0917,N. Powell,1,-6.101190476190475,-0.20720401743311978
S2324-G0917,N. Powell,2,4.029761904761905,3.1689567977697717
S2324-G0917,N. Powell,3,-12.979761904761904,-1.8566128046712498
S2324-G0917,N. Vucevic,1,-0.003208556149733255,9.085972078850677
S2324-G0917,N. Vucevic,2,5.457142857142859,2.6196675467969968
S2324-G0917,N. Vucevic,3,9.117857142857142,-0.25082979869891564
S2324-G0917,O. Bitim,1,0.0,-1.7188398209118434
S2324-G0917,O. Bitim,3,2.9999999999999996,-1.5889311588228145
S2324-G0917,P. George,1,-0.8499999999999979,5.173810824184566
S2324-G0917,P. George,2,-2.2561538461538504,-1.1949052160734217
S2324-G0917,P. George,3,14.398653846153849,6.541100044479201
S2324-G0917,T. Craig,1,-0.005303030303030809,-0.721057319749712
S2324-G0917,T. Craig,2,3.0694444444444446,-2.686102388337373
S2324-G0917,T. Mann,1,7.042857142857143,-3.038713699158975
S2324-G0917,T. Mann,2,-16.43968253968254,-5.716619842597701
S2324-G0922,A. Gordon,1,9.596363636363638,0.8589098534191173
S2324-G0922,A. Gordon,2,-4.307619047619048,-6.3838525957072765
S2324-G0922,B. Sensabaugh,1,13.233333333333333,2.078906451253609
S2324-G0922,B. Sensabaugh,2,-24.016666666666666,-7.91226092794585
S2324-G0922,B. Sensabaugh,3,19.333333333333332,14.347924417193294
S2324-G0922,C. Braun,1,-9.747619047619047,-5.866799967113386
S2324-G0922,C. Braun,2,9.714285714285714,4.3990465685374085
S2324-G0922,C. Braun,3,-15.077777777777778,-4.591928311394377
S2324-G0922,C. Sexton,1,-11.996825396825397,-3.038713699158975
S2324-G0922,C. Sexton,2,0.5333333333333314,7.124940903295339
S2324-G0922,C. Sexton,3,6.013492063492064,5.658383337751893
S2324-G0922,J. Clarkson,1,-21.51969696969697,-1.4100017179775002
S2324-G0922,J. Clarkson,2,-4.768181818181816,17.333725694794968
S2324-G0922,J. Collins,1,13.847619047619048,7.638586497656002
S2324-G0922,J. Collins,2,-4.244444444444445,-6.9730136991776055
S2324-G0922,J. Collins,3,6.740634920634921,0.48843232955505944
S2324-G0922,J. Holiday,1,5.300000000000001,-1.5559544375242054
S2324-G0922,J. Holiday,2,0.0,-5.035559551897323
S2324-G0922,J. Holiday,3,-0.03333333333333344,-5.603557264568125
S2324-G0922,J. Murray,1,-12.838636363636361,8.202242428752108
S2324-G0922,J. Murray,2,20.03849206349206,18.467042911038924
S2324-G0922,J. Murray,3,-9.330799755799756,-1.4967133163410562
S2324-G0922,K. Caldwell-Pope,1,8.25,2.038836122015693
S2324-G0922,K. Caldwell-Pope,2,-9.525,-6.507851666023824
S2324-G0922,K. Caldwell-Pope,3,5.175000000000001,2.5192126754517035
S2324-G0922,K. Dunn,1,0.0,-6.020780834898836
S2324-G0922,K. Dunn,2,0.0,-4.6935620853583355
S2324-G0922,K. George,1,7.033333333333331,3.269274257266571
S2324-G0922,K. George,2,-21.489487179487178,-2.2567840354579705
S2324-G0922,K. George,3,15.71948717948718,19.073225597095362
S2324-G0922,L. Samanic,1,-3.1166666666666663,-3.8157569545249697
S2324-G0922,L. Samanic,3,-0.9033333333333324,-3.874639472205147
S2324-G0922,M. Porter Jr.,1,1.7164529914529911,4.711431079037956
S2324-G0922,M. Porter Jr.,2,-2.758333333333331,-0.02578021226772391
S2324-G0922,N. Jokic,1,6.983371530430354,9.097598571258892
S2324-G0922,N. Jokic,2,-2.3547619047619044,-4.522090557915825
S2324-G0922,N. Jokic,3,13.049999999999999,3.079316373341856
S2324-G0922,P. Watson,1,-2.2749999999999995,-5.292146023056717
S2324-G0922,P. Watson,2,-0.025000000000000355,-2.9134199336455637
S2324-G0922,P. Watson,3,-23.5275,-3.4312323022837807
S2324-G0922,R. Jackson,1,6.928571428571429,1.6892199159049897
S2324-G0922,R. Jackson,2,0.6333333333333329,-3.227744601200067
S2324-G0922,T. Horton-Tucker,1,-5.2,-3.378947356129124
S2324-G0922,W. Kessler,1,9.055844155844154,-1.5027275280171961
S2324-G0922,W. Kessler,2,-13.911111111111111,-8.092546344132993
S2324-G0922,W. Kessler,3,9.639682539682541,4.72416360432088
S2324-G0922,Z. Nnaji,2,1.396969696969697,-3.7991530825857227
S2324-G0923,A. Simons,1,2.2793939393939393,5.725396895238237
S2324-G0923,A. Simons,2,0.252272727272727,3.227209725687864
S2324-G0923,A. Simons,3,3.9638888888888886,3.045104621336451
S2324-G0923,A. Simons,4,-0.12222222222222179,-2.604320683764801
S2324-G0923,C. Boucher,1,-4.366666666666667,-5.843378349661971
S2324-G0923,C. Boucher,2,4.366666666666667,-0.6138963593425775
S2324-G0923,C. Boucher,3,-23.267543859649123,-6.80834369164175
S2324-G0923,C. Boucher,4,23.234210526315792,13.542076716532037
S2324-G0923,D. Ayton,1,-4.854025974025973,8.182985124375094
S2324-G0923,D. Ayton,2,13.524155844155844,9.603361348709708
S2324-G0923,D. Ayton,3,-10.876623376623376,-2.619447785454591
S2324-G0923,D. Ayton,4,10.743578643578642,8.31614388895351
S2324-G0923,D. Banton,1,5.553571428571429,2.688671747053177
S2324-G0923,D. Banton,2,-12.02087912087912,-5.213171247834477
S2324-G0923,D. Banton,3,12.465641025641027,7.631972420582765
S2324-G0923,D. Banton,4,-8.04,-1.7987191157912923
S2324-G0923,D. Reath,1,-1.9333333333333331,-2.962055407417114
S2324-G0923,D. Reath,2,0.13333333333333286,-0.3663629194136075
S2324-G0923,D. Reath,3,4.300000000000001,-2.320079202314294
S2324-G0923,G. Dick,1,4.0285714285714285,-2.4102853832857014
S2324-G0923,G. Dick,2,-0.17857142857142883,-5.465844044580356
S2324-G0923,G. Dick,3,-5.760457516339869,-2.959343118919141
S2324-G0923,G. Trent Jr.,1,12.620000000000003,11.284162696046858
S2324-G0923,G. Trent Jr.,2,-15.170641025641027,0.17211437318234787
S2324-G0923,G. Trent Jr.,3,8.292307692307691,12.484168592885986
S2324-G0923,G. Trent Jr.,4,13.258333333333335,4.387303332299045
S2324-G0923,I. Quickley,1,4.583333333333333,0.2826655836562836
S2324-G0923,I. Quickley,2,-17.217748917748917,-4.515805552546433
S2324-G0923,I. Quickley,3,0.09552669552669357,9.86339146077197
S2324-G0923,I. Quickley,4,11.71888888888889,10.457927279508471
S2324-G0923,J. Freeman-Liberty,1,0.09999999999999964,-1.8160955163472208
S2324-G0923,J. Freeman-Liberty,2,2.133333333333333,-0.15678070910840106
S2324-G0923,J. Freeman-Liberty,3,-0.2333333333333334,-3.4462082430399104
S2324-G0923,J. McDaniels,1,-8.636363636363637,-5.866799967113386
S2324-G0923,J. McDaniels,2,8.603030303030303,3.1663203771766564
S2324-G0923,J. McDaniels,3,0.03333333333333344,-5.910573440034294
S2324-G0923,J. McDaniels,4,-2.3666666666666663,-5.588196745285417
S2324-G0923,J. Nwora,1,-6.575000000000001,-1.4293327956997521
S2324-G0923,J. Nwora,2,5.308333333333334,4.6768867700322225
S2324-G0923,K. Murray,1,4.18095238095238,-1.799494238301767
S2324-G0923,K. Murray,2,-9.911111111111111,-3.9313766275560558
S2324-G0923,K. Olynyk,1,-1.8746753246753247,1.0013386384672538
S2324-G0923,K. Olynyk,2,-1.3344155844155843,-5.325268348050434
S2324-G0923,K. Olynyk,3,14.117748917748917,-0.408830699168605
S2324-G0923,K. Olynyk,4,0.06666666666666665,-6.996138909052859
S2324-G0923,M. Thybulle,1,-5.573333333333333,-1.8704665276932946
S2324-G0923,M. Thybulle,2,10.006666666666666,3.0310495440081175
S2324-G0923,M. Thybulle,3,-19.71298701298701,-6.339715304847394
S2324-G0923,M. Thybulle,4,19.646320346320344,9.543161316205019
S2324-G0923,O. Agbaji,1,0.1642857142857137,-3.038713699158975
S2324-G0923,O. Agbaji,2,-2.875,-1.4780548901523036
S2324-G0923,O. Agbaji,3,9.658333333333333,2.841554095583538
S2324-G0923,R. Rupert,1,2.428571428571429,-3.1865045176635807
S2324-G0923,R. Rupert,2,-2.4785714285714286,-4.779960336162849
S2324-G0923,R. Rupert,3,0.08333333333333348,-3.7821813245064346
S2324-G0923,S. Henderson,1,-7.619999999999999,2.8260081459311404
S2324-G0923,S. Henderson,2,16.166666666666664,6.9890986474096035
S2324-G0923,S. Henderson,3,-6.466666666666666,-5.0463007556977075
S2324-G0923,T. Camara,1,-0.5107142857142861,1.546805348420438
S2324-G0923,T. Camara,2,-3.0583333333333336,2.410181556134309
S2324-G0923,T. Camara,3,14.333333333333332,3.1653321008461366
S2324-G0923,T. Camara,4,-2.45,-7.693780147989981
S2324-G0933,A. Pokusevski,2,6.5055555555555555,-0.8685860660264418
S2324-G0933,B. Miller,1,-1.6433333333333309,7.033616777261447
S2324-G0933,B. Miller,2,5.616666666666667,5.339486245814953
S2324-G0933,B. Miller,3,4.199999999999999,-0.9744809517432181
S2324-G0933,C. Cunningham,1,25.64761904761905,15.910762564062123
S2324-G0933,C. Cunningham,2,-8.390476190476189,-9.599881839769395
S2324-G0933,C. Cunningham,3,-6.850793650793651,0.693847497863447
S2324-G0933,D. Bertans,1,-6.338095238095239,-3.750933716958999
S2324-G0933,D. Bertans,2,0.738095238095239,2.1687584012915275
S2324-G0933,D. Bertans,3,0.8666666666666663,0.4213420068069066
S2324-G0933,E. Fournier,1,0.5523809523809522,-1.5559544375242054
S2324-G0933,E. Fournier,2,4.7476190476190485,-0.4002752710215955
S2324-G0933,E. Fournier,3,-2.3,-6.073772235705211
S2324-G0933,G. Williams,1,10.007692307692306,5.292124802045398
S2324-G0933,G. Williams,2,2.342307692307693,-5.9106259397933725
S2324-G0933,G. Williams,3,-20.494230769230768,-6.511057860445596
S2324-G0933,I. Stewart,1,4.793333333333333,1.8675849438065222
S2324-G0933,I. Stewart,2,-7.0285714285714285,-0.5921445725214401
S2324-G0933,I. Stewart,3,14.228571428571428,5.132891146933892
S2324-G0933,J. Duren,1,14.872820512820514,5.551049747272784
S2324-G0933,J. Duren,2,-10.479653679653678,-7.5619123536985775
S2324-G0933,J. Duren,3,2.095844155844153,2.0846529300988816
S2324-G0933,J. Ivey,1,-6.925714285714285,-2.8421601432512147
S2324-G0933,J. Ivey,2,-10.879230769230771,1.9994761646835486
S2324-G0933,J. Ivey,3,17.56923076923077,11.49599945351108
S2324-G0933,J. Thor,1,-1.8357142857142863,-2.3851493723719144
S2324-G0933,J. Wiseman,1,0.06666666666666665,-5.866799967113386
S2324-G0933,J. Wiseman,2,-2.2,-4.855278154387736
S2324-G0933,J. Wiseman,3,-19.866666666666667,-3.451064060189147
S2324-G0933,M. Bridges,1,10.62,9.202437037132754
S2324-G0933,M. Bridges,2,-21.626666666666665,-2.972105664924683
S2324-G0933,M. Bridges,3,11.244761904761905,14.287918418870419
S2324-G0933,M. Sasser,1,-5.141269841269842,-1.7621791004941638
S2324-G0933,M. Sasser,2,7.4222222222222225,1.1507407195314847
S2324-G0933,M. Sasser,3,-0.16666666666666696,-5.416421548945725
S2324-G0933,N. Richards,1,-2.2233211233211208,-0.6625383514662044
S2324-G0933,N. Richards,2,8.6010989010989,0.44441252835329903
S2324-G0933,N. Richards,3,-2.046666666666667,-6.955317017876353
S2324-G0933,N. Smith Jr.,1,4.4,-2.486834518003333
S2324-G0933,N. Smith Jr.,2,-2.3666666666666667,-3.86765263571484
S2324-G0933,N. Smith Jr.,3,0.2666666666666666,-3.4738205845097143
S2324-G0933,Q. Grimes,1,-6.215714285714285,-2.3851493723719144
S2324-G0933,Q. Grimes,2,8.43,1.924030602266284
S2324-G0933,Q. Grimes,3,-4.225,-4.5981122036100714
S2324-G0933,S. Fontecchio,1,-10.901452991452992,-2.816722306976673
S2324-G0933,S. Fontecchio,2,5.562881562881561,5.856757054056668
S2324-G0933,S. Fontecchio,3,-3.498701298701297,-1.3857265805595416
S2324-G0933,S. Umude,3,5.166666666666667,-1.5559544375242054
S2324-G0933,V. Micic,1,-10.54,-4.975758216777634
S2324-G0933,V. Micic,2,10.64,-0.06331127373158338
S2324-G0933,V. Micic,3,-7.52857142857143,-5.526496037063669
S2324-G0937,A. Gordon,1,17.342307692307692,9.526213823391451
S2324-G0937,A. Gordon,2,-5.433333333333334,-7.658631112482468
S2324-G0937,A. Gordon,3,5.433333333333334,0.6846340122616621
S2324-G0937,B. Brown,1,5.200000000000001,4.622057573478044
S2324-G0937,B. Brown,2,2.2011904761904777,-2.5926456667004967
S2324-G0937,B. Brown,3,0.11825396825396695,-4.283370963743294
S2324-G0937,C. Braun,1,-3.541666666666667,-1.2887675045319547
S2324-G0937,C. Braun,2,8.908333333333333,1.5931227257527905
S2324-G0937,C. Braun,3,-4.558333333333334,-6.073772235705211
S2324-G0937,G. Dick,1,3.7006410256410263,4.931408215393057
S2324-G0937,G. Dick,2,3.0266666666666655,-0.8959733425049188
S2324-G0937,G. Dick,3,8.668571428571429,0.7142851106331959
S2324-G0937,J. Freeman-Liberty,1,2.2,-4.3394740173584605
S2324-G0937,J. Freeman-Liberty,2,-2.171428571428571,-4.788183017519194
S2324-G0937,J. McDaniels,1,-6.2010822510822505,-0.14164799967686567
S2324-G0937,J. McDaniels,2,10.784415584415584,5.898883622837098
S2324-G0937,J. McDaniels,3,-8.616666666666667,-5.746799594420549
S2324-G0937,J. Murray,1,-16.595238095238095,-6.302826645870999
S2324-G0937,J. Murray,2,-4.136507936507936,7.060970342935939
S2324-G0937,J. Murray,3,-12.190158730158732,8.424221918268636
S2324-G0937,J. Nwora,2,3.089194139194138,1.005007164400934
S2324-G0937,J. Nwora,3,9.083333333333334,-4.89019253377875
S2324-G0937,J. Porter,1,-1.793333333333333,2.104201144613814
S2324-G0937,J. Porter,2,1.208333333333334,1.2578617876908096
S2324-G0937,J. Porter,3,8.274999999999999,1.729130130594172
S2324-G0937,K. Caldwell-Pope,1,-2.443333333333334,-4.88008186998955
S2324-G0937,K. Caldwell-Pope,2,4.783333333333333,-4.461784000278924
S2324-G0937,K. Caldwell-Pope,3,-9.858333333333333,-5.343781861161732
S2324-G0937,K. Olynyk,1,17.485714285714284,7.49731522879822
S2324-G0937,K. Olynyk,2,-25.824786324786324,-5.9328339620369475
S2324-G0937,K. Olynyk,3,23.824786324786324,13.50965918040602
S2324-G0937,M. Porter Jr.,1,2.6499999999999986,7.77716075288056
S2324-G0937,M. Porter Jr.,2,11.280000000000001,2.505753395255947
S2324-G0937,M. Porter Jr.,3,-0.13000000000000078,-3.587712270529108
S2324-G0937,N. Jokic,1,-6.792405372405376,6.074914361896996
S2324-G0937,N. Jokic,2,-19.954179807120983,8.274489911181096
S2324-G0937,N. Jokic,3,35.78229946524064,24.650546103419227
S2324-G0937,O. Agbaji,1,-2.2630952380952385,-2.6792672240496453
S2324-G0937,O. Agbaji,2,-0.1999999999999993,-1.3524721796722763
S2324-G0937,O. Agbaji,3,0.2666666666666666,0.2600035472044857
S2324-G0937,P. Watson,1,4.3999999999999995,-1.8160955163472208
S2324-G0937,P. Watson,2,-6.771428571428571,-5.405160665421915
S2324-G0937,P. Watson,3,1.241428571428571,0.8998998744451264
S2324-G0937,R. Barrett,1,3.9865079365079374,6.152047394648085
S2324-G0937,R. Barrett,2,11.280303030303031,1.0269156932637646
S2324-G0937,R. Barrett,3,-27.252525252525253,-6.628558558173926
S2324-G0937,R. Jackson,1,4.258333333333333,-0.8788813905956027
S2324-G0937,R. Jackson,2,-5.183333333333334,-2.5932654980096626
S2324-G0937,R. Jackson,3,3.05,2.704853466732632
S2324-G0937,Z. Nnaji,1,2.2333333333333334,-3.750933716958999
S2324-G0937,Z. Nnaji,2,-4.2333333333333325,-5.054443466011865
S2324-G0946,B. Brown,1,-9.658333333333333,-3.521940783971103
S2324-G0946,B. Brown,2,4.300000000000001,6.944158202053915
S2324-G0946,B. Brown,3,-1.9589743589743591,1.4807708298004718
S2324-G0946,C. Cunningham,1,-8.708547008547008,6.33724245809015
S2324-G0946,C. Cunningham,2,11.674603174603174,13.591712010730992
S2324-G0946,E. Fournier,1,4.433333333333334,-0.20720401743311978
S2324-G0946,G. Dick,1,-4.350641025641027,-0.9863274805512895
S2324-G0946,G. Dick,2,3.342307692307692,3.0053074210364317
S2324-G0946,G. Dick,3,3.0916666666666677,-2.6298143451289273
S2324-G0946,I. Quickley,1,-0.3606060606060595,6.2149028613745445
S2324-G0946,I. Quickley,2,5.654745254745254,3.606230055164103
S2324-G0946,I. Quickley,3,-10.212637362637366,0.8140964091154572
S2324-G0946,I. Stewart,1,11.816666666666666,1.8179269312071134
S2324-G0946,I. Stewart,2,-10.583333333333334,-6.963621962100745
S2324-G0946,I. Stewart,3,4.333333333333334,2.4798727212820078
S2324-G0946,J. Duren,1,12.09188034188034,11.592603004805088
S2324-G0946,J. Duren,2,1.2187257187257199,-7.694043384793661
S2324-G0946,J. Duren,3,2.894949494949495,-2.6621013787295533
S2324-G0946,J. Ivey,1,2.1969696969696955,0.5405164637656731
S2324-G0946,J. Ivey,2,-4.208080808080808,-0.7547725515389794
S2324-G0946,J. Ivey,3,2.177777777777779,4.015918909108058
S2324-G0946,J. McDaniels,1,-4.736363636363636,-1.3170776394605512
S2324-G0946,J. McDaniels,2,2.086363636363636,4.087698370502267
S2324-G0946,J. McDaniels,3,2.385714285714286,0.5648897814249515
S2324-G0946,J. Nwora,1,1.4916666666666671,2.3624126709817284
S2324-G0946,J. Nwora,2,0.7266666666666666,2.7642526541196553
S2324-G0946,J. Nwora,3,1.3399999999999999,-0.9239260225024694
S2324-G0946,J. Porter,1,-3.4083333333333323,-2.136027345621061
S2324-G0946,J. Porter,2,5.508333333333333,2.845455504599257
S2324-G0946,J. Porter,3,-7.776190476190475,-3.7035685213689926
S2324-G0946,J. Ramsey,1,-6.720000000000001,-5.866799967113386
S2324-G0946,J. Ramsey,2,1.5199999999999996,2.013710010505071
S2324-G0946,J. Ramsey,3,-3.8083333333333327,-1.0901916729013543
S2324-G0946,J. Wiseman,1,8.666666666666666,1.2819732403365158
S2324-G0946,J. Wiseman,2,-4.4366666666666665,-5.02703516347193
S2324-G0946,J. Wiseman,3,2.1633333333333336,-0.9026496484877533
S2324-G0946,K. Olynyk,1,14.949389499389499,7.164800247835046
S2324-G0946,K. Olynyk,2,-6.572222222222221,-7.828327544388349
S2324-G0946,K. Olynyk,3,1.0436507936507926,-0.12765914681632284
S2324-G0946,M. Sasser,1,-3.738888888888889,-1.4527044970006495
S2324-G0946,M. Sasser,2,6.93888888888889,3.097880799434189
S2324-G0946,M. Sasser,3,-19.669696969696968,-4.469957813514143
S2324-G0946,O. Agbaji,1,0.028571428571428914,-4.412808960720689
S2324-G0946,O. Agbaji,2,-0.1119047619047624,-3.2713881159058755
S2324-G0946,O. Agbaji,3,2.3833333333333333,-3.152817522318828
S2324-G0946,Q. Grimes,1,-2.2333333333333334,-5.866799967113386
S2324-G0946,Q. Grimes,2,-7.9642857142857135,-3.0330013445527606
S2324-G0946,Q. Grimes,3,3.4642857142857135,3.5913261654069486
S2324-G0946,S. Fontecchio,1,-5.238888888888889,-3.3219069260870713
S2324-G0946,S. Fontecchio,2,5.430555555555555,2.121343045421534
S2324-G0946,S. Fontecchio,3,-14.318181818181815,-0.8496140198077907
S2324-G0946,S. Umude,2,-3.116666666666668,-4.0055679300639735
S2324-G0946,S. Umude,3,5.714285714285715,-1.4972800956654109
S2324-G0949,A. Gordon,1,13.966666666666665,4.971690434314529
S2324-G0949,A. Gordon,2,-10.52,-4.613395166329778
S2324-G0949,A. Gordon,3,2.755714285714287,2.734314959876324
S2324-G0949,B. Adebayo,1,0.2623076923076919,-0.2943694874989091
S2324-G0949,B. Adebayo,2,-9.587307692307693,-1.7299557766888423
S2324-G0949,B. Adebayo,3,11.68397435897436,7.660169410032371
S2324-G0949,C. Braun,1,0.0,-5.866799967113386
S2324-G0949,C. Braun,2,0.0,-4.510430053549024
S2324-G0949,C. Braun,3,-13.933333333333332,-5.683317919059108
S2324-G0949,C. Martin,1,-2.1499999999999995,-1.0008977129115921
S2324-G0949,C. Martin,2,-1.1500000000000004,0.8978188048837812
S2324-G0949,D. Robinson,1,6.935714285714286,0.2558205284790809
S2324-G0949,D. Robinson,2,-11.869047619047617,-6.27533172327838
S2324-G0949,D. Robinson,3,13.833333333333332,3.9634775899305863
S2324-G0949,J. Butler,1,12.331428571428573,7.26479026055727
S2324-G0949,J. Butler,2,-8.95142857142857,-1.3304905528281885
S2324-G0949,J. Butler,3,4.639999999999999,3.9178500316046905
S2324-G0949,J. Holiday,1,-9.497619047619047,-5.866799967113386
S2324-G0949,J. Holiday,2,5.197619047619047,3.1353365993716062
S2324-G0949,J. Jaquez Jr.,1,-8.76,-5.866799967113386
S2324-G0949,J. Jaquez Jr.,2,-4.443030303030303,3.118272319676837
S2324-G0949,J. Murray,1,-10.955411255411255,-0.8919386729097742
S2324-G0949,J. Murray,2,0.7230303030303027,8.145510365917664
S2324-G0949,J. Murray,3,15.675238095238095,6.14253428025664
S2324-G0949,K. Caldwell-Pope,1,1.3558441558441547,3.028377925182983
S2324-G0949,M. Porter Jr.,1,-7.430952380952384,1.249077331471132
S2324-G0949,M. Porter Jr.,2,0.5690476190476197,5.180572392689521
S2324-G0949,M. Porter Jr.,3,6.805238095238096,4.754970984225387
S2324-G0949,N. Jokic,1,19.813333333333333,9.452247072715785
S2324-G0949,N. Jokic,2,-3.203030303030303,-9.6568128111629
S2324-G0949,N. Jokic,3,-0.030303030303030276,-4.916958093273222
S2324-G0949,N. Jovic,1,-9.841666666666667,-5.938461153947756
S2324-G0949,P. Mills,1,1.9857142857142858,-0.24909408963255267
S2324-G0949,P. Mills,2,0.19285714285714306,-4.062113662344608
S2324-G0949,P. Watson,1,-1.6238095238095243,-1.0790502261074626
S2324-G0949,P. Watson,2,1.8738095238095243,0.8197066370431597
S2324-G0949,R. Jackson,1,-2.133333333333333,-3.951467602378409
S2324-G0949,R. Jackson,2,4.5,-1.3693228823730732
S2324-G0949,R. Jackson,3,-14.166666666666666,-4.302270632950487
S2324-G0949,T. Bryant,2,3.2976190476190466,-0.6760832960671423
S2324-G0949,T. Bryant,3,-2.4976190476190476,-3.337967271714162
S2324-G0949,T. Rozier,1,11.025238095238096,6.221435461217781
S2324-G0949,T. Rozier,2,2.17,-1.208902164765324
S2324-G0949,T. Rozier,3,-2.2666666666666657,-3.527978953181401
S2324-G0951,B. Ingram,1,-4.624999999999998,3.4624644678813055
S2324-G0951,B. Ingram,2,5.346969696969694,3.752361549925753
S2324-G0951,B. Ingram,3,6.698268398268399,0.06984260003498717
S2324-G0951,C. LeVert,1,4.683333333333334,-2.5209848466130893
S2324-G0951,C. LeVert,2,-8.983333333333333,-4.484607693266508
S2324-G0951,C. LeVert,3,6.783333333333333,1.2533621195534068
S2324-G0951,C. McCollum,1,2.25,-3.146159789114662
S2324-G0951,C. McCollum,2,-10.567307692307693,-5.884082494282289
S2324-G0951,C. McCollum,3,10.903021978021979,5.778312894815712
S2324-G0951,D. Garland,1,-5.395000000000001,0.46235679296044646
S2324-G0951,D. Garland,2,-0.9173076923076913,6.746565003971245
S2324-G0951,D. Garland,3,-6.264835164835166,4.188386642466327
S2324-G0951,D. Jones,1,15.3,4.570153584258113
S2324-G0951,D. Jones,2,-13.023333333333333,-6.844834807601567
S2324-G0951,D. Jones,3,8.59,3.686848561570706
S2324-G0951,D. Mitchell,1,-0.08769230769230774,4.721475773492832
S2324-G0951,D. Mitchell,2,6.363333333333335,2.1215476737357117
S2324-G0951,D. Mitchell,3,6.795238095238095,-0.7680583933123724
S2324-G0951,G. Niang,1,2.0777489177489166,1.0864969318981677
S2324-G0951,G. Niang,2,-3.083333333333334,-3.065642364063928
S2324-G0951,G. Niang,3,4.09,1.731267676952824
S2324-G0951,H. Jones,1,-1.1553030303030303,-6.144671910527777
S2324-G0951,H. Jones,2,-0.9500000000000002,-5.978079119946376
S2324-G0951,H. Jones,3,2.175,-4.306972851474999
S2324-G0951,I. Okoro,1,6.559999999999999,0.10660571448428183
S2324-G0951,I. Okoro,2,-7.438888888888888,-4.309107196847788
S2324-G0951,I. Okoro,3,5.638888888888888,2.356719906289513
S2324-G0951,J. Allen,1,12.939277389277391,9.424204533907567
S2324-G0951,J. Allen,2,2.336363636363636,-3.4875669470679096
S2324-G0951,J. Allen,3,-3.0857142857142854,-4.478059332798968
S2324-G0951,J. Alvarado,1,8.938095238095238,1.083619045934357
S2324-G0951,J. Alvarado,2,-5.204761904761904,-5.289973598727397
S2324-G0951,J. Valanciunas,1,-1.1022222222222222,-0.023191088313365717
S2324-G0951,J. Valanciunas,2,11.255,-1.0428025607291946
S2324-G0951,L. Nance Jr.,1,2.2523809523809524,-3.6391313260220493
S2324-G0951,L. Nance Jr.,2,-2.2523809523809524,-4.673157026090189
S2324-G0951,N. Marshall,1,0.094444444444445,-3.378947356129124
S2324-G0951,N. Marshall,2,-2.294444444444445,-2.9325284197192065
S2324-G0951,N. Marshall,3,-9.475,-2.3693218430871728
S2324-G0951,S. Merrill,1,-10.695238095238095,-2.486834518003333
S2324-G0951,S. Merrill,2,2.1952380952380945,8.306393657299976
S2324-G0951,S. Merrill,3,7.800000000000001,3.2958767157267563
S2324-G0951,T. Murphy III,1,-20.692857142857143,-5.914740076581552
S2324-G0951,T. Murphy III,2,9.937301587301587,12.19915057187251
S2324-G0951,T. Murphy III,3,8.58010101010101,0.7393365588633559
S2324-G0951,Z. Williamson,1,8.646457489878543,10.64502258419566
S2324-G0951,Z. Williamson,2,1.2423076923076906,-1.858895094175025
S2324-G0951,Z. Williamson,3,-5.18611111111111,-0.9183175642705906
S2324-G0959,A. Wiggins,2,1.9523809523809526,-2.4856892389547847
S2324-G0959,C. Holmgren,1,-6.299999999999999,-4.435194595942906
S2324-G0959,C. Holmgren,2,0.032380952380950845,0.14932945257475844
S2324-G0959,C. Holmgren,3,3.4142857142857146,-0.21208722567501623
S2324-G0959,C. Wallace,1,-2.3,-5.8708714226275225
S2324-G0959,C. Wallace,2,-3.066666666666667,-2.9194473257866678
S2324-G0959,C. Wallace,3,5.283333333333333,0.021516752518711553
S2324-G0959,D. Exum,1,2.3758441558441543,-1.5027275280171961
S2324-G0959,D. Exum,2,-3.256363636363636,-3.3673254702011874
S2324-G0959,D. Exum,3,9.936363636363636,-1.3570544784547516
S2324-G0959,D. Gafford,1,-3.2806410256410246,1.7183353721972727
S2324-G0959,D. Gafford,2,7.65619658119658,3.958672302147803
S2324-G0959,D. Gafford,3,-6.344733044733044,-2.9160765649866875
S2324-G0959,D. Jones Jr.,1,4.300000000000001,0.5740927343339199
S2324-G0959,D. Jones Jr.,2,0.5749999999999993,-3.5356026729757253
S2324-G0959,D. Jones Jr.,3,0.27500000000000036,-0.9368064074273317
S2324-G0959,D. Lively II,2,-10.979999999999999,-6.263642031118527
S2324-G0959,G. Hayward,1,-2.3333333333333335,-5.866799967113386
S2324-G0959,G. Hayward,2,-4.0249999999999995,-3.2420149209251856
S2324-G0959,G. Hayward,3,1.9916666666666663,0.7596959734887095
S2324-G0959,I. Joe,1,6.65,3.693259396964671
S2324-G0959,I. Joe,2,7.6083333333333325,0.3193459348717024
S2324-G0959,I. Joe,3,-2.2333333333333334,-6.240389619061122
S2324-G0959,J. Giddey,1,1.9666666666666668,4.368149433046367
S2324-G0959,J. Giddey,2,-1.044444444444446,1.8700769165900968
S2324-G0959,J. Giddey,3,6.763492063492064,3.238096258461338
S2324-G0959,J. Hardy,2,9.783333333333335,1.4875819248706397
S2324-G0959,J. Hardy,3,-15.149999999999999,-5.728690873057546
S2324-G0959,J. Williams,1,-15.501111111111115,4.449064966999126
S2324-G0959,J. Williams,2,24.814269005847954,16.09496658776844
S2324-G0959,J. Williams,3,-23.55649122807018,-6.18190644915208
S2324-G0959,K. Irving,1,-2.075000000000003,7.129084440646751
S2324-G0959,K. Irving,2,4.036111111111108,7.997068163822327
S2324-G0959,K. Irving,3,-6.644444444444439,2.7346133339590586
S2324-G0959,K. Williams,1,3.339999999999999,-0.3899470962000088
S2324-G0959,L. Dort,1,6.964141414141415,1.3823557977919088
S2324-G0959,L. Dort,2,-4.7011111111111115,-4.134843119359957
S2324-G0959,L. Dort,3,4.7011111111111115,0.30313103725187485
S2324-G0959,M. Kleber,1,-7.638095238095238,-5.866799967113386
S2324-G0959,M. Kleber,2,7.638095238095238,2.159623666711883
S2324-G0959,M. Kleber,3,0.0,-5.683317919059108
S2324-G0959,P. Washington,1,-0.224444444444444,-0.13057112920320638
S2324-G0959,P. Washington,2,0.9000000000000004,0.03838233307751434
S2324-G0959,P. Washington,3,-2.2187012987012995,-1.339044027473986
S2324-G0959,S. Gilgeous-Alexander,1,6.295238095238096,3.192484645549721
S2324-G0959,S. Gilgeous-Alexander,2,-17.95994397759104,-5.516969905822181
S2324-G0959,S. Gilgeous-Alexander,3,3.397398190045248,10.677061308820914
S2324-G0959,T. Hardaway Jr.,1,-8.157142857142857,2.2910658496971457
S2324-G0959,T. Hardaway Jr.,2,6.687445887445886,8.156035322902873
S2324-G0959,T. Hardaway Jr.,3,-5.776623376623377,1.6942951711444785
S2324-G0962,B. Adebayo,1,-34.44803921568628,-3.7991530825857227
S2324-G0962,B. Adebayo,2,21.567086834733896,21.79144029958468
S2324-G0962,C. Cunningham,1,8.046320346320346,4.3086911880650005
S2324-G0962,C. Cunningham,2,-2.299999999999999,-6.492826165226182
S2324-G0962,C. Cunningham,3,-6.720000000000002,-2.6656328886513667
S2324-G0962,C. Martin,1,-12.654212454212454,1.2400732892972324
S2324-G0962,C. Martin,2,21.29230769230769,11.06115843068503
S2324-G0962,C. Martin,3,-20.71298701298701,-7.532696055083925
S2324-G0962,D. Robinson,1,8.023809523809524,1.5987194385188532
S2324-G0962,D. Robinson,2,-20.041071428571428,-5.850706096709307
S2324-G0962,D. Robinson,3,20.7125,11.88725999941458
S2324-G0962,E. Fournier,1,10.695238095238095,4.642459811491862
S2324-G0962,E. Fournier,2,-4.261904761904763,-3.2713881159058755
S2324-G0962,E. Fournier,3,-2.125,-1.4278047979822481
S2324-G0962,I. Stewart,1,-1.2000000000000002,-1.9733998517399554
S2324-G0962,I. Stewart,2,-0.04166666666666696,-1.4406283472878594
S2324-G0962,I. Stewart,3,1.33030303030303,-0.2997069830202066
S2324-G0962,J. Butler,1,21.282683982683984,9.290609159184031
S2324-G0962,J. Butler,2,-5.522424242424243,-7.313345969785987
S2324-G0962,J. Butler,3,0.8921212121212116,-2.303506667243852
S2324-G0962,J. Duren,1,-0.8089391654097557,1.1354701566517482
S2324-G0962,J. Duren,2,8.422614379084969,-0.8175939754138903
S2324-G0962,J. Duren,3,-2.322222222222223,-6.662248446480622
S2324-G0962,J. Ivey,1,2.4473076923076924,0.6593850430602005
S2324-G0962,J. Ivey,2,-8.283030303030303,-2.116187468733221
S2324-G0962,J. Ivey,3,6.907792207792209,3.9299963297028175
S2324-G0962,J. Jaquez Jr.,1,4.2155555555555555,-2.118859953233837
S2324-G0962,J. Jaquez Jr.,2,-0.10999999999999988,-4.19533746903775
S2324-G0962,J. Jaquez Jr.,3,-0.11428571428571432,-5.454719767490947
S2324-G0962,J. Wiseman,1,0.03333333333333277,-3.2733997425549237
S2324-G0962,J. Wiseman,2,-4.55,-3.228278574817238
S2324-G0962,J. Wiseman,3,-1.7166666666666668,0.7159233277949614
S2324-G0962,M. Sasser,1,-7.533333333333333,-3.526217404751022
S2324-G0962,M. Sasser,2,9.899999999999999,0.21751202584604043
S2324-G0962,M. Sasser,3,-4.714285714285714,-7.408991528249324
S2324-G0962,N. Jovic,1,9.818181818181817,1.406324812212866
S2324-G0962,N. Jovic,2,-4.364285714285714,-9.892584464516032
S2324-G0962,P. Mills,1,-4.66060606060606,-5.866799967113386
S2324-G0962,P. Mills,2,0.06060606060606055,-0.4315811410850703
S2324-G0962,S. Fontecchio,1,2.65735676088617,6.9136270504251165
S2324-G0962,S. Fontecchio,2,4.057361853832443,5.8530469051795455
S2324-G0962,S. Fontecchio,3,6.469696969696971,-0.037985670313447864
S2324-G0962,S. Umude,1,-2.3666666666666667,-4.3394740173584605
S2324-G0962,S. Umude,2,4.566666666666666,-0.9886507900799492
S2324-G0962,S. Umude,3,-2.2666666666666666,-5.504254569999143
S2324-G0962,T. Bryant,1,-29.463333333333335,-5.914740076581552
S2324-G0962,T. Rozier,1,1.8633333333333333,2.6636257256129117
S2324-G0962,T. Rozier,2,-4.955396825396829,-3.1164606364433043
S2324-G0962,T. Rozier,3,8.275396825396829,4.85141680263573
S2324-G0963,B. Brown,1,-5.173809523809524,-3.572714579636438
S2324-G0963,B. Brown,2,0.9714285714285715,0.5388895019114435
S2324-G0963,B. Brown,3,-7.34,-1.3961028155359674
S2324-G0963,C. Anthony,1,-7.4750000000000005,-1.9917007411388412
S2324-G0963,C. Anthony,2,7.325,3.2051342775764198
S2324-G0963,C. Anthony,3,-2.988095238095238,-2.464106753813049
S2324-G0963,F. Wagner,1,-4.233174603174602,2.585148845027292
S2324-G0963,F. Wagner,2,9.592063492063492,5.456515948002412
S2324-G0963,F. Wagner,3,5.544444444444444,-2.6228049429616678
S2324-G0963,G. Dick,1,-2.1554112554112557,-2.592978138113498
S2324-G0963,G. Dick,2,-4.53030303030303,-0.4445603247752894
S2324-G0963,G. Dick,3,4.533333333333333,0.3242045483634593
S2324-G0963,G. Harris,1,9.833333333333334,2.9589282011387326
S2324-G0963,G. Harris,2,-5.366666666666667,-5.729106598649821
S2324-G0963,G. Trent Jr.,1,2.004786324786327,5.841033863137477
S2324-G0963,G. Trent Jr.,2,-3.208571428571428,2.1411941468102245
S2324-G0963,G. Trent Jr.,3,-0.7797619047619051,4.140902649839519
S2324-G0963,I. Quickley,1,-4.239670329670329,-0.9578087437629433
S2324-G0963,I. Quickley,2,5.326640026640025,1.5879240887949109
S2324-G0963,I. Quickley,3,2.078030303030304,-3.5265814136728775
S2324-G0963,J. Ingles,2,-3.5285714285714294,-6.307597723580308
S2324-G0963,J. Ingles,3,3.295238095238096,-2.712130873645888
S2324-G0963,J. Isaac,1,0.017619047619046313,1.0830369433827525
S2324-G0963,J. Isaac,2,7.68,1.5139303107477005
S2324-G0963,J. Isaac,3,-11.1,-6.80834369164175
S2324-G0963,J. Nwora,1,0.2666666666666675,1.0147664968282628
S2324-G0963,J. Nwora,2,-9.68666666666667,1.9084472206444778
S2324-G0963,J. Porter,1,-2.3363636363636364,-3.750933716958999
S2324-G0963,J. Porter,2,4.664935064935065,-1.840702651941447
S2324-G0963,J. Porter,3,-2.3685714285714288,-5.864358442506085
S2324-G0963,J. Ramsey,1,0.8087301587301585,-1.6756735517207566
S2324-G0963,J. Ramsey,2,-1.068253968253968,-1.057657380415836
S2324-G0963,J. Suggs,1,14.352380952380951,2.359720053214076
S2324-G0963,J. Suggs,2,-11.928571428571427,-8.458368991514503
S2324-G0963,J. Suggs,3,1.049999999999999,1.7583979251640192
S2324-G0963,K. Olynyk,1,6.707936507936508,-0.8373301004923197
S2324-G0963,K. Olynyk,2,-2.322222222222222,-7.0706805603541385
S2324-G0963,K. Olynyk,3,-17.593333333333334,-4.730546529407034
S2324-G0963,M. Fultz,1,-0.06666666666666643,-3.750933716958999
S2324-G0963,M. Fultz,2,-6.233333333333334,-3.967077464737296
S2324-G0963,M. Fultz,3,-2.789999999999999,1.7763923840441347
S2324-G0963,M. Wagner,2,-5.299999999999999,-2.0553045850097345
S2324-G0963,O. Agbaji,1,10.903030303030304,3.0082479855636564
S2324-G0963,O. Agbaji,2,-6.636363636363637,-5.694832651456174
S2324-G0963,O. Agbaji,3,4.636363636363636,-0.566755242476342
S2324-G0963,P. Banchero,1,7.140259740259742,3.077862982974248
S2324-G0963,P. Banchero,2,-13.823214285714288,-5.3732586129084785
S2324-G0963,P. Banchero,3,18.020833333333336,8.969218491362273
S2324-G0963,W. Carter Jr.,1,1.035064935064935,0.027010299382554278
S2324-G0963,W. Carter Jr.,2,-3.4303030303030306,0.7883118850715604
S2324-G0963,W. Carter Jr.,3,-3.914285714285713,3.300252607226215
S2324-G0967,A. Holiday,1,-2.283333333333333,-5.914740076581552
S2324-G0967,A. Holiday,2,-6.533333333333333,-2.589797798688385
S2324-G0967,A. Thompson,1,-12.776666666666666,1.1694439220596595
S2324-G0967,A. Thompson,2,17.446666666666665,8.774393420338829
S2324-G0967,A. Thompson,3,4.125000000000001,-1.363355194560047
S2324-G0967,C. LeVert,1,0.0,2.677557617425321
S2324-G0967,C. LeVert,2,-4.426190476190477,1.4817268674938375
S2324-G0967,C. LeVert,3,-1.0371428571428574,4.480078346664489
S2324-G0967,D. Brooks,1,26.1425,12.697483816927825
S2324-G0967,D. Brooks,3,-6.625,-9.293395919150917
S2324-G0967,D. Garland,1,16.529901960784315,5.072875635775858
S2324-G0967,D. Garland,2,-13.240454545454547,-9.367600482166635
S2324-G0967,D. Garland,3,10.265454545454547,1.4520315366842904
S2324-G0967,D. Jones,1,-3.0999999999999996,-2.911862009963394
S2324-G0967,D. Mitchell,1,9.669696969696972,6.386636800352366
S2324-G0967,D. Mitchell,2,0.7512820512820504,-2.0714356977209807
S2324-G0967,D. Mitchell,3,4.615384615384615,-0.16530866706337813
S2324-G0967,F. VanVleet,1,-1.913333333333333,-3.470447164481437
S2324-G0967,F. VanVleet,2,-22.167307692307695,-3.144153027612571
S2324-G0967,F. VanVleet,3,21.200641025641026,15.00666065642843
S2324-G0967,G. Niang,1,-0.1308441558441551,0.6770542592734414
S2324-G0967,G. Niang,2,3.380844155844156,3.093211713824782
S2324-G0967,G. Niang,3,-0.6049999999999995,-1.719308951023938
S2324-G0967,I. Okoro,1,3.2587878787878797,1.700272471231254
S2324-G0967,I. Okoro,2,0.08121212121212018,-0.9959343280207246
S2324-G0967,I. Okoro,3,1.1711688311688313,-1.5638567875891447
S2324-G0967,J. Allen,1,-6.441025641025641,-2.062886294360946
S2324-G0967,J. Allen,2,10.758333333333333,-0.9634202991580828
S2324-G0967,J. Allen,3,-1.9630952380952378,-7.182060178856845
S2324-G0967,J. Green,1,29.41666666666667,21.34124642948616
S2324-G0967,J. Green,2,-22.277094474153298,-6.003761173224945
S2324-G0967,J. Green,3,4.302852049910872,10.503463884456927
S2324-G0967,J. Landale,1,-8.975,-6.263642031118527
S2324-G0967,J. Landale,2,0.025000000000000355,2.1855518104460065
S2324-G0967,J. Landale,3,8.883333333333333,1.8085703250343692
S2324-G0967,J. Smith Jr.,1,-10.961515151515153,1.362260946447765
S2324-G0967,J. Smith Jr.,2,16.50945165945166,10.663121131807603
S2324-G0967,J. Smith Jr.,3,-6.566269841269841,-6.149864364580809
S2324-G0967,J. Tate,2,12.752380952380951,5.8127529684705
S2324-G0967,R. Bullock Jr.,2,5.058333333333334,-1.8394839258363265
S2324-G0967,R. Bullock Jr.,3,-2.1083333333333334,-5.743309481455113
S2324-G0967,S. Merrill,1,-5.5696969696969685,-3.952090073101738
S2324-G0967,S. Merrill,2,7.603030303030302,2.6481797355098537
S2324-G0967,S. Merrill,3,-12.858333333333333,-6.073772235705211
S2324-G0967,T. Thompson,1,-4.3619047619047615,-5.980626229794997
S2324-G0967,T. Thompson,2,-3.384415584415585,-1.7820993755596293
S2324-G0967,T. Thompson,3,7.7844155844155845,1.801199808529031
S2324-G0978,A. Gordon,1,-3.2566666666666677,-0.6894894652100045
S2324-G0978,A. Gordon,2,5.383333333333334,0.38690952162993764
S2324-G0978,A. Gordon,3,6.506666666666667,-1.988743601887845
S2324-G0978,C. Braun,1,-17.289177489177487,-5.866799967113386
S2324-G0978,C. Braun,2,12.989177489177486,11.512147501686302
S2324-G0978,C. Braun,3,4.300000000000001,-3.337967271714162
S2324-G0978,D. Exum,1,-8.568333333333332,-1.7456735241203711
S2324-G0978,D. Exum,2,10.636904761904761,4.590007613186016
S2324-G0978,D. Exum,3,4.6380952380952385,-2.753246299038065
S2324-G0978,D. Gafford,1,1.8976190476190475,-2.8421601432512147
S2324-G0978,D. Gafford,2,-6.247619047619047,-2.674756562569154
S2324-G0978,D. Gafford,3,-0.2220779220779221,1.9223811981787031
S2324-G0978,D. Jones Jr.,1,9.126190476190477,1.492245104262143
S2324-G0978,D. Jones Jr.,2,-12.086904761904762,-3.916468147293087
S2324-G0978,D. Jones Jr.,3,7.786904761904761,6.268698756470877
S2324-G0978,D. Lively II,1,10.359523809523807,6.315011607509559
S2324-G0978,D. Lively II,2,2.5095238095238095,-5.287150297983815
S2324-G0978,D. Lively II,3,0.15238095238095273,-3.8923061329946416
S2324-G0978,J. Holiday,2,2.3333333333333335,-3.792845036862581
S2324-G0978,J. Murray,1,-5.644047619047619,0.7420310413193705
S2324-G0978,J. Murray,2,5.334999999999999,3.9952311550038115
S2324-G0978,J. Murray,3,-19.183333333333337,-1.061634604398556
S2324-G0978,K. Caldwell-Pope,1,-10.1,-6.263642031118527
S2324-G0978,K. Caldwell-Pope,3,-8.566666666666665,4.4803267282798
S2324-G0978,K. Irving,1,5.671942959001784,4.42205487202405
S2324-G0978,K. Irving,2,-22.186666666666667,-7.33151483314544
S2324-G0978,K. Irving,3,16.604444444444443,15.368889632402672
S2324-G0978,L. Doncic,1,-3.36472073677956,12.580579711003681
S2324-G0978,L. Doncic,2,23.853609625668447,13.302493041749756
S2324-G0978,L. Doncic,3,-28.559210526315788,-6.19503737648209
S2324-G0978,M. Kleber,1,0.0,-5.866799967113386
S2324-G0978,M. Kleber,2,-2.3666666666666663,-5.603557264568125
S2324-G0978,M. Kleber,3,-2.191666666666667,-2.8877181519934165
S2324-G0978,M. Porter Jr.,1,18.180952380952384,12.021218528945068
S2324-G0978,M. Porter Jr.,2,0.7444444444444445,-5.741465655902353
S2324-G0978,M. Porter Jr.,3,-2.9777777777777787,-3.4198093800610616
S2324-G0978,N. Jokic,1,26.50714285714286,14.782750915442465
S2324-G0978,N. Jokic,2,-15.263675213675214,-11.53714493159202
S2324-G0978,N. Jokic,3,13.213675213675213,3.2499418797668755
S2324-G0978,P. Washington,1,-6.460714285714285,-4.340881709002344
S2324-G0978,P. Washington,2,-4.742307692307691,0.03532708371919895
S2324-G0978,P. Washington,3,11.31730769230769,3.557971477653668
S2324-G0978,P. Watson,1,0.5523809523809522,-1.5559544375242054
S2324-G0978,P. Watson,2,4.814285714285715,-0.4002752710215955
S2324-G0978,P. Watson,3,-2.4000000000000004,-5.2003758720175774
S2324-G0978,R. Jackson,1,3.333333333333334,-0.1361606363940902
S2324-G0978,R. Jackson,2,-10.206666666666667,-1.7820993755596293
S2324-G0978,T. Hardaway Jr.,1,0.18333333333333357,-3.268594955741503
S2324-G0978,T. Hardaway Jr.,2,-1.2333333333333338,-3.280139976183449
S2324-G0978,T. Hardaway Jr.,3,3.5333333333333337,-3.4222514661464722
S2324-G0978,Z. Nnaji,2,8.714285714285714,-0.40164069182926543
S2324-G0983,A. Nembhard,1,2.128571428571429,-2.2903253762227807
S2324-G0983,A. Nembhard,2,-10.995238095238095,-3.05366727899217
S2324-G0983,A. Nembhard,3,5.516666666666666,5.162713961572041
S2324-G0983,A. Nesmith,1,-4.151098901098901,-1.8281771499966029
S2324-G0983,A. Nesmith,2,3.2772893772893763,2.5014832863672063
S2324-G0983,A. Nesmith,3,2.8822510822510825,-1.0574231332896276
S2324-G0983,B. Sheppard,1,-6.033333333333333,-1.8632884596429418
S2324-G0983,B. Sheppard,2,11.233333333333333,4.110385491309479
S2324-G0983,B. Sheppard,3,-2.2333333333333334,-6.80834369164175
S2324-G0983,C. LeVert,1,-15.944444444444445,-0.5117117069996633
S2324-G0983,C. LeVert,2,17.855396825396824,9.742356320701248
S2324-G0983,C. LeVert,3,-11.082380952380953,-4.408690065915833
S2324-G0983,C. Porter Jr.,1,-2.3333333333333335,-3.7850840455687553
S2324-G0983,D. Garland,1,-4.996363636363638,-2.1964247466445133
S2324-G0983,D. Garland,2,-19.34090909090909,-0.4236570122545798
S2324-G0983,D. Garland,3,25.327272727272728,16.165843425280567
S2324-G0983,G. Niang,1,4.423333333333334,1.3990935200334167
S2324-G0983,G. Niang,2,-2.0,-0.345728115005689
S2324-G0983,G. Niang,3,7.300000000000001,-1.765267845589823
S2324-G0983,I. Okoro,1,2.15,-5.312894325590008
S2324-G0983,I. Okoro,2,-13.866666666666665,-5.89936562289897
S2324-G0983,I. Okoro,3,4.9714285714285715,7.263677854689639
S2324-G0983,J. Allen,1,7.020129870129871,4.358471675485889
S2324-G0983,J. Allen,2,-4.934415584415584,-2.614142323737295
S2324-G0983,J. Allen,3,-0.673826173826173,0.6919310624092189
S2324-G0983,J. Smith,1,5.6053030303030305,4.019893726366982
S2324-G0983,J. Smith,2,4.06969696969697,-1.5058981581002877
S2324-G0983,J. Smith,3,0.13333333333333286,-5.978250738375189
S2324-G0983,M. Morris Sr.,1,-2.338095238095238,-1.6913023938437353
S2324-G0983,M. Morris Sr.,2,-7.295238095238094,1.1272609957569646
S2324-G0983,M. Morris Sr.,3,12.728571428571428,7.0374591163470965
S2324-G0983,M. Turner,1,-4.849284049284049,-2.89166508985465
S2324-G0983,M. Turner,2,-7.9645687645687655,-2.2392836099914715
S2324-G0983,M. Turner,3,12.96969696969697,6.088961644390589
S2324-G0983,O. Toppin,1,2.8500000000000005,0.6770542592734414
S2324-G0983,O. Toppin,2,6.708333333333334,-0.29622689670333874
S2324-G0983,O. Toppin,3,-7.598787878787878,-6.240389619061122
S2324-G0983,P. Siakam,1,9.783333333333337,7.196515893303647
S2324-G0983,P. Siakam,2,-13.018181818181821,-3.556444368634543
S2324-G0983,P. Siakam,3,19.89848484848485,8.686650410296426
S2324-G0983,S. Merrill,1,0.7666666666666657,2.5227555262740884
S2324-G0983,S. Merrill,2,8.873333333333333,-0.9807442516585726
S2324-G0983,S. Merrill,3,-11.023333333333333,-7.657067401893372
S2324-G0983,T. Haliburton,1,4.1322344322344335,1.0264441474398407
S2324-G0983,T. Haliburton,2,4.967765567765566,-3.064904849634718
S2324-G0983,T. Haliburton,3,-24.553479853479857,-6.654833785459357
S2324-G0983,T. McConnell,1,-4.37857142857143,2.491641589823625
S2324-G0983,T. McConnell,2,8.625,5.0351339681671545
S2324-G0983,T. McConnell,3,-0.04166666666666696,-3.319806096341727
S2324-G0983,T. Thompson,1,-6.733333333333334,-5.8708714226275225
S2324-G0983,T. Thompson,2,6.828571428571429,1.82618258561259
S2324-G0983,T. Thompson,3,-0.09523809523809534,-5.336509469976816
S2324-G0984,D. White,1,-7.957264957264957,9.289845095924905
S2324-G0984,D. White,2,20.957264957264957,14.739229364160945
S2324-G0984,D. White,3,1.2142857142857135,-5.485757346920558
S2324-G0984,E. Fournier,1,-21.426190476190474,-5.866799967113386
S2324-G0984,E. Fournier,2,19.126190476190473,13.604706632837285
S2324-G0984,E. Fournier,3,2.3,-5.201735354737767
S2324-G0984,I. Stewart,1,11.989177489177488,0.9604837755638326
S2324-G0984,J. Brown,1,-5.474007936507938,9.518463482679882
S2324-G0984,J. Brown,2,-3.9425396825396817,2.280883358571973
S2324-G0984,J. Duren,1,-11.0,-5.007560143417823
S2324-G0984,J. Duren,2,4.548571428571428,3.5697793975136385
S2324-G0984,J. Ivey,1,13.293181818181814,11.269564075434298
S2324-G0984,J. Ivey,2,-14.13373015873016,-1.713178843887227
S2324-G0984,J. Ivey,3,20.544444444444444,11.692218584026984
S2324-G0984,J. Springer,2,-0.20857142857142819,1.6401695388035102
S2324-G0984,J. Wiseman,1,4.2444444444444445,-1.3170776394605512
S2324-G0984,J. Wiseman,2,-0.1777777777777776,-2.865027325925878
S2324-G0984,J. Wiseman,3,-21.445276292335116,-3.5122123419794664
S2324-G0984,K. Porzingis,1,-5.565714285714286,7.81997723036923
S2324-G0984,K. Porzingis,3,17.63238095238095,12.125244214630465
S2324-G0984,L. Kornet,1,11.030303030303031,0.594492106958742
S2324-G0984,L. Kornet,2,0.06969696969696959,-8.962245213082342
S2324-G0984,L. Kornet,3,-2.5,-8.092546344132993
S2324-G0984,M. Flynn,1,15.046320346320345,5.0799217671910615
S2324-G0984,M. Flynn,2,-4.533333333333333,-8.552241052202104
S2324-G0984,M. Flynn,3,-5.4642857142857135,-3.133697022988878
S2324-G0984,M. Sasser,1,2.383333333333333,0.5642366165022652
S2324-G0984,M. Sasser,2,4.435238095238096,-0.9239260225024694
S2324-G0984,M. Sasser,3,-6.455844155844155,-4.1235747841119155
S2324-G0984,O. Brissett,1,-2.4047619047619047,-3.7850840455687553
S2324-G0984,O. Brissett,2,-7.5285714285714285,-0.4536711792766354
S2324-G0984,P. Pritchard,1,-7.877289377289378,0.07003290366583617
S2324-G0984,P. Pritchard,2,8.793956043956044,4.665778539375244
S2324-G0984,P. Pritchard,3,-14.916666666666664,-2.640581969233635
S2324-G0984,S. Mykhailiuk,1,-0.6857142857142859,-1.0790502261074626
S2324-G0984,S. Mykhailiuk,3,-2.1863636363636356,-0.11851934161659175
S2324-G0984,S. Umude,1,4.558095238095238,1.2132388295009324
S2324-G0984,S. Umude,2,1.091111111111112,-0.30121924595624755
S2324-G0984,S. Umude,3,-2.511111111111112,-1.921856163905878
S2324-G0984,T. Brown Jr.,2,6.633333333333333,-1.4024851235302056
S2324-G0984,T. Brown Jr.,3,0.06666666666666665,-5.683317919059108
S2324-G0984,T. Evbuomwan,3,-14.03650793650794,-2.136027345621061
S2324-G0984,T. Gibson,2,-7.6899999999999995,-5.5774175146276805
S2324-G0984,X. Tillman,2,-6.814285714285715,-6.263642031118527
S2324-G0988,A. Burks,1,-9.64,-3.7850840455687553
S2324-G0988,A. Burks,2,9.735238095238095,5.714826762347151
S2324-G0988,A. Wiggins,1,7.025,-2.099008240413998
S2324-G0988,A. Wiggins,2,-2.2,-6.007924662773303
S2324-G0988,A. Wiggins,3,-16.8075,-3.1996616956894592
S2324-G0988,B. Bogdanovic,1,-6.549999999999999,-3.8330241550369215
S2324-G0988,B. Bogdanovic,2,2.3619047619047606,2.5524389376742724
S2324-G0988,B. Podziemski,1,-4.65,-5.418631326285678
S2324-G0988,B. Podziemski,2,4.65,-0.8770951556969813
S2324-G0988,C. Paul,1,-10.456666666666669,0.9401802072479404
S2324-G0988,C. Paul,2,15.75666666666667,9.520850300930547
S2324-G0988,C. Paul,3,-4.145238095238096,-3.938458610320533
S2324-G0988,D. DiVincenzo,1,6.689177489177489,2.487499631697398
S2324-G0988,D. DiVincenzo,2,-18.69145299145299,-3.966313739232242
S2324-G0988,D. Green,1,6.808333333333334,0.5179941858152137
S2324-G0988,D. Green,2,-4.633333333333333,-3.8551007135903212
S2324-G0988,D. Green,3,6.95,-0.2779349780652738
S2324-G0988,G. Payton II,1,5.2333333333333325,-1.7188398209118434
S2324-G0988,G. Payton II,2,-5.408333333333333,-5.054443466011865
S2324-G0988,G. Payton II,3,5.503571428571429,0.7315838652014645
S2324-G0988,I. Hartenstein,1,17.41111111111111,4.752101527646683
S2324-G0988,I. Hartenstein,2,-4.300000000000001,-6.844834807601567
S2324-G0988,I. Hartenstein,3,-3.4692307692307702,-3.173790884903344
S2324-G0988,J. Brunson,1,-10.729870129870132,4.078770904167742
S2324-G0988,J. Brunson,2,-2.6892857142857096,12.735391835472843
S2324-G0988,J. Brunson,3,16.889285714285712,17.591102086224673
S2324-G0988,J. Hart,1,0.2739393939393935,0.08001207007916658
S2324-G0988,J. Hart,2,-4.246666666666666,-3.2053948181798337
S2324-G0988,J. Hart,3,-6.958730158730161,-2.328187251968654
S2324-G0988,J. Kuminga,1,2.205238095238098,4.790863840062528
S2324-G0988,J. Kuminga,2,6.685238095238093,1.745543465967097
S2324-G0988,J. Kuminga,3,4.029761904761905,-1.6743835934046514
S2324-G0988,K. Thompson,1,-10.114285714285714,-3.750933716958999
S2324-G0988,K. Thompson,2,-5.841269841269844,4.873480357392586
S2324-G0988,K. Thompson,3,-1.6111111111111107,8.046070059004853
S2324-G0988,M. McBride,1,7.624999999999998,9.832825500664518
S2324-G0988,M. McBride,2,6.268333333333334,1.8869838504145244
S2324-G0988,M. McBride,3,-4.384786324786324,0.24311012921268405
S2324-G0988,P. Achiuwa,1,2.3,-0.14164799967686567
S2324-G0988,P. Achiuwa,2,-0.1023809523809529,-2.1749714968093854
S2324-G0988,P. Achiuwa,3,4.566666666666667,-2.072018363722389
S2324-G0988,S. Curry,1,-20.174358974358974,-1.5528875711940457
S2324-G0988,S. Curry,2,10.529999999999998,5.68723788809502
S2324-G0988,S. Curry,3,2.158095238095239,4.588846801359074
S2324-G0988,T. Jackson-Davis,1,12.899999999999999,4.4799037904720835
S2324-G0988,T. Jackson-Davis,2,-14.144444444444444,-6.858515060733246
S2324-G0988,T. Jackson-Davis,3,1.3194444444444446,5.861722015911796
S2324-G0989,A. Len,1,-6.7142857142857135,-5.203726955815843
S2324-G0989,A. Len,2,8.814285714285713,2.5048944975173844
S2324-G0989,A. Len,3,-0.16428571428571426,-5.828332975464659
S2324-G0989,C. Duarte,1,8.44,4.637827127457761
S2324-G0989,C. Duarte,2,0.29523809523809597,-3.1604767427134144
S2324-G0989,D. Bane,1,-5.7949494949494955,0.230471366556461
S2324-G0989,D. Bane,2,-7.127272727272725,4.032373184660329
S2324-G0989,D. Bane,3,7.133333333333333,6.808161044674855
S2324-G0989,D. Bane,4,10.883333333333333,-0.24093748580855537
S2324-G0989,D. Fox,1,-6.757142857142857,-1.1937645038492415
S2324-G0989,D. Fox,2,-5.022069597069599,4.030074582718999
S2324-G0989,D. Fox,3,0.1900349650349682,8.142308442735542
S2324-G0989,D. Fox,4,13.727272727272727,5.790595483571697
S2324-G0989,D. Jarreau,1,-1.2722222222222221,0.8979781304218744
S2324-G0989,D. Jarreau,2,8.938888888888888,1.6947409395313395
S2324-G0989,D. Jarreau,3,-10.033333333333333,-6.073772235705211
S2324-G0989,D. Mitchell,1,2.2333333333333334,-4.3394740173584605
S2324-G0989,D. Mitchell,2,-2.2047619047619045,-5.054443466011865
S2324-G0989,D. Sabonis,1,16.345238095238095,9.958301989654974
S2324-G0989,D. Sabonis,2,-8.054761904761905,-8.552542893125358
S2324-G0989,D. Sabonis,3,-4.5821428571428555,1.8528494370963353
S2324-G0989,D. Sabonis,4,11.260714285714284,7.463341402080615
S2324-G0989,G. Jackson II,1,8.933333333333335,7.9595180302187565
S2324-G0989,G. Jackson II,2,1.2733333333333334,-0.9239260225024694
S2324-G0989,G. Jackson II,3,0.9690476190476192,-0.9418216106230388
S2324-G0989,G. Jackson II,4,-4.3,-2.563769671413276
S2324-G0989,H. Barnes,1,1.9000000000000004,1.1173999745342658
S2324-G0989,H. Barnes,2,8.825,0.3420407100521937
S2324-G0989,H. Barnes,3,-16.417307692307695,-5.0504048461713005
S2324-G0989,J. Jackson Jr.,1,16.638333333333335,8.489269674519388
S2324-G0989,J. Jackson Jr.,2,-18.630714285714284,-8.815839720738058
S2324-G0989,J. Jackson Jr.,3,-11.021785714285713,6.867670950752183
S2324-G0989,J. Jackson Jr.,4,29.8375,16.07457899881222
S2324-G0989,J. Konchar,1,-11.217142857142857,-5.502056322029912
S2324-G0989,J. Konchar,2,9.148809523809524,-0.3318666746635289
S2324-G0989,J. Konchar,3,-4.5773809523809526,-5.328291112476686
S2324-G0989,J. LaRavia,1,9.10357142857143,6.637730163158938
S2324-G0989,J. LaRavia,2,-0.43523809523809476,-5.213171247834477
S2324-G0989,J. LaRavia,3,-2.0963636363636358,-1.8076646905018063
S2324-G0989,J. LaRavia,4,10.036363636363635,1.7933032115813787
S2324-G0989,K. Ellis,1,-5.466666666666667,-6.263642031118527
S2324-G0989,K. Ellis,2,-1.371428571428571,0.3561998763814655
S2324-G0989,K. Ellis,3,4.431428571428571,0.038757015999834395
S2324-G0989,K. Ellis,4,1.9566666666666666,-4.164502032723911
S2324-G0989,K. Murray,1,-7.478205128205126,-0.7350227029411329
S2324-G0989,K. Murray,2,1.0410256410256373,6.93010751312476
S2324-G0989,K. Murray,3,12.778021978021979,4.4446273006857915
S2324-G0989,K. Murray,4,2.497619047619048,-5.542781362189964
S2324-G0989,M. Monk,1,-12.952121212121213,-2.2878638303065615
S2324-G0989,M. Monk,2,6.385454545454548,5.466674088460449
S2324-G0989,M. Monk,3,-6.320000000000002,1.8370665894173661
S2324-G0989,M. Monk,4,-3.8657142857142865,7.3967311131282445
S2324-G0989,S. Aldama,1,-3.764935064935065,-1.0298380310264088
S2324-G0989,S. Aldama,2,-0.687445887445886,3.6936862205229053
S2324-G0989,S. Aldama,3,5.542857142857142,3.2609528476048824
S2324-G0989,S. Aldama,4,3.914285714285714,-3.6428862397387825
S2324-G0989,T. Jemison,1,-2.183333333333333,-5.866799967113386
S2324-G0989,T. Jemison,2,1.9,-2.3251081443497665
S2324-G0997,A. Nembhard,1,-1.1166666666666663,-1.3049743264608413
S2324-G0997,A. Nembhard,2,3.5500000000000007,0.7676683181062248
S2324-G0997,A. Nembhard,3,1.8999999999999995,-1.8251456248490094
S2324-G0997,A. Nesmith,1,-21.317748917748915,-3.056369602835793
S2324-G0997,A. Nesmith,2,19.319480519480518,13.515538244298126
S2324-G0997,B. Sheppard,1,-7.338095238095239,-3.750933716958999
S2324-G0997,B. Sheppard,2,5.271428571428571,2.7365932373895934
S2324-G0997,B. Sheppard,3,-6.9799999999999995,-2.726706388480668
S2324-G0997,C. Cunningham,1,5.379166666666666,12.653753210714386
S2324-G0997,C. Cunningham,2,-5.899999999999999,1.0493923311223148
S2324-G0997,C. Cunningham,3,26.9,7.685216244012559
S2324-G0997,C. Metu,1,4.533333333333333,-2.486834518003333
S2324-G0997,C. Metu,2,-15.533333333333331,-5.054443466011865
S2324-G0997,C. Metu,3,9.132692307692306,6.954794761141625
S2324-G0997,D. McDermott,1,9.733333333333333,2.494654196749567
S2324-G0997,D. McDermott,2,-13.266666666666666,-5.213947862734808
S2324-G0997,E. Fournier,1,-6.747619047619047,-3.7850840455687553
S2324-G0997,E. Fournier,2,3.664285714285713,3.284288229250157
S2324-G0997,E. Fournier,3,2.95,-1.5071700445184106
S2324-G0997,I. Jackson,1,9.066666666666666,2.2910658496971457
S2324-G0997,I. Jackson,2,-5.24,-4.482290105550716
S2324-G0997,I. Jackson,3,-6.6516666666666655,-2.2322843671090355
S2324-G0997,J. Duren,1,-2.2307692307692317,-2.40439514255741
S2324-G0997,J. Duren,2,1.9523809523809526,-5.378877918002268
S2324-G0997,J. Duren,3,-9.303021978021977,-7.26029585619948
S2324-G0997,J. Ivey,1,8.70952380952381,5.295985498608634
S2324-G0997,J. Ivey,2,-3.0268398268398276,-3.004737074795157
S2324-G0997,J. Ivey,3,5.2696969696969695,0.2434266307470437
S2324-G0997,J. Wiseman,1,-4.588888888888889,-5.674307212497326
S2324-G0997,J. Wiseman,2,-10.780808080808079,-1.3804674656687264
S2324-G0997,J. Wiseman,3,11.136363636363635,6.449122542690586
S2324-G0997,M. Sasser,1,-12.855555555555554,-6.263642031118527
S2324-G0997,M. Sasser,2,12.788888888888888,5.496476165884924
S2324-G0997,M. Sasser,3,-4.638095238095238,-6.073772235705211
S2324-G0997,M. Turner,1,5.868181818181819,-3.681680926994573
S2324-G0997,M. Turner,2,-4.540000000000001,-11.199514205424565
S2324-G0997,M. Turner,3,1.2400000000000002,-0.8240388783256793
S2324-G0997,O. Toppin,1,0.9249999999999998,-1.6226764793447845
S2324-G0997,O. Toppin,2,4.308333333333334,-0.4923963386265423
S2324-G0997,O. Toppin,3,-2.3666666666666663,-6.073772235705211
S2324-G0997,P. Siakam,1,22.73611111111111,11.316755376426578
S2324-G0997,P. Siakam,2,-24.901923076923076,-6.653613736077331
S2324-G0997,P. Siakam,3,25.976923076923075,16.24032397210137
S2324-G0997,S. Umude,1,6.52,1.619776060668487
S2324-G0997,S. Umude,2,-2.1399999999999997,-3.8236229223084135
S2324-G0997,T. Evbuomwan,1,-2.6566666666666645,-1.0439862907232125
S2324-G0997,T. Evbuomwan,2,11.746666666666664,2.2368980604652773
S2324-G0997,T. Evbuomwan,3,-6.714285714285714,-6.65139129536796
S2324-G0997,T. Haliburton,1,4.536363636363637,1.4227127661112968
S2324-G0997,T. Haliburton,2,-19.325000000000003,-4.181532825485535
S2324-G0997,T. McConnell,1,-16.228571428571428,-3.7850840455687553
S2324-G0997,T. McConnell,2,18.52857142857143,11.735011099564533
S2324-G0997,T. McConnell,3,-13.033333333333333,-5.9134098309719745
S2324-G1000,A. Wiggins,2,-8.490476190476192,-4.412808960720689
S2324-G1000,B. Sensabaugh,1,6.834444444444445,-1.0439862907232125
S2324-G1000,B. Sensabaugh,2,-0.28888888888888875,-5.131796523884699
S2324-G1000,B. Sensabaugh,3,-8.98888888888889,-3.611141019815207
S2324-G1000,C. Holmgren,1,9.191486291486292,8.006756545507756
S2324-G1000,C. Holmgren,2,-8.047008547008545,-8.244518924141065
S2324-G1000,C. Holmgren,3,-14.707594627594627,3.460309769295216
S2324-G1000,C. Sexton,1,-0.9373076923076908,7.762616573680394
S2324-G1000,C. Sexton,2,-3.3171078921078916,7.3378043784900875
S2324-G1000,C. Sexton,3,11.009415584415583,8.72227911523658
S2324-G1000,C. Wallace,1,0.09333333333333327,-3.7389639216454986
S2324-G1000,C. Wallace,2,-3.0576190476190477,-3.1048774128506618
S2324-G1000,C. Wallace,3,1.1392857142857142,-1.5478760205457738
S2324-G1000,G. Hayward,1,-9.464285714285715,-4.836325227220286
S2324-G1000,G. Hayward,2,8.414285714285715,5.226347631935588
S2324-G1000,I. Joe,1,0.10000000000000009,-3.792845036862581
S2324-G1000,I. Joe,2,-2.4,-3.631860075350902
S2324-G1000,J. Collins,1,-5.643333333333334,0.7314631720014905
S2324-G1000,J. Collins,2,-0.37155844155844164,5.777375965809982
S2324-G1000,J. Collins,3,13.774891774891776,5.681519498539606
S2324-G1000,J. Giddey,1,6.128181818181817,0.2512186147250838
S2324-G1000,J. Giddey,2,0.6733333333333338,-6.729333120632198
S2324-G1000,J. Giddey,3,-0.09761904761904727,-5.681114895024458
S2324-G1000,J. Juzang,2,20.52857142857143,8.993641667646191
S2324-G1000,J. Juzang,3,-2.3333333333333335,-10.13927158271984
S2324-G1000,J. Williams,1,-6.4984873949579836,6.539184156274994
S2324-G1000,J. Williams,2,12.90920168067227,9.901707324521466
S2324-G1000,J. Williams,3,5.6778571428571425,-2.533828441589035
S2324-G1000,K. Dunn,1,-0.8571428571428577,-1.799494238301767
S2324-G1000,K. Dunn,2,5.265873015873017,-0.6963445057335024
S2324-G1000,K. George,1,8.346320346320345,3.8747733597352823
S2324-G1000,K. George,2,3.0,-4.341779039115954
S2324-G1000,K. George,3,-8.653333333333332,-4.998501981287339
S2324-G1000,L. Dort,1,9.695238095238096,0.1429953430571437
S2324-G1000,L. Dort,2,-2.2333333333333334,-8.861935436460453
S2324-G1000,L. Dort,3,-6.397619047619047,-5.887031640734581
S2324-G1000,M. Potter,1,5.3,-1.5559544375242054
S2324-G1000,M. Potter,2,0.0,-4.5325478027346735
S2324-G1000,M. Potter,3,-2.1500000000000004,-6.108436571850314
S2324-G1000,S. Gilgeous-Alexander,1,9.978896103896103,11.788938949396739
S2324-G1000,S. Gilgeous-Alexander,2,-15.62965367965368,-2.5483312692428832
S2324-G1000,S. Gilgeous-Alexander,3,12.39090909090909,15.473974669297144
S2324-G1000,T. Hendricks,1,-0.910822510822511,-2.89166508985465
S2324-G1000,T. Hendricks,2,-3.3533333333333326,-4.969283437115821
S2324-G1000,T. Hendricks,3,1.0949999999999989,0.049716361121928516
S2324-G1000,T. Horton-Tucker,1,3.2666666666666675,1.0147664968282628
S2324-G1000,T. Horton-Tucker,2,-5.683333333333334,-2.4237193387364644
S2324-G1000,T. Horton-Tucker,3,1.2857142857142865,2.743801724933841
S2324-G1000,W. Kessler,1,4.466666666666667,-1.7621791004941638
S2324-G1000,W. Kessler,2,-4.383333333333333,-5.359325618894157
S2324-G1000,W. Kessler,3,4.41,-1.5211425270126313
S2324-G1005,A. Gill,1,0.31944444444444464,-0.4318277510510875
S2324-G1005,A. Gill,2,1.7055555555555548,-0.709733119196946
S2324-G1005,A. Gill,3,4.583333333333334,-3.088643410369606
S2324-G1005,A. Len,1,-2.2,-6.263642031118527
S2324-G1005,A. Len,2,2.1333333333333333,-2.9757574196260013
S2324-G1005,C. Duarte,1,-10.004761904761905,-3.750933716958999
S2324-G1005,C. Duarte,2,7.421428571428572,3.6022975159280293
S2324-G1005,C. Duarte,3,2.527777777777777,-1.6390854717669006
S2324-G1005,C. Kispert,1,3.825000000000001,-0.045839278816029644
S2324-G1005,C. Kispert,2,-9.133333333333333,-2.5161331675132947
S2324-G1005,C. Kispert,3,5.2333333333333325,7.2471915604669865
S2324-G1005,D. Avdija,1,16.15811965811966,7.537158165730344
S2324-G1005,D. Avdija,2,-6.449999999999999,-8.791552913429598
S2324-G1005,D. Avdija,3,-2.4642857142857135,0.2250000174069259
S2324-G1005,D. Fox,1,-19.09705882352941,1.418038120408224
S2324-G1005,D. Fox,2,19.44705882352941,14.452204480598795
S2324-G1005,D. Fox,3,-20.116666666666667,-2.025908676079287
S2324-G1005,D. Mitchell,1,4.3,-2.446504624202314
S2324-G1005,D. Mitchell,2,0.0,-4.568957801721503
S2324-G1005,D. Mitchell,3,-7.6000000000000005,-5.748572320973676
S2324-G1005,D. Sabonis,1,-2.347474747474747,-1.1687839360614298
S2324-G1005,D. Sabonis,2,-11.31030303030303,-0.5303556535239374
S2324-G1005,D. Sabonis,3,19.988333333333333,7.237867595395333
S2324-G1005,H. Barnes,1,1.041208791208792,0.8102592197354425
S2324-G1005,H. Barnes,2,5.734432234432234,-0.5078993209495906
S2324-G1005,H. Barnes,3,5.266666666666667,-4.992343245730316
S2324-G1005,J. Butler,2,-7.641666666666667,-6.231360539454318
S2324-G1005,J. Butler,3,-4.3256410256410245,0.5383935620802338
S2324-G1005,J. Champagnie,2,-0.03333333333333366,-4.412808960720689
S2324-G1005,J. Davis,1,4.166666666666667,-0.7030817365626334
S2324-G1005,J. Poole,1,14.257142857142856,2.359720053214076
S2324-G1005,J. Poole,2,-10.908333333333333,-8.552241052202104
S2324-G1005,J. Poole,3,-3.4173076923076913,1.8823532593116636
S2324-G1005,K. Edwards,2,-7.639285714285714,-6.231360539454318
S2324-G1005,K. Ellis,1,4.380952380952381,-1.6614249767411964
S2324-G1005,K. Ellis,2,2.2333333333333334,-3.7966513460095164
S2324-G1005,K. Ellis,3,0.0,-5.504254569999143
S2324-G1005,K. Kuzma,1,-6.950303643724695,7.114544255460428
S2324-G1005,K. Kuzma,2,3.32011133603239,10.990504185032197
S2324-G1005,K. Kuzma,3,5.314166666666665,5.8088249239266085
S2324-G1005,K. Murray,1,21.958333333333332,9.331421115027423
S2324-G1005,K. Murray,2,-6.504761904761905,-9.12114655640625
S2324-G1005,K. Murray,3,-6.395238095238095,-2.633878270227659
S2324-G1005,M. Monk,1,-2.411904761904763,2.7485229878338724
S2324-G1005,M. Monk,2,-11.40108225108225,3.4224716871045318
S2324-G1005,M. Monk,3,13.60108225108225,10.328277628935776
S2324-G1005,P. Baldwin Jr.,2,8.44587912087912,1.5071967736331262
S2324-G1005,R. Holmes,1,7.078333333333332,1.2247970245920345
S2324-G1005,R. Holmes,2,4.3133333333333335,-5.894749331722458
S2324-G1005,R. Holmes,3,-11.299999999999999,-7.452242665564077
S2324-G1011,C. Cunningham,1,9.761904761904761,10.71834089269951
S2324-G1011,C. Cunningham,2,3.6065018315018307,-2.3738506879366708
S2324-G1011,C. Cunningham,3,6.2839743589743575,-1.4239644077865699
S2324-G1011,C. Metu,1,-0.09999999999999998,-6.020780834898836
S2324-G1011,C. Metu,2,-4.225,-4.527274039148147
S2324-G1011,C. Metu,3,-0.5449999999999999,-0.8735368172291786
S2324-G1011,D. White,1,-10.922222222222222,-0.43075030694654814
S2324-G1011,D. White,2,11.997222222222222,9.544236361271881
S2324-G1011,D. White,3,-11.822222222222221,-3.4890843891496917
S2324-G1011,E. Fournier,1,2.4999999999999996,-2.321148912081177
S2324-G1011,E. Fournier,2,2.3444444444444446,-3.486611469439996
S2324-G1011,E. Fournier,3,-15.394444444444442,-5.415947549593939
S2324-G1011,J. Brown,1,10.951515151515155,12.449358916474038
S2324-G1011,J. Brown,2,-22.54047619047619,-4.428253798029233
S2324-G1011,J. Brown,3,31.03571428571429,20.027312327506504
S2324-G1011,J. Ivey,1,-1.0444444444444443,-0.9863274805512895
S2324-G1011,J. Ivey,2,-17.222222222222225,-0.28329998457603295
S2324-G1011,J. Ivey,3,27.166666666666668,11.793955426106427
S2324-G1011,J. Rhoden,1,-3.2333333333333334,-1.9917007411388412
S2324-G1011,J. Rhoden,2,-1.0666666666666664,0.5473010061745625
S2324-G1011,J. Wiseman,1,13.189393939393938,12.367065839662528
S2324-G1011,J. Wiseman,2,8.446969696969697,-5.489612040989751
S2324-G1011,J. Wiseman,3,-6.563636363636363,-4.785104969963226
S2324-G1011,K. Porzingis,1,6.073595848595847,3.3724856404034056
S2324-G1011,K. Porzingis,2,-12.982142857142858,-6.968038446544029
S2324-G1011,K. Porzingis,3,10.05,5.075131920051322
S2324-G1011,L. Kornet,1,1.1333333333333333,-5.084456250411476
S2324-G1011,L. Kornet,2,-2.2388888888888885,-5.289973598727397
S2324-G1011,L. Kornet,3,-1.9500000000000002,-3.0366101966456727
S2324-G1011,M. Sasser,1,-5.671428571428572,-1.4100017179775002
S2324-G1011,M. Sasser,2,3.571428571428571,3.1321030703600954
S2324-G1011,M. Sasser,3,5.275,-2.627333052130642
S2324-G1011,O. Brissett,1,-4.199999999999999,-4.6117659477420325
S2324-G1011,O. Brissett,2,0.9749999999999996,0.43818306263691825
S2324-G1011,O. Brissett,3,4.258333333333333,-0.61589646528284
S2324-G1011,P. Pritchard,1,2.370303030303031,10.31701675303324
S2324-G1011,P. Pritchard,2,3.9999999999999982,7.305405400502277
S2324-G1011,P. Pritchard,3,8.686363636363637,1.9086039628567864
S2324-G1011,S. Hauser,1,-9.215079365079365,3.765259663854917
S2324-G1011,S. Hauser,2,15.321428571428571,9.999491997295676
S2324-G1011,S. Hauser,3,4.9714285714285715,-4.388619964542167
S2324-G1011,S. Mykhailiuk,2,5.338095238095238,-1.5524816173574705
S2324-G1011,T. Brown Jr.,1,-0.5166666666666675,2.7049492210034343
S2324-G1011,T. Brown Jr.,2,8.950000000000001,2.9035792368986795
S2324-G1011,T. Evbuomwan,1,3.3800000000000003,-4.180467900561129
S2324-G1011,T. Evbuomwan,2,-21.758333333333333,-6.6893948994783115
S2324-G1011,T. Evbuomwan,3,11.875,11.106306612385582
S2324-G1011,X. Tillman,1,-0.2250000000000001,-6.231360539454318
S2324-G1011,X. Tillman,3,-6.321428571428571,-6.374010262701536
S2324-G1014,A. Edwards,1,12.34155844155844,8.062950886761787
S2324-G1014,A. Edwards,2,-18.76666666666667,-4.842998651223926
S2324-G1014,A. Edwards,3,21.130952380952383,12.15866662344009
S2324-G1014,C. LeVert,1,-2.890043290043291,0.8263166512714537
S2324-G1014,C. LeVert,2,-2.02077922077922,1.7248024236924053
S2324-G1014,C. LeVert,3,4.957142857142857,3.765328975596122
S2324-G1014,D. Garland,1,12.682142857142859,11.045197214809619
S2324-G1014,D. Garland,2,-3.677380952380952,-4.453387558885389
S2324-G1014,D. Garland,3,-7.994285714285716,1.740735118655762
S2324-G1014,G. Niang,1,2.4499999999999993,-0.9578087437629433
S2324-G1014,G. Niang,2,2.9400000000000004,-2.5547545616979064
S2324-G1014,G. Niang,3,-10.917307692307691,-4.7343773896487855
S2324-G1014,I. Okoro,1,1.4500000000000002,-2.9556877124995746
S2324-G1014,I. Okoro,2,-2.246428571428571,-2.3771033481836743
S2324-G1014,I. Okoro,3,4.121428571428571,-1.5699956279474823
S2324-G1014,J. Allen,1,9.854545454545455,5.17578137223733
S2324-G1014,J. Allen,2,-4.388636363636363,-6.634991925287911
S2324-G1014,J. Allen,3,6.510714285714285,-3.1830422012571704
S2324-G1014,J. McDaniels,1,1.9839743589743586,-1.989464820486642
S2324-G1014,J. McDaniels,2,-11.626666666666665,-8.3206635386624
S2324-G1014,J. McDaniels,3,5.636190476190476,5.364436947203615
S2324-G1014,J. McLaughlin,1,-10.48888888888889,-1.5559544375242054
S2324-G1014,J. McLaughlin,2,15.900000000000002,10.215677501013548
S2324-G1014,K. Anderson,2,2.4800000000000004,0.20814576667333504
S2324-G1014,K. Anderson,3,-2.153333333333334,-0.9082684629323706
S2324-G1014,M. Conley,1,-5.206666666666667,-0.7039675307123212
S2324-G1014,M. Conley,2,5.453333333333333,5.483139397117758
S2324-G1014,M. Conley,3,-15.085860805860808,2.065186095848421
S2324-G1014,M. Morris,1,-9.833333333333334,-3.7850840455687553
S2324-G1014,M. Morris Sr.,1,2.794139194139193,3.256772515659803
S2324-G1014,M. Morris Sr.,2,8.597527472527473,1.7280771065200873
S2324-G1014,M. Morris Sr.,3,-14.165,-6.279358540513442
S2324-G1014,N. Alexander-Walker,1,0.09999999999999998,-5.453296347161183
S2324-G1014,N. Alexander-Walker,2,-2.2666666666666666,-5.23995477878376
S2324-G1014,N. Alexander-Walker,3,-0.03333333333333366,-3.967077464737296
S2324-G1014,N. Reid,1,21.585714285714285,10.730270712036416
S2324-G1014,N. Reid,2,0.14761904761904798,-8.304933741523431
S2324-G1014,N. Reid,3,-12.573333333333336,-4.932437212101756
S2324-G1014,R. Gobert,1,0.8560439560439557,-2.259930246730003
S2324-G1014,R. Gobert,2,-6.328424908424909,-5.663065356960298
S2324-G1014,R. Gobert,3,4.411666666666667,0.6202557564939705
S2324-G1014,S. Merrill,2,26.1875,9.506248979636352
S2324-G1014,S. Merrill,3,-0.06666666666666665,-16.191502106039863
S2324-G1014,T. Thompson,1,-0.8380952380952373,-3.425742073976345
S2324-G1014,T. Thompson,2,-2.076190476190477,-2.555647470078629
S2324-G1014,T. Thompson,3,0.08928571428571441,-1.1461706937027463
S2324-G1025,B. Beal,1,0.4752380952380939,-0.9219328856036777
S2324-G1025,B. Beal,2,-5.7785714285714285,-0.5521135969302146
S2324-G1025,B. Beal,3,10.05,4.837517266903482
S2324-G1025,B. Bol,2,-5.243030303030304,0.967586174860104
S2324-G1025,B. Wesley,2,-4.078571428571429,0.5602980326248422
S2324-G1025,C. Osman,1,-1.935714285714285,-3.572714579636438
S2324-G1025,C. Osman,2,-3.3500000000000014,-2.3517725002866636
S2324-G1025,C. Osman,3,5.450000000000001,0.5680215932044264
S2324-G1025,D. Booker,1,21.953333333333333,18.958178121206384
S2324-G1025,D. Booker,2,-32.92888888888889,-7.207733960302682
S2324-G1025,D. Eubanks,1,-2.133333333333333,-6.020780834898836
S2324-G1025,D. Eubanks,2,-2.316666666666667,-3.826527289187147
S2324-G1025,D. Eubanks,3,-8.69155844155844,-2.0888690676797537
S2324-G1025,D. Vassell,1,8.9982683982684,2.017764646032589
S2324-G1025,D. Vassell,2,2.2047619047619045,-5.577236546948256
S2324-G1025,E. Gordon,1,-13.486363636363638,-3.8330241550369215
S2324-G1025,E. Gordon,2,10.56969696969697,9.927240056218043
S2324-G1025,E. Gordon,3,3.066666666666667,-2.631742309268204
S2324-G1025,G. Allen,1,8.845238095238095,1.5001601269900675
S2324-G1025,G. Allen,2,0.08333333333333304,-5.414754761331581
S2324-G1025,J. Champagnie,1,-4.383333333333333,-4.412808960720689
S2324-G1025,J. Champagnie,2,6.622727272727273,-0.37750436605230225
S2324-G1025,J. Champagnie,3,-4.372727272727273,-5.064294340732488
S2324-G1025,J. Nurkic,1,-2.3466666666666667,-1.3945381658942837
S2324-G1025,J. Nurkic,2,2.2651515151515156,0.4841385158320556
S2324-G1025,J. Sochan,1,6.485714285714285,-0.9939091899025004
S2324-G1025,J. Sochan,2,-9.672380952380951,-5.8340112052691575
S2324-G1025,K. Durant,1,-9.583333333333336,5.410377086981553
S2324-G1025,K. Durant,2,9.873333333333335,13.963924607622353
S2324-G1025,K. Johnson,1,-7.3583333333333325,-2.3851493723719144
S2324-G1025,K. Johnson,2,-6.366666666666667,3.8769495107917504
S2324-G1025,K. Johnson,3,13.5,7.673998936657086
S2324-G1025,M. Branham,1,-4.699999999999999,-1.3170776394605512
S2324-G1025,M. Branham,2,8.933333333333334,4.1719116311242335
S2324-G1025,M. Branham,3,-2.9047619047619047,-4.603793731934867
S2324-G1025,R. O'Neale,1,4.633333333333333,-2.2009686054152184
S2324-G1025,R. O'Neale,2,-2.4833333333333334,-5.054443466011865
S2324-G1025,R. O'Neale,3,-8.47,-2.9830641700592713
S2324-G1025,T. Jones,1,-4.4444444444444455,-2.75077815611068
S2324-G1025,T. Jones,2,0.035714285714286476,-0.12813675898886506
S2324-G1025,V. Wembanyama,1,5.702564102564102,4.674125836322196
S2324-G1025,V. Wembanyama,2,5.35,-6.858954344636661
S2324-G1025,Z. Collins,1,-1.8023809523809522,0.5280881259522864
S2324-G1025,Z. Collins,2,10.5,2.9789116839672785
S2324-G1025,Z. Collins,3,-7.666666666666667,-4.863247749061959
S2324-G1036,B. Brown,1,-6.705555555555556,-4.3394740173584605
S2324-G1036,B. Brown,2,-5.008730158730158,2.2895657883463625
S2324-G1036,B. Brown,3,13.009740259740258,5.210989854055243
S2324-G1036,D. Finney-Smith,1,11.633333333333333,4.087096738504048
S2324-G1036,D. Finney-Smith,2,-4.308333333333334,-5.7248541717729315
S2324-G1036,D. Finney-Smith,3,4.635,-1.1185493627565355
S2324-G1036,D. Schroder,1,-9.661507936507936,-0.9668883004777765
S2324-G1036,D. Schroder,2,5.569841269841271,8.369522822644548
S2324-G1036,D. Schroder,3,-0.2891774891774901,2.1406712944045023
S2324-G1036,D. Sharpe,1,9.135000000000002,4.068315007140886
S2324-G1036,G. Dick,1,8.813675213675213,1.5305708887316627
S2324-G1036,G. Dick,2,-6.7333333333333325,-7.761776536511534
S2324-G1036,G. Dick,3,7.033333333333333,-1.593172441882038
S2324-G1036,G. Temple,1,-4.204761904761904,-5.866799967113386
S2324-G1036,G. Temple,2,4.121428571428571,-0.46516398388323815
S2324-G1036,G. Temple,3,-2.25,-5.651497374036291
S2324-G1036,G. Trent Jr.,1,-5.436111111111114,3.4482893838837043
S2324-G1036,G. Trent Jr.,2,4.141414141414142,8.886546414629919
S2324-G1036,G. Trent Jr.,3,7.491919191919193,4.436003289228732
S2324-G1036,J. Freeman-Liberty,1,-4.389285714285714,-1.7116489080389872
S2324-G1036,J. Freeman-Liberty,2,-2.2423809523809517,2.040171347038135
S2324-G1036,J. Freeman-Liberty,3,1.3566666666666656,3.643768130782527
S2324-G1036,J. Gilyard,1,0.06666666666666643,-3.2733997425549237
S2324-G1036,J. Nwora,1,-3.077857142857143,-3.154275240195919
S2324-G1036,J. Nwora,2,2.125,-2.0683251265143423
S2324-G1036,J. Nwora,3,-2.3833333333333337,-3.6860686272506387
S2324-G1036,J. Wilson,1,-4.64,-1.6913023938437353
S2324-G1036,J. Wilson,2,-0.9963636363636361,3.046575932560074
S2324-G1036,J. Wilson,3,1.9387445887445889,2.6730217300661616
S2324-G1036,K. Olynyk,1,6.777777777777778,-0.6241496752255922
S2324-G1036,K. Olynyk,2,-4.327272727272727,-5.776766732762388
S2324-G1036,K. Olynyk,3,-6.357142857142856,0.7755422773208974
S2324-G1036,K. Simmons,1,-9.708333333333334,-3.7850840455687553
S2324-G1036,K. Simmons,2,12.008333333333333,5.706667889126286
S2324-G1036,K. Simmons,3,-6.697619047619048,-6.073772235705211
S2324-G1036,L. Walker IV,1,4.704761904761904,2.2276981215346607
S2324-G1036,M. Bridges,1,14.270238095238096,4.7305631532330334
S2324-G1036,M. Bridges,2,-10.030844155844155,-7.258370548116256
S2324-G1036,M. Bridges,3,-4.23939393939394,1.4026641882169406
S2324-G1036,M. Gueye,1,-0.10555555555555518,-2.137653460685548
S2324-G1036,M. Gueye,2,4.488888888888889,-0.2794304699970991
S2324-G1036,N. Claxton,1,-3.163636363636364,-5.25250071918104
S2324-G1036,N. Claxton,2,-2.4904761904761905,-4.909536151203735
S2324-G1036,N. Claxton,3,-1.9428571428571422,-0.5102474404092391
S2324-G1036,N. Clowney,1,-10.866666666666665,-5.774139808120774
S2324-G1036,N. Clowney,2,4.033333333333332,4.188412281638907
S2324-G1036,N. Clowney,3,1.628571428571429,-1.5077268527750307
S2324-G1036,O. Agbaji,1,13.591575091575091,5.214966633898852
S2324-G1036,O. Agbaji,2,-3.3583333333333334,-5.82990660262851
S2324-G1036,O. Agbaji,3,1.125,0.4950156953080679
S2324-G1036,T. Watford,1,-25.127272727272725,-6.263642031118527
S2324-G1036,T. Watford,2,25.002272727272725,14.053597560411518
S2324-G1036,T. Watford,3,-17.28452380952381,-5.496563289856587
S2324-G1042,A. Len,1,0.16666666666666652,-5.014756373101497
S2324-G1042,A. Len,2,-9.75,-4.138422891733184
S2324-G1042,A. Len,3,5.283333333333333,2.742566296489356
S2324-G1042,B. Hield,1,-5.35,-3.8330241550369215
S2324-G1042,B. Hield,2,-3.5142857142857142,1.2629980554515357
S2324-G1042,B. Hield,3,4.730952380952381,3.3916158218518513
S2324-G1042,C. Duarte,1,-7.333333333333334,-3.7965293218533156
S2324-G1042,C. Duarte,2,5.233333333333333,1.3235176281957606
S2324-G1042,C. Payne,1,-2.5733333333333333,-2.136027345621061
S2324-G1042,C. Payne,2,-0.8711111111111105,1.0206011345476271
S2324-G1042,C. Payne,3,-4.484126984126984,1.9584630258591602
S2324-G1042,D. Fox,1,-0.69004329004329,2.0653015833223742
S2324-G1042,D. Fox,2,0.6363636363636367,2.707854057844585
S2324-G1042,D. Fox,3,-10.733333333333334,2.1712078485761834
S2324-G1042,D. Mitchell,1,-21.61111111111111,-5.8708714226275225
S2324-G1042,D. Mitchell,2,17.227777777777778,14.098781168794819
S2324-G1042,D. Mitchell,3,-8.61,-2.7150567302220923
S2324-G1042,D. Sabonis,1,0.0914529914529929,-1.0909775859951134
S2324-G1042,D. Sabonis,2,3.1393939393939387,-4.036719438656203
S2324-G1042,D. Sabonis,3,5.6022727272727275,-6.096760875434499
S2324-G1042,D. Wilson,3,-2.5738095238095227,3.714201361107504
S2324-G1042,H. Barnes,1,6.9833333333333325,-3.104583770012144
S2324-G1042,H. Barnes,2,-5.7476190476190485,-6.6893948994783115
S2324-G1042,H. Barnes,3,-6.110714285714285,-2.322418158523207
S2324-G1042,K. Ellis,1,-0.9107142857142856,-1.8281771499966029
S2324-G1042,K. Ellis,2,5.225,0.3193459348717024
S2324-G1042,K. Ellis,3,2.45,-3.5149637684223904
S2324-G1042,K. Lowry,1,2.341666666666667,-4.412808960720689
S2324-G1042,K. Lowry,2,-7.675,-4.501100251585454
S2324-G1042,K. Lowry,3,5.3,2.3513175543448943
S2324-G1042,K. Martin,1,2.355555555555555,-4.501639969161231
S2324-G1042,K. Martin,2,-6.714285714285714,-5.572488029007697
S2324-G1042,K. Martin,3,-2.1607142857142856,0.4212793461332294
S2324-G1042,K. Murray,1,24.28636363636363,22.563690285571163
S2324-G1042,K. Murray,2,-2.336666666666666,-5.312978925349893
S2324-G1042,K. Murray,3,4.746666666666666,-1.073508548004265
S2324-G1042,M. Bamba,1,-7.246666666666666,-5.261203586944547
S2324-G1042,M. Bamba,2,2.568888888888888,1.9637176430810204
S2324-G1042,M. Monk,1,-5.666666666666666,-1.1480065022959052
S2324-G1042,M. Monk,2,-1.0566666666666666,6.124512609540966
S2324-G1042,M. Monk,3,9.015,1.2596445446173763
S2324-G1042,N. Batum,1,-4.675,-6.263642031118527
S2324-G1042,N. Batum,2,2.3749999999999996,-1.2865711433849794
S2324-G1042,P. Reed,1,-4.482142857142858,-1.7116489080389872
S2324-G1042,P. Reed,2,9.054112554112555,3.1747203353902105
S2324-G1042,P. Reed,3,1.9030303030303028,-5.783089573421459
S2324-G1042,R. Council IV,1,-17.13203463203463,-3.7850840455687553
S2324-G1042,T. Harris,1,-3.8983516483516514,-1.006690552699047
S2324-G1042,T. Harris,2,4.067307692307693,3.8977298016730013
S2324-G1042,T. Harris,3,2.75,-1.327633026966053
S2324-G1042,T. Maxey,1,36.627575757575755,28.041313608289922
S2324-G1042,T. Maxey,2,5.115714285714285,-8.059241798421327
S2324-G1042,T. Maxey,3,-0.75,-8.78409631994732
S2324-G1049,A. Black,1,-0.23333333333333384,-3.7850840455687553
S2324-G1049,A. Black,2,-5.264285714285714,-2.6360568560160496
S2324-G1049,A. Black,3,2.564285714285715,2.799072935229001
S2324-G1049,A. Wiggins,1,-1.4387878787878794,2.0156821988894054
S2324-G1049,A. Wiggins,2,8.049090909090909,1.2169498672362224
S2324-G1049,A. Wiggins,3,-26.0944055944056,-2.449685014531516
S2324-G1049,B. Podziemski,1,13.06461038961039,6.644098669828828
S2324-G1049,B. Podziemski,2,-6.796883116883117,-8.717420379556026
S2324-G1049,B. Podziemski,3,6.925454545454546,-1.2187741547373097
S2324-G1049,C. Anthony,1,-12.65,-2.486834518003333
S2324-G1049,C. Anthony,2,-3.4766666666666666,10.158138037104415
S2324-G1049,C. Anthony,3,-2.20984126984127,7.464343776224465
S2324-G1049,C. Paul,1,-4.121428571428571,-3.8330241550369215
S2324-G1049,C. Paul,2,0.8658730158730155,0.019078659474398362
S2324-G1049,C. Paul,3,5.638888888888889,-0.6795429731119972
S2324-G1049,F. Wagner,1,-11.186507936507937,-1.8940472208497718
S2324-G1049,F. Wagner,2,8.85873015873016,4.627600938896791
S2324-G1049,F. Wagner,3,-3.8277777777777775,-3.009602490426551
S2324-G1049,G. Payton II,2,12.899999999999999,4.13944054294771
S2324-G1049,G. Payton II,3,-8.558333333333334,-6.318390902587754
S2324-G1049,G. Santos,2,-3.066666666666667,-4.3394740173584605
S2324-G1049,J. Ingles,2,-2.3,-5.8708714226275225
S2324-G1049,J. Ingles,3,-4.397619047619047,-2.9194473257866678
S2324-G1049,J. Isaac,1,-4.857142857142857,-1.2400290904483369
S2324-G1049,J. Isaac,2,6.357142857142857,3.181933964886646
S2324-G1049,J. Isaac,3,4.442857142857143,-1.4105011401857594
S2324-G1049,J. Suggs,1,5.722222222222223,-0.7832596079331371
S2324-G1049,J. Suggs,2,-2.4309523809523808,-3.7966513460095164
S2324-G1049,J. Suggs,3,-0.6023809523809529,-1.3177882161574088
S2324-G1049,K. Looney,1,-4.266666666666666,-5.502056322029912
S2324-G1049,K. Looney,2,4.333333333333332,-4.548938686730795
S2324-G1049,K. Looney,3,-4.433333333333334,-5.560222610023104
S2324-G1049,K. Thompson,1,13.949999999999998,6.730800952670723
S2324-G1049,K. Thompson,2,-7.315384615384614,-5.150615186623437
S2324-G1049,K. Thompson,3,2.0598290598290596,3.6130724144001265
S2324-G1049,M. Fultz,1,6.544444444444444,-1.2061861675058707
S2324-G1049,M. Fultz,2,-1.8000000000000003,-5.220116393390775
S2324-G1049,M. Moody,1,9.738888888888889,3.2346347540737685
S2324-G1049,M. Moody,2,-11.905860805860806,-4.011267191216149
S2324-G1049,M. Moody,3,9.822527472527472,4.289113275748836
S2324-G1049,M. Wagner,2,-10.643333333333333,-4.88008186998955
S2324-G1049,M. Wagner,3,10.683333333333334,3.146382490765608
S2324-G1049,P. Banchero,1,5.810256410256411,9.791295204977581
S2324-G1049,P. Banchero,2,8.781196581196582,0.325850129190558
S2324-G1049,P. Banchero,3,-4.255555555555555,-5.790807017473968
S2324-G1049,S. Curry,1,-13.087532467532467,-3.14640425233669
S2324-G1049,S. Curry,2,2.4206793206793193,8.383891066868813
S2324-G1049,S. Curry,3,3.3123076923076926,4.593542489181676
S2324-G1049,T. Jackson-Davis,1,6.384415584415583,0.7205052632930765
S2324-G1049,T. Jackson-Davis,2,-6.275,-5.059286870462312
S2324-G1049,T. Jackson-Davis,3,10.975,0.834400480065302
S2324-G1049,W. Carter Jr.,1,-6.296666666666666,-3.662333478977203
S2324-G1049,W. Carter Jr.,2,3.34,0.8042114862985323
S2324-G1050,A. Gill,1,-11.979999999999999,-5.8708714226275225
S2324-G1050,A. Gill,3,9.513333333333332,5.161780054893941
S2324-G1050,A. Gill,4,2.4952380952380953,-3.5122123419794664
S2324-G1050,C. Kispert,1,-1.192857142857143,1.4636557773074854
S2324-G1050,C. Kispert,2,-5.712987012987012,2.9682355749821987
S2324-G1050,C. Kispert,3,16.589177489177487,4.064092979309276
S2324-G1050,C. Kispert,4,-1.1833333333333331,-9.112469278557851
S2324-G1050,C. Thomas,1,19.118869365928187,22.53372137623843
S2324-G1050,C. Thomas,2,1.0748917748917748,-0.750718750159928
S2324-G1050,C. Thomas,3,2.094139194139192,1.3393056163774282
S2324-G1050,C. Thomas,4,4.339194139194138,2.396630718793011
S2324-G1050,D. Avdija,1,8.91904761904762,4.611956088605932
S2324-G1050,D. Avdija,2,-4.6,-8.597544943651307
S2324-G1050,D. Avdija,3,7.259999999999999,1.0857387627665342
S2324-G1050,D. Avdija,4,4.828571428571429,-4.374290527487357
S2324-G1050,D. Finney-Smith,1,0.024285714285712245,-0.5433256026105476
S2324-G1050,D. Finney-Smith,2,6.790000000000001,1.229159036900281
S2324-G1050,D. Finney-Smith,3,-0.11428571428571432,-4.865995554314884
S2324-G1050,D. Finney-Smith,4,-0.2857142857142856,-3.125157231824288
S2324-G1050,D. Schroder,1,5.992307692307692,2.9613007521843384
S2324-G1050,D. Schroder,2,-12.633333333333335,-2.9059078977761343
S2324-G1050,D. Schroder,3,8.858333333333334,9.847313641538436
S2324-G1050,D. Schroder,4,8.408333333333335,1.5265781464272183
S2324-G1050,D. Sharpe,1,0.7999999999999998,-2.446504624202314
S2324-G1050,D. Sharpe,2,-4.123809523809524,-1.8744465370474832
S2324-G1050,D. Sharpe,3,7.557142857142857,2.9019856028653197
S2324-G1050,J. Butler,1,-2.1900000000000004,-5.914740076581552
S2324-G1050,J. Butler,2,-0.22666666666666657,-3.275905621278075
S2324-G1050,J. Butler,3,2.5666666666666664,-3.4738205845097143
S2324-G1050,J. Davis,1,1.9666666666666668,-2.1591457632390014
S2324-G1050,J. Davis,3,0.10000000000000009,-3.4312323022837807
S2324-G1050,J. Gilyard,3,0.0,-5.8708714226275225
S2324-G1050,J. Poole,1,15.124603174603177,10.977470487350784
S2324-G1050,J. Poole,2,-19.21666666666667,-7.443973365049011
S2324-G1050,J. Poole,3,-4.430735930735931,11.982622896907746
S2324-G1050,J. Poole,4,21.47835497835498,15.322832413894467
S2324-G1050,J. Wilson,2,-2.0,-3.792845036862581
S2324-G1050,K. Kuzma,1,18.257142857142856,8.36146928997574
S2324-G1050,K. Kuzma,2,-15.269696969696971,-7.401771849013472
S2324-G1050,K. Kuzma,3,1.1792207792207812,5.417850636148831
S2324-G1050,K. Kuzma,4,5.09047619047619,7.099869745838508
S2324-G1050,M. Bagley III,1,-15.033333333333331,-2.136027345621061
S2324-G1050,M. Bagley III,2,8.366666666666667,9.499977795511379
S2324-G1050,M. Bagley III,3,8.633333333333333,2.2174663202241054
S2324-G1050,M. Bagley III,4,-2.1833333333333327,-4.301627746872937
S2324-G1050,M. Bridges,1,-7.622222222222222,-0.8782424420805568
S2324-G1050,M. Bridges,2,7.736507936507936,6.030749912996393
S2324-G1050,M. Bridges,3,-13.292857142857143,-3.0861730480906266
S2324-G1050,M. Bridges,4,16.142857142857142,4.429203494046924
S2324-G1050,N. Claxton,1,-18.333333333333332,-5.007560143417823
S2324-G1050,N. Claxton,2,11.919047619047618,8.669157932108112
S2324-G1050,N. Claxton,3,6.50357142857143,-1.6206343885282468
S2324-G1050,N. Claxton,4,-6.612142857142857,-9.402773084506487
S2324-G1050,N. Clowney,1,-1.2333333333333334,-2.7076199574552002
S2324-G1050,N. Clowney,2,2.329761904761905,-1.99103489949765
S2324-G1050,R. Holmes,1,-2.3,-5.938461153947756
S2324-G1050,T. Watford,1,6.633333333333333,-0.55459456962026
S2324-G1050,T. Watford,2,-13.983333333333333,-5.054443466011865
S2324-G1050,T. Watford,3,6.424545454545454,7.330097006598304
S2324-G1055,A. Reaves,1,-8.139285714285712,-2.1993289228609214
S2324-G1055,A. Reaves,2,6.509523809523809,3.9074972725138157
S2324-G1055,A. Reaves,3,-8.275238095238098,-0.5289105803546521
S2324-G1055,B. Clarke,1,8.608333333333334,2.7718391690927424
S2324-G1055,B. Clarke,2,-4.347619047619048,-4.011267191216149
S2324-G1055,B. Clarke,3,4.347619047619048,0.20311302342555893
S2324-G1055,C. Reddish,1,0.0,-3.7850840455687553
S2324-G1055,D. Bane,1,17.804761904761904,11.001410042338609
S2324-G1055,D. Bane,2,-24.404761904761905,-8.184041087629609
S2324-G1055,D. Bane,3,20.34787878787879,12.410951248019986
S2324-G1055,D. Jarreau,1,-8.814285714285713,-2.136027345621061
S2324-G1055,D. Russell,1,2.2619047619047628,4.7305631532330334
S2324-G1055,D. Russell,2,-13.05238095238095,1.3243611209446946
S2324-G1055,D. Russell,3,25.260714285714283,13.636903474905994
S2324-G1055,G. Jackson II,1,4.8185714285714285,-4.0055679300639735
S2324-G1055,G. Jackson II,2,-16.738095238095237,-6.935866220856433
S2324-G1055,G. Jackson II,3,7.071428571428571,6.317878223277637
S2324-G1055,H. Giles III,1,0.25,-3.4376660929061496
S2324-G1055,H. Giles III,2,-0.06666666666666643,-3.631860075350902
S2324-G1055,J. Hayes,1,10.594166666666666,3.6392802241226097
S2324-G1055,J. Hayes,2,2.006060606060606,-7.285553558529204
S2324-G1055,J. Hayes,3,-6.279393939393938,-6.358523348874378
S2324-G1055,J. Jackson Jr.,1,-11.013333333333334,-0.7352938648291034
S2324-G1055,J. Jackson Jr.,2,11.636666666666667,5.768870802803226
S2324-G1055,J. Jackson Jr.,3,-13.931666666666665,-1.192418990872478
S2324-G1055,J. LaRavia,1,5.304761904761905,1.0611490661985188
S2324-G1055,J. LaRavia,2,-15.044444444444444,-3.228278574817238
S2324-G1055,J. LaRavia,3,-12.79780154486037,7.000563628886957
S2324-G1055,L. James,1,-0.9917748917748934,2.6513226371329557
S2324-G1055,L. James,2,4.041025641025643,1.2294013468932143
S2324-G1055,L. James,3,-8.732478632478633,-1.987735920229163
S2324-G1055,L. Stevens,2,25.550641025641024,13.718118409663536
S2324-G1055,L. Stevens,3,-2.5999999999999996,-7.110664557838561
S2324-G1055,M. Christie,2,-4.300000000000001,-5.8708714226275225
S2324-G1055,R. Hachimura,1,-8.488888888888889,2.8733959749628677
S2324-G1055,R. Hachimura,2,2.2750915750915723,9.394317447581018
S2324-G1055,R. Hachimura,3,8.611575091575096,6.7364594814445535
S2324-G1055,S. Aldama,1,17.645879120879123,4.721475773492832
S2324-G1055,S. Aldama,2,-0.028571428571428692,-9.975654659033832
S2324-G1055,S. Aldama,3,-2.3,-6.775095822202561
S2324-G1055,S. Dinwiddie,1,12.65,5.375428802668303
S2324-G1055,S. Dinwiddie,2,-5.34,-5.829849732469774
S2324-G1055,S. Dinwiddie,3,2.3947619047619044,1.2697085372292944
S2324-G1055,S. Pippen Jr.,1,15.472222222222225,8.943614994459447
S2324-G1055,S. Pippen Jr.,2,6.592857142857142,-5.2760691425331085
S2324-G1055,S. Pippen Jr.,3,1.1350649350649349,-7.707790709307953
S2324-G1055,T. Prince,1,-5.175,-4.391480826389875
S2324-G1055,T. Prince,2,-6.530555555555556,0.9795077687425635
S2324-G1055,T. Prince,3,6.391269841269842,3.865058491151412
S2324-G1056,A. Edwards,1,14.323809523809524,7.799048286267627
S2324-G1056,A. Edwards,2,-6.5266666666666655,-5.256309613920712
S2324-G1056,C. Cunningham,1,15.821452991452993,16.469180074005664
S2324-G1056,C. Cunningham,2,-11.575714285714284,0.6240058623106614
S2324-G1056,C. Cunningham,3,12.231428571428571,11.868233043189607
S2324-G1056,C. Metu,1,-2.3416666666666672,-3.879740261753924
S2324-G1056,C. Metu,2,-7.402777777777778,-0.9532218322255036
S2324-G1056,C. Metu,3,4.463492063492064,4.365538876377416
S2324-G1056,E. Fournier,1,0.0,-3.7850840455687553
S2324-G1056,E. Fournier,2,-4.808333333333334,-3.043563990823238
S2324-G1056,E. Fournier,3,4.808333333333334,-0.12299114878623718
S2324-G1056,J. Duren,1,0.9599999999999991,0.6894016607753917
S2324-G1056,J. Duren,2,6.284285714285714,0.37082709943141134
S2324-G1056,J. Duren,3,-1.7809523809523808,-3.6388565594108524
S2324-G1056,J. McDaniels,1,12.916666666666664,7.458296052747876
S2324-G1056,J. McDaniels,2,-7.599999999999999,-5.902649001212834
S2324-G1056,J. McDaniels,3,2.1690476190476193,3.3554808682538364
S2324-G1056,J. McLaughlin,2,-12.64,-4.3394740173584605
S2324-G1056,J. Wiseman,1,1.1999999999999984,0.3049994391693859
S2324-G1056,J. Wiseman,2,4.800000000000001,1.0505826009422767
S2324-G1056,J. Wiseman,3,-2.1714285714285717,-4.053698399387682
S2324-G1056,K. Anderson,2,-10.459047619047622,-0.5057624526863508
S2324-G1056,K. Anderson,3,11.748333333333335,8.922223351058433
S2324-G1056,M. Conley,1,-0.5733333333333333,-1.4171076841267667
S2324-G1056,M. Conley,2,0.13999999999999968,0.2991413214770061
S2324-G1056,M. Conley,3,-0.8083333333333327,0.10407680875938735
S2324-G1056,M. Flynn,1,-7.8,-2.136027345621061
S2324-G1056,M. Flynn,2,9.633333333333333,5.132061814590134
S2324-G1056,M. Flynn,3,-13.79047619047619,-3.2707869275227464
S2324-G1056,M. Morris,1,0.8714285714285714,-2.7076199574552002
S2324-G1056,M. Morris,3,2.533333333333333,-3.5122123419794664
S2324-G1056,M. Sasser,1,-5.267619047619046,-3.720080607736887
S2324-G1056,M. Sasser,2,1.2142857142857135,0.4731760145047794
S2324-G1056,M. Sasser,3,-0.6266666666666669,0.8382737355814772
S2324-G1056,N. Alexander-Walker,1,-9.838888888888889,-5.866799967113386
S2324-G1056,N. Alexander-Walker,2,0.05555555555555536,4.240555316342808
S2324-G1056,N. Alexander-Walker,3,-2.389999999999999,2.735273652523331
S2324-G1056,N. Reid,1,9.576507936507937,12.063468660654111
S2324-G1056,N. Reid,2,1.0421428571428564,1.2415850249226117
S2324-G1056,N. Reid,3,11.103571428571431,1.6181746823046372
S2324-G1056,R. Gobert,1,-4.29047619047619,-2.538683263415696
S2324-G1056,R. Gobert,2,4.3999999999999995,-0.3014652321630144
S2324-G1056,R. Gobert,3,-0.9952380952380953,-4.438508381301492
S2324-G1056,T. Brown Jr.,1,-9.87777777777778,-3.569892784480852
S2324-G1056,T. Brown Jr.,2,12.311111111111112,4.121858475976859
S2324-G1056,T. Brown Jr.,3,-8.899999999999999,-6.80834369164175
S2324-G1056,T. Evbuomwan,1,5.397619047619047,-1.1350836242305542
S2324-G1056,T. Evbuomwan,2,-4.647619047619047,-6.240389619061122
S2324-G1056,T. Warren,2,-0.06666666666666665,-6.263642031118527
S2324-G1062,A. Pokusevski,1,5.624999999999999,0.685212808867712
S2324-G1062,A. Pokusevski,2,-9.649999999999999,-3.831984693917714
S2324-G1062,A. Pokusevski,3,9.483333333333333,3.3600032808541433
S2324-G1062,A. Wiggins,1,5.599358974358973,5.334231070564063
S2324-G1062,A. Wiggins,2,-3.074250749250748,0.49258634179999755
S2324-G1062,A. Wiggins,3,-3.810822510822513,1.5436677840466877
S2324-G1062,B. Miller,1,-7.203333333333331,-1.7116846229172975
S2324-G1062,B. Miller,2,-0.12500000000000355,4.762575743833911
S2324-G1062,B. Miller,3,12.40357142857143,4.490494698694495
S2324-G1062,B. Podziemski,1,2.5999999999999996,-1.0790502261074626
S2324-G1062,B. Podziemski,2,4.347619047619048,-2.1749714968093854
S2324-G1062,B. Podziemski,3,-4.2696969696969695,-6.240389619061122
S2324-G1062,C. Paul,1,-7.624999999999999,-6.349539159436026
S2324-G1062,C. Paul,2,-1.0,-0.15007108127467245
S2324-G1062,C. Paul,3,0.14999999999999858,1.0189094612643752
S2324-G1062,D. Bertans,1,-17.244444444444444,-1.5559544375242054
S2324-G1062,D. Bertans,2,18.06111111111111,15.769591659402414
S2324-G1062,D. Green,1,8.714718614718613,0.7205052632930765
S2324-G1062,D. Green,2,-2.0053030303030304,-6.853669299550571
S2324-G1062,D. Green,3,-2.4027777777777777,-5.037759465771102
S2324-G1062,G. Payton II,2,4.073333333333333,1.4268232037218338
S2324-G1062,G. Williams,1,-8.625000000000002,-3.2733997425549237
S2324-G1062,G. Williams,2,8.691666666666668,5.576378882248711
S2324-G1062,G. Williams,3,-17.21904761904762,-6.255030273318528
S2324-G1062,K. Looney,1,3.864285714285713,2.717216659812114
S2324-G1062,K. Looney,3,6.733333333333333,0.09767426319629796
S2324-G1062,M. Bridges,1,-0.13809523809523938,4.658910367300493
S2324-G1062,M. Bridges,2,-8.936349924585219,2.8200444045661377
S2324-G1062,M. Bridges,3,17.694683257918555,9.939189813107847
S2324-G1062,M. Moody,1,-12.966666666666669,-3.1865045176635807
S2324-G1062,M. Moody,2,8.816666666666668,9.389135102825282
S2324-G1062,M. Moody,3,-3.125,-1.6811250222083631
S2324-G1062,N. Richards,1,0.04761904761904745,-2.8421601432512147
S2324-G1062,N. Richards,2,-2.4000000000000004,-2.1027089416724216
S2324-G1062,N. Richards,3,-6.239999999999999,1.3286069135117913
S2324-G1062,S. Curry,1,-0.33080808080808133,1.7077728635223322
S2324-G1062,S. Curry,2,-16.038636363636364,3.1035907665600067
S2324-G1062,S. Curry,3,16.008333333333333,15.306823203975052
S2324-G1062,T. Jackson-Davis,1,11.198571428571428,4.860821022727876
S2324-G1062,T. Jackson-Davis,2,-15.80891330891331,-3.5319310837838125
S2324-G1062,T. Jackson-Davis,3,11.347008547008548,8.084979627285302
S2324-G1062,T. Mann,1,6.989285714285714,-3.038713699158975
S2324-G1062,T. Mann,2,-12.330844155844156,-5.408095567882388
S2324-G1062,T. Mann,3,3.7844155844155836,4.316601045031466
S2324-G1062,V. Micic,1,7.238888888888889,0.7678949568446418
S2324-G1062,V. Micic,2,-7.746320346320346,-4.210927946784329
S2324-G1062,V. Micic,3,5.757431457431457,4.0586227251325395
S2324-G1064,A. Coffey,1,-9.958333333333332,-5.866799967113386
S2324-G1064,A. Coffey,2,4.574999999999999,4.5480616626532155
S2324-G1064,A. Coffey,3,5.383333333333333,-1.5071700445184106
S2324-G1064,C. Anthony,1,-8.555411255411256,-0.35840627717678486
S2324-G1064,C. Anthony,2,12.903030303030304,5.94926839025311
S2324-G1064,C. Anthony,3,-4.763333333333334,-5.361528189881887
S2324-G1064,C. Houstan,1,0.0,-1.6226764793447845
S2324-G1064,C. Houstan,2,0.8499999999999996,-1.393907649065068
S2324-G1064,C. Houstan,3,2.05,-2.1763199211461934
S2324-G1064,F. Wagner,1,0.39333333333333265,-1.5174584919425114
S2324-G1064,F. Wagner,2,-4.778181818181819,-1.3334646089767253
S2324-G1064,F. Wagner,3,1.0848484848484858,2.3898953113717356
S2324-G1064,G. Harris,1,8.464285714285714,-0.40164069182926543
S2324-G1064,G. Harris,2,-13.096666666666666,-6.374010262701536
S2324-G1064,I. Zubac,1,-12.952222222222222,-4.982122307143282
S2324-G1064,I. Zubac,2,-4.261452991452991,3.7472814177275944
S2324-G1064,I. Zubac,3,19.624786324786324,8.626742391344337
S2324-G1064,J. Harden,1,-1.3055555555555554,1.3621088552960243
S2324-G1064,J. Harden,2,8.63888888888889,0.13255357278176869
S2324-G1064,J. Harden,3,-4.307936507936509,-4.858833077830787
S2324-G1064,J. Ingles,1,-9.605555555555556,-4.3394740173584605
S2324-G1064,J. Ingles,2,9.605555555555556,4.3467063746863746
S2324-G1064,J. Isaac,1,5.408333333333333,-0.8813122702229748
S2324-G1064,J. Isaac,2,-4.601190476190476,-5.560222610023104
S2324-G1064,J. Suggs,1,6.9,5.189926712050929
S2324-G1064,J. Suggs,2,-3.9777777777777796,-5.837504122864759
S2324-G1064,J. Suggs,3,5.961111111111112,0.21548450081761633
S2324-G1064,K. Leonard,1,-1.873333333333333,2.9630886704637294
S2324-G1064,K. Leonard,2,-18.36754385964912,-3.1666862734750767
S2324-G1064,K. Leonard,3,17.792543859649122,17.209812118884596
S2324-G1064,M. Plumlee,1,-11.075,-6.263642031118527
S2324-G1064,M. Plumlee,2,6.708333333333333,4.389755148502401
S2324-G1064,M. Plumlee,3,-2.366666666666667,-1.946443130093813
S2324-G1064,M. Wagner,1,-6.566666666666668,-3.7850840455687553
S2324-G1064,M. Wagner,2,-15.193939393939392,2.623184720221637
S2324-G1064,N. Powell,1,2.4083333333333314,2.712763415560235
S2324-G1064,N. Powell,2,2.0250000000000004,2.0433692734525377
S2324-G1064,N. Powell,3,4.275,-1.8211562108255595
S2324-G1064,P. Banchero,1,-4.146320346320345,-3.084910206854993
S2324-G1064,P. Banchero,2,-22.603896103896098,0.5083332738291644
S2324-G1064,P. Banchero,3,20.37045454545454,21.796582676553896
S2324-G1064,P. George,1,6.599999999999999,0.47595420649160436
S2324-G1064,P. George,2,-0.6963636363636363,-3.996607972530688
S2324-G1064,P. George,3,-17.996969696969696,-2.0378289422814837
S2324-G1064,R. Westbrook,1,-1.2107142857142854,-1.1350836242305542
S2324-G1064,R. Westbrook,2,2.008333333333333,-0.9758239894152348
S2324-G1064,R. Westbrook,3,2.2666666666666666,-2.095671807391609
S2324-G1064,T. Mann,1,9.711111111111112,1.3621088552960243
S2324-G1064,T. Mann,2,2.3,-5.7248541717729315
S2324-G1064,W. Carter Jr.,1,0.41500000000000004,-4.0055679300639735
S2324-G1064,W. Carter Jr.,2,4.2749999999999995,-3.8853422112959985
S2324-G1067,B. Hield,1,10.077777777777778,2.097891668533627
S2324-G1067,B. Hield,2,-9.647619047619047,-7.91226092794585
S2324-G1067,B. Hield,3,5.347619047619047,2.6017767835892633
S2324-G1067,D. Garland,1,9.916666666666666,4.307717852339658
S2324-G1067,D. Garland,2,4.193333333333333,-3.857059572208128
S2324-G1067,D. Garland,3,-13.888571428571428,-4.679794450896074
S2324-G1067,D. Mitchell,1,7.544444444444444,4.83801404609372
S2324-G1067,D. Mitchell,2,0.8555555555555561,-6.188180130024057
S2324-G1067,D. Mitchell,3,-0.9000000000000004,-3.2028288885855973
S2324-G1067,E. Mobley,1,-2.0805555555555557,-7.324034208741204
S2324-G1067,E. Mobley,2,-12.88080808080808,-7.515395771937008
S2324-G1067,E. Mobley,3,-11.333766233766234,3.0509455080715897
S2324-G1067,G. Niang,1,-18.272527472527475,-1.885879300193323
S2324-G1067,G. Niang,2,20.543956043956044,14.299769090243105
S2324-G1067,G. Niang,3,-17.200000000000003,-4.233709650950578
S2324-G1067,I. Okoro,1,2.166666666666667,-2.351913709448443
S2324-G1067,I. Okoro,2,-1.7999999999999998,-3.1992249294071007
S2324-G1067,I. Okoro,3,4.199999999999999,-2.0148311716326512
S2324-G1067,J. Allen,1,-4.880555555555555,-1.3905120930752277
S2324-G1067,J. Allen,2,2.896825396825397,-1.3989933538908133
S2324-G1067,J. Allen,3,10.725396825396825,-0.30688432714527286
S2324-G1067,K. Lowry,1,-5.199999999999999,-4.889894708491167
S2324-G1067,K. Lowry,2,-15.580952380952382,0.5041141172119337
S2324-G1067,K. Lowry,3,4.411255411255411,13.28419596627977
S2324-G1067,K. Oubre Jr.,1,8.814285714285713,1.5823721521846794
S2324-G1067,K. Oubre Jr.,2,-4.147619047619046,-4.751224526157381
S2324-G1067,K. Oubre Jr.,3,6.614285714285713,-1.0026902806767612
S2324-G1067,M. Bamba,1,-8.647619047619047,-5.8708714226275225
S2324-G1067,M. Bamba,2,0.896103896103897,2.8649085403547385
S2324-G1067,M. Bamba,3,-6.356818181818182,2.6114990218699115
S2324-G1067,M. Morris Sr.,2,-3.0694444444444446,-4.899440103764032
S2324-G1067,M. Strus,1,5.266666666666666,1.5372782824705276
S2324-G1067,M. Strus,2,-10.646969696969695,-3.3937413268442125
S2324-G1067,M. Strus,3,17.28333333333333,5.104773446986079
S2324-G1067,N. Batum,1,4.608333333333333,-0.12661683826491832
S2324-G1067,N. Batum,2,-3.125,-3.180789167445199
S2324-G1067,N. Batum,3,0.04999999999999982,-1.9775317627291211
S2324-G1067,P. Reed,1,-3.422692307692307,1.134564251119626
S2324-G1067,P. Reed,2,12.393333333333333,-1.3503105307860248
S2324-G1067,P. Reed,3,2.38,-6.7052528767258295
S2324-G1067,R. Council IV,2,4.074999999999999,-1.3981313651908076
S2324-G1067,S. Merrill,1,8.7,5.413554882467775
S2324-G1067,S. Merrill,2,-2.408333333333333,-1.5478760205457738
S2324-G1067,S. Merrill,3,3.019047619047619,0.43233286697644224
S2324-G1067,T. Harris,1,1.7096703296703275,8.856849256986509
S2324-G1067,T. Harris,2,8.870000000000003,5.168179791189802
S2324-G1067,T. Harris,3,-1.1471428571428586,-1.8500270220779353
S2324-G1067,T. Maxey,1,14.198160173160172,10.391139683020508
S2324-G1067,T. Maxey,2,-16.343978243978246,-6.012713274768167
S2324-G1067,T. Maxey,3,7.770818070818073,9.748892464421525
S2324-G1071,A. Edwards,1,11.149841269841273,11.929571205996238
S2324-G1071,A. Edwards,2,-10.540833333333333,-2.2794016194887976
S2324-G1071,A. Edwards,3,16.482045454545453,8.125190399286057
S2324-G1071,A. Gordon,1,13.13030303030303,7.130857444132703
S2324-G1071,A. Gordon,2,-1.376969696969697,-3.9034305564506226
S2324-G1071,A. Gordon,3,2.0216666666666665,-2.9944599166881556
S2324-G1071,C. Braun,1,1.9857142857142858,-0.25121894776745257
S2324-G1071,C. Braun,2,0.06428571428571406,-0.9886507900799492
S2324-G1071,C. Braun,3,-10.792307692307691,-2.403147891735954
S2324-G1071,D. Jordan,2,-18.7,-2.2391113920352694
S2324-G1071,J. Holiday,1,-2.3833333333333333,-5.866799967113386
S2324-G1071,J. Holiday,2,-3.116666666666667,-3.3049616680336746
S2324-G1071,J. Holiday,3,-3.369696969696969,-1.240915975284761
S2324-G1071,J. McDaniels,1,2.683333333333332,5.4504617824137735
S2324-G1071,J. McDaniels,2,8.945238095238096,1.0848920286537571
S2324-G1071,J. McDaniels,3,-2.30952380952381,-3.07998429324789
S2324-G1071,J. McLaughlin,2,9.66969696969697,0.4637577053248094
S2324-G1071,K. Anderson,1,5.6761904761904765,-0.35840627717678486
S2324-G1071,K. Anderson,2,-1.366666666666667,-4.926317384414585
S2324-G1071,K. Anderson,3,0.3647619047619046,-3.126300512476159
S2324-G1071,K. Caldwell-Pope,1,4.647619047619047,-2.3851493723719144
S2324-G1071,K. Caldwell-Pope,2,-2.3666666666666663,-6.240389619061122
S2324-G1071,M. Conley,1,3.1785714285714297,0.6560734235183692
S2324-G1071,M. Conley,2,-13.873015873015873,-2.5667942344702617
S2324-G1071,M. Conley,3,6.127777777777776,8.488682011868246
S2324-G1071,M. Morris,1,-2.15,-3.750933716958999
S2324-G1071,M. Porter Jr.,1,6.180808080808082,1.986682374126813
S2324-G1071,M. Porter Jr.,2,-7.131111111111111,-4.131365804536547
S2324-G1071,M. Porter Jr.,3,9.306666666666667,3.378361246288503
S2324-G1071,N. Alexander-Walker,2,5.825,3.4339936366244945
S2324-G1071,N. Alexander-Walker,3,7.083333333333334,-1.2727299570308468
S2324-G1071,N. Jokic,1,-6.7071428571428555,5.452975279449897
S2324-G1071,N. Jokic,2,1.4066666666666627,5.734083991873559
S2324-G1071,N. Jokic,3,-8.553675213675213,8.753217238302845
S2324-G1071,N. Reid,1,-1.3886363636363637,1.092779262356736
S2324-G1071,N. Reid,2,0.7219696969696958,-0.5979374246144111
S2324-G1071,N. Reid,3,11.58874458874459,-0.1169314917152516
S2324-G1071,P. Watson,1,2.2333333333333334,-3.792845036862581
S2324-G1071,P. Watson,2,-2.5,-4.485867599493218
S2324-G1071,R. Gobert,1,7.793333333333335,5.068191000087197
S2324-G1071,R. Gobert,2,8.636969696969697,-2.8030990997874277
S2324-G1071,R. Gobert,3,-14.866414141414142,-6.976799462397494
S2324-G1071,R. Jackson,1,-10.24761904761905,0.2869640268628758
S2324-G1071,R. Jackson,2,12.855952380952383,6.747188274776705
S2324-G1071,R. Jackson,3,-2.0331196581196576,-2.504606616763578
S2324-G1073,A. Len,1,-2.3000000000000003,-4.140738526166793
S2324-G1073,A. Len,2,2.5333333333333337,-2.6360568560160496
S2324-G1073,C. Duarte,1,5.300000000000001,-6.3079352995864815
S2324-G1073,C. Duarte,2,2.2333333333333334,-3.0330013445527606
S2324-G1073,D. Exum,1,-0.09523809523809534,-6.399775629077766
S2324-G1073,D. Exum,2,-4.218787878787879,-5.289973598727397
S2324-G1073,D. Exum,3,-13.528831168831168,-1.0437675960707775
S2324-G1073,D. Fox,1,-12.717748917748917,0.20814576667333504
S2324-G1073,D. Fox,2,7.262987012987011,9.476138562050433
S2324-G1073,D. Fox,3,-5.479670329670331,3.9363628512402924
S2324-G1073,D. Gafford,1,0.011255411255411296,-2.8421601432512147
S2324-G1073,D. Gafford,2,-0.5069696969696968,-2.1533400329844534
S2324-G1073,D. Gafford,3,0.49571428571428555,-3.2420525613021525
S2324-G1073,D. Jones Jr.,1,-5.958333333333333,-1.6913023938437353
S2324-G1073,D. Jones Jr.,2,6.925000000000001,2.4229558023066344
S2324-G1073,D. Jones Jr.,3,2.0619047619047617,-2.753464618620546
S2324-G1073,D. Lively II,1,-0.7361111111111107,1.2819732403365158
S2324-G1073,D. Lively II,2,4.043989898989899,4.212972263276861
S2324-G1073,D. Lively II,3,1.2254545454545456,-4.6908305930115235
S2324-G1073,D. Mitchell,1,2.3,-1.1480065022959052
S2324-G1073,D. Mitchell,2,-4.3,-1.946443130093813
S2324-G1073,D. Mitchell,3,6.366666666666667,1.1802247065416351
S2324-G1073,D. Sabonis,1,10.786507936507936,4.721475773492832
S2324-G1073,D. Sabonis,2,-5.217499999999999,-6.590692273839537
S2324-G1073,D. Sabonis,3,7.267499999999999,0.28105204084691815
S2324-G1073,H. Barnes,1,0.3940476190476154,11.000388426958693
S2324-G1073,H. Barnes,2,19.905952380952385,9.741146104779391
S2324-G1073,H. Barnes,3,-5.348809523809523,-7.784989334511236
S2324-G1073,K. Edwards,3,5.375,3.6101103177302063
S2324-G1073,K. Ellis,1,20.205714285714286,11.547980357484457
S2324-G1073,K. Ellis,2,0.34761904761904816,-3.3569058493113184
S2324-G1073,K. Ellis,3,-5.599999999999999,-4.74621409407559
S2324-G1073,K. Irving,1,-4.221904761904764,4.489462168904168
S2324-G1073,K. Irving,2,10.588571428571429,7.385532148496413
S2324-G1073,K. Irving,3,-14.452307692307693,-2.1812679339051657
S2324-G1073,K. Murray,1,-15.295238095238094,-5.980626229794997
S2324-G1073,K. Murray,2,8.206666666666667,7.2305967884223215
S2324-G1073,K. Murray,3,-8.18,-0.4815446419837765
S2324-G1073,L. Doncic,1,-5.369055944055946,1.1948718503089852
S2324-G1073,L. Doncic,2,4.378030303030304,2.27524897622647
S2324-G1073,L. Doncic,3,-3.341666666666665,2.1638094379864303
S2324-G1073,M. Kleber,1,0.0,-5.866799967113386
S2324-G1073,M. Kleber,2,-10.533333333333333,-5.603557264568125
S2324-G1073,P. Washington,1,1.1033333333333344,-1.147924684712729
S2324-G1073,P. Washington,2,-0.8833333333333337,-1.5819081769558099
S2324-G1073,P. Washington,3,0.022222222222222143,-1.016382910410797
S2324-G1073,T. Hardaway Jr.,1,7.479545454545454,3.3989573498496606
S2324-G1073,T. Hardaway Jr.,2,-0.054545454545454675,-1.515527465154573
S2324-G1075,B. Clarke,1,-10.55,-2.5209848466130893
S2324-G1075,B. Clarke,2,9.8,8.188512689029455
S2324-G1075,B. Clarke,3,-3.2142857142857144,-1.0814931675258852
S2324-G1075,C. Anthony,1,-10.685714285714287,-2.2009686054152184
S2324-G1075,C. Anthony,2,7.635714285714286,10.557959331794306
S2324-G1075,C. Anthony,3,-5.2642857142857125,-2.640581969233635
S2324-G1075,C. Houstan,1,2.3666666666666663,-3.879740261753924
S2324-G1075,C. Houstan,2,-15.94761904761905,-6.073772235705211
S2324-G1075,F. Wagner,1,1.2799999999999994,1.5752737322276527
S2324-G1075,F. Wagner,2,-3.6765151515151526,0.6758660703425148
S2324-G1075,G. Jackson II,1,-0.7039560439560439,-0.9939091899025004
S2324-G1075,G. Jackson II,2,-1.4227106227106212,-0.034780801570202705
S2324-G1075,J. Goodwin,1,6.674999999999999,1.346389799205424
S2324-G1075,J. Goodwin,2,-37.22878151260504,-5.103716100614259
S2324-G1075,J. Ingles,1,15.723333333333334,8.261796973367908
S2324-G1075,J. Ingles,2,2.3,-5.361528189881887
S2324-G1075,J. Ingles,3,0.0,-6.240389619061122
S2324-G1075,J. Jackson Jr.,1,-0.3076923076923084,-1.2851636105492106
S2324-G1075,J. Jackson Jr.,2,2.6416666666666675,-7.161348108085605
S2324-G1075,J. LaRavia,1,3.330303030303029,0.536497291293199
S2324-G1075,J. LaRavia,2,-7.658874458874458,-1.8979287189874454
S2324-G1075,J. Suggs,1,19.40151515151515,7.328135723457978
S2324-G1075,J. Suggs,2,-7.519047619047619,-11.955509740216481
S2324-G1075,L. Kennard,1,-3.999999999999999,-2.794630283853586
S2324-G1075,L. Kennard,2,-1.009177489177489,1.7767604524958365
S2324-G1075,L. Kennard,3,9.755844155844155,1.3078127743766368
S2324-G1075,L. Stevens,1,0.019047619047619868,-2.2878638303065615
S2324-G1075,L. Stevens,2,-16.3288961038961,-1.4213602612464862
S2324-G1075,M. Fultz,2,7.260000000000001,3.061023562076236
S2324-G1075,M. Fultz,3,-13.885714285714286,-3.0806008283777624
S2324-G1075,M. Pereira,1,-2.305411255411256,-1.7621791004941638
S2324-G1075,M. Pereira,2,2.355411255411256,0.32491119116005673
S2324-G1075,M. Pereira,3,0.8285714285714283,-3.8468173085020596
S2324-G1075,M. Wagner,2,0.0,-6.169848148589279
S2324-G1075,M. Wagner,3,-6.42,-6.073772235705211
S2324-G1075,P. Banchero,1,-7.702121212121215,1.3729683833453696
S2324-G1075,P. Banchero,2,14.342380952380957,3.3392276236186884
S2324-G1075,S. Pippen Jr.,1,6.970000000000001,-0.17678580150560244
S2324-G1075,S. Pippen Jr.,2,-0.23333333333333295,-5.048806190412765
S2324-G1075,S. Pippen Jr.,3,-18.691666666666663,-3.5102578859100806
S2324-G1075,W. Carter Jr.,1,2.1960927960927954,1.6563716434343023
S2324-G1075,W. Carter Jr.,2,-9.438419913419912,-9.738404730967831
S2324-G1093,A. Wiggins,1,-1.976190476190478,1.3970165993295711
S2324-G1093,A. Wiggins,2,10.661904761904763,-1.0781675269132742
S2324-G1093,A. Wiggins,3,-16.553015873015873,-4.751779340980067
S2324-G1093,B. Hield,1,-0.8066666666666666,0.04876833120269584
S2324-G1093,B. Hield,2,3.2423809523809517,2.4261259423936474
S2324-G1093,B. Hield,3,2.164285714285714,-1.4105011401857594
S2324-G1093,C. Holmgren,1,12.452380952380953,7.180703324755478
S2324-G1093,C. Holmgren,2,-13.844444444444445,-3.610230103627682
S2324-G1093,C. Holmgren,3,4.625396825396825,7.934752050135094
S2324-G1093,C. Payne,1,-0.11125541125541005,0.36335175878904713
S2324-G1093,C. Payne,2,-5.519047619047621,-2.148732728952163
S2324-G1093,C. Payne,3,15.566666666666666,3.600106168618856
S2324-G1093,C. Wallace,1,12.766666666666667,4.497250981763701
S2324-G1093,C. Wallace,2,2.2999999999999994,-7.493896825907482
S2324-G1093,G. Hayward,1,-6.271428571428572,-3.7850840455687553
S2324-G1093,G. Hayward,2,6.088095238095239,2.640472283654099
S2324-G1093,G. Hayward,3,-2.721428571428571,-3.4816467974922167
S2324-G1093,I. Joe,1,-20.555844155844156,-3.378947356129124
S2324-G1093,I. Joe,2,16.045844155844154,16.014280522548265
S2324-G1093,I. Joe,3,-5.2804761904761905,0.2838132889571485
S2324-G1093,J. Embiid,1,-6.812121212121211,0.9910681314132085
S2324-G1093,J. Embiid,2,15.541666666666664,0.6401862251960143
S2324-G1093,J. Embiid,3,-15.130882352941178,-6.193593739620072
S2324-G1093,J. Giddey,1,6.677777777777779,0.8105050523216356
S2324-G1093,J. Giddey,2,-3.6999999999999993,-5.50682171169377
S2324-G1093,J. Giddey,3,2.8199999999999985,1.0676273878119276
S2324-G1093,J. Williams,1,-6.376969696969696,-3.145264623858961
S2324-G1093,J. Williams,2,8.632380952380952,1.0227420985827598
S2324-G1093,J. Williams,3,-4.223214285714286,-5.991616135205128
S2324-G1093,K. Lowry,1,-0.06666666666666665,-6.263642031118527
S2324-G1093,K. Lowry,2,-5.300000000000001,-5.054443466011865
S2324-G1093,K. Lowry,3,4.116666666666667,0.5309201885179559
S2324-G1093,K. Martin,2,2.0000000000000004,-2.136027345621061
S2324-G1093,K. Martin,3,2.3,-3.8629897408851943
S2324-G1093,K. Oubre Jr.,1,2.3000000000000007,0.20814576667333504
S2324-G1093,K. Oubre Jr.,2,0.12666666666666693,-3.409028583062311
S2324-G1093,K. Oubre Jr.,3,-24.41555555555555,-0.20035310535656145
S2324-G1093,K. Williams,1,-12.725,-4.863943687161574
S2324-G1093,L. Dort,1,-7.444444444444445,-3.6546831218359603
S2324-G1093,L. Dort,2,-2.916666666666668,1.9013930852301588
S2324-G1093,L. Dort,3,8.243333333333336,4.538421228752432
S2324-G1093,M. Muscala,1,2.3,-4.3394740173584605
S2324-G1093,N. Batum,1,-2.3400000000000003,-3.7850840455687553
S2324-G1093,N. Batum,2,0.36666666666666625,-0.9437828015738088
S2324-G1093,N. Batum,3,-5.374285714285714,-1.116337936688269
S2324-G1093,P. Reed,1,15.498701298701299,5.021362850006849
S2324-G1093,P. Reed,2,-11.166666666666666,-8.092546344132993
S2324-G1093,P. Reed,3,6.866666666666667,2.2289302149012964
S2324-G1093,T. Harris,1,5.2636363636363654,4.209236614703666
S2324-G1093,T. Harris,2,-2.666666666666668,-1.618887440491361
S2324-G1093,T. Harris,3,-0.02363636363636168,0.8170300526410792
S2324-G1094,A. Davis,1,13.26590909090909,10.499166675343732
S2324-G1094,A. Davis,2,-21.21388888888889,-4.740709221998411
S2324-G1094,A. Reaves,1,4.408333333333333,-1.3905120930752277
S2324-G1094,A. Reaves,2,-9.700641025641024,-8.254854101196196
S2324-G1094,B. Brown,1,-3.076969696969697,-4.0987428886218025
S2324-G1094,B. Brown,2,1.0769696969696971,-2.340331597066283
S2324-G1094,B. Brown,3,6.66969696969697,-2.021855722059081
S2324-G1094,D. Russell,1,9.63030303030303,8.202242428752108
S2324-G1094,D. Russell,2,2.298268398268398,-2.3803000031615444
S2324-G1094,D. Russell,3,-19.66761904761905,-2.6469172307032967
S2324-G1094,G. Dick,1,6.816666666666668,4.6506729140659875
S2324-G1094,G. Dick,2,-6.433333333333332,-0.6858220976461684
S2324-G1094,G. Dick,3,17.416666666666664,5.054254042152028
S2324-G1094,G. Temple,1,6.874999999999999,0.5828383639675163
S2324-G1094,G. Temple,2,2.3333333333333335,-3.831984693917714
S2324-G1094,G. Temple,3,-13.144444444444446,-5.580135647116711
S2324-G1094,I. Quickley,1,-1.6257142857142863,3.0058394809888553
S2324-G1094,I. Quickley,2,1.1203030303030292,4.236358527816107
S2324-G1094,I. Quickley,3,5.5138528138528144,2.5985472311931126
S2324-G1094,J. Freeman-Liberty,1,-12.001666666666665,-5.712264848854948
S2324-G1094,J. Freeman-Liberty,2,7.501666666666666,3.3677498068369314
S2324-G1094,J. Hayes,1,7.908333333333334,1.2229020033159745
S2324-G1094,J. Hayes,2,-10.941666666666666,-5.408095567882388
S2324-G1094,J. Nwora,1,-4.6,-5.674307212497326
S2324-G1094,J. Nwora,2,2.291666666666667,-1.0514230871716983
S2324-G1094,J. Nwora,3,-10.791666666666668,-4.368812944895005
S2324-G1094,K. Olynyk,1,-3.9841269841269833,-1.837150951539648
S2324-G1094,K. Olynyk,2,3.872222222222222,0.3289166090901993
S2324-G1094,K. Olynyk,3,-6.442380952380951,-5.280207948578598
S2324-G1094,K. Simmons,3,-12.217460317460317,-6.263642031118527
S2324-G1094,L. James,1,-13.257142857142858,0.07003290366583617
S2324-G1094,L. James,2,5.823809523809526,10.083678282685977
S2324-G1094,L. James,3,11.828571428571427,4.086178352057201
S2324-G1094,M. Christie,1,0.11666666666666714,-3.268594955741503
S2324-G1094,M. Christie,2,-7.2666666666666675,-2.589797798688385
S2324-G1094,M. Christie,3,-11.335897435897436,2.4034924876563584
S2324-G1094,M. Gueye,1,4.45,0.18092748010453466
S2324-G1094,M. Gueye,2,0.014285714285714235,-4.425842998295344
S2324-G1094,M. Gueye,3,-8.817460317460316,-4.139636802282595
S2324-G1094,R. Barrett,1,-0.9412337662337649,8.257990610947072
S2324-G1094,R. Barrett,2,0.681240981240979,6.496196814328961
S2324-G1094,R. Barrett,3,14.26984126984127,6.2082580854701925
S2324-G1094,R. Hachimura,1,-12.2,-1.6913023938437353
S2324-G1094,R. Hachimura,2,5.566666666666668,7.749794936201391
S2324-G1094,R. Hachimura,3,11.885714285714284,3.948405015514125
S2324-G1094,S. Dinwiddie,1,-0.795238095238096,2.296474532935934
S2324-G1094,S. Dinwiddie,2,10.4,3.2196733099100396
S2324-G1094,S. Dinwiddie,3,-2.0388888888888888,-5.4129222357032605
S2324-G1094,T. Prince,1,2.333333333333333,0.8396487869810952
S2324-G1094,T. Prince,2,5.300000000000001,0.5254597788927983
S2324-G1094,T. Prince,3,-13.614285714285712,-6.073772235705211
S2324-G1095,A. Gill,1,-10.899999999999999,-6.169848148589279
S2324-G1095,A. Gill,2,1.853679653679654,3.4152417270867406
S2324-G1095,A. Gill,3,-8.644155844155845,1.7559174337054673
S2324-G1095,A. Green,1,-2.3333333333333335,-5.866799967113386
S2324-G1095,A. Green,2,-2.966666666666667,-2.5271416240817803
S2324-G1095,A. Green,3,-2.204761904761905,-1.5071700445184106
S2324-G1095,B. Lopez,1,13.52251082251082,4.090524745657496
S2324-G1095,B. Lopez,2,-0.19166666666666643,-4.74621409407559
S2324-G1095,B. Portis,1,2.321666666666667,3.3626789942239004
S2324-G1095,B. Portis,2,6.591666666666666,1.7852642564577197
S2324-G1095,B. Portis,3,-11.738095238095237,-3.0677361137318537
S2324-G1095,C. Kispert,1,-21.099047619047617,0.7390259798837869
S2324-G1095,C. Kispert,2,10.249206349206347,17.10455225359994
S2324-G1095,C. Kispert,3,12.961507936507937,6.882945217045019
S2324-G1095,D. Avdija,1,11.84870423693953,8.7044986834744
S2324-G1095,D. Avdija,2,-14.092207792207793,-7.373614835533969
S2324-G1095,D. Avdija,3,12.895238095238096,5.579821529968248
S2324-G1095,D. Gallinari,1,5.2,-1.1350836242305542
S2324-G1095,E. Omoruyi,1,-5.225,-3.8330241550369215
S2324-G1095,E. Omoruyi,2,2.9416666666666655,2.291295085918145
S2324-G1095,G. Antetokounmpo,1,-3.2243589743589762,0.8713763203766038
S2324-G1095,G. Antetokounmpo,2,-9.900833333333331,1.2975613693050092
S2324-G1095,G. Antetokounmpo,3,-6.1175678733031695,10.078208173407125
S2324-G1095,J. Butler,2,1.2196969696969688,1.2455890264039804
S2324-G1095,J. Butler,3,-9.905844155844154,-1.4265108030480598
S2324-G1095,J. Crowder,1,-6.7333333333333325,-5.866799967113386
S2324-G1095,J. Crowder,2,-1.0500000000000007,1.579597275524577
S2324-G1095,J. Crowder,3,0.875,1.5188392198515688
S2324-G1095,J. Davis,1,3.4499999999999997,-3.3592538943123413
S2324-G1095,J. Davis,2,0.06666666666666654,-5.15999801791333
S2324-G1095,J. Davis,3,-2.3,-6.073772235705211
S2324-G1095,J. Poole,1,14.655714285714286,9.206267531644132
S2324-G1095,J. Poole,2,-9.985714285714284,-3.377244487433534
S2324-G1095,J. Poole,3,3.2870129870129876,4.167786763250702
S2324-G1095,K. Middleton,1,-18.62470588235294,0.896917699262815
S2324-G1095,K. Middleton,2,10.60518207282913,14.412048395380669
S2324-G1095,K. Middleton,3,5.776190476190477,3.059470185085311
S2324-G1095,M. Bagley III,1,-10.878888888888888,-4.982122307143282
S2324-G1095,M. Beasley,1,4.256666666666667,-1.0743343904334626
S2324-G1095,M. Beasley,2,-12.243333333333332,-4.311989006510251
S2324-G1095,M. Beasley,3,12.243333333333332,7.622906791154746
S2324-G1095,P. Beverley,1,-4.572142857142857,-4.863943687161574
S2324-G1095,P. Beverley,2,4.463809523809523,0.06423815323523532
S2324-G1095,P. Connaughton,1,7.313333333333333,2.2925447512534167
S2324-G1095,P. Connaughton,2,-12.708333333333334,-5.361528189881887
S2324-G1095,P. Connaughton,3,1.3334415584415584,3.589285376921495
S2324-G1095,T. Vukcevic,1,2.618333333333334,5.274605169675367
S2324-G1095,T. Vukcevic,2,5.995555555555556,2.998090457948661
S2324-G1095,T. Vukcevic,3,-3.4138888888888888,-1.1947422101630132
S2324-G1099,A. Gordon,1,-6.035,1.8328400206891156
S2324-G1099,A. Gordon,2,3.8100000000000005,2.3650472183740128
S2324-G1099,A. Gordon,3,6.33030303030303,2.746311877499947
S2324-G1099,B. Wesley,1,-2.2750000000000004,-3.8330241550369215
S2324-G1099,B. Wesley,2,0.29166666666666696,-0.6704412784416215
S2324-G1099,B. Wesley,3,2.1333333333333333,-2.0782041253185883
S2324-G1099,C. Braun,1,5.495238095238095,-0.24691307927972714
S2324-G1099,C. Braun,2,-2.628571428571429,-3.084935601504168
S2324-G1099,C. Braun,3,2.461904761904763,-1.4789925404786937
S2324-G1099,C. Osman,1,-8.081428571428571,-1.0439862907232125
S2324-G1099,D. Graham,1,-6.569047619047618,-3.572714579636438
S2324-G1099,D. Graham,3,6.633333333333332,0.5491340038339807
S2324-G1099,J. Champagnie,1,8.725238095238094,2.7796255765608846
S2324-G1099,J. Champagnie,2,-18.652380952380952,-4.463406148759325
S2324-G1099,J. Champagnie,3,20.99047619047619,9.451362077944133
S2324-G1099,J. Holiday,1,-4.558333333333334,-5.866799967113386
S2324-G1099,J. Holiday,2,-0.875,-0.9437828015738088
S2324-G1099,J. Holiday,3,-3.546666666666666,-1.1172564922307218
S2324-G1099,K. Caldwell-Pope,1,6.873333333333333,-2.2137375448664662
S2324-G1099,K. Caldwell-Pope,2,-8.708333333333334,-5.729106598649821
S2324-G1099,K. Caldwell-Pope,3,11.008333333333333,2.58348334649247
S2324-G1099,M. Branham,1,-18.96300366300366,-1.885879300193323
S2324-G1099,M. Branham,2,5.293772893772893,15.608697825009752
S2324-G1099,M. Branham,3,4.735897435897439,7.609492508424273
S2324-G1099,M. Porter Jr.,1,-6.064102564102562,4.176001234610403
S2324-G1099,M. Porter Jr.,2,13.607936507936506,5.891687815927095
S2324-G1099,M. Porter Jr.,3,-2.78095238095238,-7.48777657649519
S2324-G1099,N. Jokic,1,31.735610766045546,31.80491380599272
S2324-G1099,N. Jokic,2,-24.891629072681702,-12.047581081675864
S2324-G1099,N. Jokic,3,18.76171310629515,24.839225491541804
S2324-G1099,P. Watson,1,-2.3066666666666675,-1.8160955163472208
S2324-G1099,P. Watson,2,-3.418333333333334,1.1831880590492807
S2324-G1099,R. Jackson,1,-8.981666666666666,-4.863943687161574
S2324-G1099,R. Jackson,2,2.2923809523809524,2.094054277314051
S2324-G1099,R. Jackson,3,-7.578571428571429,0.0478103913050607
S2324-G1099,S. Cissoko,3,0.06666666666666665,-5.866799967113386
S2324-G1099,S. Mamukelashvili,1,-0.1333333333333333,-3.6391313260220493
S2324-G1099,S. Mamukelashvili,2,-7.329999999999999,-3.165636927943139
S2324-G1099,S. Mamukelashvili,3,-4.640000000000001,3.1911931284846196
S2324-G1099,T. Jones,1,-9.488888888888889,-6.169848148589279
S2324-G1099,T. Jones,2,0.3444444444444432,2.2331067055723652
S2324-G1099,T. Jones,3,-7.814603174603171,3.3889480794891957
S2324-G1099,V. Wembanyama,1,26.424903038138332,26.052460849708815
S2324-G1099,V. Wembanyama,2,1.3821428571428562,-4.5025580329409305
S2324-G1099,V. Wembanyama,3,-12.874713521772348,-2.8196084740153293
S2324-G1099,Z. Collins,1,-1.2466666666666661,0.8301215896230337
S2324-G1099,Z. Collins,2,-2.142222222222223,1.8875758463547037
S2324-G1099,Z. Collins,3,0.08333333333333393,3.0223732298300297
S2324-G1102,A. Hagans,1,0.2666666666666666,-2.962055407417114
S2324-G1102,A. Hagans,2,-2.65,-3.129800399456728
S2324-G1102,A. Hagans,3,4.883333333333333,-1.9975955174303572
S2324-G1102,A. Pokusevski,1,0.9333333333333336,1.4366039771689965
S2324-G1102,A. Pokusevski,2,1.3690476190476177,1.1933403404619576
S2324-G1102,A. Pokusevski,3,4.197619047619048,-0.23206606225225213
S2324-G1102,B. McGowens,1,2.4000000000000004,-2.1280941830644617
S2324-G1102,B. McGowens,2,-18.583333333333332,-3.0900452252270783
S2324-G1102,B. Miller,1,13.062307692307694,6.139155997613545
S2324-G1102,B. Miller,2,-11.238181818181818,-5.948636092702305
S2324-G1102,B. Miller,3,-4.887662337662338,2.5134975151609105
S2324-G1102,D. Ayton,1,28.899047619047618,16.202940827019397
S2324-G1102,D. Ayton,2,-23.911515151515154,-9.75006994779695
S2324-G1102,D. Ayton,3,10.875000000000004,11.310000553498924
S2324-G1102,D. Banton,1,8.773333333333333,4.629349826953208
S2324-G1102,D. Banton,2,3.166666666666666,-2.9434631498711328
S2324-G1102,D. Banton,3,-17.442307692307693,-5.992799546022148
S2324-G1102,D. Bertans,1,4.449999999999999,-1.8940472208497718
S2324-G1102,D. Bertans,2,-9.784415584415584,-5.583849780868175
S2324-G1102,D. Bertans,3,9.517748917748918,4.488360597500791
S2324-G1102,D. Reath,1,-0.8380952380952378,0.19154054529721518
S2324-G1102,D. Reath,2,-3.828571428571429,2.669217276643169
S2324-G1102,D. Reath,3,6.76904761904762,2.909425757913895
S2324-G1102,G. Williams,1,7.711507936507935,-0.028012474990853072
S2324-G1102,G. Williams,2,2.2107142857142854,-9.367600482166635
S2324-G1102,G. Williams,3,-6.7,-8.18113795877846
S2324-G1102,J. Thor,1,-3.3031746031746003,-0.6625383514662044
S2324-G1102,J. Thor,2,12.114285714285712,0.8866706295965134
S2324-G1102,J. Thor,3,0.0,-6.65139129536796
S2324-G1102,J. Walker,1,-1.5017857142857132,2.0589515422956426
S2324-G1102,J. Walker,2,-2.5452272727272742,-6.680695524483075
S2324-G1102,J. Walker,3,5.115584415584415,0.557666571153418
S2324-G1102,K. Murray,1,2.4022727272727273,-1.9403070920329135
S2324-G1102,K. Murray,2,-0.2999999999999998,-5.051035239094165
S2324-G1102,K. Murray,3,0.2869047619047622,-3.8636806213596238
S2324-G1102,L. Black,2,8.533333333333333,-0.07263639447191435
S2324-G1102,M. Bolden,1,-8.689177489177489,-5.866799967113386
S2324-G1102,M. Bolden,2,7.489177489177489,3.3212071299170964
S2324-G1102,M. Bolden,3,-3.1083333333333334,-5.374469384705407
S2324-G1102,N. Smith Jr.,1,0.24166666666666625,-0.8253324503630564
S2324-G1102,N. Smith Jr.,2,-0.008333333333333748,0.6544830606206707
S2324-G1102,N. Smith Jr.,3,2.0666666666666673,-0.19287228254175495
S2324-G1102,R. Rupert,1,6.872640692640692,-0.5695780514598914
S2324-G1102,R. Rupert,2,-0.398831168831169,-3.6696327164848612
S2324-G1102,R. Rupert,3,-0.10000000000000009,-4.44053824654057
S2324-G1102,S. Henderson,1,-1.3090909090909122,5.960355310527996
S2324-G1102,S. Henderson,2,8.603030303030305,4.329259913346354
S2324-G1102,S. Henderson,3,-3.3952380952380974,-1.988075978891714
S2324-G1102,T. Mann,1,1.2941558441558438,-1.2901180298118515
S2324-G1102,T. Mann,2,-7.619155844155845,0.2623502703611258
S2324-G1102,T. Mann,3,10.65,4.048224493551698
S2324-G1119,A. Caruso,1,-7.266666666666667,-3.792845036862581
S2324-G1119,A. Caruso,2,0.6714285714285726,3.622739666364599
S2324-G1119,A. Caruso,3,8.928571428571427,2.232618389754694
S2324-G1119,A. Dosunmu,1,29.526666666666667,19.13162374587877
S2324-G1119,A. Dosunmu,2,-5.9363636363636365,-6.6225434080248435
S2324-G1119,A. Dosunmu,3,-7.7378787878787865,-1.54350805879664
S2324-G1119,A. Drummond,1,-6.292857142857143,-5.605068670956129
S2324-G1119,A. Drummond,2,1.4928571428571429,0.8387248780838472
S2324-G1119,A. Drummond,3,-10.413765182186236,-3.633741813788072
S2324-G1119,B. Bogdanovic,1,-13.304761904761905,-3.7850840455687553
S2324-G1119,B. Bogdanovic,2,7.871428571428572,6.0675778846764485
S2324-G1119,B. Bogdanovic,3,3.3533333333333326,1.3480180541713933
S2324-G1119,C. White,1,-6.452121212121213,-3.879740261753924
S2324-G1119,D. DeRozan,1,-3.4164529914529904,-1.7116489080389872
S2324-G1119,D. DeRozan,2,-9.808547008547013,2.9297724155415876
S2324-G1119,D. DeRozan,3,-5.333333333333332,6.825266974324386
S2324-G1119,D. DiVincenzo,1,14.7,5.1382590378054935
S2324-G1119,D. DiVincenzo,2,-20.966666666666665,-8.092546344132993
S2324-G1119,D. DiVincenzo,3,18.628571428571426,9.010214596416
S2324-G1119,D. Terry,1,-0.2999999999999998,-4.3394740173584605
S2324-G1119,D. Terry,2,-1.7380952380952377,-2.991712867179663
S2324-G1119,I. Hartenstein,1,4.277619047619048,-1.8281771499966029
S2324-G1119,I. Hartenstein,2,-0.8315151515151515,-2.8226115724547176
S2324-G1119,I. Hartenstein,3,-6.437662337662338,-3.1193378610239524
S2324-G1119,J. Brunson,1,-15.682105263157897,8.793264443947336
S2324-G1119,J. Brunson,2,23.5571052631579,23.809182865246566
S2324-G1119,J. Brunson,3,-6.075000000000003,-2.3161838778228114
S2324-G1119,J. Green,1,-14.25948717948718,2.913153286061498
S2324-G1119,J. Green,2,11.604595404595406,13.49205161334441
S2324-G1119,J. Green,3,4.769030969030968,1.7470206279410316
S2324-G1119,M. McBride,1,-5.036666666666667,2.104201144613814
S2324-G1119,M. McBride,2,2.0022510822510835,3.568371770647135
S2324-G1119,M. McBride,3,6.512987012987012,2.203341684070394
S2324-G1119,M. Robinson,1,-1.0936507936507933,-1.9689900037277495
S2324-G1119,M. Robinson,3,7.838095238095237,-4.289395502679645
S2324-G1119,N. Vucevic,1,5.216666666666665,8.98331500222404
S2324-G1119,N. Vucevic,2,4.540476190476191,0.9051232668012608
S2324-G1119,N. Vucevic,3,1.2785714285714285,-2.367851711547588
S2324-G1119,O. Anunoby,1,4.442857142857143,-1.799494238301767
S2324-G1119,O. Anunoby,2,-9.70357142857143,-4.803813659074255
S2324-G1119,O. Anunoby,3,2.1416666666666657,3.308706322665497
S2324-G1119,P. Achiuwa,2,-4.644444444444445,-5.453296347161183
S2324-G1119,T. Craig,2,0.40000000000000036,-3.003624706554206
S2324-G1120,A. Holiday,1,2.3,-3.7850840455687553
S2324-G1120,A. Holiday,2,-2.2333333333333334,-5.035559551897323
S2324-G1120,B. Adebayo,1,-14.653333333333332,-1.5503282404730692
S2324-G1120,B. Adebayo,2,14.649999999999999,10.316472913476192
S2324-G1120,B. Adebayo,3,-4.743181818181818,-4.085065231470076
S2324-G1120,C. Martin,1,4.199999999999998,2.7034147216722855
S2324-G1120,C. Martin,2,6.6000000000000005,1.0505826009422767
S2324-G1120,C. Martin,3,-12.244444444444445,-5.0452235092372035
S2324-G1120,C. Whitmore,1,3.7777777777777786,2.749526358304389
S2324-G1120,C. Whitmore,2,-4.699999999999999,-2.3951550911751474
S2324-G1120,C. Whitmore,3,3.7666666666666657,3.170656397388835
S2324-G1120,D. Brooks,1,27.958333333333332,17.414376698826565
S2324-G1120,D. Brooks,2,-8.675641025641026,-9.164635023129469
S2324-G1120,D. Brooks,3,6.470879120879121,0.9336063910425731
S2324-G1120,D. Robinson,1,7.6,-0.5277111673703595
S2324-G1120,D. Robinson,2,-16.4,-6.815698190367681
S2324-G1120,F. VanVleet,1,-4.760641025641025,-3.050483442326579
S2324-G1120,F. VanVleet,2,-8.175549450549452,1.721402463722191
S2324-G1120,F. VanVleet,3,15.371428571428574,6.938976056103728
S2324-G1120,H. Highsmith,1,-6.883333333333333,-5.866799967113386
S2324-G1120,H. Highsmith,2,2.499999999999999,1.4330987097900503
S2324-G1120,H. Highsmith,3,-0.10714285714285676,-2.7150567302220923
S2324-G1120,J. Butler,1,14.308963585434176,9.274728736417002
S2324-G1120,J. Butler,2,-11.46190476190476,-6.222553028297026
S2324-G1120,J. Green,1,-9.193888888888889,2.445097278686892
S2324-G1120,J. Green,2,1.0049145299145295,6.5150578654040965
S2324-G1120,J. Green,3,-1.8826923076923094,5.509531947678015
S2324-G1120,J. Jaquez Jr.,2,-19.62222222222222,-2.3660811405737263
S2324-G1120,J. Landale,1,-10.658333333333333,-3.7850840455687553
S2324-G1120,J. Landale,2,8.591666666666665,7.0848878015387005
S2324-G1120,J. Landale,3,-2.2321212121212115,-1.4977742450822893
S2324-G1120,J. Smith Jr.,1,-4.792141192141193,-0.035120807248273475
S2324-G1120,J. Smith Jr.,2,8.078461538461537,2.47667573788463
S2324-G1120,J. Smith Jr.,3,-4.456666666666667,-2.834355249056338
S2324-G1120,K. Love,1,0.3133333333333326,0.7956830722079412
S2324-G1120,K. Love,2,8.761904761904763,0.4746395117078215
S2324-G1120,N. Jovic,1,-3.967777777777778,-0.2496005296741751
S2324-G1120,N. Jovic,3,10.811111111111112,3.486723507667278
S2324-G1120,R. Bullock Jr.,2,-0.09523809523809534,-6.399775629077766
S2324-G1120,R. Bullock Jr.,3,-4.6083333333333325,-5.289973598727397
S2324-G1120,T. Herro,1,-6.641666666666667,-1.0008977129115921
S2324-G1120,T. Herro,2,6.516666666666667,3.708330388056596
S2324-G1120,T. Herro,3,-16.416666666666664,-1.7397253070513266
S2324-G1120,T. Rozier,1,-12.957142857142856,-2.4856892389547847
S2324-G1120,T. Rozier,2,2.6108225108225103,8.214528088245396
S2324-G1121,B. Boeheim,2,-2.3833333333333333,-3.7850840455687553
S2324-G1121,C. Metu,1,2.2523809523809524,-3.7850840455687553
S2324-G1121,C. Metu,2,-0.03571428571428559,-4.614422144257071
S2324-G1121,C. Metu,3,-17.553759398496243,-5.651471334459496
S2324-G1121,G. Jackson II,1,10.230952380952383,11.280401198382568
S2324-G1121,G. Jackson II,2,1.3945887445887433,-2.435665824063347
S2324-G1121,J. Duren,1,-4.460000000000001,-1.8940472208497718
S2324-G1121,J. Duren,2,-15.915714285714284,-0.7584845642939463
S2324-G1121,J. Goodwin,1,-6.9474358974358985,-1.995835058904952
S2324-G1121,J. Goodwin,2,6.078571428571429,-1.6108112936209682
S2324-G1121,J. Goodwin,3,0.5666666666666673,-2.6048487604574007
S2324-G1121,J. Ivey,1,19.26803921568628,15.435793327582125
S2324-G1121,J. Ivey,2,-12.937748917748918,-7.745677127019551
S2324-G1121,J. Ivey,3,18.017748917748918,6.422030177959458
S2324-G1121,J. LaRavia,1,7.025714285714283,4.029521751178541
S2324-G1121,J. LaRavia,2,-1.2952380952380942,-5.849606652001766
S2324-G1121,J. LaRavia,3,2.6255411255411243,-1.7208469269765965
S2324-G1121,J. Nowell,2,-15.53269230769231,-0.9783251118655888
S2324-G1121,J. Rhoden,1,-4.346666666666666,-0.45406314935341474
S2324-G1121,J. Wiseman,1,0.033333333333333104,-5.4011004253730635
S2324-G1121,J. Wiseman,2,-2.466666666666667,-4.719161708199427
S2324-G1121,J. Wiseman,3,2.466666666666667,-3.4738205845097143
S2324-G1121,L. Stevens,1,16.020714285714284,14.907039188453464
S2324-G1121,L. Stevens,2,6.620238095238095,-2.7080262704043414
S2324-G1121,L. Stevens,3,-4.275238095238095,-6.317888647961714
S2324-G1121,M. Flynn,1,-5.353030303030303,-2.5209848466130893
S2324-G1121,M. Flynn,2,-3.8836363636363647,3.410757887734702
S2324-G1121,M. Flynn,3,11.686666666666667,4.848409898760719
S2324-G1121,M. Pereira,1,-20.558333333333334,-5.866799967113386
S2324-G1121,M. Pereira,2,12.986904761904762,11.676061625267314
S2324-G1121,M. Pereira,3,-4.357142857142856,0.7629863678824225
S2324-G1121,M. Sasser,1,4.666666666666667,-3.951467602378409
S2324-G1121,M. Sasser,2,0.0,-6.65139129536796
S2324-G1121,M. Sasser,3,-9.027272727272726,-7.133069950590895
S2324-G1121,S. Pippen Jr.,1,6.626666666666668,-1.1669050649002708
S2324-G1121,S. Pippen Jr.,2,-19.306320346320348,-4.425188496990917
S2324-G1121,S. Pippen Jr.,3,6.012987012987015,8.316766378175014
S2324-G1121,T. Brown Jr.,1,-2.0250000000000004,-4.8786389354068
S2324-G1121,T. Brown Jr.,2,-7.933333333333333,-1.7742580880785308
S2324-G1121,T. Evbuomwan,1,5.269696969696971,-0.49997098441257015
S2324-G1121,T. Evbuomwan,2,-7.241666666666667,-5.080739773442689
S2324-G1121,T. Jemison,1,4.016558441558441,-2.2907323432595623
S2324-G1121,T. Jemison,2,-15.908333333333335,-6.772384650730351
S2324-G1121,T. Jemison,3,7.3866666666666685,5.69315570599693
S2324-G1121,Z. Simpson,2,2.6952380952380954,-2.040000661234132
S2324-G1121,Z. Simpson,3,-0.39642857142857135,-5.800998088500249
S2324-G1132,A. Coffey,1,-6.9399999999999995,-3.7850840455687553
S2324-G1132,A. Coffey,2,3.9399999999999986,2.4861857141149786
S2324-G1132,C. LeVert,1,2.3500000000000014,7.961660657910179
S2324-G1132,C. LeVert,2,13.65,2.594492512692797
S2324-G1132,C. LeVert,3,-4.568956043956044,-5.053672486321196
S2324-G1132,D. Garland,1,-11.375579322638147,0.5677321942398947
S2324-G1132,D. Garland,2,10.36749851455734,10.92923970761155
S2324-G1132,D. Garland,3,-16.47070707070707,-2.5840896200947143
S2324-G1132,E. Mobley,1,12.872063492063495,12.289053296527403
S2324-G1132,E. Mobley,2,3.381212121212121,-1.7968015564015034
S2324-G1132,E. Mobley,3,4.0864069264069265,0.9294994120754303
S2324-G1132,G. Niang,1,-6.708333333333334,-4.412808960720689
S2324-G1132,G. Niang,2,6.675,2.327509980197095
S2324-G1132,I. Okoro,1,-3.238095238095238,-1.8872493476879593
S2324-G1132,I. Okoro,2,8.6,2.5778554529068582
S2324-G1132,I. Okoro,3,-6.313333333333333,-5.343781861161732
S2324-G1132,I. Zubac,1,-2.094444444444445,-1.5027275280171961
S2324-G1132,I. Zubac,2,-6.247863247863249,-1.2456125139310013
S2324-G1132,I. Zubac,3,17.325641025641026,3.945763275636941
S2324-G1132,J. Allen,1,8.901839826839828,0.20814576667333504
S2324-G1132,J. Allen,2,-19.227380952380955,-5.810757463278329
S2324-G1132,J. Allen,3,11.852380952380953,8.313953811297374
S2324-G1132,J. Harden,1,-0.7517704517704544,5.841033863137477
S2324-G1132,J. Harden,2,5.666056166056169,5.538186481591127
S2324-G1132,M. Morris Sr.,2,4.338095238095237,-2.2391113920352694
S2324-G1132,M. Morris Sr.,3,-0.033333333333333326,-5.289973598727397
S2324-G1132,M. Plumlee,1,-2.2404761904761905,-2.8421601432512147
S2324-G1132,M. Plumlee,2,6.554761904761905,-0.3869826247106771
S2324-G1132,M. Plumlee,3,-4.2749999999999995,-6.108436571850314
S2324-G1132,M. Strus,1,8.388888888888891,7.086127924598959
S2324-G1132,M. Strus,2,1.2766666666666673,-3.5233925434600644
S2324-G1132,M. Strus,3,2.7460439560439553,-3.8046576659445277
S2324-G1132,N. Powell,1,2.743333333333334,2.5764973240086517
S2324-G1132,N. Powell,2,-3.5933333333333337,0.6333269874809371
S2324-G1132,N. Powell,3,-6.380952380952381,2.826668985595131
S2324-G1132,P. George,1,1.6908963585434194,5.722420441425903
S2324-G1132,P. George,2,0.04415584415584206,-2.4631488830429853
S2324-G1132,P. George,3,-30.691774891774894,-0.3415660528187451
S2324-G1132,P. Tucker,1,2.2714285714285714,-4.484256616834441
S2324-G1132,R. Westbrook,1,1.85952380952381,-0.4476321309153384
S2324-G1132,R. Westbrook,2,-8.720238095238095,-2.0763074990325063
S2324-G1132,R. Westbrook,3,8.675,3.85610932820165
S2324-G1132,S. Merrill,1,-2.3333333333333335,-6.169848148589279
S2324-G1132,T. Mann,1,-1.1027777777777796,-0.20358106212265928
S2324-G1132,T. Mann,2,5.291111111111112,2.2055678107549403
S2324-G1132,T. Mann,3,-0.8133333333333326,-2.9413120529630974
S2324-G1133,A. Nembhard,1,11.092857142857142,1.0755791670481663
S2324-G1133,A. Nembhard,2,-15.43968253968254,-5.864358442506085
S2324-G1133,A. Nembhard,3,15.405555555555557,8.18605154591232
S2324-G1133,A. Nesmith,1,-1.6304545454545458,0.9134627807016066
S2324-G1133,A. Nesmith,2,6.580454545454545,1.6975597144342858
S2324-G1133,A. Nesmith,3,-13.630555555555555,-2.8976099661901857
S2324-G1133,B. Adebayo,1,-13.212380952380954,-0.7520736129765521
S2324-G1133,B. Adebayo,2,7.80848484848485,8.200400222927769
S2324-G1133,B. Adebayo,3,-7.1738816738816755,5.305038982794262
S2324-G1133,B. Sheppard,1,-4.533333333333333,-5.866799967113386
S2324-G1133,B. Sheppard,2,2.2444444444444445,-0.6074765285362854
S2324-G1133,C. Martin,1,4.2810439560439555,4.196353005521598
S2324-G1133,C. Martin,2,-4.5004884004884005,1.1518082490689714
S2324-G1133,C. Martin,3,4.519444444444444,3.0079329422760956
S2324-G1133,D. Robinson,1,4.289999999999999,-3.104583770012144
S2324-G1133,D. Robinson,2,2.6357142857142857,-3.815587525060841
S2324-G1133,D. Robinson,3,0.0976190476190476,-4.54904036105362
S2324-G1133,H. Highsmith,1,-2.433333333333333,-5.866799967113386
S2324-G1133,H. Highsmith,2,2.5,-2.5334496698049223
S2324-G1133,H. Highsmith,3,0.0,-5.748572320973676
S2324-G1133,J. Butler,1,9.59095238095238,9.823646500961734
S2324-G1133,J. Butler,2,-10.890952380952381,-0.8027391237355916
S2324-G1133,J. Butler,3,11.103174603174603,9.487696319321435
S2324-G1133,J. Jaquez Jr.,2,-7.871428571428571,-5.558763314831928
S2324-G1133,J. Smith,1,6.528571428571429,2.8091072725483723
S2324-G1133,J. Smith,2,2.2047619047619045,-2.389569010126708
S2324-G1133,J. Smith,3,2.3,-4.469957813514143
S2324-G1133,K. Love,1,11.366666666666667,2.8163864459702626
S2324-G1133,K. Love,2,0.06666666666666665,-5.359325618894157
S2324-G1133,M. Turner,1,-3.4126984126984112,0.42165974644739823
S2324-G1133,M. Turner,2,2.2997113997114003,0.7505620343734625
S2324-G1133,M. Turner,3,-0.9679653679653679,-1.0198094995297995
S2324-G1133,N. Jovic,1,-14.962380952380954,-1.8281771499966029
S2324-G1133,N. Jovic,3,8.660000000000002,10.645797933226897
S2324-G1133,O. Toppin,1,7.616666666666666,2.971098016316536
S2324-G1133,O. Toppin,2,-8.656666666666666,-3.3407460488888385
S2324-G1133,O. Toppin,3,13.023333333333333,3.8822536425876626
S2324-G1133,P. Siakam,1,0.7977777777777799,1.1870585818983732
S2324-G1133,P. Siakam,2,-8.34857142857143,0.6230748726656161
S2324-G1133,P. Siakam,3,6.895238095238096,5.366482780852079
S2324-G1133,T. Haliburton,1,6.142380952380952,4.637827127457761
S2324-G1133,T. Haliburton,2,4.758730158730159,-1.4693213082807535
S2324-G1133,T. Haliburton,3,-11.55,-3.8215642661899296
S2324-G1133,T. Herro,1,-14.236666666666668,-3.8330241550369215
S2324-G1133,T. Herro,2,12.286666666666669,8.73755009919532
S2324-G1133,T. Herro,3,-21.372527472527473,-2.5250292540533197
S2324-G1133,T. McConnell,1,-1.961904761904762,6.56991348686036
S2324-G1133,T. McConnell,2,8.545238095238094,9.017797646920881
S2324-G1133,T. McConnell,3,-4.545238095238094,-0.970586350599943
S2324-G1133,T. Rozier,1,-2.4157142857142873,-1.2242479589586823
S2324-G1133,T. Rozier,2,11.43,2.023394212578809
S2324-G1140,B. Hield,1,-10.958333333333332,-1.1350836242305542
S2324-G1140,B. Hield,2,11.711904761904762,5.457437560566421
S2324-G1140,B. Wesley,1,4.433333333333334,-1.9917007411388412
S2324-G1140,B. Wesley,2,-6.558333333333334,-5.289973598727397
S2324-G1140,B. Wesley,3,2.2107142857142854,0.359139224034814
S2324-G1140,C. Payne,1,5.256363636363638,1.624657658630921
S2324-G1140,C. Payne,2,4.68,-3.7301816005170005
S2324-G1140,D. Graham,1,0.7576923076923086,0.7295901693561886
S2324-G1140,D. Graham,2,4.625641025641025,0.35992527831930005
S2324-G1140,D. Graham,3,-7.577289377289377,-5.729106598649821
S2324-G1140,D. Graham,4,4.577289377289376,1.833675051679973
S2324-G1140,D. Graham,5,2.916666666666667,-2.631742309268204
S2324-G1140,J. Champagnie,1,4.511111111111113,1.927845048169201
S2324-G1140,J. Champagnie,2,-7.866666666666667,-3.936691360868664
S2324-G1140,J. Champagnie,3,7.852380952380952,3.791922151488568
S2324-G1140,J. Champagnie,4,3.047619047619048,-1.924525334316887
S2324-G1140,J. Champagnie,5,-2.266666666666666,-5.472696111724606
S2324-G1140,J. Dowtin Jr.,1,2.4785714285714286,-3.8330241550369215
S2324-G1140,J. Dowtin Jr.,2,-2.5952380952380953,-3.867711840859047
S2324-G1140,J. Dowtin Jr.,3,2.5,-3.4738205845097143
S2324-G1140,K. Johnson,1,-0.9196969696969699,-2.2331764073753915
S2324-G1140,K. Johnson,2,-5.2769696969696955,-1.6242325607464572
S2324-G1140,K. Johnson,3,9.108571428571427,0.9192876562867478
S2324-G1140,K. Martin,1,1.9047619047619047,-2.4856892389547847
S2324-G1140,K. Martin,2,2.3,-3.705195018713129
S2324-G1140,K. Martin,3,0.0,-5.289973598727397
S2324-G1140,K. Martin,4,-8.783333333333333,-5.054443466011865
S2324-G1140,K. Martin,5,4.4,1.6538107764086984
S2324-G1140,K. Oubre Jr.,1,8.100952380952382,12.021218528945068
S2324-G1140,K. Oubre Jr.,2,15.39,2.0824903360241547
S2324-G1140,K. Oubre Jr.,3,-19.576666666666668,-7.032168519619892
S2324-G1140,K. Oubre Jr.,4,12.933333333333334,9.482070337424053
S2324-G1140,K. Oubre Jr.,5,8.983333333333334,-0.7788673174150867
S2324-G1140,M. Bamba,1,5.26,2.0939661196334804
S2324-G1140,M. Bamba,2,2.153333333333333,-3.368738080011508
S2324-G1140,M. Bamba,3,2.5666666666666664,-4.451120189925429
S2324-G1140,M. Branham,1,-19.266666666666666,-4.412808960720689
S2324-G1140,M. Branham,2,14.91904761904762,11.101762501697975
S2324-G1140,M. Branham,3,-6.565714285714286,-1.1587892949700513
S2324-G1140,M. Branham,4,7.913333333333333,2.4758639531874964
S2324-G1140,M. Branham,5,-2.466666666666666,-3.205233652355935
S2324-G1140,N. Batum,1,-2.2857142857142856,-5.007560143417823
S2324-G1140,N. Batum,2,4.55,-3.573253426780216
S2324-G1140,N. Batum,3,-12.864285714285714,-4.679020453791371
S2324-G1140,N. Batum,4,12.864285714285714,4.128723544355817
S2324-G1140,N. Batum,5,-5.3,-6.686541058094506
S2324-G1140,P. Reed,1,0.7000000000000011,0.6459707379203643
S2324-G1140,P. Reed,2,-1.1333333333333346,3.4152417270867406
S2324-G1140,P. Reed,3,9.600000000000001,5.617560055472635
S2324-G1140,R. Council IV,4,15.42222222222222,7.2579152749142635
S2324-G1140,R. Council IV,5,-7.616666666666667,-10.13927158271984
S2324-G1140,S. Mamukelashvili,1,-4.076666666666667,-3.8330241550369215
S2324-G1140,S. Mamukelashvili,2,1.2599999999999998,0.5773967529616357
S2324-G1140,S. Mamukelashvili,3,-1.4380952380952374,-1.0589155111245645
S2324-G1140,T. Jones,1,3.6516666666666673,2.0760101812427165
S2324-G1140,T. Jones,2,4.408333333333332,0.031505041426755497
S2324-G1140,T. Jones,3,-13.2,-5.0182190290959845
S2324-G1140,T. Jones,4,8.369523809523809,4.6767256580655
S2324-G1140,T. Jones,5,4.397142857142859,-2.7998819043650682
S2324-G1140,T. Maxey,1,-6.544444444444444,4.570153584258113
S2324-G1140,T. Maxey,2,-24.55359477124183,11.08685219987026
S2324-G1140,T. Maxey,3,7.4202614379084935,27.91910994194627
S2324-G1140,T. Maxey,4,25.561111111111117,21.005730750546405
S2324-G1140,T. Maxey,5,1.75,-5.811646340947357
S2324-G1140,V. Wembanyama,1,-1.58034188034188,7.0321207509303205
S2324-G1140,V. Wembanyama,2,10.707008547008547,7.150526177325839
S2324-G1140,V. Wembanyama,3,-6.9541666666666675,-1.3063049544246983
S2324-G1140,V. Wembanyama,4,8.838611111111112,3.662228757482525
S2324-G1140,V. Wembanyama,5,8.805555555555555,-6.361883703299736
S2324-G1140,Z. Collins,1,-0.6629870129870135,1.7789117969835484
S2324-G1140,Z. Collins,2,2.72965367965368,3.8854263586837092
S2324-G1140,Z. Collins,3,7.1119047619047615,0.15738331112053305
S2324-G1145,B. Hield,1,-6.18095238095238,-3.3592538943123413
S2324-G1145,B. Hield,2,-0.2107142857142872,1.6143129190342531
S2324-G1145,B. Hield,3,-12.967307692307694,1.816454707406509
S2324-G1145,C. Metu,1,4.993333333333333,-1.0812784018971477
S2324-G1145,C. Metu,2,-4.669841269841268,-3.5921051493485576
S2324-G1145,C. Metu,3,1.3298412698412694,1.347852183804871
S2324-G1145,C. Payne,1,1.3399999999999999,-1.7456735241203711
S2324-G1145,C. Payne,2,5.341666666666667,-2.970882663234907
S2324-G1145,C. Payne,3,0.019444444444444375,-4.625216916622024
S2324-G1145,D. Melton,2,-1.3809523809523814,1.2619004803854827
S2324-G1145,E. Fournier,1,-18.208333333333332,-1.5559544375242054
S2324-G1145,E. Fournier,2,14.775,14.495239779790705
S2324-G1145,E. Fournier,3,-0.14000000000000057,1.185119196211336
S2324-G1145,J. Dowtin Jr.,2,2.0333333333333314,2.5395422195607202
S2324-G1145,J. Dowtin Jr.,3,11.166666666666668,1.1220932199777487
S2324-G1145,J. Duren,1,-15.012987012987011,-3.510276058594188
S2324-G1145,J. Duren,2,10.035209235209233,9.572362097642781
S2324-G1145,J. Duren,3,-7.9150793650793645,1.3913959245255827
S2324-G1145,J. Embiid,1,-4.466666666666669,9.593712079667535
S2324-G1145,J. Embiid,2,6.481457431457432,11.495880589947268
S2324-G1145,J. Embiid,3,-0.9925685425685415,5.6564638601465
S2324-G1145,J. Ivey,1,7.173030303030302,10.975708680310914
S2324-G1145,J. Ivey,2,-3.6176190476190477,-2.0852322394341405
S2324-G1145,J. Ivey,3,11.422619047619047,5.456089293371637
S2324-G1145,J. Nowell,2,2.0333333333333337,-2.3367079455930364
S2324-G1145,J. Nowell,3,2.3666666666666663,-3.8629897408851943
S2324-G1145,J. Rhoden,1,4.571428571428571,-2.2537135016968053
S2324-G1145,J. Rhoden,2,-2.433333333333333,-5.289973598727397
S2324-G1145,J. Rhoden,3,-4.175,-3.2109014346422518
S2324-G1145,J. Wiseman,1,8.65,0.8968570676791147
S2324-G1145,J. Wiseman,2,-4.433333333333334,-6.978082760765495
S2324-G1145,J. Wiseman,3,-2.2749999999999995,-2.439498748826901
S2324-G1145,K. Oubre Jr.,1,5.653333333333336,3.20411521981883
S2324-G1145,K. Oubre Jr.,2,-16.674242424242426,0.07672201193336001
S2324-G1145,K. Oubre Jr.,3,24.44090909090909,15.769570797123842
S2324-G1145,M. Flynn,1,-4.548717948717948,-2.136027345621061
S2324-G1145,M. Flynn,2,8.848717948717947,3.313271968953984
S2324-G1145,M. Flynn,3,-19.416666666666664,-6.240389619061122
S2324-G1145,M. Sasser,1,6.3999999999999995,-0.9939091899025004
S2324-G1145,M. Sasser,2,-17.213675213675213,-5.326364197946172
S2324-G1145,M. Sasser,3,17.375579975579974,8.594882031264602
S2324-G1145,N. Batum,1,-6.523809523809524,-6.3749769957105675
S2324-G1145,N. Batum,2,1.8880952380952385,-0.9892146957555893
S2324-G1145,N. Batum,3,4.683333333333334,-1.2418764615628721
S2324-G1145,P. Reed,1,11.137142857142859,4.119799290475582
S2324-G1145,P. Reed,2,-2.09,-4.7343773896487855
S2324-G1145,P. Reed,3,0.12333333333333307,-1.5211425270126313
S2324-G1145,R. Council IV,1,7.733333333333334,2.445414078628649
S2324-G1145,T. Brown Jr.,1,2.2555555555555555,-3.7580764589576625
S2324-G1145,T. Brown Jr.,2,-2.477777777777778,-6.007924662773303
S2324-G1145,T. Brown Jr.,3,2.411111111111111,-3.2099191308786263
S2324-G1145,T. Harris,1,18.27811965811966,11.447344423699073
S2324-G1145,T. Harris,2,2.9752380952380957,-6.102762365681279
S2324-G1145,T. Harris,3,-7.453571428571428,-5.930949039490456
S2324-G1147,B. Adebayo,1,-4.325641025641025,-1.6913023938437353
S2324-G1147,B. Adebayo,2,2.9923076923076923,2.9187708674595854
S2324-G1147,B. Adebayo,3,4.316666666666666,-1.597683267709393
S2324-G1147,B. Adebayo,4,-0.06666666666666643,-6.845011745982426
S2324-G1147,B. Adebayo,5,0.0,-6.507851666023824
S2324-G1147,B. Bogdanovic,1,12.225000000000001,8.022878228905794
S2324-G1147,B. Bogdanovic,2,2.9107142857142847,-4.5902220128185
S2324-G1147,B. Bogdanovic,3,4.707619047619048,-3.4946508662968374
S2324-G1147,B. Bogdanovic,4,-0.06000000000000005,-3.8551007135903212
S2324-G1147,B. Bogdanovic,5,-4.699999999999999,-5.288215238173659
S2324-G1147,B. Fernando,1,14.977777777777778,7.8035348334368075
S2324-G1147,B. Fernando,2,0.15000000000000036,-5.414919390464812
S2324-G1147,B. Fernando,3,0.04999999999999982,-5.957070599490219
S2324-G1147,C. Capela,1,0.04761904761904767,-6.3749769957105675
S2324-G1147,C. Capela,2,-6.697619047619048,-6.240389619061122
S2324-G1147,C. Capela,3,-0.16904761904761934,0.7181210969875407
S2324-G1147,C. Capela,4,6.683333333333334,0.26854141337301995
S2324-G1147,C. Capela,5,-11.367142857142857,-6.065075659094832
S2324-G1147,C. Martin,1,2.3685714285714283,-3.050483442326579
S2324-G1147,C. Martin,2,-0.11190476190476151,-4.6099371837252345
S2324-G1147,C. Martin,3,0.04999999999999982,-1.7075947527555113
S2324-G1147,D. Hunter,1,-7.246666666666666,-0.7041143705687222
S2324-G1147,D. Hunter,2,-13.399166666666666,3.8186758490356665
S2324-G1147,D. Hunter,3,22.07123015873016,12.597152201461203
S2324-G1147,D. Hunter,4,-1.825396825396826,-6.917896864691798
S2324-G1147,D. Hunter,5,2.2333333333333334,-7.075385520264414
S2324-G1147,D. Murray,1,1.3025641025641015,3.7083803187886595
S2324-G1147,D. Murray,2,-13.57099415204678,-1.6712112147211766
S2324-G1147,D. Murray,3,0.5678195488721762,10.617803904435362
S2324-G1147,D. Murray,4,15.837142857142858,2.685974300484772
S2324-G1147,D. Murray,5,6.627142857142857,-4.880379812361725
S2324-G1147,D. Wright,2,16.133333333333333,5.222572574238882
S2324-G1147,D. Wright,3,0.06666666666666654,-7.443141949439612
S2324-G1147,G. Mathews,1,-15.25,-6.263642031118527
S2324-G1147,G. Mathews,2,2.8200000000000003,5.334996704005644
S2324-G1147,G. Mathews,3,5.63,3.3535644645532607
S2324-G1147,H. Highsmith,2,7.814285714285715,1.8695464891229536
S2324-G1147,H. Highsmith,3,-0.7030303030303031,-5.943423314392005
S2324-G1147,H. Highsmith,4,-0.16363636363636402,-1.5638626604007702
S2324-G1147,H. Highsmith,5,-3.1833333333333336,-2.71048274299329
S2324-G1147,J. Butler,1,14.991575091575093,7.72002456583979
S2324-G1147,J. Butler,2,-8.033333333333331,-6.164671308572346
S2324-G1147,J. Butler,3,-4.740000000000002,2.636707137371588
S2324-G1147,J. Butler,4,12.256666666666668,6.298295139041102
S2324-G1147,J. Butler,5,4.633333333333333,-5.7530318531749085
S2324-G1147,J. Jaquez Jr.,2,-3.1333333333333333,-4.3394740173584605
S2324-G1147,J. Jaquez Jr.,3,5.333333333333333,0.021516752518711553
S2324-G1147,J. Johnson,1,7.687012987012985,1.6180555928454827
S2324-G1147,J. Johnson,2,-8.647727272727273,-0.8431617079331294
S2324-G1147,K. Bufkin,1,-4.358333333333333,-2.1808390793460486
S2324-G1147,K. Bufkin,2,-2.164999999999999,3.334901157906086
S2324-G1147,N. Jovic,1,10.936363636363636,5.088909188068124
S2324-G1147,N. Jovic,2,-9.703030303030303,-4.665196770198092
S2324-G1147,N. Jovic,3,14.936363636363636,4.982520666267607
S2324-G1147,N. Jovic,4,-7.866666666666667,-5.9134098309719745
S2324-G1147,N. Jovic,5,1.083333333333334,0.3814951069845989
S2324-G1147,T. Herro,1,-6.583974358974359,4.856780710369861
S2324-G1147,T. Herro,2,8.561463536463537,9.820517859304971
S2324-G1147,T. Herro,3,-12.211655844155844,0.9401223057588605
S2324-G1147,T. Herro,4,15.234166666666665,12.022124861942904
S2324-G1147,V. Krejci,1,-2.152380952380952,-5.610395091051399
S2324-G1147,V. Krejci,2,-0.18333333333333357,-3.508066408491271
S2324-G1147,V. Krejci,3,2.3833333333333333,-4.504622149659246
S2324-G1147,V. Krejci,4,-0.18333333333333335,-6.073772235705211
S2324-G1147,V. Krejci,5,-2.1166666666666663,-4.742049767017384
S2324-G1153,A. Len,1,0.461111111111111,-4.054809639061835
S2324-G1153,A. Len,2,-0.10873015873015879,-4.549544831942555
S2324-G1153,A. Wiggins,2,11.004761904761905,2.855489841918628
S2324-G1153,A. Wiggins,3,-5.464285714285714,-5.828332975464659
S2324-G1153,C. Holmgren,1,5.376678876678877,0.8750673095957043
S2324-G1153,C. Holmgren,2,-11.635409035409038,-3.7529779037837163
S2324-G1153,C. Holmgren,3,15.176507936507939,6.517667424484021
S2324-G1153,C. Jones,1,4.800000000000001,-2.1093413215824133
S2324-G1153,C. Jones,2,-0.03333333333333344,-4.510430053549024
S2324-G1153,C. Jones,3,-1.9380952380952376,-4.788183017519194
S2324-G1153,C. Wallace,1,0.13333333333333286,-1.9823798094012566
S2324-G1153,C. Wallace,2,4.6,-1.1486843745773512
S2324-G1153,C. Wallace,3,-5.2714285714285705,-5.603412856454962
S2324-G1153,D. Fox,1,11.759722222222223,19.006762491910987
S2324-G1153,D. Fox,2,-3.9728632478632484,1.0359412023647665
S2324-G1153,D. Fox,3,2.891430499325235,5.232443110658684
S2324-G1153,D. Mitchell,1,-17.30454545454545,-3.750933716958999
S2324-G1153,D. Mitchell,2,19.537878787878785,7.971329741620202
S2324-G1153,D. Mitchell,3,-9.225641025641025,-5.289973598727397
S2324-G1153,D. Sabonis,1,-1.9030303030303033,-6.081571515921106
S2324-G1153,D. Sabonis,2,-7.7773115773115755,-5.5340399232089785
S2324-G1153,D. Sabonis,3,6.313675213675212,1.4827613923955936
S2324-G1153,H. Barnes,1,1.161212121212122,-1.6942037622932826
S2324-G1153,H. Barnes,2,-1.3445454545454547,-0.8475086044121439
S2324-G1153,H. Barnes,3,-7.716666666666666,-1.138243139492938
S2324-G1153,I. Joe,1,-5.631666666666667,-1.7605529854296766
S2324-G1153,I. Joe,2,7.706666666666667,2.0331337039298227
S2324-G1153,I. Joe,3,-7.336363636363638,-5.208719815889348
S2324-G1153,J. Giddey,1,-0.14333333333333353,-2.816722306976673
S2324-G1153,J. Giddey,2,-0.09393939393939377,-3.9437234546743456
S2324-G1153,J. Giddey,3,-2.2227272727272727,-1.5260389214389922
S2324-G1153,J. Williams,1,-5.563956043956043,-0.05521876582234513
S2324-G1153,J. Williams,2,2.3039560439560436,1.0984410299275733
S2324-G1153,J. Williams,3,-4.727500000000001,-0.4064787033601931
S2324-G1153,K. Ellis,1,10.836507936507939,12.845233724435719
S2324-G1153,K. Ellis,2,-1.8835775335775367,2.8613498829537383
S2324-G1153,K. Ellis,3,9.117307692307694,-0.08961776256271226
S2324-G1153,K. Murray,1,-6.203030303030305,-1.232968824366477
S2324-G1153,K. Murray,2,-7.983636363636364,2.6698765864917595
S2324-G1153,K. Murray,3,18.52,8.523860743342839
S2324-G1153,L. Dort,1,10.937545787545789,4.721475773492832
S2324-G1153,L. Dort,2,-12.587545787545787,-6.416429211454582
S2324-G1153,L. Dort,3,19.225641025641025,7.428130335920227
S2324-G1153,S. Gilgeous-Alexander,1,12.62445054945055,10.844817540642913
S2324-G1153,S. Gilgeous-Alexander,2,-20.95714285714286,-3.0319398750562927
S2324-G1153,S. Gilgeous-Alexander,3,14.782142857142858,16.0627219132904
S2324-G1153,T. Lyles,1,2.7499999999999996,-1.9952469749919381
S2324-G1153,T. Lyles,2,-7.877777777777778,-3.631860075350902
S2324-G1153,T. Lyles,3,7.837777777777777,3.7089913257623146
S2324-G1161,B. Adebayo,1,4.209523809523809,2.071638657865396
S2324-G1161,B. Adebayo,2,-3.6999999999999993,-3.991385967351114
S2324-G1161,B. Adebayo,3,10.714285714285712,3.0907641937315
S2324-G1161,C. Martin,1,-6.536507936507936,3.074897318293178
S2324-G1161,C. Martin,2,20.874285714285715,7.141380263337034
S2324-G1161,C. Martin,3,-11.098888888888888,-8.24803710483437
S2324-G1161,D. Exum,1,7.633333333333333,0.9401802072479404
S2324-G1161,D. Exum,2,-0.03333333333333344,-5.054443466011865
S2324-G1161,D. Exum,3,0.10000000000000009,-4.21433464632772
S2324-G1161,D. Gafford,1,-21.567857142857143,-6.263642031118527
S2324-G1161,D. Gafford,2,21.567857142857143,14.559453327998504
S2324-G1161,D. Gafford,3,-4.340000000000001,-6.65139129536796
S2324-G1161,D. Jones Jr.,1,-2.34,-1.885879300193323
S2324-G1161,D. Jones Jr.,2,-5.377748917748917,1.6601603494318076
S2324-G1161,D. Jones Jr.,3,4.284415584415585,5.756528666857018
S2324-G1161,H. Highsmith,2,-0.3333333333333339,-1.9693907519328657
S2324-G1161,H. Highsmith,3,4.60952380952381,-2.4583671737578108
S2324-G1161,J. Butler,1,-4.323809523809523,-1.185149205893602
S2324-G1161,J. Butler,2,5.309523809523808,0.5957530635867133
S2324-G1161,J. Butler,3,2.3476190476190473,-5.352021372469418
S2324-G1161,J. Green,1,-2.3476190476190477,-5.866799967113386
S2324-G1161,J. Green,2,-7.699999999999998,-3.0845848156019207
S2324-G1161,J. Green,3,7.714285714285713,2.647658182332875
S2324-G1161,J. Jaquez Jr.,1,5.266666666666667,-1.4100017179775002
S2324-G1161,J. Jaquez Jr.,2,-2.2,-5.23995477878376
S2324-G1161,J. Jaquez Jr.,3,-5.414285714285715,-3.756427631292823
S2324-G1161,K. Irving,1,5.974999999999998,12.666355989700518
S2324-G1161,K. Irving,2,17.96785714285714,7.850918050562953
S2324-G1161,K. Irving,3,-8.555555555555555,-9.027276005479077
S2324-G1161,K. Love,1,-5.433333333333334,-5.866799967113386
S2324-G1161,K. Love,2,-13.95,0.6531193131702204
S2324-G1161,K. Love,3,7.008441558441559,9.92450996708862
S2324-G1161,L. Doncic,1,13.985858585858587,13.177670132804128
S2324-G1161,L. Doncic,2,-11.578342245989305,0.9335426791191183
S2324-G1161,L. Doncic,3,15.890896358543419,10.667039588818085
S2324-G1161,M. Kleber,1,-2.4,-5.866799967113386
S2324-G1161,M. Kleber,2,-1.9000000000000004,-3.166950978151175
S2324-G1161,M. Kleber,3,4.300000000000001,-0.8463044624858747
S2324-G1161,N. Jovic,1,4.34,-1.0743343904334626
S2324-G1161,N. Jovic,2,-8.774891774891774,-4.257466593395455
S2324-G1161,P. Mills,1,5.65,0.7295901693561886
S2324-G1161,P. Mills,2,-4.574999999999999,-3.7997720213450736
S2324-G1161,P. Washington,1,9.639285714285714,1.5163613098723896
S2324-G1161,P. Washington,2,-9.875,-3.7194986558949945
S2324-G1161,P. Washington,3,1.375,3.9247463442369743
S2324-G1161,T. Hardaway Jr.,1,-11.805555555555554,-3.1865045176635807
S2324-G1161,T. Hardaway Jr.,2,7.172222222222222,5.8315031795995775
S2324-G1161,T. Herro,1,-0.12060606060606105,4.0517396796183505
S2324-G1161,T. Herro,2,1.2006060606060611,1.9459938165621562
S2324-G1161,T. Herro,3,-5.4203921568627464,1.6726950883119864
S2324-G1165,A. Coffey,1,-3.0933333333333337,-3.951467602378409
S2324-G1165,A. Coffey,2,-11.31,-0.3078925720460742
S2324-G1165,A. Coffey,3,9.133636363636365,7.8214797420216104
S2324-G1165,B. Beal,1,-15.804444444444446,-3.0711844141940685
S2324-G1165,B. Beal,2,-0.7061965811965791,9.361691748646214
S2324-G1165,B. Beal,3,12.916208791208792,8.287676744196844
S2324-G1165,B. Boston Jr.,1,-10.811904761904762,2.424547231042924
S2324-G1165,B. Boston Jr.,2,-0.06818181818181657,9.810101384047588
S2324-G1165,B. Boston Jr.,3,-5.89558336400442,6.611154724513598
S2324-G1165,B. Hyland,1,10.569523809523808,20.604842590319222
S2324-G1165,B. Hyland,2,-13.539395604395608,2.200419868885783
S2324-G1165,B. Hyland,3,16.027014652014653,20.53310007152259
S2324-G1165,D. Booker,1,32.00666666666667,21.248851977993105
S2324-G1165,D. Booker,2,-22.698039215686276,-6.564836937433388
S2324-G1165,D. Booker,3,3.912324929971991,12.571695663190093
S2324-G1165,D. Theis,1,6.621428571428571,0.2515992575612574
S2324-G1165,E. Gordon,1,-10.355844155844153,-0.4310299277715271
S2324-G1165,E. Gordon,2,11.989177489177486,10.519175948532679
S2324-G1165,E. Gordon,3,0.7416666666666671,-3.205233652355935
S2324-G1165,G. Allen,1,-0.3547619047619044,-1.9952469749919381
S2324-G1165,G. Allen,2,2.8047619047619037,-0.06167573734534033
S2324-G1165,G. Allen,3,-2.666666666666666,-3.6668784701223878
S2324-G1165,J. Nurkic,1,1.3349999999999997,-3.8935819656807555
S2324-G1165,J. Nurkic,2,-0.08727272727272717,-5.839058438575053
S2324-G1165,J. Nurkic,3,-4.296536796536797,-5.378633698954287
S2324-G1165,K. Brown,1,-4.505555555555556,-1.8160955163472208
S2324-G1165,K. Brown,2,8.838888888888889,2.086516576235884
S2324-G1165,K. Brown,3,-2.466666666666667,-6.073772235705211
S2324-G1165,K. Durant,1,4.7483516483516475,7.051542382930799
S2324-G1165,K. Durant,2,-5.124225774225774,-0.2962732415278342
S2324-G1165,K. Durant,3,4.38068181818182,7.101936040624943
S2324-G1165,M. Plumlee,1,-8.602380952380951,-5.022255391663049
S2324-G1165,M. Plumlee,2,0.19666666666666544,2.4777781120489077
S2324-G1165,M. Plumlee,3,1.8277540106951875,1.5229663309132742
S2324-G1165,P. Tucker,1,6.647619047619047,-1.799494238301767
S2324-G1165,P. Tucker,2,-15.05151515151515,-6.240389619061122
S2324-G1165,R. O'Neale,1,-5.071428571428571,-0.8122134256850154
S2324-G1165,R. O'Neale,2,1.2012987012987022,0.8855517952468471
S2324-G1165,R. O'Neale,3,6.39090909090909,1.5485402730448983
S2324-G1165,T. Young,1,4.697619047619048,-2.3851493723719144
S2324-G1165,T. Young,2,0.06666666666666665,-5.359325618894157
S2324-G1165,X. Moon,2,-0.30173160173159985,-0.24112074834572036
S2324-G1168,A. Holiday,3,13.197142857142856,7.298597014965297
S2324-G1168,A. Thompson,1,6.597748917748916,4.9414664251007245
S2324-G1168,A. Thompson,2,8.686666666666667,0.0480810863526835
S2324-G1168,A. Thompson,3,-9.686666666666667,-5.613188778814277
S2324-G1168,B. Sensabaugh,1,-18.208225108225108,-0.14164799967686567
S2324-G1168,B. Sensabaugh,2,17.191558441558442,12.467866385348291
S2324-G1168,B. Sensabaugh,3,1.8499999999999996,-1.7070865331632576
S2324-G1168,C. Whitmore,1,-27.90873015873016,-1.7420755725286272
S2324-G1168,C. Whitmore,2,30.152063492063494,20.70452792981035
S2324-G1168,C. Whitmore,3,-2.193333333333334,-5.586432546791327
S2324-G1168,D. Bazley,1,-4.380000000000001,-5.866799967113386
S2324-G1168,D. Bazley,2,-2.4104761904761896,-0.3641532547891351
S2324-G1168,D. Bazley,3,-1.782857142857143,0.789179907795859
S2324-G1168,D. Brooks,1,-4.752380952380952,-2.8421601432512147
S2324-G1168,D. Brooks,2,9.166666666666666,1.4735071320837887
S2324-G1168,D. Brooks,3,-27.229149797570848,-7.133069950590895
S2324-G1168,F. VanVleet,1,43.119696969696975,28.160819388523223
S2324-G1168,F. VanVleet,2,-34.67904761904762,-14.437147098910799
S2324-G1168,F. VanVleet,3,10.058013750954927,25.14743565001738
S2324-G1168,J. Green,1,8.191666666666666,2.722269084277374
S2324-G1168,J. Green,2,-9.261363636363637,-6.634995365111369
S2324-G1168,J. Green,3,6.336363636363636,4.566229480346992
S2324-G1168,J. Juzang,1,12.021428571428572,1.406324812212866
S2324-G1168,J. Juzang,3,-9.460714285714287,-7.948863343802511
S2324-G1168,J. Landale,1,-0.08000000000000007,-2.136027345621061
S2324-G1168,J. Landale,2,4.346666666666667,-0.3641532547891351
S2324-G1168,J. Landale,3,-7.238095238095237,-4.527801734600256
S2324-G1168,J. Smith Jr.,1,-14.019480519480517,-4.969469835970957
S2324-G1168,J. Smith Jr.,2,14.055844155844154,4.42268360988739
S2324-G1168,J. Smith Jr.,3,2.2333333333333334,-7.336705846885483
S2324-G1168,K. George,1,-12.436153846153847,-4.0055679300639735
S2324-G1168,K. George,2,2.8861538461538476,7.812125099280183
S2324-G1168,K. George,3,-2.5777777777777775,1.3018879966041819
S2324-G1168,K. Lofton Jr.,1,5.7,2.7718391690927424
S2324-G1168,K. Lofton Jr.,2,-4.5698412698412705,-1.3601041477495346
S2324-G1168,K. Lofton Jr.,3,5.610317460317461,2.639386290475945
S2324-G1168,L. Samanic,1,16.75,10.873169341886243
S2324-G1168,L. Samanic,2,-11.514285714285712,-5.531794762817818
S2324-G1168,L. Samanic,3,10.714285714285714,6.770857295916665
S2324-G1168,M. Potter,1,1.8999999999999995,-2.136027345621061
S2324-G1168,O. Yurtseven,1,8.633333333333333,1.6188693523409645
S2324-G1168,O. Yurtseven,2,-8.644444444444446,-6.699967448349547
S2324-G1168,T. Hendricks,1,-2.3433333333333333,-6.247498722282295
S2324-G1168,T. Hendricks,2,-7.327777777777779,-5.829849732469774
S2324-G1168,T. Horton-Tucker,1,-9.433333333333334,-2.351913709448443
S2324-G1168,T. Horton-Tucker,2,2.666666666666666,6.474849972770123
S2324-G1168,T. Horton-Tucker,3,-4.992063492063494,0.5817664310013482
S2324-G1174,A. Nembhard,1,-4.366666666666667,-6.263642031118527
S2324-G1174,A. Nembhard,2,-2.38,-2.320079202314294
S2324-G1174,A. Nembhard,3,-11.02,1.957361881621609
S2324-G1174,A. Nesmith,1,-4.833333333333336,-2.3117101292276523
S2324-G1174,A. Nesmith,2,-6.899999999999999,2.2520452040593484
S2324-G1174,A. Nesmith,3,11.683333333333334,7.42261920908985
S2324-G1174,B. Sheppard,1,-7.614285714285713,-5.914740076581552
S2324-G1174,B. Sheppard,2,7.697619047619046,2.291295085918145
S2324-G1174,B. Sheppard,3,-2.3333333333333335,-6.073772235705211
S2324-G1174,C. LeVert,1,-11.601190476190478,0.44652865573162714
S2324-G1174,C. LeVert,2,11.567857142857143,10.478838405563234
S2324-G1174,C. LeVert,3,3.250000000000001,0.1958946036766518
S2324-G1174,D. Garland,1,-9.775,-4.863943687161574
S2324-G1174,D. Garland,2,3.1333333333333346,4.225393665664446
S2324-G1174,D. Garland,3,-9.287878787878789,-0.9465642937234813
S2324-G1174,D. McDermott,1,-2.3,-5.8708714226275225
S2324-G1174,D. Mitchell,1,17.027094474153294,18.44885361650923
S2324-G1174,D. Mitchell,2,-17.050877192982455,-2.6129033863085147
S2324-G1174,D. Mitchell,3,22.658755980861244,17.302625162109003
S2324-G1174,E. Mobley,1,-4.285,-0.3600646727267476
S2324-G1174,E. Mobley,2,12.975,4.707104243544554
S2324-G1174,E. Mobley,3,-6.525454545454545,-7.837522598582687
S2324-G1174,G. Niang,1,-2.1799999999999997,-1.4527044970006495
S2324-G1174,G. Niang,2,3.141111111111112,2.979315318130253
S2324-G1174,G. Niang,3,-10.014444444444445,-1.2656846287556895
S2324-G1174,I. Okoro,1,1.9666666666666668,-2.4856892389547847
S2324-G1174,I. Okoro,2,0.06190476190476257,-3.228278574817238
S2324-G1174,I. Okoro,3,-4.961904761904762,-2.631559224673166
S2324-G1174,J. Allen,1,6.768333333333334,9.570152851642547
S2324-G1174,J. Allen,2,-3.2702380952380956,-2.77788460358859
S2324-G1174,J. Allen,3,7.592207792207791,4.429006861054831
S2324-G1174,J. Smith,1,-2.045238095238096,-0.37041402026888404
S2324-G1174,J. Smith,2,-0.9833333333333325,2.110716551701739
S2324-G1174,J. Smith,3,4.933333333333334,2.208237786906606
S2324-G1174,M. Strus,1,2.030952380952381,-1.1350813638873143
S2324-G1174,M. Strus,2,4.6,-1.2602974925940416
S2324-G1174,M. Strus,3,-9.53846153846154,-3.197188961825124
S2324-G1174,M. Turner,1,8.109848484848483,6.161257835497118
S2324-G1174,M. Turner,2,0.8190476190476197,-4.694504105518684
S2324-G1174,M. Turner,3,2.114285714285714,0.5183555770467545
S2324-G1174,O. Toppin,1,-6.42,-3.7850840455687553
S2324-G1174,O. Toppin,2,-8.957777777777778,3.0228965593211923
S2324-G1174,O. Toppin,3,17.744444444444444,8.243506676171524
S2324-G1174,P. Siakam,1,-1.2171428571428553,2.7007305609995114
S2324-G1174,P. Siakam,2,9.750476190476189,2.9577456246596388
S2324-G1174,P. Siakam,3,-12.890476190476189,-3.634488621485816
S2324-G1174,T. Haliburton,1,1.9031746031746017,0.8112615344585635
S2324-G1174,T. Haliburton,2,-7.235897435897435,-5.201613189576018
S2324-G1174,T. Haliburton,3,7.17208791208791,6.387576881811682
S2324-G1174,T. McConnell,1,4.188888888888888,7.810038287529081
S2324-G1174,T. McConnell,2,10.963492063492065,3.3074523542590355
S2324-G1174,T. McConnell,3,-12.891269841269843,-6.305651588003605
S2324-G1177,A. Davis,1,27.393126481361776,21.622095681591684
S2324-G1177,A. Davis,2,-29.631423478482297,-12.83138623285107
S2324-G1177,A. Davis,3,16.522018716577538,18.944058705165286
S2324-G1177,A. Reaves,1,10.794444444444444,5.815050903335046
S2324-G1177,A. Reaves,2,-1.0694444444444446,-4.131365804536547
S2324-G1177,A. Reaves,3,7.6499999999999995,-0.7084219683089397
S2324-G1177,D. Russell,1,6.716666666666666,-1.5174584919425114
S2324-G1177,D. Russell,2,-9.023333333333333,-4.596683252989223
S2324-G1177,D. Russell,3,8.970303030303029,-1.159568398693215
S2324-G1177,G. Jackson II,1,0.15961538461538538,10.614582206836682
S2324-G1177,G. Jackson II,2,10.520146520146522,6.856203612353713
S2324-G1177,G. Jackson II,3,-11.228571428571431,1.1051392362799097
S2324-G1177,G. Vincent,1,6.800000000000001,0.19154054529721518
S2324-G1177,G. Vincent,2,-2.2333333333333334,-5.035559551897323
S2324-G1177,G. Vincent,3,-5.366666666666667,-3.150459448973137
S2324-G1177,J. Goodwin,1,27.149170437405733,17.519138870877846
S2324-G1177,J. Goodwin,2,-25.408521303258144,-10.924467750329127
S2324-G1177,J. Goodwin,3,11.308129146395398,14.235020889599483
S2324-G1177,J. LaRavia,1,-30.800877192982455,-3.879740261753924
S2324-G1177,J. LaRavia,2,21.467543859649123,20.950056571571174
S2324-G1177,J. LaRavia,3,0.6822510822510832,0.054203958217433935
S2324-G1177,J. White,2,0.10382819794584508,-5.007560143417823
S2324-G1177,L. James,1,-13.821212121212122,0.6047529548782258
S2324-G1177,L. James,2,7.948684648684647,10.224611264036065
S2324-G1177,L. James,3,-13.661683053788312,-0.6710807402425225
S2324-G1177,R. Hachimura,1,-10.460714285714285,-2.8421601432512147
S2324-G1177,R. Hachimura,2,8.25,5.349391233151637
S2324-G1177,R. Hachimura,3,4.475,-0.9758239894152348
S2324-G1177,S. Dinwiddie,1,-5.3583333333333325,-5.866799967113386
S2324-G1177,S. Dinwiddie,2,5.3583333333333325,0.6055126958699805
S2324-G1177,S. Pippen Jr.,1,-0.9114219114219111,10.290834910453755
S2324-G1177,S. Pippen Jr.,2,4.829004329004331,5.504554218599799
S2324-G1177,S. Pippen Jr.,3,3.0362637362637344,1.9381497100657745
S2324-G1177,T. Allen,1,0.2060439560439562,-3.268594955741503
S2324-G1177,T. Allen,2,-2.106043956043956,-3.933925560334547
S2324-G1177,T. Allen,3,2.178571428571429,-3.802058207372309
S2324-G1177,T. Jemison,1,0.16666666666666696,-1.685643283384316
S2324-G1177,T. Jemison,2,-2.5,-4.850197469714728
S2324-G1177,T. Jemison,3,6.794444444444444,0.5026890182575827
S2324-G1177,T. Prince,1,-3.1111111111111125,0.8301215896230337
S2324-G1177,T. Prince,2,10.62777777777778,5.084360259995737
S2324-G1177,T. Prince,3,-9.105555555555556,-6.686541058094506
S2324-G1177,Z. Simpson,1,6.7,-0.45406314935341474
S2324-G1177,Z. Simpson,2,-4.666666666666667,-5.405160665421915
S2324-G1180,A. Gordon,1,-9.666666666666666,-6.263642031118527
S2324-G1180,A. Gordon,2,-3.3606060606060595,2.36053454740371
S2324-G1180,A. Gordon,3,8.577272727272726,5.878360824657989
S2324-G1180,B. Wesley,1,2.0083333333333333,-2.6792672240496453
S2324-G1180,B. Wesley,2,2.2666666666666666,-4.603793731934867
S2324-G1180,C. Braun,1,1.5809523809523807,-1.0790502261074626
S2324-G1180,C. Braun,2,-4.366666666666668,-0.7521245143473728
S2324-G1180,C. Braun,3,4.4333333333333345,0.4471111326263306
S2324-G1180,D. Duke Jr.,2,-4.366666666666667,-6.263642031118527
S2324-G1180,D. Duke Jr.,3,4.300000000000001,-2.320079202314294
S2324-G1180,D. Graham,1,4.699999999999999,-0.8281678859687915
S2324-G1180,D. Graham,2,-5.380952380952381,-2.84906305438065
S2324-G1180,D. Graham,3,-12.025714285714288,1.6988660012249295
S2324-G1180,J. Champagnie,1,1.1000000000000005,-1.6913023938437353
S2324-G1180,J. Champagnie,2,-4.408333333333333,-2.0026248823341213
S2324-G1180,J. Champagnie,3,1.25,2.0433692734525377
S2324-G1180,J. Holiday,1,-10.016666666666666,-3.8330241550369215
S2324-G1180,J. Holiday,2,2.716666666666665,3.6805120161684006
S2324-G1180,J. Holiday,3,9.75,2.498761802426967
S2324-G1180,J. Murray,1,-1.0389610389610375,11.73787916585819
S2324-G1180,J. Murray,2,8.32857142857143,5.8232276536791865
S2324-G1180,J. Murray,3,-4.0285714285714285,1.7276869873829157
S2324-G1180,K. Caldwell-Pope,1,5.475,0.7382249329163076
S2324-G1180,K. Caldwell-Pope,2,-0.121428571428571,-3.3395933867786494
S2324-G1180,K. Caldwell-Pope,3,4.504761904761905,-2.389569010126708
S2324-G1180,M. Porter Jr.,1,-4.974444444444444,-0.2036308566828052
S2324-G1180,M. Porter Jr.,2,-2.455555555555554,4.0988113431145905
S2324-G1180,M. Porter Jr.,3,9.599999999999998,4.850151294109799
S2324-G1180,N. Jokic,1,30.271868131868132,18.039568268732456
S2324-G1180,N. Jokic,2,-10.677167277167278,-11.745647339778365
S2324-G1180,N. Jokic,3,-0.6418803418803414,0.2534337383832209
S2324-G1180,P. Watson,1,-0.02428571428571491,-0.24909408963255267
S2324-G1180,P. Watson,2,4.447619047619048,-1.6417105621462156
S2324-G1180,P. Watson,3,-6.800000000000001,-5.201735354737767
S2324-G1180,R. Jackson,2,13.307142857142857,4.282087640291465
S2324-G1180,R. Jackson,3,-6.614285714285714,-8.012886512048675
S2324-G1180,S. Cissoko,1,2.3357142857142854,-0.14164799967686567
S2324-G1180,S. Cissoko,2,-4.285714285714286,-1.7208009924589702
S2324-G1180,S. Cissoko,3,8.614285714285714,2.0433692734525377
S2324-G1180,S. Mamukelashvili,1,16.099545454545456,6.594651116862974
S2324-G1180,S. Mamukelashvili,2,-11.96978354978355,-8.578433257543779
S2324-G1180,S. Mamukelashvili,3,-4.386134453781516,0.9906782306578644
S2324-G1180,T. Jones,1,-5.616666666666666,-2.4856892389547847
S2324-G1180,T. Jones,2,5.583333333333334,3.1425847203459942
S2324-G1180,T. Jones,3,-16.573333333333334,-2.8680455833146583
S2324-G1180,V. Wembanyama,1,5.709610389610386,12.690962321616812
S2324-G1180,V. Wembanyama,2,-14.608441558441559,5.16903738472987
S2324-G1180,V. Wembanyama,3,21.9458152958153,16.351384889634218
S2324-G1180,Z. Collins,1,-2.573214285714286,3.9319227652591073
S2324-G1180,Z. Collins,2,10.9875,2.2277224165678393
S2324-G1180,Z. Collins,3,-7.675000000000001,-7.445742441096972
S2324-G1180,Z. Nnaji,2,-2.5999999999999996,-6.263642031118527
S2324-G1193,A. Gordon,1,-3.227619047619047,-2.0052453283436464
S2324-G1193,A. Gordon,2,-6.3888888888888875,0.1065624713913192
S2324-G1193,C. Braun,1,-14.033333333333335,0.7507276573338424
S2324-G1193,C. Braun,2,15.40952380952381,12.309564010832649
S2324-G1193,C. Braun,3,-4.661904761904763,-3.4483319035548647
S2324-G1193,G. Jackson II,1,-1.4076190476190504,13.980037726841717
S2324-G1193,G. Jackson II,2,-9.255438596491224,12.150532392032893
S2324-G1193,G. Jackson II,3,6.581499202551832,24.845003591231734
S2324-G1193,J. Goodwin,1,1.9650793650793634,0.6835750869682711
S2324-G1193,J. Goodwin,2,-0.9113997113997101,-2.5819971549966954
S2324-G1193,J. Goodwin,3,6.855844155844156,-1.6717464517607268
S2324-G1193,J. Holiday,1,2.9523809523809526,-1.5559544375242054
S2324-G1193,J. Holiday,2,0.11428571428571432,-3.0845848156019207
S2324-G1193,J. Holiday,3,-2.414285714285714,-3.627679105445897
S2324-G1193,J. LaRavia,1,5.944444444444443,7.283060113048345
S2324-G1193,J. LaRavia,2,-1.2510822510822504,-3.879526691227915
S2324-G1193,J. LaRavia,3,-18.901948051948054,1.0820168163177377
S2324-G1193,J. Murray,1,2.9156177156177137,11.769405565094424
S2324-G1193,J. Murray,2,15.272564102564104,8.695702353672013
S2324-G1193,J. White,2,0.16190476190476133,-2.733821926352734
S2324-G1193,K. Caldwell-Pope,1,-6.6866666666666665,-2.5294147391263073
S2324-G1193,K. Caldwell-Pope,2,1.4333333333333336,1.7811918597816978
S2324-G1193,M. Porter Jr.,1,-7.586666666666668,-1.2297507337513536
S2324-G1193,M. Porter Jr.,2,2.2580952380952386,3.501048413081595
S2324-G1193,N. Jokic,1,8.907563025210084,7.4917844988016915
S2324-G1193,N. Jokic,2,-5.687301587301587,-5.290102033637309
S2324-G1193,P. Watson,1,-2.933333333333333,-3.6391313260220493
S2324-G1193,P. Watson,2,5.1499999999999995,-1.2466049901978375
S2324-G1193,P. Watson,3,-19.568181818181817,-5.651471334459496
S2324-G1193,R. Jackson,2,-2.2,-3.8162167381634777
S2324-G1193,R. Jackson,3,-20.5,-1.120123540912113
S2324-G1193,S. Pippen Jr.,1,7.536666666666667,4.741499575337357
S2324-G1193,S. Pippen Jr.,2,3.133333333333333,-0.6029887884105908
S2324-G1193,S. Pippen Jr.,3,-8.25,-1.9360971888132612
S2324-G1193,T. Allen,1,4.7,-2.2009686054152184
S2324-G1193,T. Allen,2,0.0,-4.6935620853583355
S2324-G1193,T. Allen,3,-1.2,-5.748572320973676
S2324-G1193,T. Jemison,1,9.015833333333333,1.895893896233138
S2324-G1193,T. Jemison,2,2.046666666666667,-6.544669708281572
S2324-G1193,T. Jemison,3,2.3333333333333335,-10.661401817773331
S2324-G1193,Z. Nnaji,2,-12.994805194805194,-4.340881709002344
S2324-G1193,Z. Simpson,1,-8.849999999999998,-0.25121894776745257
S2324-G1193,Z. Simpson,2,11.23333333333333,6.109359257404671
S2324-G1193,Z. Simpson,3,4.366666666666667,-3.337967271714162
S2324-G1199,A. Coffey,1,11.68333333333333,6.730800952670723
S2324-G1199,A. Coffey,2,-9.750641025641027,-3.7692128358967376
S2324-G1199,A. Coffey,3,0.8873076923076937,5.917800900675446
S2324-G1199,A. Holiday,1,-7.366666666666666,-2.337237676058009
S2324-G1199,A. Holiday,3,-3.4466666666666654,-0.15041866562350872
S2324-G1199,A. Thompson,1,3.2333333333333334,-0.7041143705687222
S2324-G1199,A. Thompson,2,-15.239316239316238,-3.448317113769659
S2324-G1199,A. Thompson,3,16.344078144078143,8.357324629579962
S2324-G1199,B. Boston Jr.,1,-7.5606060606060606,-2.351913709448443
S2324-G1199,B. Boston Jr.,2,0.7629870129870131,6.191527457962365
S2324-G1199,B. Boston Jr.,3,-12.978896103896103,-1.3986491161807475
S2324-G1199,C. Whitmore,1,-10.98611111111111,-2.118859953233837
S2324-G1199,C. Whitmore,2,-9.644841269841272,6.928661176813739
S2324-G1199,C. Whitmore,3,18.231746031746034,12.557549357030236
S2324-G1199,D. Theis,1,-11.074891774891775,-2.1591457632390014
S2324-G1199,D. Theis,2,5.603463203463205,7.8626443384933005
S2324-G1199,D. Theis,3,-4.9800865800865814,1.3622680185768052
S2324-G1199,J. Green,1,1.032222679281503,13.965636096105833
S2324-G1199,J. Green,2,18.05042735042735,11.923327370415352
S2324-G1199,J. Landale,1,9.619047619047617,1.249077331471132
S2324-G1199,J. Landale,2,-4.632380952380952,-6.901206149537415
S2324-G1199,J. Samuels Jr.,3,0.033333333333333326,-4.98060604449174
S2324-G1199,J. Smith Jr.,1,9.999047619047618,5.8349089062114095
S2324-G1199,J. Smith Jr.,2,-5.668333333333333,-7.430215557687891
S2324-G1199,J. Smith Jr.,3,-1.905000000000003,0.05455878302234843
S2324-G1199,K. Brown,1,8.924999999999999,1.116309587430356
S2324-G1199,K. Brown,2,-10.984415584415583,-6.095675975197066
S2324-G1199,K. Brown,3,-1.3055844155844163,3.5749579954025834
S2324-G1199,M. Plumlee,1,14.65904761904762,7.383522078084072
S2324-G1199,M. Plumlee,2,0.6133333333333342,-6.21582385698739
S2324-G1199,M. Plumlee,3,-4.7666666666666675,-5.869549768969915
S2324-G1199,N. Hinton,2,6.64,-2.1964247466445133
S2324-G1199,N. Hinton,3,-2.2714285714285714,-7.408991528249324
S2324-G1199,N. Williams,1,-5.908333333333333,-3.189853915477251
S2324-G1199,N. Williams,2,-2.371666666666666,2.889294270333387
S2324-G1199,N. Williams,3,-0.8933333333333344,3.506303392284859
S2324-G1199,R. Bullock Jr.,1,-2.5,-5.866799967113386
S2324-G1199,T. Mann,1,2.3108225108225113,1.9944388995304816
S2324-G1199,T. Mann,2,-21.23748917748918,0.6087208672720191
S2324-G1199,X. Moon,1,-14.701373626373629,-1.4954566700991607
S2324-G1199,X. Moon,2,16.96923076923077,10.478035626114815
S2324-G1199,X. Moon,3,-8.842857142857143,-6.609872869375966
S2324-G1207,C. Boucher,2,-4.786666666666667,-6.263642031118527
S2324-G1207,C. Martin,1,11.618648018648017,21.276987437405516
S2324-G1207,C. Martin,2,18.535897435897436,4.824159308746398
S2324-G1207,C. Martin,3,0.9888888888888889,-7.988623633914054
S2324-G1207,D. Robinson,1,-8.03015873015873,-0.8919386729097742
S2324-G1207,D. Robinson,2,-0.02373737373737228,5.379170701599567
S2324-G1207,D. Robinson,3,-10.560389610389613,4.3984606332078355
S2324-G1207,D. Schroder,1,-1.2844155844155836,4.959092875167469
S2324-G1207,D. Schroder,2,8.592107892107892,3.1006477730395097
S2324-G1207,D. Schroder,3,2.328021978021977,-5.059979126138931
S2324-G1207,G. Trent Jr.,1,2.960000000000001,2.5764973240086517
S2324-G1207,G. Trent Jr.,2,-10.527307692307694,1.4640298304665824
S2324-G1207,G. Trent Jr.,3,10.392307692307694,8.482059100629536
S2324-G1207,J. Butler,1,9.924999999999997,4.674479109942861
S2324-G1207,J. Butler,2,-15.042307692307691,-5.79910104363211
S2324-G1207,J. Butler,3,10.233974358974358,9.438963631929834
S2324-G1207,J. Jaquez Jr.,1,8.56969696969697,7.598972465767319
S2324-G1207,J. Jaquez Jr.,2,-0.8476190476190482,-2.578993433090329
S2324-G1207,J. Jaquez Jr.,3,0.8476190476190482,1.1830055476151038
S2324-G1207,J. Poeltl,1,-1.8299999999999992,-4.03287489445941
S2324-G1207,J. Poeltl,2,4.374999999999999,-4.337744044751664
S2324-G1207,J. Poeltl,3,-0.08166666666666667,-4.521644871532946
S2324-G1207,J. Richardson,1,-3.2555555555555564,-2.136027345621061
S2324-G1207,J. Richardson,2,5.155555555555556,1.1618605828274027
S2324-G1207,J. Richardson,3,-4.428571428571428,-3.4312323022837807
S2324-G1207,K. Love,1,-4.195238095238095,-1.1860368062782358
S2324-G1207,K. Love,2,4.866666666666667,2.007118003110941
S2324-G1207,K. Lowry,1,-0.9249999999999998,-3.935329419550433
S2324-G1207,K. Lowry,2,3.1136363636363633,-2.4304642710519295
S2324-G1207,M. Flynn,1,-5.300000000000001,-5.866799967113386
S2324-G1207,O. Anunoby,1,-1.3177489177489168,4.225936658505946
S2324-G1207,O. Anunoby,2,4.44155844155844,4.297530237870539
S2324-G1207,O. Anunoby,3,2.0428571428571427,0.020387673585053983
S2324-G1207,O. Porter Jr.,2,-4.733333333333334,-5.8708714226275225
S2324-G1207,O. Porter Jr.,3,4.733333333333334,-0.7610463520043901
S2324-G1207,O. Robinson,1,5.364285714285714,-2.215064666987604
S2324-G1207,O. Robinson,2,-9.984415584415583,-4.9407609617056725
S2324-G1207,O. Robinson,3,-10.765584415584419,3.7994261349325003
S2324-G1207,P. Achiuwa,1,-14.344444444444445,-2.136027345621061
S2324-G1207,P. Achiuwa,2,16.304444444444446,10.389086375307127
S2324-G1207,P. Siakam,1,5.635396825396825,10.13298291863074
S2324-G1207,P. Siakam,2,8.67,0.8666776174949731
S2324-G1207,P. Siakam,3,-7.944285714285714,-2.2248220432717174
S2324-G1207,S. Barnes,1,2.187987012987014,-2.000739804735303
S2324-G1207,S. Barnes,2,-0.125,-5.239566442068222
S2324-G1207,S. Barnes,3,-30.772222222222222,-4.048047026001431
S2324-G1216,B. McGowens,2,0.0,-5.8708714226275225
S2324-G1216,B. Miller,1,-2.791452991452992,2.779517026400176
S2324-G1216,B. Miller,2,1.3735958485958495,4.5125939225668805
S2324-G1216,B. Miller,3,2.084523809523809,1.4241146267148626
S2324-G1216,C. Boucher,2,-14.48811965811966,-0.7296611634201818
S2324-G1216,D. Schroder,1,-1.966666666666666,-3.146159789114662
S2324-G1216,D. Schroder,2,-1.0606060606060606,-3.049530310265927
S2324-G1216,D. Schroder,3,5.5272727272727264,0.43712037936300796
S2324-G1216,G. Hayward,1,14.436363636363636,11.108442030319694
S2324-G1216,G. Hayward,2,-5.466666666666667,-1.6434271294070293
S2324-G1216,G. Hayward,3,5.466666666666669,5.421840815299429
S2324-G1216,G. Trent Jr.,1,6.955555555555556,0.7075001806923321
S2324-G1216,G. Trent Jr.,2,-0.06666666666666643,-4.207261207926067
S2324-G1216,G. Trent Jr.,3,-0.03333333333333366,-4.469957813514143
S2324-G1216,I. Smith,2,-4.366666666666667,-6.263642031118527
S2324-G1216,J. Poeltl,1,8.641558441558441,2.483872506066235
S2324-G1216,J. Poeltl,2,4.280952380952381,-6.121485653473363
S2324-G1216,J. Poeltl,3,0.06666666666666654,-6.733749130039206
S2324-G1216,M. Bridges,1,-10.896363636363636,0.9354352882868322
S2324-G1216,M. Bridges,2,9.963030303030303,4.168986032425271
S2324-G1216,M. Bridges,3,-0.05761904761904724,-1.4634823363527427
S2324-G1216,M. Flynn,1,-4.266666666666667,-4.98060604449174
S2324-G1216,M. Flynn,2,-2.7333333333333325,-0.46516398388323815
S2324-G1216,M. Flynn,3,-5.933333333333333,0.11546480222731911
S2324-G1216,M. Williams,1,6.723809523809524,-1.9016194902238626
S2324-G1216,M. Williams,2,-6.734126984126984,-8.212084630064611
S2324-G1216,N. Richards,1,-3.966666666666666,-0.12661683826491832
S2324-G1216,N. Richards,2,6.333333333333333,4.999030708332669
S2324-G1216,N. Richards,3,-5.296336996336996,-3.0677361137318537
S2324-G1216,O. Anunoby,1,8.29878787878788,1.030533093647885
S2324-G1216,O. Anunoby,2,2.3,-2.949433391474738
S2324-G1216,O. Anunoby,3,-7.399999999999999,-3.996607972530688
S2324-G1216,O. Porter Jr.,1,2.3,-3.7850840455687553
S2324-G1216,P. Achiuwa,1,-6.138095238095236,0.8333304071986829
S2324-G1216,P. Achiuwa,2,8.230952380952381,2.938758460001636
S2324-G1216,P. Achiuwa,3,-3.2023809523809517,-5.587131477236572
S2324-G1216,P. Siakam,1,-21.436515151515152,-1.0743343904334626
S2324-G1216,P. Siakam,2,14.058766233766235,14.428256951167636
S2324-G1216,P. Siakam,3,12.017748917748914,4.224291124362542
S2324-G1216,P. Washington,1,3.0,3.9319227652591073
S2324-G1216,P. Washington,2,7.675,0.3193459348717024
S2324-G1216,P. Washington,3,-8.883333333333333,-6.339715304847394
S2324-G1216,S. Barnes,1,10.065714285714286,1.5933157478725595
S2324-G1216,S. Barnes,2,-21.76034188034188,-9.161111445594907
S2324-G1216,S. Barnes,3,-6.208547008547008,9.647050505898354
S2324-G1216,T. Rozier,1,8.895238095238094,4.748647066428266
S2324-G1216,T. Rozier,2,-6.198268398268398,-2.4721342268368263
S2324-G1216,T. Rozier,3,-5.064826839826839,2.455545047119468
S2324-G1217,A. Black,1,0.8999999999999999,-4.412808960720689
S2324-G1217,A. Black,2,-10.585714285714285,-4.774815704937361
S2324-G1217,A. Black,3,11.902380952380952,5.163465103807985
S2324-G1217,A. Burks,2,-4.283636363636365,2.5805638385649754
S2324-G1217,A. Thompson,1,-5.886666666666666,-3.6250135663721452
S2324-G1217,A. Thompson,2,6.953333333333333,2.9882364649626725
S2324-G1217,A. Thompson,3,-15.566666666666665,-3.8551007135903212
S2324-G1217,B. Bogdanovic,1,-8.245238095238095,-3.678533286765272
S2324-G1217,B. Bogdanovic,2,17.595238095238095,1.4637874556800097
S2324-G1217,B. Bogdanovic,3,-5.366666666666667,-8.2649930078226
S2324-G1217,C. Anthony,1,-2.383730158730158,2.7718391690927424
S2324-G1217,C. Anthony,2,6.525396825396825,3.12276437336132
S2324-G1217,C. Anthony,3,-6.28095238095238,-4.712569356191037
S2324-G1217,C. Cunningham,1,-4.567857142857141,0.6560734235183692
S2324-G1217,C. Cunningham,2,5.351190476190476,3.662983141445236
S2324-G1217,C. Cunningham,3,-14.07651515151515,-3.2267259121832472
S2324-G1217,C. Houstan,1,-7.6083333333333325,-5.866799967113386
S2324-G1217,C. Houstan,2,2.375,2.493760563799885
S2324-G1217,C. Houstan,3,-1.625,-1.5014803053563743
S2324-G1217,C. Okeke,1,0.19999999999999996,-5.605068670956129
S2324-G1217,C. Okeke,2,-4.325,-5.213947862734808
S2324-G1217,F. Wagner,1,-19.5,-3.3219069260870713
S2324-G1217,F. Wagner,2,5.422222222222224,12.327026392998745
S2324-G1217,F. Wagner,3,-7.211399711399711,6.9890986474096035
S2324-G1217,G. Bitadze,1,22.483214285714286,8.128967244360723
S2324-G1217,G. Bitadze,2,-6.515714285714286,-11.697327960962268
S2324-G1217,G. Harris,1,0.9309523809523803,1.05860115333302
S2324-G1217,G. Harris,2,1.3309523809523807,-3.556494836537676
S2324-G1217,I. Livers,2,-7.1,-4.3394740173584605
S2324-G1217,I. Stewart,1,5.380000000000001,-2.0913998995354244
S2324-G1217,I. Stewart,2,-2.2333333333333334,-7.657067401893372
S2324-G1217,I. Stewart,3,-0.18999999999999995,-3.641495430543851
S2324-G1217,J. Ingles,1,-2.3017316017316016,-0.721057319749712
S2324-G1217,J. Ingles,3,7.538095238095237,-3.044927228604716
S2324-G1217,J. Ivey,1,4.683333333333334,-2.5209848466130893
S2324-G1217,J. Ivey,2,-15.108333333333333,-5.054443466011865
S2324-G1217,J. Ivey,3,10.508333333333333,5.514150954194683
S2324-G1217,J. Wiseman,1,0.1333333333333333,-5.605068670956129
S2324-G1217,J. Wiseman,2,-1.2666666666666666,-6.073772235705211
S2324-G1217,J. Wiseman,3,0.1333333333333333,-3.879274135129726
S2324-G1217,K. Hayes,1,6.338644688644688,5.612037212723502
S2324-G1217,K. Hayes,2,4.417307692307692,-0.08842462168122554
S2324-G1217,K. Hayes,3,0.0,-5.662193715680084
S2324-G1217,M. Bagley III,1,12.955844155844158,4.083368620457056
S2324-G1217,M. Bagley III,2,-5.5181818181818185,-7.211779284659467
S2324-G1217,M. Wagner,1,0.08333333333333326,-5.914740076581552
S2324-G1217,M. Wagner,2,-4.300000000000001,-5.054443466011865
S2324-G1217,M. Wagner,3,-4.736363636363635,-2.0872429526152665
S2324-G1217,P. Banchero,1,-7.401298701298703,4.9414664251007245
S2324-G1217,P. Banchero,2,4.143406593406592,10.327749380041507
S2324-G1219,B. Coulibaly,1,0.9519047619047623,-1.7783172833221403
S2324-G1219,B. Coulibaly,2,-9.508571428571429,-4.375331355522652
S2324-G1219,B. Coulibaly,3,8.68,3.8303681570324515
S2324-G1219,C. Johnson,1,-2.7199999999999998,-1.7456735241203711
S2324-G1219,C. Johnson,2,-0.2400000000000002,-0.6149117153871861
S2324-G1219,C. Kispert,1,-6.499999999999999,-2.1808390793460486
S2324-G1219,C. Kispert,2,9.0,1.805199576939107
S2324-G1219,C. Kispert,3,-11.903030303030304,-4.469957813514143
S2324-G1219,C. Thomas,1,5.406493506493506,5.778353022961839
S2324-G1219,C. Thomas,2,-17.31064491064491,-1.2761710897836067
S2324-G1219,C. Thomas,3,23.763675213675214,13.56344485532745
S2324-G1219,D. Avdija,1,1.6400000000000006,2.712049906416898
S2324-G1219,D. Avdija,2,7.353333333333333,2.4773145705357065
S2324-G1219,D. Avdija,3,-2.258974358974359,-3.3407460488888385
S2324-G1219,D. Finney-Smith,1,3.4749999999999996,-1.4293327956997521
S2324-G1219,D. Finney-Smith,2,-5.791666666666666,-3.2853207101659834
S2324-G1219,D. Finney-Smith,3,3.299999999999999,-0.3330872409787632
S2324-G1219,D. Gafford,1,8.864285714285714,-1.2242479589586823
S2324-G1219,D. Gafford,2,-3.283333333333333,-6.288329728529288
S2324-G1219,D. Gafford,3,1.0083333333333333,-2.860238103790808
S2324-G1219,D. Gallinari,1,-2.1142857142857148,-2.2009686054152184
S2324-G1219,D. Gallinari,2,4.364285714285715,1.410392863717502
S2324-G1219,D. Gallinari,3,-8.914285714285713,-4.015017574205461
S2324-G1219,D. Sharpe,1,-5.424444444444445,2.7682561158576076
S2324-G1219,D. Sharpe,2,16.196825396825396,7.2230499349522646
S2324-G1219,D. Sharpe,3,-8.460714285714285,-4.243270874642333
S2324-G1219,J. Butler,1,4.585714285714285,-0.1506875275006075
S2324-G1219,J. Butler,2,-0.33571428571428585,-3.373176451261623
S2324-G1219,J. Butler,3,-1.0166666666666662,-3.938458610320533
S2324-G1219,J. Poole,1,8.644444444444444,0.7646864454487455
S2324-G1219,J. Poole,2,-8.6,-10.580621431609154
S2324-G1219,K. Kuzma,1,-11.017748917748918,-1.1796736329306414
S2324-G1219,K. Kuzma,2,-1.0155844155844171,4.809789772436884
S2324-G1219,K. Kuzma,3,14.266666666666666,5.0619577087527405
S2324-G1219,M. Bridges,1,11.020634920634922,11.02856948058029
S2324-G1219,M. Bridges,2,-11.985714285714288,-5.325266875880128
S2324-G1219,M. Muscala,2,7.433333333333334,-0.9779477112237159
S2324-G1219,M. Muscala,3,-7.6,-5.683317919059108
S2324-G1219,N. Claxton,1,-4.255213675213675,-1.9855742109854682
S2324-G1219,N. Claxton,2,-1.9830036630036627,-2.73663977242123
S2324-G1219,N. Claxton,3,11.869670329670328,1.3320618889118394
S2324-G1219,R. O'Neale,2,10.306666666666665,3.0353762095058103
S2324-G1219,R. O'Neale,3,-12.899999999999999,-4.350333436777827
S2324-G1219,S. Dinwiddie,1,2.0644444444444456,0.4534149563521013
S2324-G1219,S. Dinwiddie,2,-2.608888888888888,-2.6998038211596005
S2324-G1219,S. Dinwiddie,3,-4.417777777777781,1.9969804150754662
S2324-G1219,T. Jones,1,-4.223809523809523,-1.799494238301767
S2324-G1219,T. Jones,2,-0.02857142857142847,2.374233049322369
S2324-G1219,T. Jones,3,2.291666666666666,3.7538222511511377
S2324-G1219,T. Watford,2,-6.2523809523809515,-0.1506875275006075
S2324-G1222,A. Wiggins,1,1.3200000000000003,7.634115984505395
S2324-G1222,A. Wiggins,2,13.488888888888887,2.4418104334260318
S2324-G1222,A. Wiggins,3,-8.476767676767675,-8.099947096257166
S2324-G1222,A. Wiggins,4,11.037878787878789,0.3215921388364308
S2324-G1222,B. Podziemski,1,1.1111111111111116,-3.542849291707316
S2324-G1222,B. Podziemski,2,-11.144444444444444,-3.3017854113241483
S2324-G1222,B. Podziemski,3,1.463636363636363,4.380921827736033
S2324-G1222,B. Podziemski,4,5.086363636363636,1.5907738382257786
S2324-G1222,C. Holmgren,1,-0.05681818181818166,-2.1199342948269932
S2324-G1222,C. Holmgren,2,-2.0261111111111108,-5.738168910464005
S2324-G1222,C. Holmgren,3,-5.678559218559219,-1.4135816724652683
S2324-G1222,C. Holmgren,4,1.1213369963369964,1.5530560426982332
S2324-G1222,C. Joseph,2,4.300000000000001,-2.4856892389547847
S2324-G1222,C. Joseph,3,-4.6,-5.289973598727397
S2324-G1222,C. Wallace,1,3.233333333333334,-2.1591457632390014
S2324-G1222,C. Wallace,2,-8.616666666666667,-4.658195066722223
S2324-G1222,C. Wallace,3,3.125000000000001,2.3321402560784876
S2324-G1222,D. Green,1,4.436666666666666,1.501041573294288
S2324-G1222,D. Green,2,-2.256666666666666,-1.6215021842537822
S2324-G1222,D. Green,3,6.486666666666666,0.12217840951665654
S2324-G1222,D. Green,4,2.2666666666666666,-5.788392711207725
S2324-G1222,D. Saric,1,-2.888736263736263,-0.3508819276877326
S2324-G1222,D. Saric,2,1.6306410256410242,-1.5188317627225214
S2324-G1222,D. Saric,3,2.5966666666666667,-4.843761361402678
S2324-G1222,D. Saric,4,5.423333333333334,-4.327775418323696
S2324-G1222,I. Joe,1,0.46499999999999986,-2.4012875551998905
S2324-G1222,I. Joe,2,4.258333333333333,-3.34973698499353
S2324-G1222,I. Joe,3,0.09523809523809534,-6.245500231201122
S2324-G1222,I. Joe,4,-5.434126984126984,-2.8559566260398648
S2324-G1222,J. Giddey,1,0.36666666666666714,0.2678028219828027
S2324-G1222,J. Giddey,2,1.0036630036630036,-1.395916928899662
S2324-G1222,J. Giddey,3,5.39157509157509,-1.993202447111348
S2324-G1222,J. Kuminga,1,2.3433333333333337,2.727706106072635
S2324-G1222,J. Kuminga,2,-7.613333333333333,-0.13060217895732246
S2324-G1222,J. Kuminga,3,-3.924064171122996,5.100807732107567
S2324-G1222,J. Kuminga,4,5.117397504456328,7.990924218939474
S2324-G1222,J. Williams,1,-14.213919413919415,-0.8437666145500259
S2324-G1222,J. Williams,2,16.50320512820513,9.718661486178837
S2324-G1222,J. Williams,3,-22.789285714285718,-5.535932947684733
S2324-G1222,J. Williams,4,23.764285714285716,14.028255032342908
S2324-G1222,K. Looney,1,4.477777777777778,-2.9301160184149726
S2324-G1222,K. Looney,2,-5.366666666666667,-6.844834807601567
S2324-G1222,K. Thompson,1,-9.184285714285714,0.11612375357066754
S2324-G1222,K. Thompson,2,14.8,8.556051512313466
S2324-G1222,K. Thompson,3,-11.752380952380953,-4.618192399993716
S2324-G1222,K. Thompson,4,9.291666666666666,3.9681731412043297
S2324-G1222,K. Williams,1,0.06666666666666643,-3.7850840455687553
S2324-G1222,K. Williams,2,-4.425000000000001,-3.0330013445527606
S2324-G1222,L. Dort,1,4.506666666666666,1.8889300453154383
S2324-G1222,L. Dort,2,2.246666666666666,-0.06378876526768036
S2324-G1222,L. Dort,3,4.111666666666667,-1.5191444626487367
S2324-G1222,L. Dort,4,-3.9027777777777777,-5.200278251712994
S2324-G1222,M. Moody,1,-1.933333333333334,-3.526217404751022
S2324-G1222,M. Moody,2,-2.584999999999999,-3.082106689346066
S2324-G1222,M. Moody,3,4.3583333333333325,-3.0453733413501136
S2324-G1222,S. Curry,1,-1.3310439560439562,1.951452087790963
S2324-G1222,S. Curry,2,-2.648809523809522,-1.644079624139307
S2324-G1222,S. Curry,3,-11.57728937728938,2.324667310020165
S2324-G1222,S. Curry,4,9.205860805860805,12.869036072748601
S2324-G1222,S. Gilgeous-Alexander,1,2.123333333333335,9.412563594648864
S2324-G1222,S. Gilgeous-Alexander,2,-10.140833333333333,2.4329879277630977
S2324-G1222,S. Gilgeous-Alexander,3,8.363193779904304,13.379939194173579
S2324-G1222,S. Gilgeous-Alexander,4,10.093195108984585,9.298834494188085
S2324-G1223,A. Caruso,1,6.8999999999999995,-2.9430373523708924
S2324-G1223,A. Caruso,2,-8.775000000000002,-5.408095567882388
S2324-G1223,A. Caruso,3,8.8,1.9384518951627454
S2324-G1223,A. Dosunmu,1,11.375238095238096,2.4379791024351416
S2324-G1223,A. Dosunmu,2,-4.395238095238096,-5.441507184256764
S2324-G1223,A. Drummond,1,-5.905555555555555,-2.136603047283974
S2324-G1223,A. Drummond,2,9.455555555555556,4.737768017831135
S2324-G1223,A. Drummond,3,-5.175000000000001,-3.628318039539456
S2324-G1223,C. Osman,1,9.033333333333331,0.6822492442881883
S2324-G1223,C. Osman,2,-14.183333333333334,-5.213947862734808
S2324-G1223,C. White,1,2.996969696969696,3.0568979076362006
S2324-G1223,C. White,2,-9.68030303030303,-0.3719473185833077
S2324-G1223,C. White,3,3.3500000000000014,7.686381782940045
S2324-G1223,D. DeRozan,1,-0.8499999999999996,2.5064610922164374
S2324-G1223,D. DeRozan,2,-5.385427807486632,-2.3181902606864906
S2324-G1223,D. DeRozan,3,-7.683528236469414,2.5988426335069614
S2324-G1223,D. McDermott,1,4.6499999999999995,-2.321148912081177
S2324-G1223,D. McDermott,3,-18.086363636363636,-5.731258028527273
S2324-G1223,D. Vassell,1,-19.641269841269843,-4.982122307143282
S2324-G1223,D. Vassell,2,7.763203463203466,9.501782265896784
S2324-G1223,D. Vassell,3,7.291558441558441,1.2935083880814107
S2324-G1223,J. Carter,1,12.649999999999999,3.422856523359274
S2324-G1223,J. Champagnie,2,-0.09999999999999987,-5.5774175146276805
S2324-G1223,J. Sochan,1,8.678030303030303,1.321925891487305
S2324-G1223,J. Sochan,2,-0.08928571428571441,-5.900597326767527
S2324-G1223,J. Sochan,3,0.03928571428571459,-5.430392631962716
S2324-G1223,K. Johnson,1,10.615000000000002,7.957006601642436
S2324-G1223,K. Johnson,2,2.985000000000001,-1.0612236330461446
S2324-G1223,K. Johnson,3,-10.424285714285714,-3.6446943753952925
S2324-G1223,M. Branham,1,-6.349999999999999,-2.215064666987604
S2324-G1223,M. Branham,2,7.139285714285713,3.227874619886244
S2324-G1223,M. Branham,3,2.3249999999999997,-3.258714975872993
S2324-G1223,N. Vucevic,1,-12.811053391053393,1.3040301570550645
S2324-G1223,N. Vucevic,2,-1.7309920634920601,12.866779321437525
S2324-G1223,N. Vucevic,3,23.292499999999997,13.323766819511757
S2324-G1223,P. Williams,1,-5.275000000000002,1.4346126342821388
S2324-G1223,P. Williams,2,5.347727272727274,5.575391500138611
S2324-G1223,P. Williams,3,7.660606060606059,0.24876820958106802
S2324-G1223,T. Craig,1,4.733333333333333,-2.975782423667592
S2324-G1223,T. Craig,2,-6.6257142857142854,-5.419102770013814
S2324-G1223,T. Craig,3,-17.076190476190476,0.07195639477943258
S2324-G1223,T. Jones,1,-8.558974358974357,-0.7006810612238642
S2324-G1223,T. Jones,2,8.49230769230769,7.65839203068682
S2324-G1223,T. Jones,3,-0.2066666666666661,-2.150563566724329
S2324-G1223,V. Wembanyama,1,-11.079682539682539,-0.5765718606490339
S2324-G1223,V. Wembanyama,2,-2.2801587301587283,2.0882155393647293
S2324-G1223,V. Wembanyama,3,5.620101010101006,8.007734718224112
S2324-G1223,Z. Collins,1,9.397169497169498,2.9704779504843346
S2324-G1223,Z. Collins,2,2.3058608058608057,-3.847922091640966
S2324-G1223,Z. Collins,3,-9.571428571428571,-9.367313668733999
