game_id,period,teamTricode,period_points,possessions,major_runs,run_points,pts_per_poss,game_control_index
S2324-G0001,1,CLE,26.0,26,0,116.0,0.9629629629629629,0.6937777777777777
S2324-G0001,1,IND,36.0,27,0,121.0,1.2857142857142858,0.8924285714285715
S2324-G0001,2,CLE,27.0,23,0,116.0,1.125,0.7909999999999999
S2324-G0001,2,IND,34.0,26,0,121.0,1.2592592592592593,0.8765555555555555
S2324-G0001,3,CLE,34.0,23,0,116.0,1.4166666666666667,0.966
S2324-G0001,3,IND,18.0,26,0,121.0,0.6666666666666666,0.5209999999999999
S2324-G0001,4,CLE,29.0,24,0,116.0,1.16,0.8119999999999999
S2324-G0001,4,IND,33.0,24,0,121.0,1.32,0.913
S2324-G0002,1,MIL,21.0,19,0,110.0,1.05,0.74
S2324-G0002,1,NYK,25.0,21,0,105.0,1.1363636363636365,0.7868181818181819
S2324-G0002,2,MIL,35.0,22,0,110.0,1.5217391304347827,1.0230434782608697
S2324-G0002,2,NYK,21.0,21,0,105.0,0.9545454545454546,0.6777272727272727
S2324-G0002,3,MIL,26.0,23,0,110.0,1.0833333333333333,0.7599999999999999
S2324-G0002,3,NYK,30.0,22,0,105.0,1.3043478260869565,0.8876086956521739
S2324-G0002,4,MIL,28.0,19,0,110.0,1.4,0.95
S2324-G0002,4,NYK,29.0,19,0,105.0,1.45,0.975
S2324-G0003,1,MIA,34.0,27,0,121.0,1.2142857142857142,0.8495714285714285
S2324-G0003,1,WAS,34.0,24,0,114.0,1.36,0.93
S2324-G0003,2,MIA,26.0,27,0,121.0,0.9285714285714286,0.6781428571428572
S2324-G0003,2,WAS,20.0,24,0,114.0,0.8,0.594
S2324-G0003,3,MIA,41.0,26,0,121.0,1.5185185185185186,1.032111111111111
S2324-G0003,3,WAS,27.0,26,0,114.0,1.0,0.714
S2324-G0003,4,MIA,20.0,27,0,121.0,0.7142857142857143,0.5495714285714286
S2324-G0003,4,WAS,33.0,29,0,114.0,1.1,0.774
S2324-G0004,1,BKN,35.0,26,0,109.0,1.2962962962962963,0.8867777777777778
S2324-G0004,1,CHI,30.0,21,0,107.0,1.3636363636363635,0.9251818181818181
S2324-G0004,2,BKN,24.0,23,0,109.0,1.0,0.709
S2324-G0004,2,CHI,28.0,24,0,107.0,1.12,0.779
S2324-G0004,3,BKN,19.0,20,0,109.0,0.9047619047619048,0.6518571428571428
S2324-G0004,3,CHI,22.0,17,0,107.0,1.2222222222222223,0.8403333333333334
S2324-G0004,4,BKN,31.0,24,0,109.0,1.24,0.853
S2324-G0004,4,CHI,27.0,23,0,107.0,1.125,0.7819999999999999
S2324-G0005,1,GSW,38.0,26,0,141.0,1.4074074074074074,0.9854444444444445
S2324-G0005,1,OKC,33.0,26,0,139.0,1.2222222222222223,0.8723333333333334
S2324-G0005,2,GSW,31.0,30,0,141.0,1.0,0.741
S2324-G0005,2,OKC,34.0,28,0,139.0,1.1724137931034482,0.8424482758620689
S2324-G0005,3,GSW,37.0,26,0,141.0,1.3703703703703705,0.9632222222222223
S2324-G0005,3,OKC,39.0,23,0,139.0,1.625,1.1139999999999999
S2324-G0005,4,GSW,35.0,26,0,141.0,1.2962962962962963,0.9187777777777778
S2324-G0005,4,OKC,33.0,20,0,139.0,1.5714285714285714,1.0818571428571429
S2324-G0006,1,DAL,24.0,29,0,114.0,0.8,0.594
S2324-G0006,1,DEN,40.0,30,0,125.0,1.2903225806451613,0.8991935483870968
S2324-G0006,2,DAL,31.0,25,0,114.0,1.1923076923076923,0.8293846153846154
S2324-G0006,2,DEN,30.0,31,0,125.0,0.9375,0.6875
S2324-G0006,3,DAL,32.0,21,0,114.0,1.4545454545454546,0.9867272727272727
S2324-G0006,3,DEN,32.0,22,0,125.0,1.391304347826087,0.9597826086956521
S2324-G0006,4,DAL,27.0,23,0,114.0,1.125,0.7889999999999999
S2324-G0006,4,DEN,23.0,24,0,125.0,0.92,0.677
S2324-G0007,1,MEM,26.0,24,0,113.0,1.04,0.737
S2324-G0007,1,POR,33.0,19,0,115.0,1.65,1.105
S2324-G0007,2,MEM,27.0,23,0,113.0,1.125,0.7879999999999999
S2324-G0007,2,POR,21.0,26,0,115.0,0.7777777777777778,0.5816666666666667
S2324-G0007,3,MEM,24.0,21,0,113.0,1.0909090909090908,0.7675454545454544
S2324-G0007,3,POR,22.0,20,0,115.0,1.0476190476190477,0.7435714285714285
S2324-G0007,4,MEM,25.0,24,0,113.0,1.0,0.713
S2324-G0007,4,POR,26.0,25,0,115.0,1.0,0.715
S2324-G0007,5,MEM,11.0,15,0,113.0,0.6875,0.5255
S2324-G0007,5,POR,13.0,12,0,115.0,1.0,0.715
S2324-G0008,1,DET,33.0,25,0,106.0,1.2692307692307692,0.8675384615384615
S2324-G0008,1,PHI,21.0,22,0,114.0,0.9130434782608695,0.6618260869565217
S2324-G0008,2,DET,23.0,18,0,106.0,1.2105263157894737,0.8323157894736841
S2324-G0008,2,PHI,27.0,20,0,114.0,1.2857142857142858,0.8854285714285715
S2324-G0008,3,DET,21.0,20,0,106.0,1.0,0.706
S2324-G0008,3,PHI,35.0,22,0,114.0,1.5217391304347827,1.0270434782608695
S2324-G0008,4,DET,29.0,25,0,106.0,1.1153846153846154,0.7752307692307692
S2324-G0008,4,PHI,31.0,24,0,114.0,1.24,0.858
S2324-G0009,1,CHA,22.0,25,0,124.0,0.8461538461538461,0.6316923076923077
S2324-G0009,1,WAS,27.0,26,0,117.0,1.0,0.717
S2324-G0009,2,CHA,35.0,27,0,124.0,1.25,0.874
S2324-G0009,2,WAS,36.0,23,0,117.0,1.5,1.017
S2324-G0009,3,CHA,31.0,28,0,124.0,1.0689655172413792,0.7653793103448275
S2324-G0009,3,WAS,34.0,28,0,117.0,1.1724137931034482,0.8204482758620689
S2324-G0009,4,CHA,36.0,25,0,124.0,1.3846153846153846,0.9547692307692307
S2324-G0009,4,WAS,20.0,24,0,117.0,0.8,0.597
S2324-G0010,1,BKN,33.0,25,0,107.0,1.2692307692307692,0.8685384615384615
S2324-G0010,1,BOS,38.0,23,0,121.0,1.5833333333333333,1.071
S2324-G0010,2,BKN,21.0,19,0,107.0,1.05,0.737
S2324-G0010,2,BOS,28.0,19,0,121.0,1.4,0.961
S2324-G0010,3,BKN,30.0,22,0,107.0,1.3043478260869565,0.8896086956521739
S2324-G0010,3,BOS,27.0,23,0,121.0,1.125,0.7959999999999999
S2324-G0010,4,BKN,23.0,18,0,107.0,1.2105263157894737,0.8333157894736841
S2324-G0010,4,BOS,28.0,21,0,121.0,1.2727272727272727,0.8846363636363636
S2324-G0011,1,HOU,26.0,23,0,104.0,1.0833333333333333,0.7539999999999999
S2324-G0011,1,NOP,31.0,20,0,101.0,1.4761904761904763,0.9867142857142858
S2324-G0011,2,HOU,28.0,22,0,104.0,1.2173913043478262,0.8344347826086956
S2324-G0011,2,NOP,17.0,21,0,101.0,0.7727272727272727,0.5646363636363636
S2324-G0011,3,HOU,16.0,19,0,104.0,0.8,0.584
S2324-G0011,3,NOP,31.0,20,0,101.0,1.4761904761904763,0.9867142857142858
S2324-G0011,4,HOU,34.0,21,0,104.0,1.5454545454545454,1.0312727272727273
S2324-G0011,4,NOP,22.0,23,0,101.0,0.9166666666666666,0.6509999999999999
S2324-G0012,1,MEM,32.0,25,0,121.0,1.2307692307692308,0.8594615384615385
S2324-G0012,1,UTA,34.0,25,0,127.0,1.3076923076923077,0.9116153846153846
S2324-G0012,2,MEM,31.0,25,0,121.0,1.1923076923076923,0.8363846153846154
S2324-G0012,2,UTA,42.0,27,0,127.0,1.5,1.027
S2324-G0012,3,MEM,32.0,22,0,121.0,1.391304347826087,0.9557826086956521
S2324-G0012,3,UTA,27.0,21,0,127.0,1.2272727272727273,0.8633636363636363
S2324-G0012,4,MEM,26.0,24,0,121.0,1.04,0.745
S2324-G0012,4,UTA,24.0,22,0,127.0,1.0434782608695652,0.7530869565217391
S2324-G0013,1,MIN,22.0,26,0,117.0,0.8148148148148148,0.6058888888888888
S2324-G0013,1,SAS,27.0,29,0,110.0,0.9,0.65
S2324-G0013,2,MIN,34.0,21,0,117.0,1.5454545454545454,1.0442727272727272
S2324-G0013,2,SAS,27.0,22,0,110.0,1.173913043478261,0.8143478260869565
S2324-G0013,3,MIN,34.0,24,0,117.0,1.36,0.933
S2324-G0013,3,SAS,19.0,26,0,110.0,0.7037037037037037,0.5322222222222223
S2324-G0013,4,MIN,27.0,25,0,117.0,1.0384615384615385,0.7400769230769231
S2324-G0013,4,SAS,37.0,28,0,110.0,1.2758620689655173,0.8755172413793104
S2324-G0014,1,DAL,30.0,27,0,144.0,1.0714285714285714,0.7868571428571428
S2324-G0014,1,LAC,33.0,22,0,126.0,1.434782608695652,0.9868695652173912
S2324-G0014,2,DAL,47.0,25,0,144.0,1.8076923076923077,1.2286153846153844
S2324-G0014,2,LAC,18.0,30,0,126.0,0.5806451612903226,0.47438709677419355
S2324-G0014,3,DAL,38.0,29,0,144.0,1.2666666666666666,0.9039999999999999
S2324-G0014,3,LAC,38.0,27,0,126.0,1.3571428571428572,0.9402857142857143
S2324-G0014,4,DAL,29.0,19,0,144.0,1.45,1.014
S2324-G0014,4,LAC,37.0,24,0,126.0,1.48,1.014
S2324-G0015,1,LAL,25.0,29,0,122.0,0.8333333333333334,0.622
S2324-G0015,1,PHX,34.0,26,0,119.0,1.2592592592592593,0.8745555555555555
S2324-G0015,2,LAL,30.0,23,0,122.0,1.25,0.872
S2324-G0015,2,PHX,29.0,27,0,119.0,1.0357142857142858,0.7404285714285714
S2324-G0015,3,LAL,34.0,21,0,122.0,1.5454545454545454,1.0492727272727271
S2324-G0015,3,PHX,33.0,19,0,119.0,1.65,1.109
S2324-G0015,4,LAL,33.0,23,0,122.0,1.375,0.947
S2324-G0015,4,PHX,23.0,22,0,119.0,1.0,0.719
S2324-G0016,1,OKC,20.0,22,0,98.0,0.8695652173913043,0.6197391304347826
S2324-G0016,1,SAC,34.0,25,0,105.0,1.3076923076923077,0.8896153846153846
S2324-G0016,2,OKC,22.0,20,0,98.0,1.0476190476190477,0.7265714285714285
S2324-G0016,2,SAC,19.0,24,0,105.0,0.76,0.5609999999999999
S2324-G0016,3,OKC,28.0,26,0,98.0,1.037037037037037,0.7202222222222221
S2324-G0016,3,SAC,22.0,27,0,105.0,0.7857142857142857,0.5764285714285714
S2324-G0016,4,OKC,28.0,24,0,98.0,1.12,0.77
S2324-G0016,4,SAC,30.0,28,0,105.0,1.0344827586206897,0.7256896551724138
S2324-G0017,1,CHA,32.0,21,0,105.0,1.4545454545454546,0.9777272727272727
S2324-G0017,1,MIA,24.0,21,0,111.0,1.0909090909090908,0.7655454545454544
S2324-G0017,2,CHA,16.0,25,0,105.0,0.6153846153846154,0.47423076923076923
S2324-G0017,2,MIA,33.0,28,0,111.0,1.1379310344827587,0.7937586206896552
S2324-G0017,3,CHA,32.0,17,0,105.0,1.7777777777777777,1.1716666666666666
S2324-G0017,3,MIA,30.0,18,0,111.0,1.5789473684210527,1.0583684210526316
S2324-G0017,4,CHA,25.0,20,0,105.0,1.1904761904761905,0.8192857142857143
S2324-G0017,4,MIA,24.0,19,0,111.0,1.2,0.831
S2324-G0018,1,ATL,38.0,26,0,126.0,1.4074074074074074,0.9704444444444444
S2324-G0018,1,DET,29.0,26,0,120.0,1.0740740740740742,0.7644444444444445
S2324-G0018,2,ATL,26.0,23,0,126.0,1.0833333333333333,0.7759999999999999
S2324-G0018,2,DET,31.0,25,0,120.0,1.1923076923076923,0.8353846153846154
S2324-G0018,3,ATL,33.0,25,0,126.0,1.2692307692307692,0.8875384615384615
S2324-G0018,3,DET,31.0,26,0,120.0,1.1481481481481481,0.8088888888888889
S2324-G0018,4,ATL,29.0,23,0,126.0,1.2083333333333333,0.851
S2324-G0018,4,DET,29.0,24,0,120.0,1.16,0.816
S2324-G0019,1,IND,36.0,24,0,132.0,1.44,0.996
S2324-G0019,1,PHI,30.0,26,0,126.0,1.1111111111111112,0.7926666666666666
S2324-G0019,2,IND,27.0,26,0,132.0,1.0,0.732
S2324-G0019,2,PHI,24.0,24,0,126.0,0.96,0.702
S2324-G0019,3,IND,32.0,28,0,132.0,1.103448275862069,0.7940689655172414
S2324-G0019,3,PHI,40.0,25,0,126.0,1.5384615384615385,1.0490769230769232
S2324-G0019,4,IND,37.0,25,0,132.0,1.4230769230769231,0.9858461538461538
S2324-G0019,4,PHI,32.0,25,0,126.0,1.2307692307692308,0.8644615384615385
S2324-G0020,1,BKN,33.0,26,0,124.0,1.2222222222222223,0.8573333333333334
S2324-G0020,1,ORL,24.0,25,0,104.0,0.9230769230769231,0.6578461538461539
S2324-G0020,2,BKN,24.0,23,0,124.0,1.0,0.724
S2324-G0020,2,ORL,36.0,24,0,104.0,1.44,0.968
S2324-G0020,3,BKN,31.0,26,0,124.0,1.1481481481481481,0.8128888888888889
S2324-G0020,3,ORL,26.0,22,0,104.0,1.1304347826086956,0.7822608695652173
S2324-G0020,4,BKN,36.0,25,0,124.0,1.3846153846153846,0.9547692307692307
S2324-G0020,4,ORL,18.0,24,0,104.0,0.72,0.536
S2324-G0021,1,OKC,28.0,27,0,123.0,1.0,0.723
S2324-G0021,1,SAS,25.0,25,0,87.0,0.9615384615384616,0.6639230769230768
S2324-G0021,2,OKC,30.0,26,0,123.0,1.1111111111111112,0.7896666666666666
S2324-G0021,2,SAS,23.0,25,0,87.0,0.8846153846153846,0.6177692307692307
S2324-G0021,3,OKC,33.0,29,0,123.0,1.1,0.783
S2324-G0021,3,SAS,18.0,28,0,87.0,0.6206896551724138,0.4594137931034483
S2324-G0021,4,OKC,32.0,24,0,123.0,1.28,0.891
S2324-G0021,4,SAS,21.0,23,0,87.0,0.875,0.612
S2324-G0022,1,DAL,26.0,23,0,110.0,1.0833333333333333,0.7599999999999999
S2324-G0022,1,NOP,33.0,26,0,131.0,1.2222222222222223,0.8643333333333334
S2324-G0022,2,DAL,28.0,24,0,110.0,1.12,0.782
S2324-G0022,2,NOP,37.0,23,0,131.0,1.5416666666666667,1.056
S2324-G0022,3,DAL,31.0,24,0,110.0,1.24,0.854
S2324-G0022,3,NOP,44.0,29,0,131.0,1.4666666666666666,1.011
S2324-G0022,4,DAL,25.0,25,0,110.0,0.9615384615384616,0.6869230769230769
S2324-G0022,4,NOP,17.0,24,0,131.0,0.68,0.539
S2324-G0023,1,POR,28.0,23,0,99.0,1.1666666666666667,0.799
S2324-G0023,1,UTA,36.0,25,0,115.0,1.3846153846153846,0.9457692307692307
S2324-G0023,2,POR,30.0,30,0,99.0,0.967741935483871,0.6796451612903226
S2324-G0023,2,UTA,31.0,30,0,115.0,1.0,0.715
S2324-G0023,3,POR,28.0,20,0,99.0,1.3333333333333333,0.8989999999999999
S2324-G0023,3,UTA,28.0,24,0,115.0,1.12,0.787
S2324-G0023,4,POR,13.0,18,0,99.0,0.6842105263157895,0.5095263157894737
S2324-G0023,4,UTA,20.0,20,0,115.0,0.9523809523809523,0.6864285714285714
S2324-G0024,1,DEN,28.0,21,0,111.0,1.2727272727272727,0.8746363636363635
S2324-G0024,1,LAC,26.0,21,0,108.0,1.1818181818181819,0.8170909090909091
S2324-G0024,2,DEN,32.0,20,0,111.0,1.5238095238095237,1.0252857142857141
S2324-G0024,2,LAC,26.0,21,0,108.0,1.1818181818181819,0.8170909090909091
S2324-G0024,3,DEN,24.0,21,0,111.0,1.0909090909090908,0.7655454545454544
S2324-G0024,3,LAC,32.0,22,0,108.0,1.391304347826087,0.9427826086956521
S2324-G0024,4,DEN,27.0,19,0,111.0,1.35,0.921
S2324-G0024,4,LAC,24.0,20,0,108.0,1.1428571428571428,0.7937142857142856
S2324-G0025,1,GSW,30.0,26,0,101.0,1.1111111111111112,0.7676666666666666
S2324-G0025,1,MIN,22.0,25,0,104.0,0.8461538461538461,0.6116923076923076
S2324-G0025,2,GSW,29.0,26,0,101.0,1.0740740740740742,0.7454444444444445
S2324-G0025,2,MIN,32.0,28,0,104.0,1.103448275862069,0.7660689655172414
S2324-G0025,3,GSW,24.0,25,0,101.0,0.9230769230769231,0.6548461538461539
S2324-G0025,3,MIN,22.0,23,0,104.0,0.9166666666666666,0.6539999999999999
S2324-G0025,4,GSW,18.0,20,0,101.0,0.8571428571428571,0.6152857142857142
S2324-G0025,4,MIN,28.0,22,0,104.0,1.2173913043478262,0.8344347826086956
S2324-G0026,1,LAL,37.0,21,0,134.0,1.6818181818181819,1.1430909090909092
S2324-G0026,1,MEM,26.0,23,1,107.0,1.0833333333333333,1.057
S2324-G0026,2,LAL,37.0,27,0,134.0,1.3214285714285714,0.9268571428571428
S2324-G0026,2,MEM,25.0,27,1,107.0,0.8928571428571429,0.9427142857142856
S2324-G0026,3,LAL,33.0,22,0,134.0,1.434782608695652,0.9948695652173912
S2324-G0026,3,MEM,35.0,24,1,107.0,1.4,1.2469999999999999
S2324-G0026,4,LAL,27.0,23,0,134.0,1.125,0.8089999999999999
S2324-G0026,4,MEM,21.0,22,1,107.0,0.9130434782608695,0.9548260869565217
S2324-G0027,1,CHA,37.0,26,0,99.0,1.3703703703703705,0.9212222222222223
S2324-G0027,1,MIL,28.0,25,0,130.0,1.0769230769230769,0.7761538461538461
S2324-G0027,2,CHA,20.0,18,0,99.0,1.0526315789473684,0.730578947368421
S2324-G0027,2,MIL,31.0,21,0,130.0,1.4090909090909092,0.9754545454545455
S2324-G0027,3,CHA,24.0,25,0,99.0,0.9230769230769231,0.6528461538461539
S2324-G0027,3,MIL,33.0,23,0,130.0,1.375,0.955
S2324-G0027,4,CHA,18.0,22,0,99.0,0.782608695652174,0.5685652173913044
S2324-G0027,4,MIL,38.0,25,0,130.0,1.4615384615384615,1.0069230769230768
S2324-G0028,1,NYK,35.0,26,0,120.0,1.2962962962962963,0.8977777777777778
S2324-G0028,1,WAS,25.0,24,0,99.0,1.0,0.699
S2324-G0028,2,NYK,30.0,24,0,120.0,1.2,0.84
S2324-G0028,2,WAS,29.0,22,0,99.0,1.2608695652173914,0.8555217391304347
S2324-G0028,3,NYK,24.0,24,0,120.0,0.96,0.696
S2324-G0028,3,WAS,30.0,23,0,99.0,1.25,0.849
S2324-G0028,4,NYK,31.0,17,0,120.0,1.7222222222222223,1.1533333333333333
S2324-G0028,4,WAS,15.0,17,0,99.0,0.8333333333333334,0.599
S2324-G0029,1,ATL,24.0,20,0,116.0,1.1428571428571428,0.8017142857142856
S2324-G0029,1,PHI,30.0,18,0,126.0,1.5789473684210527,1.0733684210526315
S2324-G0029,2,ATL,32.0,24,0,116.0,1.28,0.884
S2324-G0029,2,PHI,27.0,26,0,126.0,1.0,0.726
S2324-G0029,3,ATL,31.0,25,0,116.0,1.1923076923076923,0.8313846153846154
S2324-G0029,3,PHI,37.0,27,0,126.0,1.3214285714285714,0.9188571428571428
S2324-G0029,4,ATL,29.0,26,0,116.0,1.0740740740740742,0.7604444444444445
S2324-G0029,4,PHI,32.0,27,0,126.0,1.1428571428571428,0.8117142857142856
S2324-G0030,1,CLE,35.0,30,0,108.0,1.1290322580645162,0.7854193548387097
S2324-G0030,1,DET,26.0,29,0,100.0,0.8666666666666667,0.62
S2324-G0030,2,CLE,24.0,26,0,108.0,0.8888888888888888,0.6413333333333333
S2324-G0030,2,DET,19.0,27,0,100.0,0.6785714285714286,0.5071428571428571
S2324-G0030,3,CLE,21.0,17,0,108.0,1.1666666666666667,0.808
S2324-G0030,3,DET,28.0,16,0,100.0,1.6470588235294117,1.088235294117647
S2324-G0030,4,CLE,28.0,21,0,108.0,1.2727272727272727,0.8716363636363635
S2324-G0030,4,DET,27.0,26,0,100.0,1.0,0.7
S2324-G0031,1,BOS,26.0,23,0,108.0,1.0833333333333333,0.7579999999999999
S2324-G0031,1,TOR,32.0,21,0,105.0,1.4545454545454546,0.9777272727272727
S2324-G0031,2,BOS,39.0,23,0,108.0,1.625,1.083
S2324-G0031,2,TOR,17.0,24,0,105.0,0.68,0.513
S2324-G0031,3,BOS,19.0,23,0,108.0,0.7916666666666666,0.583
S2324-G0031,3,TOR,32.0,23,0,105.0,1.3333333333333333,0.9049999999999999
S2324-G0031,4,BOS,24.0,19,0,108.0,1.2,0.828
S2324-G0031,4,TOR,24.0,19,0,105.0,1.2,0.825
S2324-G0032,1,SAC,29.0,22,0,129.0,1.2608695652173914,0.8855217391304347
S2324-G0032,1,SAS,31.0,23,0,120.0,1.2916666666666667,0.895
S2324-G0032,2,SAC,33.0,31,0,129.0,1.03125,0.74775
S2324-G0032,2,SAS,31.0,34,0,120.0,0.8857142857142857,0.6514285714285714
S2324-G0032,3,SAC,33.0,27,0,129.0,1.1785714285714286,0.8361428571428572
S2324-G0032,3,SAS,32.0,25,0,120.0,1.2307692307692308,0.8584615384615385
S2324-G0032,4,SAC,34.0,16,0,129.0,2.0,1.329
S2324-G0032,4,SAS,26.0,17,0,120.0,1.4444444444444444,0.9866666666666666
S2324-G0033,1,CHI,16.0,17,0,97.0,0.8888888888888888,0.6303333333333333
S2324-G0033,1,ORL,23.0,18,0,103.0,1.2105263157894737,0.8293157894736841
S2324-G0033,2,CHI,17.0,24,0,97.0,0.68,0.505
S2324-G0033,2,ORL,25.0,22,0,103.0,1.0869565217391304,0.7551739130434781
S2324-G0033,3,CHI,32.0,25,0,97.0,1.2307692307692308,0.8354615384615385
S2324-G0033,3,ORL,29.0,28,0,103.0,1.0,0.703
S2324-G0033,4,CHI,32.0,22,0,97.0,1.391304347826087,0.9317826086956521
S2324-G0033,4,ORL,26.0,22,0,103.0,1.1304347826086956,0.7812608695652173
S2324-G0034,1,DEN,28.0,28,0,110.0,0.9655172413793104,0.6893103448275862
S2324-G0034,1,NOP,36.0,30,0,115.0,1.1612903225806452,0.8117741935483871
S2324-G0034,2,DEN,25.0,28,0,110.0,0.8620689655172413,0.6272413793103447
S2324-G0034,2,NOP,33.0,28,0,115.0,1.1379310344827587,0.7977586206896552
S2324-G0034,3,DEN,33.0,20,0,110.0,1.5714285714285714,1.052857142857143
S2324-G0034,3,NOP,26.0,22,0,115.0,1.1304347826086956,0.7932608695652174
S2324-G0034,4,DEN,24.0,20,0,110.0,1.1428571428571428,0.7957142857142856
S2324-G0034,4,NOP,20.0,20,0,115.0,0.9523809523809523,0.6864285714285714
S2324-G0035,1,PHX,41.0,24,0,131.0,1.64,1.1149999999999998
S2324-G0035,1,UTA,38.0,26,0,128.0,1.4074074074074074,0.9724444444444444
S2324-G0035,2,PHX,34.0,22,0,131.0,1.4782608695652173,1.0179565217391304
S2324-G0035,2,UTA,37.0,20,0,128.0,1.7619047619047619,1.185142857142857
S2324-G0035,3,PHX,27.0,22,0,131.0,1.173913043478261,0.8353478260869566
S2324-G0035,3,UTA,24.0,21,0,128.0,1.0909090909090908,0.7825454545454544
S2324-G0035,4,PHX,29.0,19,0,131.0,1.45,1.001
S2324-G0035,4,UTA,29.0,19,0,128.0,1.45,0.998
S2324-G0036,1,LAL,30.0,27,0,107.0,1.0714285714285714,0.7498571428571428
S2324-G0036,1,POR,23.0,25,0,95.0,0.8846153846153846,0.6257692307692307
S2324-G0036,2,LAL,30.0,30,0,107.0,0.967741935483871,0.6876451612903226
S2324-G0036,2,POR,27.0,28,0,95.0,0.9310344827586207,0.6536206896551724
S2324-G0036,3,LAL,22.0,23,0,107.0,0.9166666666666666,0.6569999999999999
S2324-G0036,3,POR,25.0,27,0,95.0,0.8928571428571429,0.6307142857142857
S2324-G0036,4,LAL,25.0,20,0,107.0,1.1904761904761905,0.8212857142857143
S2324-G0036,4,POR,20.0,19,0,95.0,1.0,0.695
S2324-G0037,1,HOU,23.0,24,0,100.0,0.92,0.652
S2324-G0037,1,LAC,29.0,22,0,106.0,1.2608695652173914,0.8625217391304347
S2324-G0037,2,HOU,27.0,20,0,100.0,1.2857142857142858,0.8714285714285714
S2324-G0037,2,LAC,19.0,19,0,106.0,0.95,0.6759999999999999
S2324-G0037,3,HOU,27.0,23,0,100.0,1.125,0.7749999999999999
S2324-G0037,3,LAC,31.0,27,0,106.0,1.1071428571428572,0.7702857142857142
S2324-G0037,4,HOU,23.0,21,0,100.0,1.0454545454545454,0.7272727272727272
S2324-G0037,4,LAC,27.0,22,0,106.0,1.173913043478261,0.8103478260869565
S2324-G0038,1,ORL,30.0,25,0,126.0,1.1538461538461537,0.8183076923076922
S2324-G0038,1,TOR,23.0,20,0,107.0,1.0952380952380953,0.7641428571428571
S2324-G0038,2,ORL,37.0,24,0,126.0,1.48,1.014
S2324-G0038,2,TOR,33.0,27,0,107.0,1.1785714285714286,0.8141428571428572
S2324-G0038,3,ORL,33.0,30,0,126.0,1.064516129032258,0.7647096774193548
S2324-G0038,3,TOR,26.0,28,0,107.0,0.896551724137931,0.6449310344827586
S2324-G0038,4,ORL,26.0,29,0,126.0,0.8666666666666667,0.646
S2324-G0038,4,TOR,25.0,24,0,107.0,1.0,0.707
S2324-G0039,1,ATL,40.0,30,0,152.0,1.2903225806451613,0.9261935483870968
S2324-G0039,1,IND,34.0,29,0,157.0,1.1333333333333333,0.837
S2324-G0039,2,ATL,46.0,28,0,152.0,1.5862068965517242,1.1037241379310345
S2324-G0039,2,IND,39.0,28,0,157.0,1.3448275862068966,0.9638965517241379
S2324-G0039,3,ATL,28.0,28,0,152.0,0.9655172413793104,0.7313103448275863
S2324-G0039,3,IND,46.0,27,0,157.0,1.6428571428571428,1.1427142857142858
S2324-G0039,4,ATL,38.0,25,0,152.0,1.4615384615384615,1.0289230769230768
S2324-G0039,4,IND,38.0,26,0,157.0,1.4074074074074074,1.0014444444444446
S2324-G0040,1,CLE,27.0,25,0,122.0,1.0384615384615385,0.7450769230769231
S2324-G0040,1,PHI,24.0,23,0,119.0,1.0,0.719
S2324-G0040,2,CLE,38.0,23,0,122.0,1.5833333333333333,1.072
S2324-G0040,2,PHI,29.0,22,0,119.0,1.2608695652173914,0.8755217391304347
S2324-G0040,3,CLE,23.0,23,0,122.0,0.9583333333333334,0.697
S2324-G0040,3,PHI,26.0,23,0,119.0,1.0833333333333333,0.7689999999999999
S2324-G0040,4,CLE,22.0,21,0,122.0,1.0,0.722
S2324-G0040,4,PHI,31.0,21,0,119.0,1.4090909090909092,0.9644545454545455
S2324-G0040,5,CLE,12.0,11,0,122.0,1.0,0.722
S2324-G0040,5,PHI,9.0,9,0,119.0,0.9,0.659
S2324-G0041,1,PHX,34.0,24,0,120.0,1.36,0.936
S2324-G0041,1,POR,21.0,26,0,107.0,0.7777777777777778,0.5736666666666667
S2324-G0041,2,PHX,22.0,24,0,120.0,0.88,0.648
S2324-G0041,2,POR,30.0,21,0,107.0,1.3636363636363635,0.9251818181818181
S2324-G0041,3,PHX,38.0,24,0,120.0,1.52,1.032
S2324-G0041,3,POR,31.0,20,0,107.0,1.4761904761904763,0.9927142857142858
S2324-G0041,4,PHX,26.0,18,0,120.0,1.368421052631579,0.9410526315789474
S2324-G0041,4,POR,25.0,22,0,107.0,1.0869565217391304,0.7591739130434781
S2324-G0042,1,LAL,32.0,19,0,131.0,1.6,1.091
S2324-G0042,1,UTA,17.0,22,0,99.0,0.7391304347826086,0.5424782608695652
S2324-G0042,2,LAL,30.0,25,0,131.0,1.1538461538461537,0.8233076923076922
S2324-G0042,2,UTA,24.0,27,0,99.0,0.8571428571428571,0.6132857142857142
S2324-G0042,3,LAL,40.0,22,0,131.0,1.7391304347826086,1.1744782608695652
S2324-G0042,3,UTA,34.0,25,0,99.0,1.3076923076923077,0.8836153846153846
S2324-G0042,4,LAL,29.0,25,0,131.0,1.1153846153846154,0.8002307692307692
S2324-G0042,4,UTA,24.0,25,0,99.0,0.9230769230769231,0.6528461538461539
S2324-G0043,1,BOS,30.0,26,0,96.0,1.1111111111111112,0.7626666666666666
S2324-G0043,1,ORL,19.0,25,0,113.0,0.7307692307692307,0.5514615384615384
S2324-G0043,2,BOS,26.0,23,0,96.0,1.0833333333333333,0.7459999999999999
S2324-G0043,2,ORL,29.0,24,0,113.0,1.16,0.8089999999999999
S2324-G0043,3,BOS,18.0,24,0,96.0,0.72,0.528
S2324-G0043,3,ORL,29.0,21,0,113.0,1.3181818181818181,0.9039090909090909
S2324-G0043,4,BOS,22.0,23,0,96.0,0.9166666666666666,0.6459999999999999
S2324-G0043,4,ORL,36.0,23,0,113.0,1.5,1.013
S2324-G0044,1,MEM,27.0,23,0,89.0,1.125,0.7639999999999999
S2324-G0044,1,PHX,29.0,23,0,110.0,1.2083333333333333,0.835
S2324-G0044,2,MEM,22.0,19,0,89.0,1.1,0.749
S2324-G0044,2,PHX,33.0,23,0,110.0,1.375,0.9349999999999999
S2324-G0044,3,MEM,24.0,23,0,89.0,1.0,0.689
S2324-G0044,3,PHX,19.0,24,0,110.0,0.76,0.566
S2324-G0044,4,MEM,16.0,20,0,89.0,0.7619047619047619,0.546142857142857
S2324-G0044,4,PHX,29.0,21,0,110.0,1.3181818181818181,0.9009090909090909
S2324-G0045,1,MIA,28.0,24,0,98.0,1.12,0.77
S2324-G0045,1,NYK,25.0,25,0,100.0,0.9615384615384616,0.6769230769230768
S2324-G0045,2,MIA,22.0,21,0,98.0,1.0,0.698
S2324-G0045,2,NYK,26.0,19,0,100.0,1.3,0.88
S2324-G0045,3,MIA,37.0,26,0,98.0,1.3703703703703705,0.9202222222222223
S2324-G0045,3,NYK,20.0,26,0,100.0,0.7407407407407407,0.5444444444444444
S2324-G0045,4,MIA,11.0,19,0,98.0,0.55,0.42800000000000005
S2324-G0045,4,NYK,29.0,19,0,100.0,1.45,0.97
S2324-G0046,1,CHI,22.0,25,0,108.0,0.8461538461538461,0.6156923076923076
S2324-G0046,1,TOR,36.0,24,0,121.0,1.44,0.985
S2324-G0046,2,CHI,26.0,21,0,108.0,1.1818181818181819,0.8170909090909091
S2324-G0046,2,TOR,26.0,23,0,121.0,1.0833333333333333,0.7709999999999999
S2324-G0046,3,CHI,29.0,25,0,108.0,1.1153846153846154,0.7772307692307692
S2324-G0046,3,TOR,31.0,23,0,121.0,1.2916666666666667,0.896
S2324-G0046,4,CHI,31.0,22,0,108.0,1.3478260869565217,0.916695652173913
S2324-G0046,4,TOR,28.0,21,0,121.0,1.2727272727272727,0.8846363636363636
S2324-G0047,1,DET,26.0,21,0,113.0,1.1818181818181819,0.8220909090909091
S2324-G0047,1,IND,33.0,21,0,136.0,1.5,1.036
S2324-G0047,2,DET,37.0,25,0,113.0,1.4230769230769231,0.9668461538461538
S2324-G0047,2,IND,28.0,27,0,136.0,1.0,0.736
S2324-G0047,3,DET,33.0,23,0,113.0,1.375,0.938
S2324-G0047,3,IND,36.0,24,0,136.0,1.44,1.0
S2324-G0047,4,DET,17.0,26,0,113.0,0.6296296296296297,0.49077777777777776
S2324-G0047,4,IND,39.0,30,0,136.0,1.2580645161290323,0.8908387096774193
S2324-G0048,1,DEN,19.0,17,0,86.0,1.0555555555555556,0.7193333333333333
S2324-G0048,1,HOU,29.0,20,0,105.0,1.380952380952381,0.9335714285714285
S2324-G0048,2,DEN,24.0,24,0,86.0,0.96,0.6619999999999999
S2324-G0048,2,HOU,31.0,25,0,105.0,1.1923076923076923,0.8203846153846154
S2324-G0048,3,DEN,26.0,20,0,86.0,1.2380952380952381,0.8288571428571428
S2324-G0048,3,HOU,24.0,20,0,105.0,1.1428571428571428,0.7907142857142856
S2324-G0048,4,DEN,17.0,24,0,86.0,0.68,0.49400000000000005
S2324-G0048,4,HOU,21.0,26,0,105.0,0.7777777777777778,0.5716666666666667
S2324-G0049,1,MIL,34.0,26,0,131.0,1.2592592592592593,0.8865555555555555
S2324-G0049,1,WAS,35.0,24,0,128.0,1.4,0.968
S2324-G0049,2,MIL,26.0,25,0,131.0,1.0,0.731
S2324-G0049,2,WAS,26.0,24,0,128.0,1.04,0.752
S2324-G0049,3,MIL,32.0,21,0,131.0,1.4545454545454546,1.0037272727272728
S2324-G0049,3,WAS,28.0,22,0,128.0,1.2173913043478262,0.8584347826086957
S2324-G0049,4,MIL,39.0,25,0,131.0,1.5,1.031
S2324-G0049,4,WAS,39.0,24,0,128.0,1.56,1.064
S2324-G0050,1,MIN,31.0,24,0,111.0,1.24,0.855
S2324-G0050,1,SAC,38.0,25,0,124.0,1.4615384615384615,1.0009230769230768
S2324-G0050,2,MIN,33.0,28,0,111.0,1.1379310344827587,0.7937586206896552
S2324-G0050,2,SAC,32.0,27,0,124.0,1.1428571428571428,0.8097142857142856
S2324-G0050,3,MIN,15.0,21,0,111.0,0.6818181818181818,0.520090909090909
S2324-G0050,3,SAC,22.0,20,0,124.0,1.0476190476190477,0.7525714285714286
S2324-G0050,4,MIN,32.0,23,0,111.0,1.3333333333333333,0.9109999999999999
S2324-G0050,4,SAC,32.0,25,0,124.0,1.2307692307692308,0.8624615384615385
S2324-G0051,1,GSW,32.0,25,0,118.0,1.2307692307692308,0.8564615384615385
S2324-G0051,1,SAS,35.0,27,0,112.0,1.25,0.862
S2324-G0051,2,GSW,27.0,23,0,118.0,1.125,0.7929999999999999
S2324-G0051,2,SAS,20.0,23,0,112.0,0.8333333333333334,0.612
S2324-G0051,3,GSW,27.0,29,0,118.0,0.9,0.658
S2324-G0051,3,SAS,26.0,27,0,112.0,0.9285714285714286,0.6691428571428572
S2324-G0051,4,GSW,32.0,27,0,118.0,1.1428571428571428,0.8037142857142856
S2324-G0051,4,SAS,31.0,30,0,112.0,1.0,0.712
S2324-G0052,1,LAC,23.0,22,0,106.0,1.0,0.706
S2324-G0052,1,NOP,36.0,22,0,116.0,1.565217391304348,1.0551304347826087
S2324-G0052,2,LAC,32.0,25,0,106.0,1.2307692307692308,0.8444615384615385
S2324-G0052,2,NOP,20.0,26,0,116.0,0.7407407407407407,0.5604444444444444
S2324-G0052,3,LAC,28.0,23,0,106.0,1.1666666666666667,0.806
S2324-G0052,3,NOP,29.0,20,0,116.0,1.380952380952381,0.9445714285714285
S2324-G0052,4,LAC,23.0,25,0,106.0,0.8846153846153846,0.6367692307692308
S2324-G0052,4,NOP,31.0,26,0,116.0,1.1481481481481481,0.8048888888888889
S2324-G0053,1,BOS,31.0,19,0,124.0,1.55,1.0539999999999998
S2324-G0053,1,CHI,20.0,20,0,97.0,0.9523809523809523,0.6684285714285714
S2324-G0053,2,BOS,38.0,29,0,124.0,1.2666666666666666,0.8839999999999999
S2324-G0053,2,CHI,30.0,28,0,97.0,1.0344827586206897,0.7176896551724138
S2324-G0053,3,BOS,28.0,23,0,124.0,1.1666666666666667,0.8240000000000001
S2324-G0053,3,CHI,18.0,25,0,97.0,0.6923076923076923,0.5123846153846153
S2324-G0053,4,BOS,27.0,21,0,124.0,1.2272727272727273,0.8603636363636363
S2324-G0053,4,CHI,29.0,19,0,97.0,1.45,0.967
S2324-G0054,1,BKN,22.0,19,0,115.0,1.1,0.775
S2324-G0054,1,TOR,21.0,18,0,103.0,1.105263157894737,0.7661578947368421
S2324-G0054,2,BKN,30.0,26,0,115.0,1.1111111111111112,0.7816666666666666
S2324-G0054,2,TOR,23.0,25,0,103.0,0.8846153846153846,0.6337692307692308
S2324-G0054,3,BKN,24.0,23,0,115.0,1.0,0.715
S2324-G0054,3,TOR,31.0,20,0,103.0,1.4761904761904763,0.9887142857142858
S2324-G0054,4,BKN,39.0,22,0,115.0,1.6956521739130435,1.132391304347826
S2324-G0054,4,TOR,28.0,23,0,103.0,1.1666666666666667,0.803
S2324-G0055,1,ATL,33.0,26,0,105.0,1.2222222222222223,0.8383333333333334
S2324-G0055,1,CLE,29.0,25,0,128.0,1.1153846153846154,0.7972307692307692
S2324-G0055,2,ATL,28.0,28,0,105.0,0.9655172413793104,0.6843103448275862
S2324-G0055,2,CLE,35.0,24,0,128.0,1.4,0.968
S2324-G0055,3,ATL,29.0,23,0,105.0,1.2083333333333333,0.83
S2324-G0055,3,CLE,38.0,23,0,128.0,1.5833333333333333,1.0779999999999998
S2324-G0055,4,ATL,15.0,19,0,105.0,0.75,0.5549999999999999
S2324-G0055,4,CLE,26.0,22,0,128.0,1.1304347826086956,0.8062608695652174
S2324-G0056,1,MIA,22.0,23,0,124.0,0.9166666666666666,0.6739999999999999
S2324-G0056,1,MIL,31.0,23,0,131.0,1.2916666666666667,0.906
S2324-G0056,2,MIA,40.0,21,0,124.0,1.8181818181818181,1.214909090909091
S2324-G0056,2,MIL,28.0,21,0,131.0,1.2727272727272727,0.8946363636363636
S2324-G0056,3,MIA,35.0,24,0,124.0,1.4,0.964
S2324-G0056,3,MIL,34.0,24,0,131.0,1.36,0.9470000000000001
S2324-G0056,4,MIA,27.0,24,0,124.0,1.08,0.772
S2324-G0056,4,MIL,38.0,26,0,131.0,1.4074074074074074,0.9754444444444444
S2324-G0057,1,CHA,16.0,20,0,91.0,0.7619047619047619,0.548142857142857
S2324-G0057,1,NYK,29.0,22,0,115.0,1.2608695652173914,0.8715217391304347
S2324-G0057,2,CHA,28.0,25,0,91.0,1.0769230769230769,0.737153846153846
S2324-G0057,2,NYK,24.0,23,0,115.0,1.0,0.715
S2324-G0057,3,CHA,22.0,24,0,91.0,0.88,0.619
S2324-G0057,3,NYK,27.0,27,0,115.0,0.9642857142857143,0.6935714285714285
S2324-G0057,4,CHA,25.0,30,0,91.0,0.8064516129032258,0.5748709677419355
S2324-G0057,4,NYK,35.0,27,0,115.0,1.25,0.865
S2324-G0058,1,MIN,19.0,22,0,106.0,0.8260869565217391,0.6016521739130435
S2324-G0058,1,OKC,29.0,22,0,103.0,1.2608695652173914,0.8595217391304347
S2324-G0058,2,MIN,34.0,22,0,106.0,1.4782608695652173,0.9929565217391303
S2324-G0058,2,OKC,32.0,24,0,103.0,1.28,0.871
S2324-G0058,3,MIN,23.0,21,0,106.0,1.0454545454545454,0.7332727272727272
S2324-G0058,3,OKC,17.0,22,0,103.0,0.7391304347826086,0.5464782608695652
S2324-G0058,4,MIN,30.0,17,0,106.0,1.6666666666666667,1.106
S2324-G0058,4,OKC,25.0,17,0,103.0,1.3888888888888888,0.9363333333333332
S2324-G0059,1,DAL,29.0,22,0,121.0,1.2608695652173914,0.8775217391304347
S2324-G0059,1,HOU,22.0,19,0,115.0,1.1,0.775
S2324-G0059,2,DAL,25.0,21,0,121.0,1.1363636363636365,0.8028181818181819
S2324-G0059,2,HOU,28.0,21,0,115.0,1.2727272727272727,0.8786363636363635
S2324-G0059,3,DAL,30.0,20,0,121.0,1.4285714285714286,0.9781428571428571
S2324-G0059,3,HOU,38.0,23,0,115.0,1.5833333333333333,1.065
S2324-G0059,4,DAL,37.0,24,0,121.0,1.48,1.009
S2324-G0059,4,HOU,27.0,20,0,115.0,1.2857142857142858,0.8864285714285715
S2324-G0060,1,GSW,37.0,24,0,123.0,1.48,1.0110000000000001
S2324-G0060,1,SAC,29.0,27,0,124.0,1.0357142857142858,0.7454285714285714
S2324-G0060,2,GSW,35.0,25,0,123.0,1.3461538461538463,0.9306923076923077
S2324-G0060,2,SAC,26.0,27,0,124.0,0.9285714285714286,0.6811428571428572
S2324-G0060,3,GSW,32.0,20,0,123.0,1.5238095238095237,1.0372857142857141
S2324-G0060,3,SAC,40.0,24,0,124.0,1.6,1.084
S2324-G0060,4,GSW,19.0,21,0,123.0,0.8636363636363636,0.6411818181818182
S2324-G0060,4,SAC,29.0,20,0,124.0,1.380952380952381,0.9525714285714285
S2324-G0061,1,DEN,34.0,25,0,119.0,1.3076923076923077,0.9036153846153846
S2324-G0061,1,LAL,20.0,23,0,107.0,0.8333333333333334,0.607
S2324-G0061,2,DEN,29.0,21,0,119.0,1.3181818181818181,0.9099090909090909
S2324-G0061,2,LAL,34.0,22,0,107.0,1.4782608695652173,0.9939565217391303
S2324-G0061,3,DEN,24.0,24,0,119.0,0.96,0.695
S2324-G0061,3,LAL,26.0,21,0,107.0,1.1818181818181819,0.8160909090909091
S2324-G0061,4,DEN,32.0,22,0,119.0,1.391304347826087,0.9537826086956521
S2324-G0061,4,LAL,27.0,21,0,107.0,1.2272727272727273,0.8433636363636363
S2324-G0062,1,GSW,28.0,29,0,104.0,0.9333333333333333,0.6639999999999999
S2324-G0062,1,PHX,28.0,27,0,108.0,1.0,0.708
S2324-G0062,2,GSW,18.0,24,0,104.0,0.72,0.536
S2324-G0062,2,PHX,33.0,22,0,108.0,1.434782608695652,0.9688695652173912
S2324-G0062,3,GSW,40.0,25,0,104.0,1.5384615384615385,1.0270769230769232
S2324-G0062,3,PHX,19.0,25,0,108.0,0.7307692307692307,0.5464615384615384
S2324-G0062,4,GSW,18.0,23,0,104.0,0.75,0.5539999999999999
S2324-G0062,4,PHX,28.0,22,0,108.0,1.2173913043478262,0.8384347826086956
S2324-G0063,1,ATL,29.0,29,0,110.0,0.9666666666666667,0.69
S2324-G0063,1,CHA,25.0,28,0,116.0,0.8620689655172413,0.6332413793103447
S2324-G0063,2,ATL,23.0,21,0,110.0,1.0454545454545454,0.7372727272727272
S2324-G0063,2,CHA,26.0,20,0,116.0,1.2380952380952381,0.8588571428571429
S2324-G0063,3,ATL,21.0,21,0,110.0,0.9545454545454546,0.6827272727272727
S2324-G0063,3,CHA,27.0,23,0,116.0,1.125,0.7909999999999999
S2324-G0063,4,ATL,37.0,23,0,110.0,1.5416666666666667,1.0350000000000001
S2324-G0063,4,CHA,38.0,25,0,116.0,1.4615384615384615,0.9929230769230768
S2324-G0064,1,IND,34.0,29,0,143.0,1.1333333333333333,0.823
S2324-G0064,1,WAS,39.0,30,0,120.0,1.2580645161290323,0.8748387096774193
S2324-G0064,2,IND,39.0,24,0,143.0,1.56,1.079
S2324-G0064,2,WAS,29.0,25,0,120.0,1.1153846153846154,0.7892307692307692
S2324-G0064,3,IND,37.0,28,0,143.0,1.2758620689655173,0.9085172413793104
S2324-G0064,3,WAS,28.0,24,0,120.0,1.12,0.792
S2324-G0064,4,IND,33.0,24,0,143.0,1.32,0.935
S2324-G0064,4,WAS,24.0,22,0,120.0,1.0434782608695652,0.7460869565217391
S2324-G0065,1,BOS,30.0,18,0,108.0,1.5789473684210527,1.0553684210526315
S2324-G0065,1,NYK,18.0,19,0,104.0,0.9,0.644
S2324-G0065,2,BOS,21.0,21,0,108.0,0.9545454545454546,0.6807272727272727
S2324-G0065,2,NYK,28.0,22,0,104.0,1.2173913043478262,0.8344347826086956
S2324-G0065,3,BOS,31.0,26,0,108.0,1.1481481481481481,0.7968888888888889
S2324-G0065,3,NYK,27.0,23,0,104.0,1.125,0.7789999999999999
S2324-G0065,4,BOS,26.0,17,0,108.0,1.4444444444444444,0.9746666666666666
S2324-G0065,4,NYK,31.0,18,0,104.0,1.631578947368421,1.0829473684210527
S2324-G0066,1,HOU,20.0,26,0,86.0,0.7407407407407407,0.5304444444444444
S2324-G0066,1,ORL,29.0,28,0,116.0,1.0,0.716
S2324-G0066,2,HOU,23.0,19,0,86.0,1.15,0.7759999999999999
S2324-G0066,2,ORL,25.0,22,0,116.0,1.0869565217391304,0.7681739130434782
S2324-G0066,3,HOU,26.0,23,0,86.0,1.0833333333333333,0.7359999999999999
S2324-G0066,3,ORL,33.0,24,0,116.0,1.32,0.908
S2324-G0066,4,HOU,17.0,21,0,86.0,0.7727272727272727,0.5496363636363636
S2324-G0066,4,ORL,29.0,21,0,116.0,1.3181818181818181,0.9069090909090909
S2324-G0067,1,BKN,32.0,24,0,113.0,1.28,0.881
S2324-G0067,1,CLE,37.0,24,0,114.0,1.48,1.002
S2324-G0067,2,BKN,31.0,22,0,113.0,1.3478260869565217,0.921695652173913
S2324-G0067,2,CLE,26.0,24,0,114.0,1.04,0.738
S2324-G0067,3,BKN,24.0,26,0,113.0,0.8888888888888888,0.6463333333333333
S2324-G0067,3,CLE,27.0,26,0,114.0,1.0,0.714
S2324-G0067,4,BKN,26.0,22,0,113.0,1.1304347826086956,0.7912608695652174
S2324-G0067,4,CLE,24.0,25,0,114.0,0.9230769230769231,0.6678461538461539
S2324-G0068,1,DET,29.0,27,0,102.0,1.0357142857142858,0.7234285714285714
S2324-G0068,1,MIA,26.0,28,0,103.0,0.896551724137931,0.6409310344827586
S2324-G0068,2,DET,18.0,22,0,102.0,0.782608695652174,0.5715652173913044
S2324-G0068,2,MIA,32.0,22,0,103.0,1.391304347826087,0.9377826086956521
S2324-G0068,3,DET,28.0,18,0,102.0,1.4736842105263157,0.9862105263157894
S2324-G0068,3,MIA,25.0,20,0,103.0,1.1904761904761905,0.8172857142857143
S2324-G0068,4,DET,27.0,24,0,102.0,1.08,0.75
S2324-G0068,4,MIA,20.0,22,0,103.0,0.8695652173913043,0.6247391304347826
S2324-G0069,1,MIN,25.0,16,0,94.0,1.4705882352941178,0.9763529411764706
S2324-G0069,1,TOR,25.0,20,0,97.0,1.1904761904761905,0.8112857142857143
S2324-G0069,2,MIN,26.0,26,0,94.0,0.9629629629629629,0.6717777777777777
S2324-G0069,2,TOR,28.0,26,0,97.0,1.037037037037037,0.7192222222222221
S2324-G0069,3,MIN,23.0,23,0,94.0,0.9583333333333334,0.6689999999999999
S2324-G0069,3,TOR,20.0,22,0,97.0,0.8695652173913043,0.6187391304347826
S2324-G0069,4,MIN,20.0,23,0,94.0,0.8333333333333334,0.594
S2324-G0069,4,TOR,24.0,19,0,97.0,1.2,0.817
S2324-G0070,1,CHI,35.0,26,0,104.0,1.2962962962962963,0.8817777777777778
S2324-G0070,1,OKC,33.0,26,0,124.0,1.2222222222222223,0.8573333333333334
S2324-G0070,2,CHI,20.0,24,0,104.0,0.8,0.584
S2324-G0070,2,OKC,28.0,23,0,124.0,1.1666666666666667,0.8240000000000001
S2324-G0070,3,CHI,27.0,25,0,104.0,1.0384615384615385,0.7270769230769231
S2324-G0070,3,OKC,30.0,24,0,124.0,1.2,0.844
S2324-G0070,4,CHI,22.0,23,0,104.0,0.9166666666666666,0.6539999999999999
S2324-G0070,4,OKC,33.0,21,0,124.0,1.5,1.024
S2324-G0071,1,MEM,28.0,21,0,104.0,1.2727272727272727,0.8676363636363635
S2324-G0071,1,NOP,25.0,20,0,111.0,1.1904761904761905,0.8252857142857143
S2324-G0071,2,MEM,19.0,26,0,104.0,0.7037037037037037,0.5262222222222223
S2324-G0071,2,NOP,32.0,29,0,111.0,1.0666666666666667,0.751
S2324-G0071,3,MEM,23.0,22,0,104.0,1.0,0.704
S2324-G0071,3,NOP,25.0,25,0,111.0,0.9615384615384616,0.6879230769230769
S2324-G0071,4,MEM,34.0,25,0,104.0,1.3076923076923077,0.8886153846153846
S2324-G0071,4,NOP,29.0,23,0,111.0,1.2083333333333333,0.836
S2324-G0072,1,SAC,32.0,27,0,130.0,1.1428571428571428,0.8157142857142856
S2324-G0072,1,UTA,24.0,26,0,114.0,0.8888888888888888,0.6473333333333333
S2324-G0072,2,SAC,40.0,22,0,130.0,1.7391304347826086,1.1734782608695653
S2324-G0072,2,UTA,34.0,24,0,114.0,1.36,0.93
S2324-G0072,3,SAC,33.0,25,0,130.0,1.2692307692307692,0.8915384615384615
S2324-G0072,3,UTA,29.0,25,0,114.0,1.1153846153846154,0.7832307692307692
S2324-G0072,4,SAC,25.0,20,0,130.0,1.1904761904761905,0.8442857142857143
S2324-G0072,4,UTA,27.0,20,0,114.0,1.2857142857142858,0.8854285714285715
S2324-G0073,1,DAL,36.0,26,0,126.0,1.3333333333333333,0.9259999999999999
S2324-G0073,1,SAS,43.0,30,0,119.0,1.3870967741935485,0.951258064516129
S2324-G0073,2,DAL,28.0,24,0,126.0,1.12,0.798
S2324-G0073,2,SAS,25.0,25,0,119.0,0.9615384615384616,0.6959230769230769
S2324-G0073,3,DAL,32.0,24,0,126.0,1.28,0.894
S2324-G0073,3,SAS,23.0,28,0,119.0,0.7931034482758621,0.5948620689655173
S2324-G0073,4,DAL,30.0,26,0,126.0,1.1111111111111112,0.7926666666666666
S2324-G0073,4,SAS,28.0,25,0,119.0,1.0769230769230769,0.7651538461538461
S2324-G0074,1,LAC,29.0,30,0,123.0,0.9354838709677419,0.6842903225806451
S2324-G0074,1,POR,20.0,27,0,111.0,0.7142857142857143,0.5395714285714286
S2324-G0074,2,LAC,38.0,28,0,123.0,1.3103448275862069,0.909206896551724
S2324-G0074,2,POR,27.0,31,0,111.0,0.84375,0.61725
S2324-G0074,3,LAC,32.0,21,0,123.0,1.4545454545454546,0.9957272727272727
S2324-G0074,3,POR,26.0,21,0,111.0,1.1818181818181819,0.8200909090909091
S2324-G0074,4,LAC,24.0,25,0,123.0,0.9230769230769231,0.6768461538461539
S2324-G0074,4,POR,38.0,26,0,111.0,1.4074074074074074,0.9554444444444444
S2324-G0075,1,MIL,30.0,24,0,118.0,1.2,0.838
S2324-G0075,1,PHI,23.0,22,0,117.0,1.0,0.717
S2324-G0075,2,MIL,33.0,22,0,118.0,1.434782608695652,0.9788695652173912
S2324-G0075,2,PHI,31.0,25,0,117.0,1.1923076923076923,0.8323846153846154
S2324-G0075,3,MIL,25.0,23,0,118.0,1.0416666666666667,0.743
S2324-G0075,3,PHI,31.0,21,0,117.0,1.4090909090909092,0.9624545454545455
S2324-G0075,4,MIL,30.0,26,0,118.0,1.1111111111111112,0.7846666666666666
S2324-G0075,4,PHI,32.0,22,0,117.0,1.391304347826087,0.9517826086956521
S2324-G0076,1,LAL,18.0,28,0,100.0,0.6206896551724138,0.47241379310344833
S2324-G0076,1,PHX,30.0,24,0,95.0,1.2,0.815
S2324-G0076,2,LAL,30.0,24,0,100.0,1.2,0.82
S2324-G0076,2,PHX,22.0,20,0,95.0,1.0476190476190477,0.7235714285714285
S2324-G0076,3,LAL,24.0,22,0,100.0,1.0434782608695652,0.726086956521739
S2324-G0076,3,PHX,32.0,21,0,95.0,1.4545454545454546,0.9677272727272727
S2324-G0076,4,LAL,28.0,23,0,100.0,1.1666666666666667,0.8
S2324-G0076,4,PHX,11.0,23,0,95.0,0.4583333333333333,0.37
S2324-G0077,1,CHA,21.0,31,0,99.0,0.65625,0.49275
S2324-G0077,1,DET,32.0,33,0,111.0,0.9411764705882353,0.6757058823529412
S2324-G0077,2,CHA,26.0,27,0,99.0,0.9285714285714286,0.6561428571428571
S2324-G0077,2,DET,22.0,25,0,111.0,0.8461538461538461,0.6186923076923077
S2324-G0077,3,CHA,28.0,22,0,99.0,1.2173913043478262,0.8294347826086956
S2324-G0077,3,DET,29.0,24,0,111.0,1.16,0.8069999999999999
S2324-G0077,4,CHA,24.0,24,0,99.0,0.96,0.6749999999999999
S2324-G0077,4,DET,28.0,24,0,111.0,1.12,0.783
S2324-G0078,1,DEN,25.0,25,0,108.0,0.9615384615384616,0.6849230769230769
S2324-G0078,1,MEM,18.0,25,0,104.0,0.6923076923076923,0.5193846153846153
S2324-G0078,2,DEN,36.0,28,0,108.0,1.2413793103448276,0.8528275862068966
S2324-G0078,2,MEM,38.0,26,0,104.0,1.4074074074074074,0.9484444444444444
S2324-G0078,3,DEN,28.0,23,0,108.0,1.1666666666666667,0.808
S2324-G0078,3,MEM,23.0,23,0,104.0,0.9583333333333334,0.6789999999999999
S2324-G0078,4,DEN,19.0,25,0,108.0,0.7307692307692307,0.5464615384615384
S2324-G0078,4,MEM,25.0,26,0,104.0,0.9259259259259259,0.6595555555555556
S2324-G0079,1,ATL,31.0,25,0,120.0,1.1923076923076923,0.8353846153846154
S2324-G0079,1,NYK,35.0,20,0,126.0,1.6666666666666667,1.126
S2324-G0079,2,ATL,30.0,26,0,120.0,1.1111111111111112,0.7866666666666666
S2324-G0079,2,NYK,34.0,29,0,126.0,1.1333333333333333,0.8059999999999999
S2324-G0079,3,ATL,31.0,23,0,120.0,1.2916666666666667,0.895
S2324-G0079,3,NYK,31.0,20,0,126.0,1.4761904761904763,1.0117142857142858
S2324-G0079,4,ATL,28.0,22,0,120.0,1.2173913043478262,0.8504347826086956
S2324-G0079,4,NYK,26.0,24,0,126.0,1.04,0.75
S2324-G0080,1,BOS,25.0,23,0,119.0,1.0416666666666667,0.744
S2324-G0080,1,MIA,28.0,23,0,111.0,1.1666666666666667,0.811
S2324-G0080,2,BOS,35.0,29,0,119.0,1.1666666666666667,0.8190000000000001
S2324-G0080,2,MIA,27.0,26,0,111.0,1.0,0.711
S2324-G0080,3,BOS,27.0,24,0,119.0,1.08,0.767
S2324-G0080,3,MIA,33.0,22,0,111.0,1.434782608695652,0.9718695652173912
S2324-G0080,4,BOS,32.0,16,0,119.0,1.8823529411764706,1.2484117647058823
S2324-G0080,4,MIA,23.0,18,0,111.0,1.2105263157894737,0.8373157894736841
S2324-G0081,1,CLE,26.0,25,0,105.0,1.0,0.705
S2324-G0081,1,OKC,31.0,22,0,108.0,1.3478260869565217,0.916695652173913
S2324-G0081,2,CLE,16.0,19,0,105.0,0.8,0.585
S2324-G0081,2,OKC,21.0,19,0,108.0,1.05,0.738
S2324-G0081,3,CLE,33.0,22,0,105.0,1.434782608695652,0.9658695652173912
S2324-G0081,3,OKC,27.0,26,0,108.0,1.0,0.708
S2324-G0081,4,CLE,30.0,24,0,105.0,1.2,0.825
S2324-G0081,4,OKC,29.0,26,0,108.0,1.0740740740740742,0.7524444444444445
S2324-G0082,1,CHI,24.0,26,0,104.0,0.8888888888888888,0.6373333333333333
S2324-G0082,1,TOR,18.0,27,0,103.0,0.6428571428571429,0.48871428571428577
S2324-G0082,2,CHI,18.0,21,0,104.0,0.8181818181818182,0.5949090909090909
S2324-G0082,2,TOR,17.0,20,0,103.0,0.8095238095238095,0.5887142857142857
S2324-G0082,3,CHI,23.0,29,0,104.0,0.7666666666666667,0.5640000000000001
S2324-G0082,3,TOR,33.0,26,0,103.0,1.2222222222222223,0.8363333333333334
S2324-G0082,4,CHI,28.0,22,0,104.0,1.2173913043478262,0.8344347826086956
S2324-G0082,4,TOR,25.0,21,0,103.0,1.1363636363636365,0.7848181818181819
S2324-G0082,5,CHI,11.0,7,0,104.0,1.375,0.9289999999999999
S2324-G0082,5,TOR,10.0,6,0,103.0,1.4285714285714286,0.9601428571428571
S2324-G0083,1,HOU,23.0,26,0,122.0,0.8518518518518519,0.6331111111111111
S2324-G0083,1,SAS,25.0,27,0,126.0,0.8928571428571429,0.6617142857142857
S2324-G0083,2,HOU,29.0,24,0,122.0,1.16,0.818
S2324-G0083,2,SAS,27.0,22,0,126.0,1.173913043478261,0.8303478260869566
S2324-G0083,3,HOU,31.0,27,0,122.0,1.1071428571428572,0.7862857142857143
S2324-G0083,3,SAS,24.0,26,0,126.0,0.8888888888888888,0.6593333333333333
S2324-G0083,4,HOU,28.0,24,0,122.0,1.12,0.794
S2324-G0083,4,SAS,35.0,24,0,126.0,1.4,0.966
S2324-G0083,5,HOU,11.0,13,0,122.0,0.7857142857142857,0.5934285714285714
S2324-G0083,5,SAS,15.0,14,0,126.0,1.0,0.726
S2324-G0084,1,BKN,25.0,24,0,120.0,1.0,0.72
S2324-G0084,1,DAL,26.0,22,0,125.0,1.1304347826086956,0.8032608695652174
S2324-G0084,2,BKN,34.0,32,0,120.0,1.0303030303030303,0.7381818181818182
S2324-G0084,2,DAL,31.0,26,0,125.0,1.1481481481481481,0.8138888888888889
S2324-G0084,3,BKN,30.0,19,0,120.0,1.5,1.02
S2324-G0084,3,DAL,31.0,21,0,125.0,1.4090909090909092,0.9704545454545455
S2324-G0084,4,BKN,31.0,21,0,120.0,1.4090909090909092,0.9654545454545455
S2324-G0084,4,DAL,37.0,20,0,125.0,1.7619047619047619,1.1821428571428572
S2324-G0085,1,LAC,30.0,22,0,118.0,1.3043478260869565,0.9006086956521739
S2324-G0085,1,UTA,33.0,27,0,120.0,1.1785714285714286,0.8271428571428572
S2324-G0085,2,LAC,24.0,22,0,118.0,1.0434782608695652,0.7440869565217391
S2324-G0085,2,UTA,30.0,25,0,120.0,1.1538461538461537,0.8123076923076922
S2324-G0085,3,LAC,29.0,27,0,118.0,1.0357142857142858,0.7394285714285714
S2324-G0085,3,UTA,26.0,27,0,120.0,0.9285714285714286,0.6771428571428572
S2324-G0085,4,LAC,35.0,21,0,118.0,1.5909090909090908,1.0725454545454545
S2324-G0085,4,UTA,31.0,20,0,120.0,1.4761904761904763,1.0057142857142858
S2324-G0086,1,ORL,31.0,26,0,102.0,1.1481481481481481,0.7908888888888889
S2324-G0086,1,POR,26.0,23,0,97.0,1.0833333333333333,0.7469999999999999
S2324-G0086,2,ORL,32.0,26,0,102.0,1.1851851851851851,0.813111111111111
S2324-G0086,2,POR,29.0,25,0,97.0,1.1153846153846154,0.7662307692307692
S2324-G0086,3,ORL,19.0,20,0,102.0,0.9047619047619048,0.6448571428571428
S2324-G0086,3,POR,25.0,21,0,97.0,1.1363636363636365,0.7788181818181819
S2324-G0086,4,ORL,20.0,18,0,102.0,1.0526315789473684,0.733578947368421
S2324-G0086,4,POR,17.0,19,0,97.0,0.85,0.607
S2324-G0087,1,GSW,24.0,24,0,122.0,0.96,0.698
S2324-G0087,1,SAC,29.0,20,0,114.0,1.380952380952381,0.9425714285714285
S2324-G0087,2,GSW,36.0,31,0,122.0,1.125,0.7969999999999999
S2324-G0087,2,SAC,28.0,28,0,114.0,0.9655172413793104,0.6933103448275862
S2324-G0087,3,GSW,39.0,27,0,122.0,1.3928571428571428,0.9577142857142856
S2324-G0087,3,SAC,27.0,27,0,114.0,0.9642857142857143,0.6925714285714285
S2324-G0087,4,GSW,23.0,25,0,122.0,0.8846153846153846,0.6527692307692308
S2324-G0087,4,SAC,30.0,25,0,114.0,1.1538461538461537,0.8063076923076922
S2324-G0088,1,CHI,26.0,24,0,102.0,1.04,0.726
S2324-G0088,1,DET,29.0,21,0,118.0,1.3181818181818181,0.9089090909090909
S2324-G0088,2,CHI,18.0,25,0,102.0,0.6923076923076923,0.5173846153846153
S2324-G0088,2,DET,28.0,22,0,118.0,1.2173913043478262,0.8484347826086956
S2324-G0088,3,CHI,33.0,20,0,102.0,1.5714285714285714,1.044857142857143
S2324-G0088,3,DET,27.0,19,0,118.0,1.35,0.928
S2324-G0088,4,CHI,25.0,26,0,102.0,0.9259259259259259,0.6575555555555556
S2324-G0088,4,DET,34.0,25,0,118.0,1.3076923076923077,0.9026153846153846
S2324-G0089,1,MEM,22.0,20,0,106.0,1.0476190476190477,0.7345714285714285
S2324-G0089,1,WAS,25.0,19,0,113.0,1.25,0.863
S2324-G0089,2,MEM,24.0,25,0,106.0,0.9230769230769231,0.6598461538461539
S2324-G0089,2,WAS,37.0,24,0,113.0,1.48,1.001
S2324-G0089,3,MEM,34.0,27,0,106.0,1.2142857142857142,0.8345714285714285
S2324-G0089,3,WAS,30.0,26,0,113.0,1.1111111111111112,0.7796666666666666
S2324-G0089,4,MEM,26.0,24,0,106.0,1.04,0.73
S2324-G0089,4,WAS,21.0,21,0,113.0,0.9545454545454546,0.6857272727272727
S2324-G0090,1,NOP,26.0,25,0,96.0,1.0,0.696
S2324-G0090,1,NYK,12.0,25,0,87.0,0.46153846153846156,0.36392307692307696
S2324-G0090,2,NOP,29.0,24,0,96.0,1.16,0.7919999999999999
S2324-G0090,2,NYK,25.0,23,0,87.0,1.0416666666666667,0.712
S2324-G0090,3,NOP,22.0,26,0,96.0,0.8148148148148148,0.5848888888888888
S2324-G0090,3,NYK,31.0,26,0,87.0,1.1481481481481481,0.7758888888888889
S2324-G0090,4,NOP,19.0,19,0,96.0,0.95,0.6659999999999999
S2324-G0090,4,NYK,19.0,23,0,87.0,0.7916666666666666,0.5619999999999999
S2324-G0091,1,CLE,37.0,26,0,113.0,1.3703703703703705,0.9352222222222223
S2324-G0091,1,IND,31.0,27,0,125.0,1.1071428571428572,0.7892857142857143
S2324-G0091,2,CLE,12.0,20,0,113.0,0.5714285714285714,0.4558571428571428
S2324-G0091,2,IND,29.0,21,0,125.0,1.3181818181818181,0.9159090909090909
S2324-G0091,3,CLE,38.0,22,0,113.0,1.6521739130434783,1.104304347826087
S2324-G0091,3,IND,31.0,25,0,125.0,1.1923076923076923,0.8403846153846154
S2324-G0091,4,CLE,26.0,22,0,113.0,1.1304347826086956,0.7912608695652174
S2324-G0091,4,IND,34.0,17,0,125.0,1.8888888888888888,1.2583333333333333
S2324-G0092,1,PHI,27.0,24,0,114.0,1.08,0.762
S2324-G0092,1,TOR,36.0,29,0,107.0,1.2,0.827
S2324-G0092,2,PHI,29.0,23,0,114.0,1.2083333333333333,0.839
S2324-G0092,2,TOR,23.0,19,0,107.0,1.15,0.7969999999999999
S2324-G0092,3,PHI,35.0,23,0,114.0,1.4583333333333333,0.9889999999999999
S2324-G0092,3,TOR,20.0,23,0,107.0,0.8333333333333334,0.607
S2324-G0092,4,PHI,23.0,15,0,114.0,1.4375,0.9764999999999999
S2324-G0092,4,TOR,28.0,18,0,107.0,1.4736842105263157,0.9912105263157894
S2324-G0093,1,MIA,31.0,24,0,90.0,1.24,0.834
S2324-G0093,1,MIN,26.0,26,0,106.0,0.9629629629629629,0.6837777777777777
S2324-G0093,2,MIA,22.0,22,0,90.0,0.9565217391304348,0.6639130434782609
S2324-G0093,2,MIN,29.0,23,0,106.0,1.2083333333333333,0.831
S2324-G0093,3,MIA,20.0,23,0,90.0,0.8333333333333334,0.59
S2324-G0093,3,MIN,25.0,22,0,106.0,1.0869565217391304,0.7581739130434781
S2324-G0093,4,MIA,17.0,20,0,90.0,0.8095238095238095,0.5757142857142857
S2324-G0093,4,MIN,26.0,20,0,106.0,1.2380952380952381,0.8488571428571429
S2324-G0094,1,PHX,37.0,26,0,126.0,1.3703703703703705,0.9482222222222223
S2324-G0094,1,UTA,27.0,23,0,104.0,1.125,0.7789999999999999
S2324-G0094,2,PHX,29.0,21,0,126.0,1.3181818181818181,0.9169090909090909
S2324-G0094,2,UTA,23.0,18,0,104.0,1.2105263157894737,0.8303157894736841
S2324-G0094,3,PHX,40.0,25,0,126.0,1.5384615384615385,1.0490769230769232
S2324-G0094,3,UTA,28.0,25,0,104.0,1.0769230769230769,0.7501538461538461
S2324-G0094,4,PHX,20.0,21,0,126.0,0.9090909090909091,0.6714545454545454
S2324-G0094,4,UTA,26.0,23,0,104.0,1.0833333333333333,0.7539999999999999
S2324-G0095,1,DEN,34.0,21,0,128.0,1.5454545454545454,1.0552727272727274
S2324-G0095,1,OKC,23.0,21,0,95.0,1.0454545454545454,0.7222727272727272
S2324-G0095,2,DEN,35.0,23,0,128.0,1.4583333333333333,1.003
S2324-G0095,2,OKC,28.0,23,0,95.0,1.1666666666666667,0.795
S2324-G0095,3,DEN,28.0,27,0,128.0,1.0,0.728
S2324-G0095,3,OKC,24.0,25,0,95.0,0.9230769230769231,0.6488461538461539
S2324-G0095,4,DEN,31.0,23,0,128.0,1.2916666666666667,0.903
S2324-G0095,4,OKC,20.0,23,0,95.0,0.8333333333333334,0.595
S2324-G0096,1,GSW,26.0,22,0,106.0,1.1304347826086956,0.7842608695652173
S2324-G0096,1,HOU,24.0,18,0,95.0,1.263157894736842,0.8528947368421052
S2324-G0096,2,GSW,31.0,23,0,106.0,1.2916666666666667,0.881
S2324-G0096,2,HOU,23.0,24,0,95.0,0.92,0.647
S2324-G0096,3,GSW,24.0,17,0,106.0,1.3333333333333333,0.9059999999999999
S2324-G0096,3,HOU,28.0,18,0,95.0,1.4736842105263157,0.9792105263157894
S2324-G0096,4,GSW,25.0,21,0,106.0,1.1363636363636365,0.7878181818181819
S2324-G0096,4,HOU,20.0,19,0,95.0,1.0,0.695
S2324-G0097,1,ATL,31.0,26,0,127.0,1.1481481481481481,0.8158888888888889
S2324-G0097,1,MIL,25.0,24,0,110.0,1.0,0.71
S2324-G0097,2,ATL,37.0,24,0,127.0,1.48,1.0150000000000001
S2324-G0097,2,MIL,22.0,25,0,110.0,0.8461538461538461,0.6176923076923077
S2324-G0097,3,ATL,33.0,29,0,127.0,1.1,0.787
S2324-G0097,3,MIL,33.0,26,0,110.0,1.2222222222222223,0.8433333333333334
S2324-G0097,4,ATL,26.0,30,0,127.0,0.8387096774193549,0.6302258064516129
S2324-G0097,4,MIL,30.0,29,0,110.0,1.0,0.71
S2324-G0098,1,PHI,36.0,26,0,126.0,1.3333333333333333,0.9259999999999999
S2324-G0098,1,POR,28.0,27,0,98.0,1.0,0.698
S2324-G0098,2,PHI,30.0,21,0,126.0,1.3636363636363635,0.9441818181818181
S2324-G0098,2,POR,32.0,21,0,98.0,1.4545454545454546,0.9707272727272727
S2324-G0098,3,PHI,33.0,28,0,126.0,1.1379310344827587,0.8087586206896552
S2324-G0098,3,POR,21.0,27,0,98.0,0.75,0.5479999999999999
S2324-G0098,4,PHI,27.0,20,0,126.0,1.2857142857142858,0.8974285714285715
S2324-G0098,4,POR,17.0,19,0,98.0,0.85,0.608
S2324-G0099,1,LAC,23.0,31,0,123.0,0.71875,0.5542499999999999
S2324-G0099,1,SAS,17.0,26,0,83.0,0.6296296296296297,0.4607777777777778
S2324-G0099,2,LAC,33.0,25,0,123.0,1.2692307692307692,0.8845384615384615
S2324-G0099,2,SAS,20.0,27,0,83.0,0.7142857142857143,0.5115714285714286
S2324-G0099,3,LAC,37.0,21,0,123.0,1.6818181818181819,1.132090909090909
S2324-G0099,3,SAS,23.0,22,0,83.0,1.0,0.6829999999999999
S2324-G0099,4,LAC,30.0,24,0,123.0,1.2,0.843
S2324-G0099,4,SAS,23.0,22,0,83.0,1.0,0.6829999999999999
S2324-G0100,1,LAL,28.0,27,0,127.0,1.0,0.727
S2324-G0100,1,SAC,41.0,25,0,132.0,1.5769230769230769,1.078153846153846
S2324-G0100,2,LAL,27.0,22,0,127.0,1.173913043478261,0.8313478260869566
S2324-G0100,2,SAC,25.0,20,0,132.0,1.1904761904761905,0.8462857142857143
S2324-G0100,3,LAL,28.0,18,0,127.0,1.4736842105263157,1.0112105263157893
S2324-G0100,3,SAC,21.0,23,0,132.0,0.875,0.657
S2324-G0100,4,LAL,32.0,22,0,127.0,1.391304347826087,0.9617826086956521
S2324-G0100,4,SAC,28.0,21,0,132.0,1.2727272727272727,0.8956363636363636
S2324-G0100,5,LAL,12.0,9,0,127.0,1.2,0.847
S2324-G0100,5,SAC,17.0,12,0,132.0,1.3076923076923077,0.9166153846153846
S2324-G0101,1,BKN,42.0,25,0,133.0,1.6153846153846154,1.1022307692307693
S2324-G0101,1,CHA,23.0,23,0,121.0,0.9583333333333334,0.696
S2324-G0101,2,BKN,24.0,23,0,133.0,1.0,0.733
S2324-G0101,2,CHA,32.0,25,0,121.0,1.2307692307692308,0.8594615384615385
S2324-G0101,3,BKN,33.0,27,0,133.0,1.1785714285714286,0.8401428571428572
S2324-G0101,3,CHA,28.0,25,0,121.0,1.0769230769230769,0.7671538461538461
S2324-G0101,4,BKN,34.0,25,0,133.0,1.3076923076923077,0.9176153846153846
S2324-G0101,4,CHA,38.0,24,0,121.0,1.52,1.033
S2324-G0102,1,CHI,27.0,22,0,112.0,1.173913043478261,0.8163478260869566
S2324-G0102,1,IND,30.0,27,0,105.0,1.0714285714285714,0.7478571428571428
S2324-G0102,2,CHI,26.0,19,0,112.0,1.3,0.892
S2324-G0102,2,IND,25.0,20,0,105.0,1.1904761904761905,0.8192857142857143
S2324-G0102,3,CHI,25.0,24,0,112.0,1.0,0.712
S2324-G0102,3,IND,28.0,26,0,105.0,1.037037037037037,0.7272222222222221
S2324-G0102,4,CHI,34.0,19,0,112.0,1.7,1.1320000000000001
S2324-G0102,4,IND,22.0,20,0,105.0,1.0476190476190477,0.7335714285714285
S2324-G0103,1,BOS,42.0,29,0,126.0,1.4,0.966
S2324-G0103,1,WAS,19.0,26,0,107.0,0.7037037037037037,0.5292222222222223
S2324-G0103,2,BOS,35.0,28,0,126.0,1.206896551724138,0.8501379310344828
S2324-G0103,2,WAS,32.0,25,0,107.0,1.2307692307692308,0.8454615384615385
S2324-G0103,3,BOS,31.0,24,0,126.0,1.24,0.87
S2324-G0103,3,WAS,24.0,25,0,107.0,0.9230769230769231,0.6608461538461539
S2324-G0103,4,BOS,18.0,24,0,126.0,0.72,0.558
S2324-G0103,4,WAS,32.0,24,0,107.0,1.28,0.875
S2324-G0104,1,ATL,35.0,24,0,127.0,1.4,0.967
S2324-G0104,1,MIN,42.0,24,0,113.0,1.68,1.121
S2324-G0104,2,ATL,25.0,24,0,127.0,1.0,0.727
S2324-G0104,2,MIN,37.0,26,0,113.0,1.3703703703703705,0.9352222222222223
S2324-G0104,3,ATL,38.0,23,0,127.0,1.5833333333333333,1.077
S2324-G0104,3,MIN,19.0,25,0,113.0,0.7307692307692307,0.5514615384615384
S2324-G0104,4,ATL,29.0,24,0,127.0,1.16,0.823
S2324-G0104,4,MIN,15.0,24,0,113.0,0.6,0.473
S2324-G0105,1,POR,21.0,23,0,99.0,0.875,0.624
S2324-G0105,1,TOR,25.0,28,0,91.0,0.8620689655172413,0.6082413793103447
S2324-G0105,2,POR,26.0,24,0,99.0,1.04,0.723
S2324-G0105,2,TOR,25.0,26,0,91.0,0.9259259259259259,0.6465555555555556
S2324-G0105,3,POR,33.0,24,0,99.0,1.32,0.891
S2324-G0105,3,TOR,24.0,25,0,91.0,0.9230769230769231,0.6448461538461538
S2324-G0105,4,POR,19.0,18,0,99.0,1.0,0.699
S2324-G0105,4,TOR,17.0,17,0,91.0,0.9444444444444444,0.6576666666666666
S2324-G0106,1,DAL,30.0,23,0,125.0,1.25,0.875
S2324-G0106,1,MEM,36.0,24,0,110.0,1.44,0.974
S2324-G0106,2,DAL,37.0,24,0,125.0,1.48,1.013
S2324-G0106,2,MEM,25.0,23,0,110.0,1.0416666666666667,0.735
S2324-G0106,3,DAL,30.0,24,0,125.0,1.2,0.845
S2324-G0106,3,MEM,25.0,26,0,110.0,0.9259259259259259,0.6655555555555556
S2324-G0106,4,DAL,28.0,18,0,125.0,1.4736842105263157,1.0092105263157896
S2324-G0106,4,MEM,24.0,21,0,110.0,1.0909090909090908,0.7645454545454544
S2324-G0107,1,MIA,28.0,20,0,114.0,1.3333333333333333,0.9139999999999999
S2324-G0107,1,MIL,28.0,18,0,122.0,1.4736842105263157,1.0062105263157894
S2324-G0107,2,MIA,24.0,25,0,114.0,0.9230769230769231,0.6678461538461539
S2324-G0107,2,MIL,34.0,27,0,122.0,1.2142857142857142,0.8505714285714285
S2324-G0107,3,MIA,21.0,26,0,114.0,0.7777777777777778,0.5806666666666667
S2324-G0107,3,MIL,35.0,27,0,122.0,1.25,0.872
S2324-G0107,4,MIA,41.0,23,0,114.0,1.7083333333333333,1.1389999999999998
S2324-G0107,4,MIL,25.0,24,0,122.0,1.0,0.722
S2324-G0108,1,GSW,29.0,23,0,130.0,1.2083333333333333,0.855
S2324-G0108,1,NOP,27.0,25,0,102.0,1.0384615384615385,0.7250769230769231
S2324-G0108,2,GSW,30.0,29,0,130.0,1.0,0.73
S2324-G0108,2,NOP,30.0,27,0,102.0,1.0714285714285714,0.7448571428571428
S2324-G0108,3,GSW,39.0,27,0,130.0,1.3928571428571428,0.9657142857142856
S2324-G0108,3,NOP,21.0,24,0,102.0,0.84,0.606
S2324-G0108,4,GSW,32.0,24,0,130.0,1.28,0.898
S2324-G0108,4,NOP,24.0,25,0,102.0,0.9230769230769231,0.6558461538461539
S2324-G0109,1,DET,21.0,24,0,112.0,0.84,0.616
S2324-G0109,1,OKC,33.0,25,0,124.0,1.2692307692307692,0.8855384615384615
S2324-G0109,2,DET,26.0,25,0,112.0,1.0,0.712
S2324-G0109,2,OKC,26.0,24,0,124.0,1.04,0.748
S2324-G0109,3,DET,32.0,26,0,112.0,1.1851851851851851,0.823111111111111
S2324-G0109,3,OKC,32.0,26,0,124.0,1.1851851851851851,0.835111111111111
S2324-G0109,4,DET,33.0,23,0,112.0,1.375,0.9369999999999999
S2324-G0109,4,OKC,33.0,21,0,124.0,1.5,1.024
S2324-G0110,1,DEN,31.0,20,0,110.0,1.4761904761904763,0.9957142857142858
S2324-G0110,1,UTA,21.0,23,0,102.0,0.875,0.627
S2324-G0110,2,DEN,27.0,25,0,110.0,1.0384615384615385,0.7330769230769231
S2324-G0110,2,UTA,24.0,25,0,102.0,0.9230769230769231,0.6558461538461539
S2324-G0110,3,DEN,22.0,20,0,110.0,1.0476190476190477,0.7385714285714285
S2324-G0110,3,UTA,24.0,24,0,102.0,0.96,0.6779999999999999
S2324-G0110,4,DEN,30.0,21,0,110.0,1.3636363636363635,0.9281818181818181
S2324-G0110,4,UTA,33.0,26,0,102.0,1.2222222222222223,0.8353333333333334
S2324-G0111,1,LAL,29.0,23,0,106.0,1.2083333333333333,0.831
S2324-G0111,1,ORL,24.0,25,0,103.0,0.9230769230769231,0.6568461538461539
S2324-G0111,2,LAL,25.0,27,0,106.0,0.8928571428571429,0.6417142857142857
S2324-G0111,2,ORL,34.0,31,0,103.0,1.0625,0.7404999999999999
S2324-G0111,3,LAL,27.0,20,0,106.0,1.2857142857142858,0.8774285714285714
S2324-G0111,3,ORL,22.0,20,0,103.0,1.0476190476190477,0.7315714285714285
S2324-G0111,4,LAL,25.0,18,0,106.0,1.3157894736842106,0.8954736842105263
S2324-G0111,4,ORL,23.0,19,0,103.0,1.15,0.7929999999999999
S2324-G0112,1,CLE,24.0,25,0,91.0,0.9230769230769231,0.6448461538461538
S2324-G0112,1,NYK,28.0,23,0,109.0,1.1666666666666667,0.809
S2324-G0112,2,CLE,28.0,21,0,91.0,1.2727272727272727,0.8546363636363635
S2324-G0112,2,NYK,30.0,24,0,109.0,1.2,0.829
S2324-G0112,3,CLE,16.0,22,0,91.0,0.6956521739130435,0.5083913043478261
S2324-G0112,3,NYK,28.0,18,0,109.0,1.4736842105263157,0.9932105263157894
S2324-G0112,4,CLE,23.0,20,0,91.0,1.0952380952380953,0.7481428571428571
S2324-G0112,4,NYK,23.0,22,0,109.0,1.0,0.709
S2324-G0113,1,PHX,27.0,24,0,114.0,1.08,0.762
S2324-G0113,1,SAS,18.0,21,0,115.0,0.8181818181818182,0.605909090909091
S2324-G0113,2,PHX,36.0,26,0,114.0,1.3333333333333333,0.9139999999999999
S2324-G0113,2,SAS,27.0,22,0,115.0,1.173913043478261,0.8193478260869566
S2324-G0113,3,PHX,32.0,23,0,114.0,1.3333333333333333,0.9139999999999999
S2324-G0113,3,SAS,37.0,26,0,115.0,1.3703703703703705,0.9372222222222223
S2324-G0113,4,PHX,19.0,24,0,114.0,0.76,0.57
S2324-G0113,4,SAS,33.0,25,0,115.0,1.2692307692307692,0.8765384615384615
S2324-G0114,1,LAC,13.0,20,0,118.0,0.6190476190476191,0.48942857142857144
S2324-G0114,1,ORL,18.0,21,0,102.0,0.8181818181818182,0.5929090909090909
S2324-G0114,2,LAC,34.0,27,0,118.0,1.2142857142857142,0.8465714285714285
S2324-G0114,2,ORL,32.0,25,0,102.0,1.2307692307692308,0.8404615384615385
S2324-G0114,3,LAC,41.0,30,0,118.0,1.3225806451612903,0.9115483870967741
S2324-G0114,3,ORL,21.0,23,0,102.0,0.875,0.627
S2324-G0114,4,LAC,30.0,27,0,118.0,1.0714285714285714,0.7608571428571428
S2324-G0114,4,ORL,31.0,25,0,102.0,1.1923076923076923,0.8173846153846154
S2324-G0115,1,DET,32.0,26,0,101.0,1.1851851851851851,0.812111111111111
S2324-G0115,1,POR,26.0,25,0,110.0,1.0,0.71
S2324-G0115,2,DET,27.0,26,0,101.0,1.0,0.701
S2324-G0115,2,POR,21.0,25,0,110.0,0.8076923076923077,0.5946153846153847
S2324-G0115,3,DET,25.0,28,0,101.0,0.8620689655172413,0.6182413793103447
S2324-G0115,3,POR,36.0,25,0,110.0,1.3846153846153846,0.9407692307692307
S2324-G0115,4,DET,17.0,19,0,101.0,0.85,0.611
S2324-G0115,4,POR,27.0,22,0,110.0,1.173913043478261,0.8143478260869565
S2324-G0116,1,MIL,18.0,26,0,111.0,0.6666666666666666,0.511
S2324-G0116,1,TOR,31.0,31,0,130.0,0.96875,0.7112499999999999
S2324-G0116,2,MIL,26.0,21,0,111.0,1.1818181818181819,0.8200909090909091
S2324-G0116,2,TOR,35.0,20,0,130.0,1.6666666666666667,1.13
S2324-G0116,3,MIL,35.0,26,0,111.0,1.2962962962962963,0.8887777777777778
S2324-G0116,3,TOR,29.0,25,0,130.0,1.1153846153846154,0.7992307692307692
S2324-G0116,4,MIL,32.0,22,0,111.0,1.391304347826087,0.9457826086956521
S2324-G0116,4,TOR,35.0,25,0,130.0,1.3461538461538463,0.9376923076923077
S2324-G0117,1,ATL,25.0,27,0,130.0,0.8928571428571429,0.6657142857142857
S2324-G0117,1,WAS,30.0,23,0,121.0,1.25,0.871
S2324-G0117,2,ATL,34.0,25,0,130.0,1.3076923076923077,0.9146153846153846
S2324-G0117,2,WAS,21.0,25,0,121.0,0.8076923076923077,0.6056153846153847
S2324-G0117,3,ATL,40.0,27,0,130.0,1.4285714285714286,0.9871428571428571
S2324-G0117,3,WAS,31.0,32,0,121.0,0.9393939393939394,0.6846363636363636
S2324-G0117,4,ATL,31.0,29,0,130.0,1.0333333333333334,0.75
S2324-G0117,4,WAS,39.0,30,0,121.0,1.2580645161290323,0.8758387096774193
S2324-G0118,1,BOS,44.0,27,0,155.0,1.5714285714285714,1.0978571428571429
S2324-G0118,1,IND,27.0,29,0,104.0,0.9,0.644
S2324-G0118,2,BOS,31.0,24,0,155.0,1.24,0.899
S2324-G0118,2,IND,27.0,21,0,104.0,1.2272727272727273,0.8403636363636363
S2324-G0118,3,BOS,34.0,22,0,155.0,1.4782608695652173,1.0419565217391304
S2324-G0118,3,IND,17.0,23,0,104.0,0.7083333333333334,0.529
S2324-G0118,4,BOS,46.0,26,0,155.0,1.7037037037037037,1.1772222222222222
S2324-G0118,4,IND,33.0,25,0,104.0,1.2692307692307692,0.8655384615384615
S2324-G0119,1,BKN,29.0,28,0,109.0,1.0,0.709
S2324-G0119,1,MIA,32.0,26,0,105.0,1.1851851851851851,0.816111111111111
S2324-G0119,2,BKN,17.0,26,0,109.0,0.6296296296296297,0.48677777777777775
S2324-G0119,2,MIA,24.0,27,0,105.0,0.8571428571428571,0.6192857142857142
S2324-G0119,3,BKN,29.0,21,0,109.0,1.3181818181818181,0.8999090909090909
S2324-G0119,3,MIA,27.0,22,0,105.0,1.173913043478261,0.8093478260869565
S2324-G0119,4,BKN,34.0,28,0,109.0,1.1724137931034482,0.8124482758620689
S2324-G0119,4,MIA,22.0,24,0,105.0,0.88,0.633
S2324-G0120,1,CLE,24.0,22,0,95.0,1.0434782608695652,0.721086956521739
S2324-G0120,1,NYK,22.0,22,0,89.0,0.9565217391304348,0.6629130434782609
S2324-G0120,2,CLE,25.0,21,0,95.0,1.1363636363636365,0.7768181818181819
S2324-G0120,2,NYK,28.0,20,0,89.0,1.3333333333333333,0.8889999999999999
S2324-G0120,3,CLE,22.0,22,0,95.0,0.9565217391304348,0.6689130434782609
S2324-G0120,3,NYK,13.0,23,0,89.0,0.5416666666666666,0.414
S2324-G0120,4,CLE,24.0,19,0,95.0,1.2,0.815
S2324-G0120,4,NYK,26.0,21,0,89.0,1.1818181818181819,0.7980909090909091
S2324-G0121,1,NOP,14.0,20,0,110.0,0.6666666666666666,0.51
S2324-G0121,1,OKC,33.0,21,0,106.0,1.5,1.006
S2324-G0121,2,NOP,29.0,23,0,110.0,1.2083333333333333,0.835
S2324-G0121,2,OKC,18.0,20,0,106.0,0.8571428571428571,0.6202857142857142
S2324-G0121,3,NOP,35.0,28,0,110.0,1.206896551724138,0.8341379310344827
S2324-G0121,3,OKC,26.0,25,0,106.0,1.0,0.706
S2324-G0121,4,NOP,32.0,20,0,110.0,1.5238095238095237,1.0242857142857142
S2324-G0121,4,OKC,29.0,21,0,106.0,1.3181818181818181,0.8969090909090909
S2324-G0122,1,CHA,27.0,30,0,119.0,0.8709677419354839,0.6415806451612903
S2324-G0122,1,HOU,39.0,30,0,128.0,1.2580645161290323,0.8828387096774193
S2324-G0122,2,CHA,31.0,26,0,119.0,1.1481481481481481,0.8078888888888889
S2324-G0122,2,HOU,22.0,27,0,128.0,0.7857142857142857,0.5994285714285714
S2324-G0122,3,CHA,20.0,21,0,119.0,0.9090909090909091,0.6644545454545454
S2324-G0122,3,HOU,25.0,22,0,128.0,1.0869565217391304,0.7801739130434782
S2324-G0122,4,CHA,41.0,26,0,119.0,1.5185185185185186,1.0301111111111112
S2324-G0122,4,HOU,42.0,23,0,128.0,1.75,1.178
S2324-G0123,1,DEN,21.0,22,0,89.0,0.9130434782608695,0.6368260869565217
S2324-G0123,1,MIN,28.0,25,0,110.0,1.0769230769230769,0.7561538461538461
S2324-G0123,2,DEN,23.0,24,0,89.0,0.92,0.641
S2324-G0123,2,MIN,35.0,24,0,110.0,1.4,0.95
S2324-G0123,3,DEN,28.0,24,0,89.0,1.12,0.761
S2324-G0123,3,MIN,26.0,23,0,110.0,1.0833333333333333,0.7599999999999999
S2324-G0123,4,DEN,17.0,18,0,89.0,0.8947368421052632,0.6258421052631579
S2324-G0123,4,MIN,21.0,16,0,110.0,1.2352941176470589,0.8511764705882353
S2324-G0124,1,CHI,23.0,20,0,105.0,1.0952380952380953,0.7621428571428571
S2324-G0124,1,DAL,26.0,21,0,114.0,1.1818181818181819,0.8230909090909091
S2324-G0124,2,CHI,27.0,19,0,105.0,1.35,0.915
S2324-G0124,2,DAL,23.0,20,0,114.0,1.0952380952380953,0.7711428571428571
S2324-G0124,3,CHI,33.0,27,0,105.0,1.1785714285714286,0.8121428571428572
S2324-G0124,3,DAL,32.0,24,0,114.0,1.28,0.882
S2324-G0124,4,CHI,22.0,24,0,105.0,0.88,0.633
S2324-G0124,4,DAL,33.0,26,0,114.0,1.2222222222222223,0.8473333333333334
S2324-G0125,1,MEM,19.0,22,0,109.0,0.8260869565217391,0.6046521739130435
S2324-G0125,1,UTA,42.0,25,0,133.0,1.6153846153846154,1.1022307692307693
S2324-G0125,2,MEM,27.0,29,0,109.0,0.9,0.649
S2324-G0125,2,UTA,37.0,24,0,133.0,1.48,1.021
S2324-G0125,3,MEM,33.0,25,0,109.0,1.2692307692307692,0.8705384615384615
S2324-G0125,3,UTA,25.0,24,0,133.0,1.0,0.733
S2324-G0125,4,MEM,30.0,24,0,109.0,1.2,0.829
S2324-G0125,4,UTA,29.0,24,0,133.0,1.16,0.829
S2324-G0126,1,GSW,28.0,25,0,102.0,1.0769230769230769,0.7481538461538461
S2324-G0126,1,SAC,31.0,23,0,101.0,1.2916666666666667,0.876
S2324-G0126,2,GSW,28.0,24,0,102.0,1.12,0.774
S2324-G0126,2,SAC,24.0,29,0,101.0,0.8,0.581
S2324-G0126,3,GSW,18.0,20,0,102.0,0.8571428571428571,0.6162857142857142
S2324-G0126,3,SAC,24.0,21,0,101.0,1.0909090909090908,0.7555454545454544
S2324-G0126,4,GSW,28.0,20,0,102.0,1.3333333333333333,0.9019999999999999
S2324-G0126,4,SAC,22.0,20,0,101.0,1.0476190476190477,0.7295714285714285
S2324-G0127,1,LAC,37.0,29,0,125.0,1.2333333333333334,0.865
S2324-G0127,1,LAL,24.0,28,0,130.0,0.8275862068965517,0.626551724137931
S2324-G0127,2,LAC,24.0,25,0,125.0,0.9230769230769231,0.6788461538461539
S2324-G0127,2,LAL,24.0,20,0,130.0,1.1428571428571428,0.8157142857142856
S2324-G0127,3,LAC,24.0,20,0,125.0,1.1428571428571428,0.8107142857142856
S2324-G0127,3,LAL,39.0,23,0,130.0,1.625,1.105
S2324-G0127,4,LAC,32.0,19,0,125.0,1.6,1.085
S2324-G0127,4,LAL,30.0,21,0,130.0,1.3636363636363635,0.9481818181818181
S2324-G0127,5,LAC,8.0,8,0,125.0,0.8888888888888888,0.6583333333333333
S2324-G0127,5,LAL,13.0,10,0,130.0,1.1818181818181819,0.8390909090909091
S2324-G0128,1,PHI,30.0,23,0,114.0,1.25,0.864
S2324-G0128,1,TOR,26.0,23,0,99.0,1.0833333333333333,0.7489999999999999
S2324-G0128,2,PHI,28.0,26,0,114.0,1.037037037037037,0.7362222222222221
S2324-G0128,2,TOR,23.0,24,0,99.0,0.92,0.651
S2324-G0128,3,PHI,32.0,28,0,114.0,1.103448275862069,0.7760689655172414
S2324-G0128,3,TOR,28.0,27,0,99.0,1.0,0.699
S2324-G0128,4,PHI,24.0,22,0,114.0,1.0434782608695652,0.7400869565217391
S2324-G0128,4,TOR,22.0,23,0,99.0,0.9166666666666666,0.6489999999999999
S2324-G0129,1,DET,29.0,24,0,116.0,1.16,0.8119999999999999
S2324-G0129,1,NOP,35.0,23,0,125.0,1.4583333333333333,0.9999999999999999
S2324-G0129,2,DET,20.0,23,0,116.0,0.8333333333333334,0.616
S2324-G0129,2,NOP,37.0,22,0,125.0,1.608695652173913,1.0902173913043478
S2324-G0129,3,DET,34.0,22,0,116.0,1.4782608695652173,1.0029565217391303
S2324-G0129,3,NOP,22.0,21,0,125.0,1.0,0.725
S2324-G0129,4,DET,33.0,23,0,116.0,1.375,0.941
S2324-G0129,4,NOP,31.0,23,0,125.0,1.2916666666666667,0.9
S2324-G0130,1,ORL,30.0,28,0,115.0,1.0344827586206897,0.7356896551724138
S2324-G0130,1,UTA,34.0,26,0,113.0,1.2592592592592593,0.8685555555555555
S2324-G0130,2,ORL,36.0,30,0,115.0,1.1612903225806452,0.8117741935483871
S2324-G0130,2,UTA,24.0,27,0,113.0,0.8571428571428571,0.6272857142857142
S2324-G0130,3,ORL,24.0,25,0,115.0,0.9230769230769231,0.6688461538461539
S2324-G0130,3,UTA,28.0,21,0,113.0,1.2727272727272727,0.8766363636363635
S2324-G0130,4,ORL,25.0,23,0,115.0,1.0416666666666667,0.74
S2324-G0130,4,UTA,27.0,26,0,113.0,1.0,0.713
S2324-G0131,1,PHX,20.0,25,0,121.0,0.7692307692307693,0.5825384615384616
S2324-G0131,1,SAS,39.0,29,0,132.0,1.3,0.912
S2324-G0131,2,PHX,35.0,27,0,121.0,1.25,0.871
S2324-G0131,2,SAS,36.0,26,0,132.0,1.3333333333333333,0.9319999999999999
S2324-G0131,3,PHX,34.0,22,0,121.0,1.4782608695652173,1.0079565217391302
S2324-G0131,3,SAS,28.0,21,0,132.0,1.2727272727272727,0.8956363636363636
S2324-G0131,4,PHX,32.0,21,0,121.0,1.4545454545454546,0.9937272727272727
S2324-G0131,4,SAS,29.0,23,0,132.0,1.2083333333333333,0.857
S2324-G0132,1,PHI,25.0,22,0,112.0,1.0869565217391304,0.7641739130434781
S2324-G0132,1,PHX,24.0,23,0,100.0,1.0,0.7
S2324-G0132,2,PHI,27.0,24,0,112.0,1.08,0.76
S2324-G0132,2,PHX,21.0,22,0,100.0,0.9130434782608695,0.6478260869565217
S2324-G0132,3,PHI,28.0,21,0,112.0,1.2727272727272727,0.8756363636363635
S2324-G0132,3,PHX,30.0,20,0,100.0,1.4285714285714286,0.9571428571428571
S2324-G0132,4,PHI,32.0,26,0,112.0,1.1851851851851851,0.823111111111111
S2324-G0132,4,PHX,25.0,24,0,100.0,1.0,0.7
S2324-G0133,1,CHA,27.0,22,0,125.0,1.173913043478261,0.8293478260869566
S2324-G0133,1,IND,27.0,27,0,124.0,0.9642857142857143,0.7025714285714285
S2324-G0133,2,CHA,27.0,22,0,125.0,1.173913043478261,0.8293478260869566
S2324-G0133,2,IND,19.0,23,0,124.0,0.7916666666666666,0.599
S2324-G0133,3,CHA,38.0,28,0,125.0,1.3103448275862069,0.911206896551724
S2324-G0133,3,IND,50.0,25,0,124.0,1.9230769230769231,1.2778461538461539
S2324-G0133,4,CHA,33.0,22,0,125.0,1.434782608695652,0.9858695652173912
S2324-G0133,4,IND,28.0,21,0,124.0,1.2727272727272727,0.8876363636363636
S2324-G0134,1,LAL,25.0,29,0,101.0,0.8333333333333334,0.601
S2324-G0134,1,ORL,39.0,26,0,120.0,1.4444444444444444,0.9866666666666666
S2324-G0134,2,LAL,26.0,24,0,101.0,1.04,0.725
S2324-G0134,2,ORL,28.0,29,0,120.0,0.9333333333333333,0.6799999999999999
S2324-G0134,3,LAL,29.0,25,0,101.0,1.1153846153846154,0.7702307692307692
S2324-G0134,3,ORL,34.0,26,0,120.0,1.2592592592592593,0.8755555555555555
S2324-G0134,4,LAL,21.0,20,0,101.0,1.0,0.701
S2324-G0134,4,ORL,19.0,20,0,120.0,0.9047619047619048,0.6628571428571428
S2324-G0135,1,ATL,27.0,24,0,123.0,1.08,0.771
S2324-G0135,1,NOP,35.0,28,0,105.0,1.206896551724138,0.8291379310344827
S2324-G0135,2,ATL,26.0,26,0,123.0,0.9629629629629629,0.7007777777777777
S2324-G0135,2,NOP,25.0,21,0,105.0,1.1363636363636365,0.7868181818181819
S2324-G0135,3,ATL,41.0,20,0,123.0,1.9523809523809523,1.2944285714285713
S2324-G0135,3,NOP,23.0,19,0,105.0,1.15,0.7949999999999999
S2324-G0135,4,ATL,29.0,19,0,123.0,1.45,0.993
S2324-G0135,4,NOP,22.0,21,0,105.0,1.0,0.705
S2324-G0136,1,BKN,34.0,22,0,114.0,1.4782608695652173,1.0009565217391303
S2324-G0136,1,BOS,34.0,21,0,124.0,1.5454545454545454,1.0512727272727274
S2324-G0136,2,BKN,24.0,19,0,114.0,1.2,0.834
S2324-G0136,2,BOS,36.0,21,0,124.0,1.6363636363636365,1.1058181818181818
S2324-G0136,3,BKN,30.0,21,0,114.0,1.3636363636363635,0.9321818181818181
S2324-G0136,3,BOS,21.0,21,0,124.0,0.9545454545454546,0.6967272727272728
S2324-G0136,4,BKN,26.0,23,0,114.0,1.0833333333333333,0.7639999999999999
S2324-G0136,4,BOS,33.0,21,0,124.0,1.5,1.024
S2324-G0137,1,HOU,33.0,24,0,107.0,1.32,0.899
S2324-G0137,1,SAC,19.0,22,0,89.0,0.8260869565217391,0.5846521739130435
S2324-G0137,2,HOU,26.0,20,0,107.0,1.2380952380952381,0.8498571428571429
S2324-G0137,2,SAC,34.0,20,0,89.0,1.619047619047619,1.0604285714285715
S2324-G0137,3,HOU,12.0,15,0,107.0,0.75,0.5569999999999999
S2324-G0137,3,SAC,15.0,14,0,89.0,1.0,0.689
S2324-G0137,4,HOU,36.0,17,0,107.0,2.0,1.307
S2324-G0137,4,SAC,21.0,20,0,89.0,1.0,0.689
S2324-G0138,1,MIN,29.0,23,0,123.0,1.2083333333333333,0.848
S2324-G0138,1,UTA,27.0,21,0,95.0,1.2272727272727273,0.8313636363636363
S2324-G0138,2,MIN,26.0,24,0,123.0,1.04,0.747
S2324-G0138,2,UTA,23.0,24,0,95.0,0.92,0.647
S2324-G0138,3,MIN,37.0,20,0,123.0,1.7619047619047619,1.1801428571428572
S2324-G0138,3,UTA,27.0,23,0,95.0,1.125,0.7699999999999999
S2324-G0138,4,MIN,31.0,27,0,123.0,1.1071428571428572,0.7872857142857143
S2324-G0138,4,UTA,18.0,23,0,95.0,0.75,0.5449999999999999
S2324-G0139,1,CHI,22.0,23,0,101.0,0.9166666666666666,0.6509999999999999
S2324-G0139,1,DEN,23.0,23,0,123.0,0.9583333333333334,0.698
S2324-G0139,2,CHI,31.0,25,0,101.0,1.1923076923076923,0.8163846153846154
S2324-G0139,2,DEN,28.0,25,0,123.0,1.0769230769230769,0.7691538461538461
S2324-G0139,3,CHI,21.0,19,0,101.0,1.05,0.731
S2324-G0139,3,DEN,35.0,20,0,123.0,1.6666666666666667,1.123
S2324-G0139,4,CHI,27.0,22,0,101.0,1.173913043478261,0.8053478260869565
S2324-G0139,4,DEN,37.0,20,0,123.0,1.7619047619047619,1.1801428571428572
S2324-G0140,1,DET,27.0,26,0,106.0,1.0,0.706
S2324-G0140,1,PHX,28.0,22,1,120.0,1.2173913043478262,1.1504347826086958
S2324-G0140,2,DET,22.0,23,0,106.0,0.9166666666666666,0.6559999999999999
S2324-G0140,2,PHX,30.0,23,1,120.0,1.25,1.17
S2324-G0140,3,DET,31.0,23,0,106.0,1.2916666666666667,0.881
S2324-G0140,3,PHX,34.0,23,1,120.0,1.4166666666666667,1.27
S2324-G0140,4,DET,26.0,23,0,106.0,1.0833333333333333,0.7559999999999999
S2324-G0140,4,PHX,28.0,28,1,120.0,0.9655172413793104,0.9993103448275863
S2324-G0141,1,SAS,26.0,26,0,116.0,0.9629629629629629,0.6937777777777777
S2324-G0141,1,TOR,22.0,28,0,123.0,0.7586206896551724,0.5781724137931035
S2324-G0141,2,SAS,28.0,27,0,116.0,1.0,0.716
S2324-G0141,2,TOR,13.0,25,0,123.0,0.5,0.423
S2324-G0141,3,SAS,32.0,25,0,116.0,1.2307692307692308,0.8544615384615385
S2324-G0141,3,TOR,36.0,24,0,123.0,1.44,0.987
S2324-G0141,4,SAS,24.0,21,0,116.0,1.0909090909090908,0.7705454545454544
S2324-G0141,4,TOR,39.0,19,0,123.0,1.95,1.293
S2324-G0141,5,SAS,6.0,8,0,116.0,0.6666666666666666,0.516
S2324-G0141,5,TOR,13.0,9,0,123.0,1.3,0.903
S2324-G0142,1,CLE,29.0,27,0,115.0,1.0357142857142858,0.7364285714285714
S2324-G0142,1,GSW,30.0,24,0,104.0,1.2,0.824
S2324-G0142,2,CLE,28.0,18,0,115.0,1.4736842105263157,0.9992105263157894
S2324-G0142,2,GSW,15.0,18,0,104.0,0.7894736842105263,0.5776842105263158
S2324-G0142,3,CLE,29.0,24,0,115.0,1.16,0.8109999999999999
S2324-G0142,3,GSW,32.0,27,0,104.0,1.1428571428571428,0.7897142857142856
S2324-G0142,4,CLE,29.0,27,0,115.0,1.0357142857142858,0.7364285714285714
S2324-G0142,4,GSW,27.0,23,0,104.0,1.125,0.7789999999999999
S2324-G0143,1,CHA,31.0,23,0,118.0,1.2916666666666667,0.893
S2324-G0143,1,DAL,26.0,24,0,124.0,1.04,0.748
S2324-G0143,2,CHA,31.0,22,0,118.0,1.3478260869565217,0.926695652173913
S2324-G0143,2,DAL,24.0,19,0,124.0,1.2,0.844
S2324-G0143,3,CHA,22.0,24,0,118.0,0.88,0.646
S2324-G0143,3,DAL,33.0,21,0,124.0,1.5,1.024
S2324-G0143,4,CHA,34.0,29,0,118.0,1.1333333333333333,0.7979999999999999
S2324-G0143,4,DAL,41.0,24,0,124.0,1.64,1.1079999999999999
S2324-G0144,1,MEM,30.0,27,0,112.0,1.0714285714285714,0.7548571428571428
S2324-G0144,1,POR,32.0,25,0,100.0,1.2307692307692308,0.8384615384615385
S2324-G0144,2,MEM,33.0,23,0,112.0,1.375,0.9369999999999999
S2324-G0144,2,POR,23.0,26,0,100.0,0.8518518518518519,0.611111111111111
S2324-G0144,3,MEM,19.0,22,0,112.0,0.8260869565217391,0.6076521739130435
S2324-G0144,3,POR,31.0,25,0,100.0,1.1923076923076923,0.8153846153846154
S2324-G0144,4,MEM,30.0,22,0,112.0,1.3043478260869565,0.8946086956521739
S2324-G0144,4,POR,14.0,26,0,100.0,0.5185185185185185,0.4111111111111111
S2324-G0145,1,DET,26.0,24,0,109.0,1.04,0.733
S2324-G0145,1,GSW,31.0,27,0,120.0,1.1071428571428572,0.7842857142857143
S2324-G0145,2,DET,22.0,19,0,109.0,1.1,0.769
S2324-G0145,2,GSW,25.0,23,0,120.0,1.0416666666666667,0.745
S2324-G0145,3,DET,34.0,28,0,109.0,1.1724137931034482,0.8124482758620689
S2324-G0145,3,GSW,27.0,24,0,120.0,1.08,0.768
S2324-G0145,4,DET,27.0,22,0,109.0,1.173913043478261,0.8133478260869565
S2324-G0145,4,GSW,37.0,23,0,120.0,1.5416666666666667,1.045
S2324-G0146,1,IND,44.0,24,0,152.0,1.76,1.2080000000000002
S2324-G0146,1,SAS,28.0,22,0,111.0,1.2173913043478262,0.8414347826086956
S2324-G0146,2,IND,42.0,27,0,152.0,1.5,1.052
S2324-G0146,2,SAS,33.0,27,0,111.0,1.1785714285714286,0.8181428571428572
S2324-G0146,3,IND,33.0,31,0,152.0,1.03125,0.77075
S2324-G0146,3,SAS,26.0,30,0,111.0,0.8387096774193549,0.6142258064516128
S2324-G0146,4,IND,33.0,22,0,152.0,1.434782608695652,1.0128695652173914
S2324-G0146,4,SAS,24.0,22,0,111.0,1.0434782608695652,0.7370869565217391
S2324-G0147,1,DAL,27.0,29,0,117.0,0.9,0.657
S2324-G0147,1,ORL,33.0,30,0,102.0,1.064516129032258,0.7407096774193548
S2324-G0147,2,DAL,26.0,25,0,117.0,1.0,0.717
S2324-G0147,2,ORL,33.0,27,0,102.0,1.1785714285714286,0.8091428571428572
S2324-G0147,3,DAL,33.0,24,0,117.0,1.32,0.909
S2324-G0147,3,ORL,17.0,23,0,102.0,0.7083333333333334,0.527
S2324-G0147,4,DAL,31.0,21,0,117.0,1.4090909090909092,0.9624545454545455
S2324-G0147,4,ORL,19.0,23,0,102.0,0.7916666666666666,0.577
S2324-G0148,1,PHI,33.0,23,0,146.0,1.375,0.971
S2324-G0148,1,WAS,24.0,23,0,128.0,1.0,0.728
S2324-G0148,2,PHI,42.0,26,0,146.0,1.5555555555555556,1.0793333333333333
S2324-G0148,2,WAS,34.0,29,0,128.0,1.1333333333333333,0.8079999999999999
S2324-G0148,3,PHI,45.0,30,0,146.0,1.4516129032258065,1.016967741935484
S2324-G0148,3,WAS,40.0,29,0,128.0,1.3333333333333333,0.9279999999999999
S2324-G0148,4,PHI,26.0,31,0,146.0,0.8125,0.6335
S2324-G0148,4,WAS,30.0,30,0,128.0,0.967741935483871,0.7086451612903226
S2324-G0149,1,BKN,32.0,21,0,125.0,1.4545454545454546,0.9977272727272727
S2324-G0149,1,MIL,29.0,25,0,129.0,1.1153846153846154,0.7982307692307692
S2324-G0149,2,BKN,35.0,22,0,125.0,1.5217391304347827,1.0380434782608696
S2324-G0149,2,MIL,34.0,25,0,129.0,1.3076923076923077,0.9136153846153846
S2324-G0149,3,BKN,27.0,23,0,125.0,1.125,0.7999999999999999
S2324-G0149,3,MIL,33.0,26,0,129.0,1.2222222222222223,0.8623333333333334
S2324-G0149,4,BKN,31.0,23,0,125.0,1.2916666666666667,0.9
S2324-G0149,4,MIL,33.0,21,0,129.0,1.5,1.029
S2324-G0150,1,LAL,33.0,20,0,107.0,1.5714285714285714,1.0498571428571428
S2324-G0150,1,MIA,33.0,23,0,108.0,1.375,0.9329999999999999
S2324-G0150,2,LAL,26.0,25,0,107.0,1.0,0.707
S2324-G0150,2,MIA,29.0,24,0,108.0,1.16,0.8039999999999999
S2324-G0150,3,LAL,20.0,25,0,107.0,0.7692307692307693,0.5685384615384615
S2324-G0150,3,MIA,28.0,26,0,108.0,1.037037037037037,0.7302222222222221
S2324-G0150,4,LAL,28.0,25,0,107.0,1.0769230769230769,0.7531538461538461
S2324-G0150,4,MIA,18.0,27,0,108.0,0.6428571428571429,0.49371428571428577
S2324-G0151,1,LAC,21.0,16,0,97.0,1.2352941176470589,0.8381764705882353
S2324-G0151,1,NYK,19.0,18,0,111.0,1.0,0.711
S2324-G0151,2,LAC,25.0,28,0,97.0,0.8620689655172413,0.6142413793103447
S2324-G0151,2,NYK,23.0,30,0,111.0,0.7419354838709677,0.5561612903225807
S2324-G0151,3,LAC,30.0,28,0,97.0,1.0344827586206897,0.7176896551724138
S2324-G0151,3,NYK,34.0,27,0,111.0,1.2142857142857142,0.8395714285714285
S2324-G0151,4,LAC,21.0,21,0,97.0,0.9545454545454546,0.6697272727272727
S2324-G0151,4,NYK,35.0,26,0,111.0,1.2962962962962963,0.8887777777777778
S2324-G0152,1,CHI,37.0,23,0,130.0,1.5416666666666667,1.0550000000000002
S2324-G0152,1,UTA,32.0,23,0,113.0,1.3333333333333333,0.9129999999999999
S2324-G0152,2,CHI,29.0,29,0,130.0,0.9666666666666667,0.71
S2324-G0152,2,UTA,20.0,23,0,113.0,0.8333333333333334,0.613
S2324-G0152,3,CHI,32.0,23,0,130.0,1.3333333333333333,0.9299999999999999
S2324-G0152,3,UTA,26.0,23,0,113.0,1.0833333333333333,0.7629999999999999
S2324-G0152,4,CHI,32.0,24,0,130.0,1.28,0.898
S2324-G0152,4,UTA,35.0,24,0,113.0,1.4,0.953
S2324-G0153,1,HOU,32.0,20,0,122.0,1.5238095238095237,1.036285714285714
S2324-G0153,1,SAC,22.0,22,0,97.0,0.9565217391304348,0.6709130434782609
S2324-G0153,2,HOU,35.0,21,0,122.0,1.5909090909090908,1.0765454545454545
S2324-G0153,2,SAC,20.0,20,0,97.0,0.9523809523809523,0.6684285714285714
S2324-G0153,3,HOU,30.0,22,0,122.0,1.3043478260869565,0.9046086956521739
S2324-G0153,3,SAC,18.0,23,0,97.0,0.75,0.5469999999999999
S2324-G0153,4,HOU,25.0,23,0,122.0,1.0416666666666667,0.747
S2324-G0153,4,SAC,37.0,24,0,97.0,1.48,0.985
S2324-G0154,1,BOS,26.0,30,0,109.0,0.8387096774193549,0.6122258064516128
S2324-G0154,1,MIN,29.0,26,0,114.0,1.0740740740740742,0.7584444444444445
S2324-G0154,2,BOS,29.0,26,0,109.0,1.0740740740740742,0.7534444444444445
S2324-G0154,2,MIN,23.0,25,0,114.0,0.8846153846153846,0.6447692307692308
S2324-G0154,3,BOS,19.0,22,0,109.0,0.8260869565217391,0.6046521739130435
S2324-G0154,3,MIN,27.0,20,0,114.0,1.2857142857142858,0.8854285714285715
S2324-G0154,4,BOS,27.0,22,0,109.0,1.173913043478261,0.8133478260869565
S2324-G0154,4,MIN,22.0,23,0,114.0,0.9166666666666666,0.6639999999999999
S2324-G0154,5,BOS,8.0,12,0,109.0,0.6153846153846154,0.47823076923076924
S2324-G0154,5,MIN,13.0,10,0,114.0,1.1818181818181819,0.8230909090909091
S2324-G0155,1,ATL,28.0,24,0,117.0,1.12,0.789
S2324-G0155,1,OKC,29.0,23,0,126.0,1.2083333333333333,0.851
S2324-G0155,2,ATL,22.0,20,0,117.0,1.0476190476190477,0.7455714285714286
S2324-G0155,2,OKC,29.0,21,0,126.0,1.3181818181818181,0.9169090909090909
S2324-G0155,3,ATL,27.0,29,0,117.0,0.9,0.657
S2324-G0155,3,OKC,38.0,28,0,126.0,1.3103448275862069,0.912206896551724
S2324-G0155,4,ATL,40.0,25,0,117.0,1.5384615384615385,1.0400769230769231
S2324-G0155,4,OKC,30.0,21,0,126.0,1.3636363636363635,0.9441818181818181
S2324-G0156,1,DEN,25.0,21,0,134.0,1.1363636363636365,0.8158181818181819
S2324-G0156,1,NOP,27.0,18,0,116.0,1.4210526315789473,0.9686315789473684
S2324-G0156,2,DEN,34.0,28,0,134.0,1.1724137931034482,0.8374482758620689
S2324-G0156,2,NOP,44.0,24,0,116.0,1.76,1.1720000000000002
S2324-G0156,3,DEN,40.0,24,0,134.0,1.6,1.0939999999999999
S2324-G0156,3,NOP,21.0,26,0,116.0,0.7777777777777778,0.5826666666666667
S2324-G0156,4,DEN,35.0,26,0,134.0,1.2962962962962963,0.9117777777777778
S2324-G0156,4,NOP,24.0,26,0,116.0,0.8888888888888888,0.6493333333333333
S2324-G0157,1,CHA,29.0,22,0,116.0,1.2608695652173914,0.8725217391304347
S2324-G0157,1,WAS,24.0,21,0,132.0,1.0909090909090908,0.7865454545454544
S2324-G0157,2,CHA,17.0,23,0,116.0,0.7083333333333334,0.5409999999999999
S2324-G0157,2,WAS,41.0,22,0,132.0,1.7826086956521738,1.201565217391304
S2324-G0157,3,CHA,38.0,29,0,116.0,1.2666666666666666,0.8759999999999999
S2324-G0157,3,WAS,38.0,27,0,132.0,1.3571428571428572,0.9462857142857143
S2324-G0157,4,CHA,32.0,29,0,116.0,1.0666666666666667,0.756
S2324-G0157,4,WAS,29.0,27,0,132.0,1.0357142857142858,0.7534285714285714
S2324-G0158,1,IND,29.0,30,0,134.0,0.9354838709677419,0.6952903225806452
S2324-G0158,1,UTA,29.0,32,0,118.0,0.8787878787878788,0.6452727272727272
S2324-G0158,2,IND,38.0,26,0,134.0,1.4074074074074074,0.9784444444444444
S2324-G0158,2,UTA,31.0,27,0,118.0,1.1071428571428572,0.7822857142857143
S2324-G0158,3,IND,34.0,29,0,134.0,1.1333333333333333,0.814
S2324-G0158,3,UTA,38.0,28,0,118.0,1.3103448275862069,0.904206896551724
S2324-G0158,4,IND,33.0,26,0,134.0,1.2222222222222223,0.8673333333333334
S2324-G0158,4,UTA,20.0,24,0,118.0,0.8,0.598
S2324-G0159,1,BOS,27.0,21,0,103.0,1.2272727272727273,0.8393636363636363
S2324-G0159,1,PHI,22.0,19,0,106.0,1.1,0.766
S2324-G0159,2,BOS,27.0,26,0,103.0,1.0,0.703
S2324-G0159,2,PHI,39.0,27,0,106.0,1.3928571428571428,0.9417142857142856
S2324-G0159,3,BOS,17.0,18,0,103.0,0.8947368421052632,0.6398421052631579
S2324-G0159,3,PHI,20.0,17,0,106.0,1.1111111111111112,0.7726666666666666
S2324-G0159,4,BOS,32.0,26,0,103.0,1.1851851851851851,0.814111111111111
S2324-G0159,4,PHI,25.0,26,0,106.0,0.9259259259259259,0.6615555555555556
S2324-G0160,1,BKN,13.0,22,0,100.0,0.5652173913043478,0.4391304347826087
S2324-G0160,1,LAC,21.0,21,0,93.0,0.9545454545454546,0.6657272727272727
S2324-G0160,2,BKN,33.0,27,0,100.0,1.1785714285714286,0.8071428571428572
S2324-G0160,2,LAC,28.0,24,0,93.0,1.12,0.765
S2324-G0160,3,BKN,27.0,19,0,100.0,1.35,0.91
S2324-G0160,3,LAC,22.0,16,0,93.0,1.2941176470588236,0.8694705882352941
S2324-G0160,4,BKN,27.0,30,0,100.0,0.8709677419354839,0.6225806451612903
S2324-G0160,4,LAC,22.0,27,0,93.0,0.7857142857142857,0.5644285714285714
S2324-G0161,1,NYK,33.0,20,0,126.0,1.5714285714285714,1.068857142857143
S2324-G0161,1,SAS,16.0,22,0,105.0,0.6956521739130435,0.5223913043478261
S2324-G0161,2,NYK,32.0,28,0,126.0,1.103448275862069,0.7880689655172414
S2324-G0161,2,SAS,35.0,25,0,105.0,1.3461538461538463,0.9126923076923077
S2324-G0161,3,NYK,34.0,19,0,126.0,1.7,1.146
S2324-G0161,3,SAS,21.0,19,0,105.0,1.05,0.735
S2324-G0161,4,NYK,27.0,25,0,126.0,1.0384615384615385,0.7490769230769231
S2324-G0161,4,SAS,33.0,25,0,105.0,1.2692307692307692,0.8665384615384615
S2324-G0162,1,CHI,28.0,20,0,115.0,1.3333333333333333,0.9149999999999999
S2324-G0162,1,PHX,36.0,20,0,116.0,1.7142857142857142,1.1445714285714286
S2324-G0162,2,CHI,29.0,23,0,115.0,1.2083333333333333,0.84
S2324-G0162,2,PHX,21.0,25,0,116.0,0.8076923076923077,0.6006153846153846
S2324-G0162,3,CHI,27.0,27,0,115.0,0.9642857142857143,0.6935714285714285
S2324-G0162,3,PHX,31.0,26,0,116.0,1.1481481481481481,0.8048888888888889
S2324-G0162,4,CHI,23.0,20,0,115.0,1.0952380952380953,0.7721428571428571
S2324-G0162,4,PHX,19.0,22,0,116.0,0.8260869565217391,0.6116521739130434
S2324-G0162,5,CHI,8.0,12,0,115.0,0.6153846153846154,0.48423076923076924
S2324-G0162,5,PHX,9.0,8,0,116.0,1.0,0.716
S2324-G0163,1,HOU,32.0,24,0,128.0,1.28,0.896
S2324-G0163,1,LAL,19.0,20,0,94.0,0.9047619047619048,0.6368571428571428
S2324-G0163,2,HOU,34.0,25,0,128.0,1.3076923076923077,0.9126153846153846
S2324-G0163,2,LAL,26.0,26,0,94.0,0.9629629629629629,0.6717777777777777
S2324-G0163,3,HOU,33.0,21,0,128.0,1.5,1.028
S2324-G0163,3,LAL,26.0,25,0,94.0,1.0,0.694
S2324-G0163,4,HOU,29.0,22,0,128.0,1.2608695652173914,0.8845217391304347
S2324-G0163,4,LAL,23.0,22,0,94.0,1.0,0.694
S2324-G0164,1,MEM,26.0,22,0,102.0,1.1304347826086956,0.7802608695652173
S2324-G0164,1,MIA,33.0,21,0,108.0,1.5,1.008
S2324-G0164,2,MEM,20.0,19,0,102.0,1.0,0.702
S2324-G0164,2,MIA,21.0,23,0,108.0,0.875,0.633
S2324-G0164,3,MEM,30.0,27,0,102.0,1.0714285714285714,0.7448571428571428
S2324-G0164,3,MIA,23.0,28,0,108.0,0.7931034482758621,0.5838620689655173
S2324-G0164,4,MEM,26.0,20,0,102.0,1.2380952380952381,0.8448571428571429
S2324-G0164,4,MIA,31.0,18,0,108.0,1.631578947368421,1.0869473684210527
S2324-G0165,1,DET,23.0,20,0,118.0,1.0952380952380953,0.7751428571428571
S2324-G0165,1,MIL,24.0,20,0,120.0,1.1428571428571428,0.8057142857142856
S2324-G0165,2,DET,29.0,26,0,118.0,1.0740740740740742,0.7624444444444445
S2324-G0165,2,MIL,38.0,26,0,120.0,1.4074074074074074,0.9644444444444444
S2324-G0165,3,DET,43.0,25,0,118.0,1.6538461538461537,1.1103076923076922
S2324-G0165,3,MIL,28.0,27,0,120.0,1.0,0.72
S2324-G0165,4,DET,23.0,27,0,118.0,0.8214285714285714,0.6108571428571428
S2324-G0165,4,MIL,30.0,24,0,120.0,1.2,0.84
S2324-G0166,1,MIN,28.0,24,0,122.0,1.12,0.794
S2324-G0166,1,NOP,24.0,25,0,101.0,0.9230769230769231,0.6548461538461539
S2324-G0166,2,MIN,44.0,27,0,122.0,1.5714285714285714,1.064857142857143
S2324-G0166,2,NOP,20.0,23,0,101.0,0.8333333333333334,0.601
S2324-G0166,3,MIN,25.0,26,0,122.0,0.9259259259259259,0.6775555555555556
S2324-G0166,3,NOP,24.0,24,0,101.0,0.96,0.6769999999999999
S2324-G0166,4,MIN,25.0,20,0,122.0,1.1904761904761905,0.8362857142857143
S2324-G0166,4,NOP,33.0,21,0,101.0,1.5,1.001
S2324-G0167,1,CLE,29.0,29,0,120.0,0.9666666666666667,0.7
S2324-G0167,1,OKC,36.0,31,0,128.0,1.125,0.8029999999999999
S2324-G0167,2,CLE,28.0,24,0,120.0,1.12,0.792
S2324-G0167,2,OKC,34.0,22,0,128.0,1.4782608695652173,1.0149565217391303
S2324-G0167,3,CLE,30.0,23,0,120.0,1.25,0.87
S2324-G0167,3,OKC,29.0,22,0,128.0,1.2608695652173914,0.8845217391304347
S2324-G0167,4,CLE,33.0,23,0,120.0,1.375,0.945
S2324-G0167,4,OKC,29.0,25,0,128.0,1.1153846153846154,0.7972307692307692
S2324-G0168,1,DAL,33.0,28,0,116.0,1.1379310344827587,0.7987586206896552
S2324-G0168,1,TOR,27.0,28,0,127.0,0.9310344827586207,0.6856206896551724
S2324-G0168,2,DAL,25.0,27,0,116.0,0.8928571428571429,0.6517142857142857
S2324-G0168,2,TOR,35.0,27,0,127.0,1.25,0.877
S2324-G0168,3,DAL,30.0,27,0,116.0,1.0714285714285714,0.7588571428571428
S2324-G0168,3,TOR,37.0,29,0,127.0,1.2333333333333334,0.867
S2324-G0168,4,DAL,28.0,18,0,116.0,1.4736842105263157,1.0002105263157894
S2324-G0168,4,TOR,28.0,17,0,127.0,1.5555555555555556,1.0603333333333333
S2324-G0169,1,DEN,26.0,18,0,108.0,1.368421052631579,0.9290526315789474
S2324-G0169,1,GSW,21.0,18,0,105.0,1.105263157894737,0.7681578947368422
S2324-G0169,2,DEN,27.0,19,0,108.0,1.35,0.918
S2324-G0169,2,GSW,26.0,19,0,105.0,1.3,0.885
S2324-G0169,3,DEN,23.0,18,0,108.0,1.2105263157894737,0.8343157894736841
S2324-G0169,3,GSW,31.0,17,0,105.0,1.7222222222222223,1.1383333333333334
S2324-G0169,4,DEN,32.0,23,0,108.0,1.3333333333333333,0.9079999999999999
S2324-G0169,4,GSW,27.0,23,0,105.0,1.125,0.7799999999999999
S2324-G0170,1,POR,29.0,27,0,118.0,1.0357142857142858,0.7394285714285714
S2324-G0170,1,SAC,34.0,25,0,121.0,1.3076923076923077,0.9056153846153846
S2324-G0170,2,POR,31.0,24,0,118.0,1.24,0.862
S2324-G0170,2,SAC,22.0,21,0,121.0,1.0,0.721
S2324-G0170,3,POR,24.0,26,0,118.0,0.8888888888888888,0.6513333333333333
S2324-G0170,3,SAC,29.0,25,0,121.0,1.1153846153846154,0.7902307692307692
S2324-G0170,4,POR,27.0,27,0,118.0,0.9642857142857143,0.6965714285714285
S2324-G0170,4,SAC,26.0,27,0,121.0,0.9285714285714286,0.6781428571428572
S2324-G0170,5,POR,7.0,10,0,118.0,0.6363636363636364,0.4998181818181818
S2324-G0170,5,SAC,10.0,8,0,121.0,1.1111111111111112,0.7876666666666666
S2324-G0171,1,IND,38.0,27,0,126.0,1.3571428571428572,0.9402857142857143
S2324-G0171,1,MIL,24.0,24,0,124.0,0.96,0.7
S2324-G0171,2,IND,28.0,22,0,126.0,1.2173913043478262,0.8564347826086957
S2324-G0171,2,MIL,36.0,25,0,124.0,1.3846153846153846,0.9547692307692307
S2324-G0171,3,IND,27.0,26,0,126.0,1.0,0.726
S2324-G0171,3,MIL,34.0,25,0,124.0,1.3076923076923077,0.9086153846153846
S2324-G0171,4,IND,33.0,25,0,126.0,1.2692307692307692,0.8875384615384615
S2324-G0171,4,MIL,30.0,28,0,124.0,1.0344827586206897,0.7446896551724138
S2324-G0172,1,ATL,34.0,31,0,120.0,1.0625,0.7575
S2324-G0172,1,ORL,34.0,37,0,119.0,0.8947368421052632,0.6558421052631579
S2324-G0172,2,ATL,39.0,27,0,120.0,1.3928571428571428,0.9557142857142856
S2324-G0172,2,ORL,35.0,27,0,119.0,1.25,0.869
S2324-G0172,3,ATL,20.0,20,0,120.0,0.9523809523809523,0.6914285714285714
S2324-G0172,3,ORL,29.0,19,0,119.0,1.45,0.989
S2324-G0172,4,ATL,27.0,23,0,120.0,1.125,0.7949999999999999
S2324-G0172,4,ORL,21.0,21,0,119.0,0.9545454545454546,0.6917272727272727
S2324-G0173,1,MIL,25.0,20,0,97.0,1.1904761904761905,0.8112857142857143
S2324-G0173,1,ORL,29.0,22,0,112.0,1.2608695652173914,0.8685217391304347
S2324-G0173,2,MIL,24.0,24,0,97.0,0.96,0.6729999999999999
S2324-G0173,2,ORL,36.0,27,0,112.0,1.2857142857142858,0.8834285714285715
S2324-G0173,3,MIL,23.0,20,0,97.0,1.0952380952380953,0.7541428571428571
S2324-G0173,3,ORL,23.0,21,0,112.0,1.0454545454545454,0.7392727272727272
S2324-G0173,4,MIL,25.0,22,0,97.0,1.0869565217391304,0.7491739130434781
S2324-G0173,4,ORL,24.0,21,0,112.0,1.0909090909090908,0.7665454545454544
S2324-G0174,1,BOS,30.0,21,0,117.0,1.3636363636363635,0.9351818181818181
S2324-G0174,1,TOR,26.0,24,0,94.0,1.04,0.718
S2324-G0174,2,BOS,25.0,22,0,117.0,1.0869565217391304,0.7691739130434782
S2324-G0174,2,TOR,20.0,22,0,94.0,0.8695652173913043,0.6157391304347826
S2324-G0174,3,BOS,33.0,22,0,117.0,1.434782608695652,0.9778695652173912
S2324-G0174,3,TOR,25.0,24,0,94.0,1.0,0.694
S2324-G0174,4,BOS,29.0,19,0,117.0,1.45,0.987
S2324-G0174,4,TOR,23.0,21,0,94.0,1.0454545454545454,0.7212727272727272
S2324-G0175,1,ATL,24.0,22,0,109.0,1.0434782608695652,0.735086956521739
S2324-G0175,1,MIA,41.0,21,0,117.0,1.8636363636363635,1.2351818181818182
S2324-G0175,2,ATL,28.0,25,0,109.0,1.0769230769230769,0.7551538461538461
S2324-G0175,2,MIA,22.0,27,0,117.0,0.7857142857142857,0.5884285714285714
S2324-G0175,3,ATL,30.0,26,0,109.0,1.1111111111111112,0.7756666666666666
S2324-G0175,3,MIA,30.0,27,0,117.0,1.0714285714285714,0.7598571428571428
S2324-G0175,4,ATL,27.0,22,0,109.0,1.173913043478261,0.8133478260869565
S2324-G0175,4,MIA,24.0,20,0,117.0,1.1428571428571428,0.8027142857142856
S2324-G0176,1,CLE,30.0,24,0,118.0,1.2,0.838
S2324-G0176,1,GSW,31.0,26,0,110.0,1.1481481481481481,0.7988888888888889
S2324-G0176,2,CLE,38.0,20,0,118.0,1.8095238095238095,1.2037142857142857
S2324-G0176,2,GSW,21.0,19,0,110.0,1.05,0.74
S2324-G0176,3,CLE,16.0,24,0,118.0,0.64,0.502
S2324-G0176,3,GSW,31.0,23,0,110.0,1.2916666666666667,0.885
S2324-G0176,4,CLE,34.0,26,0,118.0,1.2592592592592593,0.8735555555555555
S2324-G0176,4,GSW,27.0,23,0,110.0,1.125,0.7849999999999999
S2324-G0177,1,CHA,25.0,22,0,107.0,1.0869565217391304,0.7591739130434781
S2324-G0177,1,NYK,32.0,25,0,129.0,1.2307692307692308,0.8674615384615385
S2324-G0177,2,CHA,29.0,24,0,107.0,1.16,0.8029999999999999
S2324-G0177,2,NYK,32.0,24,0,129.0,1.28,0.897
S2324-G0177,3,CHA,25.0,25,0,107.0,0.9615384615384616,0.6839230769230769
S2324-G0177,3,NYK,35.0,24,0,129.0,1.4,0.969
S2324-G0177,4,CHA,28.0,25,0,107.0,1.0769230769230769,0.7531538461538461
S2324-G0177,4,NYK,30.0,21,0,129.0,1.3636363636363635,0.9471818181818181
S2324-G0178,1,BKN,30.0,20,0,102.0,1.4285714285714286,0.9591428571428571
S2324-G0178,1,WAS,15.0,20,0,94.0,0.7142857142857143,0.5225714285714286
S2324-G0178,2,BKN,19.0,21,0,102.0,0.8636363636363636,0.6201818181818182
S2324-G0178,2,WAS,26.0,22,0,94.0,1.1304347826086956,0.7722608695652173
S2324-G0178,3,BKN,29.0,21,0,102.0,1.3181818181818181,0.8929090909090909
S2324-G0178,3,WAS,31.0,23,0,94.0,1.2916666666666667,0.869
S2324-G0178,4,BKN,24.0,26,0,102.0,0.8888888888888888,0.6353333333333333
S2324-G0178,4,WAS,22.0,23,0,94.0,0.9166666666666666,0.6439999999999999
S2324-G0179,1,LAC,20.0,29,0,101.0,0.6666666666666666,0.501
S2324-G0179,1,MEM,33.0,28,0,105.0,1.1379310344827587,0.7877586206896552
S2324-G0179,2,LAC,25.0,20,0,101.0,1.1904761904761905,0.8152857142857143
S2324-G0179,2,MEM,19.0,20,0,105.0,0.9047619047619048,0.6478571428571428
S2324-G0179,3,LAC,23.0,24,0,101.0,0.92,0.653
S2324-G0179,3,MEM,27.0,21,0,105.0,1.2272727272727273,0.8413636363636363
S2324-G0179,4,LAC,33.0,20,0,101.0,1.5714285714285714,1.0438571428571428
S2324-G0179,4,MEM,26.0,20,0,105.0,1.2380952380952381,0.8478571428571429
S2324-G0180,1,IND,27.0,24,0,126.0,1.08,0.774
S2324-G0180,1,PHI,38.0,25,0,137.0,1.4615384615384615,1.013923076923077
S2324-G0180,2,IND,33.0,25,0,126.0,1.2692307692307692,0.8875384615384615
S2324-G0180,2,PHI,31.0,24,0,137.0,1.24,0.881
S2324-G0180,3,IND,39.0,22,0,126.0,1.6956521739130435,1.1433913043478259
S2324-G0180,3,PHI,31.0,27,0,137.0,1.1071428571428572,0.8012857142857143
S2324-G0180,4,IND,27.0,24,0,126.0,1.08,0.774
S2324-G0180,4,PHI,37.0,23,0,137.0,1.5416666666666667,1.062
S2324-G0181,1,CHI,22.0,24,0,119.0,0.88,0.647
S2324-G0181,1,DET,31.0,24,0,108.0,1.24,0.852
S2324-G0181,2,CHI,33.0,26,0,119.0,1.2222222222222223,0.8523333333333334
S2324-G0181,2,DET,19.0,21,0,108.0,0.8636363636363636,0.6261818181818182
S2324-G0181,3,CHI,29.0,18,0,119.0,1.5263157894736843,1.0347894736842105
S2324-G0181,3,DET,31.0,21,0,108.0,1.4090909090909092,0.9534545454545454
S2324-G0181,4,CHI,35.0,21,0,119.0,1.5909090909090908,1.0735454545454544
S2324-G0181,4,DET,27.0,23,0,108.0,1.125,0.7829999999999999
S2324-G0182,1,DEN,30.0,23,0,104.0,1.25,0.854
S2324-G0182,1,HOU,23.0,25,0,107.0,0.8846153846153846,0.6377692307692308
S2324-G0182,2,DEN,20.0,22,0,104.0,0.8695652173913043,0.6257391304347826
S2324-G0182,2,HOU,23.0,21,0,107.0,1.0454545454545454,0.7342727272727272
S2324-G0182,3,DEN,26.0,22,0,104.0,1.1304347826086956,0.7822608695652173
S2324-G0182,3,HOU,28.0,22,0,107.0,1.2173913043478262,0.8374347826086956
S2324-G0182,4,DEN,28.0,20,0,104.0,1.3333333333333333,0.9039999999999999
S2324-G0182,4,HOU,33.0,18,0,107.0,1.736842105263158,1.1491052631578946
S2324-G0183,1,DAL,34.0,20,0,136.0,1.619047619047619,1.1074285714285714
S2324-G0183,1,NOP,27.0,20,0,124.0,1.2857142857142858,0.8954285714285715
S2324-G0183,2,DAL,33.0,31,0,136.0,1.03125,0.75475
S2324-G0183,2,NOP,27.0,31,0,124.0,0.84375,0.63025
S2324-G0183,3,DAL,42.0,24,0,136.0,1.68,1.1440000000000001
S2324-G0183,3,NOP,31.0,24,0,124.0,1.24,0.868
S2324-G0183,4,DAL,27.0,27,0,136.0,0.9642857142857143,0.7145714285714285
S2324-G0183,4,NOP,39.0,23,0,124.0,1.625,1.099
S2324-G0184,1,MIA,15.0,21,0,118.0,0.6818181818181818,0.527090909090909
S2324-G0184,1,SAS,29.0,22,0,113.0,1.2608695652173914,0.8695217391304347
S2324-G0184,2,MIA,35.0,22,0,118.0,1.5217391304347827,1.0310434782608695
S2324-G0184,2,SAS,24.0,23,0,113.0,1.0,0.713
S2324-G0184,3,MIA,32.0,19,0,118.0,1.6,1.0779999999999998
S2324-G0184,3,SAS,31.0,21,0,113.0,1.4090909090909092,0.9584545454545454
S2324-G0184,4,MIA,36.0,25,0,118.0,1.3846153846153846,0.9487692307692307
S2324-G0184,4,SAS,29.0,25,0,113.0,1.1153846153846154,0.7822307692307692
S2324-G0185,1,OKC,29.0,20,0,111.0,1.380952380952381,0.9395714285714285
S2324-G0185,1,PHX,29.0,22,0,99.0,1.2608695652173914,0.8555217391304347
S2324-G0185,2,OKC,25.0,20,0,111.0,1.1904761904761905,0.8252857142857143
S2324-G0185,2,PHX,30.0,23,0,99.0,1.25,0.849
S2324-G0185,3,OKC,26.0,24,0,111.0,1.04,0.735
S2324-G0185,3,PHX,27.0,22,0,99.0,1.173913043478261,0.8033478260869565
S2324-G0185,4,OKC,31.0,17,0,111.0,1.7222222222222223,1.1443333333333334
S2324-G0185,4,PHX,13.0,16,0,99.0,0.7647058823529411,0.5578235294117646
S2324-G0186,1,GSW,31.0,27,0,110.0,1.1071428571428572,0.7742857142857142
S2324-G0186,1,MIN,29.0,25,0,116.0,1.1153846153846154,0.7852307692307692
S2324-G0186,2,GSW,20.0,22,0,110.0,0.8695652173913043,0.6317391304347826
S2324-G0186,2,MIN,25.0,21,0,116.0,1.1363636363636365,0.7978181818181819
S2324-G0186,3,GSW,22.0,22,0,110.0,0.9565217391304348,0.6839130434782609
S2324-G0186,3,MIN,35.0,19,0,116.0,1.75,1.166
S2324-G0186,4,GSW,37.0,22,0,110.0,1.608695652173913,1.075217391304348
S2324-G0186,4,MIN,27.0,24,0,116.0,1.08,0.764
S2324-G0187,1,LAL,31.0,24,0,116.0,1.24,0.86
S2324-G0187,1,POR,28.0,21,0,110.0,1.2727272727272727,0.8736363636363635
S2324-G0187,2,LAL,25.0,23,0,116.0,1.0416666666666667,0.741
S2324-G0187,2,POR,29.0,21,0,110.0,1.3181818181818181,0.9009090909090909
S2324-G0187,3,LAL,35.0,23,0,116.0,1.4583333333333333,0.9909999999999999
S2324-G0187,3,POR,23.0,24,0,110.0,0.92,0.662
S2324-G0187,4,LAL,25.0,23,0,116.0,1.0416666666666667,0.741
S2324-G0187,4,POR,30.0,21,0,110.0,1.3636363636363635,0.9281818181818181
S2324-G0188,1,BOS,25.0,23,0,114.0,1.0416666666666667,0.739
S2324-G0188,1,NYK,24.0,20,0,98.0,1.1428571428571428,0.7837142857142856
S2324-G0188,2,BOS,27.0,17,0,114.0,1.5,1.0139999999999998
S2324-G0188,2,NYK,29.0,21,0,98.0,1.3181818181818181,0.8889090909090909
S2324-G0188,3,BOS,32.0,23,0,114.0,1.3333333333333333,0.9139999999999999
S2324-G0188,3,NYK,23.0,19,0,98.0,1.15,0.7879999999999999
S2324-G0188,4,BOS,30.0,17,0,114.0,1.6666666666666667,1.1139999999999999
S2324-G0188,4,NYK,22.0,19,0,98.0,1.1,0.758
S2324-G0189,1,TOR,25.0,28,0,111.0,0.8620689655172413,0.6282413793103447
S2324-G0189,1,WAS,32.0,26,0,107.0,1.1851851851851851,0.818111111111111
S2324-G0189,2,TOR,20.0,26,0,111.0,0.7407407407407407,0.5554444444444444
S2324-G0189,2,WAS,32.0,26,0,107.0,1.1851851851851851,0.818111111111111
S2324-G0189,3,TOR,36.0,27,0,111.0,1.2857142857142858,0.8824285714285715
S2324-G0189,3,WAS,27.0,27,0,107.0,0.9642857142857143,0.6855714285714285
S2324-G0189,4,TOR,30.0,27,0,111.0,1.0714285714285714,0.7538571428571428
S2324-G0189,4,WAS,16.0,27,0,107.0,0.5714285714285714,0.44985714285714284
S2324-G0190,1,CHI,18.0,22,0,109.0,0.782608695652174,0.5785652173913044
S2324-G0190,1,MIL,35.0,24,0,118.0,1.4,0.958
S2324-G0190,2,CHI,31.0,21,0,109.0,1.4090909090909092,0.9544545454545454
S2324-G0190,2,MIL,24.0,24,0,118.0,0.96,0.694
S2324-G0190,3,CHI,25.0,19,0,109.0,1.25,0.859
S2324-G0190,3,MIL,24.0,16,0,118.0,1.411764705882353,0.9650588235294117
S2324-G0190,4,CHI,35.0,26,0,109.0,1.2962962962962963,0.8867777777777778
S2324-G0190,4,MIL,35.0,25,0,118.0,1.3461538461538463,0.9256923076923077
S2324-G0191,1,CLE,25.0,24,0,120.0,1.0,0.72
S2324-G0191,1,SAC,33.0,26,0,132.0,1.2222222222222223,0.8653333333333334
S2324-G0191,2,CLE,35.0,22,0,120.0,1.5217391304347827,1.0330434782608697
S2324-G0191,2,SAC,35.0,25,0,132.0,1.3461538461538463,0.9396923076923077
S2324-G0191,3,CLE,29.0,23,0,120.0,1.2083333333333333,0.845
S2324-G0191,3,SAC,42.0,20,0,132.0,2.0,1.3319999999999999
S2324-G0191,4,CLE,31.0,26,0,120.0,1.1481481481481481,0.8088888888888889
S2324-G0191,4,SAC,22.0,21,0,132.0,1.0,0.732
S2324-G0192,1,DAL,41.0,22,0,130.0,1.7826086956521738,1.1995652173913043
S2324-G0192,1,WAS,26.0,23,0,117.0,1.0833333333333333,0.7669999999999999
S2324-G0192,2,DAL,30.0,22,0,130.0,1.3043478260869565,0.912608695652174
S2324-G0192,2,WAS,25.0,24,0,117.0,1.0,0.717
S2324-G0192,3,DAL,33.0,26,0,130.0,1.2222222222222223,0.8633333333333334
S2324-G0192,3,WAS,32.0,25,0,117.0,1.2307692307692308,0.8554615384615385
S2324-G0192,4,DAL,26.0,23,0,130.0,1.0833333333333333,0.7799999999999999
S2324-G0192,4,WAS,34.0,22,0,117.0,1.4782608695652173,1.0039565217391302
S2324-G0193,1,ATL,22.0,22,0,114.0,0.9565217391304348,0.6879130434782609
S2324-G0193,1,NYK,33.0,21,0,116.0,1.5,1.016
S2324-G0193,2,ATL,34.0,25,0,114.0,1.3076923076923077,0.8986153846153846
S2324-G0193,2,NYK,24.0,24,0,116.0,0.96,0.692
S2324-G0193,3,ATL,25.0,28,0,114.0,0.8620689655172413,0.6312413793103447
S2324-G0193,3,NYK,30.0,29,0,116.0,1.0,0.716
S2324-G0193,4,ATL,33.0,22,0,114.0,1.434782608695652,0.9748695652173912
S2324-G0193,4,NYK,29.0,23,0,116.0,1.2083333333333333,0.841
S2324-G0194,1,BOS,37.0,19,0,117.0,1.85,1.227
S2324-G0194,1,PHI,22.0,23,0,107.0,0.9166666666666666,0.6569999999999999
S2324-G0194,2,BOS,20.0,24,0,117.0,0.8,0.597
S2324-G0194,2,PHI,36.0,24,0,107.0,1.44,0.971
S2324-G0194,3,BOS,26.0,16,0,117.0,1.5294117647058822,1.0346470588235293
S2324-G0194,3,PHI,17.0,14,0,107.0,1.1333333333333333,0.7869999999999999
S2324-G0194,4,BOS,34.0,22,0,117.0,1.4782608695652173,1.0039565217391302
S2324-G0194,4,PHI,32.0,22,0,107.0,1.391304347826087,0.9417826086956521
S2324-G0195,1,MIL,36.0,27,0,128.0,1.2857142857142858,0.8994285714285715
S2324-G0195,1,TOR,21.0,30,0,112.0,0.6774193548387096,0.5184516129032258
S2324-G0195,2,MIL,34.0,23,0,128.0,1.4166666666666667,0.978
S2324-G0195,2,TOR,26.0,22,0,112.0,1.1304347826086956,0.7902608695652173
S2324-G0195,3,MIL,30.0,18,0,128.0,1.5789473684210527,1.0753684210526315
S2324-G0195,3,TOR,32.0,19,0,112.0,1.6,1.072
S2324-G0195,4,MIL,28.0,22,0,128.0,1.2173913043478262,0.8584347826086957
S2324-G0195,4,TOR,33.0,25,0,112.0,1.2692307692307692,0.8735384615384615
S2324-G0196,1,CHI,21.0,23,0,94.0,0.875,0.619
S2324-G0196,1,ORL,21.0,18,0,96.0,1.105263157894737,0.7591578947368421
S2324-G0196,2,CHI,12.0,21,0,94.0,0.5454545454545454,0.42127272727272724
S2324-G0196,2,ORL,29.0,24,0,96.0,1.16,0.7919999999999999
S2324-G0196,3,CHI,31.0,22,0,94.0,1.3478260869565217,0.902695652173913
S2324-G0196,3,ORL,23.0,21,0,96.0,1.0454545454545454,0.7232727272727272
S2324-G0196,4,CHI,30.0,25,0,94.0,1.1538461538461537,0.7863076923076922
S2324-G0196,4,ORL,23.0,25,0,96.0,0.8846153846153846,0.6267692307692307
S2324-G0197,1,MIN,29.0,21,0,115.0,1.3181818181818181,0.9059090909090909
S2324-G0197,1,PHX,35.0,20,0,133.0,1.6666666666666667,1.133
S2324-G0197,2,MIN,25.0,22,0,115.0,1.0869565217391304,0.7671739130434782
S2324-G0197,2,PHX,41.0,23,0,133.0,1.7083333333333333,1.158
S2324-G0197,3,MIN,28.0,25,0,115.0,1.0769230769230769,0.7611538461538461
S2324-G0197,3,PHX,34.0,21,0,133.0,1.5454545454545454,1.0602727272727273
S2324-G0197,4,MIN,33.0,24,0,115.0,1.32,0.907
S2324-G0197,4,PHX,23.0,21,0,133.0,1.0454545454545454,0.7602727272727272
S2324-G0198,1,LAL,25.0,27,0,110.0,0.8928571428571429,0.6457142857142857
S2324-G0198,1,SAC,38.0,25,0,125.0,1.4615384615384615,1.001923076923077
S2324-G0198,2,LAL,34.0,29,0,110.0,1.1333333333333333,0.7899999999999999
S2324-G0198,2,SAC,34.0,31,0,125.0,1.0625,0.7625
S2324-G0198,3,LAL,21.0,23,0,110.0,0.875,0.635
S2324-G0198,3,SAC,32.0,23,0,125.0,1.3333333333333333,0.9249999999999999
S2324-G0198,4,LAL,30.0,30,0,110.0,0.967741935483871,0.6906451612903226
S2324-G0198,4,SAC,21.0,33,0,125.0,0.6176470588235294,0.49558823529411766
S2324-G0199,1,CLE,30.0,19,0,109.0,1.5,1.009
S2324-G0199,1,POR,25.0,23,0,95.0,1.0416666666666667,0.72
S2324-G0199,2,CLE,25.0,22,0,109.0,1.0869565217391304,0.7611739130434781
S2324-G0199,2,POR,22.0,24,0,95.0,0.88,0.623
S2324-G0199,3,CLE,28.0,21,0,109.0,1.2727272727272727,0.8726363636363635
S2324-G0199,3,POR,28.0,22,0,95.0,1.2173913043478262,0.8254347826086956
S2324-G0199,4,CLE,26.0,25,0,109.0,1.0,0.709
S2324-G0199,4,POR,20.0,25,0,95.0,0.7692307692307693,0.5565384615384615
S2324-G0200,1,BKN,27.0,17,0,115.0,1.5,1.015
S2324-G0200,1,MIA,30.0,19,0,122.0,1.5,1.0219999999999998
S2324-G0200,2,BKN,25.0,24,0,115.0,1.0,0.715
S2324-G0200,2,MIA,30.0,27,0,122.0,1.0714285714285714,0.7648571428571428
S2324-G0200,3,BKN,31.0,24,0,115.0,1.24,0.859
S2324-G0200,3,MIA,35.0,21,0,122.0,1.5909090909090908,1.0765454545454545
S2324-G0200,4,BKN,32.0,26,0,115.0,1.1851851851851851,0.826111111111111
S2324-G0200,4,MIA,27.0,22,0,122.0,1.173913043478261,0.8263478260869566
S2324-G0201,1,GSW,24.0,27,0,109.0,0.8571428571428571,0.6232857142857142
S2324-G0201,1,OKC,39.0,26,0,128.0,1.4444444444444444,0.9946666666666666
S2324-G0201,2,GSW,36.0,24,0,109.0,1.44,0.973
S2324-G0201,2,OKC,28.0,24,0,128.0,1.12,0.8
S2324-G0201,3,GSW,25.0,20,0,109.0,1.1904761904761905,0.8232857142857143
S2324-G0201,3,OKC,27.0,19,0,128.0,1.35,0.9380000000000001
S2324-G0201,4,GSW,24.0,22,0,109.0,1.0434782608695652,0.735086956521739
S2324-G0201,4,OKC,34.0,21,0,128.0,1.5454545454545454,1.0552727272727274
S2324-G0202,1,CHA,19.0,19,0,108.0,0.95,0.6779999999999999
S2324-G0202,1,NYK,30.0,18,0,122.0,1.5789473684210527,1.0693684210526315
S2324-G0202,2,CHA,31.0,22,0,108.0,1.3478260869565217,0.916695652173913
S2324-G0202,2,NYK,31.0,24,0,122.0,1.24,0.866
S2324-G0202,3,CHA,30.0,26,0,108.0,1.1111111111111112,0.7746666666666666
S2324-G0202,3,NYK,28.0,27,0,122.0,1.0,0.722
S2324-G0202,4,CHA,28.0,25,0,108.0,1.0769230769230769,0.7541538461538461
S2324-G0202,4,NYK,33.0,23,0,122.0,1.375,0.947
S2324-G0203,1,MIN,27.0,22,0,121.0,1.173913043478261,0.8253478260869566
S2324-G0203,1,NOP,35.0,23,0,120.0,1.4583333333333333,0.9949999999999999
S2324-G0203,2,MIN,32.0,25,0,121.0,1.2307692307692308,0.8594615384615385
S2324-G0203,2,NOP,29.0,31,0,120.0,0.90625,0.66375
S2324-G0203,3,MIN,26.0,22,0,121.0,1.1304347826086956,0.7992608695652174
S2324-G0203,3,NOP,31.0,26,0,120.0,1.1481481481481481,0.8088888888888889
S2324-G0203,4,MIN,36.0,22,0,121.0,1.565217391304348,1.0601304347826086
S2324-G0203,4,NOP,25.0,22,0,120.0,1.0869565217391304,0.7721739130434782
S2324-G0204,1,CHI,14.0,23,0,102.0,0.5833333333333334,0.45200000000000007
S2324-G0204,1,MIA,26.0,23,0,97.0,1.0833333333333333,0.7469999999999999
S2324-G0204,2,CHI,26.0,18,0,102.0,1.368421052631579,0.9230526315789473
S2324-G0204,2,MIA,24.0,16,0,97.0,1.411764705882353,0.9440588235294117
S2324-G0204,3,CHI,28.0,24,0,102.0,1.12,0.774
S2324-G0204,3,MIA,26.0,22,0,97.0,1.1304347826086956,0.7752608695652173
S2324-G0204,4,CHI,34.0,23,0,102.0,1.4166666666666667,0.952
S2324-G0204,4,MIA,21.0,23,0,97.0,0.875,0.622
S2324-G0205,1,DAL,34.0,28,0,125.0,1.1724137931034482,0.8284482758620689
S2324-G0205,1,MIL,33.0,27,0,132.0,1.1785714285714286,0.8391428571428572
S2324-G0205,2,DAL,24.0,21,0,125.0,1.0909090909090908,0.7795454545454544
S2324-G0205,2,MIL,27.0,23,0,132.0,1.125,0.8069999999999999
S2324-G0205,3,DAL,40.0,26,0,125.0,1.4814814814814814,1.0138888888888888
S2324-G0205,3,MIL,29.0,26,0,132.0,1.0740740740740742,0.7764444444444445
S2324-G0205,4,DAL,27.0,21,0,125.0,1.2272727272727273,0.8613636363636363
S2324-G0205,4,MIL,43.0,24,0,132.0,1.72,1.1640000000000001
S2324-G0206,1,MEM,26.0,25,0,120.0,1.0,0.72
S2324-G0206,1,SAS,35.0,26,0,108.0,1.2962962962962963,0.8857777777777778
S2324-G0206,2,MEM,25.0,21,0,120.0,1.1363636363636365,0.8018181818181819
S2324-G0206,2,SAS,33.0,21,0,108.0,1.5,1.008
S2324-G0206,3,MEM,36.0,23,0,120.0,1.5,1.02
S2324-G0206,3,SAS,26.0,23,0,108.0,1.0833333333333333,0.7579999999999999
S2324-G0206,4,MEM,33.0,22,0,120.0,1.434782608695652,0.9808695652173912
S2324-G0206,4,SAS,14.0,21,0,108.0,0.6363636363636364,0.4898181818181818
S2324-G0207,1,GSW,31.0,26,0,123.0,1.1481481481481481,0.8118888888888889
S2324-G0207,1,OKC,33.0,28,0,130.0,1.1379310344827587,0.8127586206896552
S2324-G0207,2,GSW,30.0,21,0,123.0,1.3636363636363635,0.9411818181818181
S2324-G0207,2,OKC,18.0,20,0,130.0,0.8571428571428571,0.6442857142857142
S2324-G0207,3,GSW,26.0,27,0,123.0,0.9285714285714286,0.6801428571428572
S2324-G0207,3,OKC,34.0,28,0,130.0,1.1724137931034482,0.8334482758620689
S2324-G0207,4,GSW,30.0,22,0,123.0,1.3043478260869565,0.905608695652174
S2324-G0207,4,OKC,32.0,23,0,130.0,1.3333333333333333,0.9299999999999999
S2324-G0207,5,GSW,6.0,6,0,123.0,0.8571428571428571,0.6372857142857142
S2324-G0207,5,OKC,13.0,7,0,130.0,1.625,1.105
S2324-G0208,1,BKN,22.0,18,0,99.0,1.1578947368421053,0.7937368421052632
S2324-G0208,1,PHI,23.0,15,0,121.0,1.4375,0.9834999999999999
S2324-G0208,2,BKN,27.0,23,0,99.0,1.125,0.7739999999999999
S2324-G0208,2,PHI,38.0,24,0,121.0,1.52,1.033
S2324-G0208,3,BKN,22.0,24,0,99.0,0.88,0.627
S2324-G0208,3,PHI,33.0,25,0,121.0,1.2692307692307692,0.8825384615384615
S2324-G0208,4,BKN,28.0,21,0,99.0,1.2727272727272727,0.8626363636363635
S2324-G0208,4,PHI,27.0,19,0,121.0,1.35,0.931
S2324-G0209,1,IND,21.0,26,0,116.0,0.7777777777777778,0.5826666666666667
S2324-G0209,1,ORL,42.0,26,0,128.0,1.5555555555555556,1.0613333333333332
S2324-G0209,2,IND,23.0,25,0,116.0,0.8846153846153846,0.6467692307692308
S2324-G0209,2,ORL,36.0,26,0,128.0,1.3333333333333333,0.9279999999999999
S2324-G0209,3,IND,34.0,26,0,116.0,1.2592592592592593,0.8715555555555555
S2324-G0209,3,ORL,29.0,23,0,128.0,1.2083333333333333,0.853
S2324-G0209,4,IND,38.0,27,0,116.0,1.3571428571428572,0.9302857142857143
S2324-G0209,4,ORL,21.0,25,0,128.0,0.8076923076923077,0.6126153846153846
S2324-G0210,1,CLE,29.0,22,0,121.0,1.2608695652173914,0.8775217391304347
S2324-G0210,1,DEN,27.0,22,0,109.0,1.173913043478261,0.8133478260869565
S2324-G0210,2,CLE,37.0,23,0,121.0,1.5416666666666667,1.046
S2324-G0210,2,DEN,31.0,27,0,109.0,1.1071428571428572,0.7732857142857142
S2324-G0210,3,CLE,26.0,26,0,121.0,0.9629629629629629,0.6987777777777777
S2324-G0210,3,DEN,17.0,24,0,109.0,0.68,0.517
S2324-G0210,4,CLE,29.0,20,0,121.0,1.380952380952381,0.9495714285714285
S2324-G0210,4,DEN,34.0,19,0,109.0,1.7,1.129
S2324-G0211,1,DET,20.0,22,0,113.0,0.8695652173913043,0.6347391304347826
S2324-G0211,1,TOR,32.0,25,0,142.0,1.2307692307692308,0.8804615384615385
S2324-G0211,2,DET,25.0,22,0,113.0,1.0869565217391304,0.7651739130434781
S2324-G0211,2,TOR,37.0,23,0,142.0,1.5416666666666667,1.067
S2324-G0211,3,DET,27.0,24,0,113.0,1.08,0.761
S2324-G0211,3,TOR,35.0,23,0,142.0,1.4583333333333333,1.017
S2324-G0211,4,DET,41.0,25,0,113.0,1.5769230769230769,1.0591538461538461
S2324-G0211,4,TOR,38.0,28,0,142.0,1.3103448275862069,0.9282068965517241
S2324-G0212,1,DAL,36.0,26,0,113.0,1.3333333333333333,0.9129999999999999
S2324-G0212,1,SAC,35.0,21,0,129.0,1.5909090909090908,1.0835454545454546
S2324-G0212,2,DAL,29.0,22,0,113.0,1.2608695652173914,0.8695217391304347
S2324-G0212,2,SAC,35.0,25,0,129.0,1.3461538461538463,0.9366923076923077
S2324-G0212,3,DAL,31.0,24,0,113.0,1.24,0.857
S2324-G0212,3,SAC,37.0,25,0,129.0,1.4230769230769231,0.9828461538461538
S2324-G0212,4,DAL,17.0,20,0,113.0,0.8095238095238095,0.5987142857142858
S2324-G0212,4,SAC,22.0,18,0,129.0,1.1578947368421053,0.8237368421052632
S2324-G0213,1,BOS,26.0,21,0,102.0,1.1818181818181819,0.8110909090909091
S2324-G0213,1,MEM,27.0,22,0,100.0,1.173913043478261,0.8043478260869565
S2324-G0213,2,BOS,30.0,24,0,102.0,1.2,0.822
S2324-G0213,2,MEM,26.0,22,0,100.0,1.1304347826086956,0.7782608695652173
S2324-G0213,3,BOS,23.0,23,0,102.0,0.9583333333333334,0.6769999999999999
S2324-G0213,3,MEM,23.0,21,0,100.0,1.0454545454545454,0.7272727272727272
S2324-G0213,4,BOS,23.0,22,0,102.0,1.0,0.702
S2324-G0213,4,MEM,24.0,23,0,100.0,1.0,0.7
S2324-G0214,1,PHX,30.0,30,0,140.0,0.967741935483871,0.7206451612903226
S2324-G0214,1,UTA,30.0,31,0,137.0,0.9375,0.6995
S2324-G0214,2,PHX,31.0,24,0,140.0,1.24,0.884
S2324-G0214,2,UTA,26.0,27,0,137.0,0.9285714285714286,0.6941428571428572
S2324-G0214,3,PHX,24.0,20,0,140.0,1.1428571428571428,0.8257142857142856
S2324-G0214,3,UTA,28.0,22,0,137.0,1.2173913043478262,0.8674347826086957
S2324-G0214,4,PHX,30.0,25,0,140.0,1.1538461538461537,0.8323076923076922
S2324-G0214,4,UTA,31.0,21,0,137.0,1.4090909090909092,0.9824545454545455
S2324-G0214,5,PHX,12.0,7,0,140.0,1.5,1.0399999999999998
S2324-G0214,5,UTA,12.0,8,0,137.0,1.3333333333333333,0.9369999999999999
S2324-G0214,6,PHX,13.0,7,0,140.0,1.625,1.115
S2324-G0214,6,UTA,10.0,9,0,137.0,1.0,0.737
S2324-G0215,1,OKC,33.0,23,0,134.0,1.375,0.959
S2324-G0215,1,POR,21.0,27,0,91.0,0.75,0.5409999999999999
S2324-G0215,2,OKC,43.0,29,0,134.0,1.4333333333333333,0.994
S2324-G0215,2,POR,22.0,29,0,91.0,0.7333333333333333,0.5309999999999999
S2324-G0215,3,OKC,25.0,23,0,134.0,1.0416666666666667,0.759
S2324-G0215,3,POR,23.0,24,0,91.0,0.92,0.643
S2324-G0215,4,OKC,33.0,20,0,134.0,1.5714285714285714,1.076857142857143
S2324-G0215,4,POR,25.0,22,0,91.0,1.0869565217391304,0.7431739130434781
S2324-G0216,1,HOU,28.0,21,0,104.0,1.2727272727272727,0.8676363636363635
S2324-G0216,1,LAL,20.0,22,0,105.0,0.8695652173913043,0.6267391304347826
S2324-G0216,2,HOU,27.0,26,0,104.0,1.0,0.704
S2324-G0216,2,LAL,29.0,26,0,105.0,1.0740740740740742,0.7494444444444445
S2324-G0216,3,HOU,20.0,28,0,104.0,0.6896551724137931,0.5177931034482759
S2324-G0216,3,LAL,32.0,30,0,105.0,1.032258064516129,0.7243548387096773
S2324-G0216,4,HOU,29.0,21,0,104.0,1.3181818181818181,0.8949090909090909
S2324-G0216,4,LAL,24.0,22,0,105.0,1.0434782608695652,0.731086956521739
S2324-G0217,1,BOS,31.0,21,0,118.0,1.4090909090909092,0.9634545454545455
S2324-G0217,1,CHA,25.0,26,0,121.0,0.9259259259259259,0.6765555555555556
S2324-G0217,2,BOS,34.0,24,0,118.0,1.36,0.934
S2324-G0217,2,CHA,29.0,22,0,121.0,1.2608695652173914,0.8775217391304347
S2324-G0217,3,BOS,22.0,22,0,118.0,0.9565217391304348,0.6919130434782609
S2324-G0217,3,CHA,27.0,23,0,121.0,1.125,0.7959999999999999
S2324-G0217,4,BOS,21.0,21,0,118.0,0.9545454545454546,0.6907272727272727
S2324-G0217,4,CHA,27.0,21,0,121.0,1.2272727272727273,0.8573636363636363
S2324-G0217,5,BOS,10.0,11,0,118.0,0.8333333333333334,0.618
S2324-G0217,5,CHA,13.0,10,0,121.0,1.1818181818181819,0.8300909090909091
S2324-G0218,1,DEN,27.0,20,0,107.0,1.2857142857142858,0.8784285714285714
S2324-G0218,1,DET,23.0,22,0,103.0,1.0,0.703
S2324-G0218,2,DEN,29.0,24,0,107.0,1.16,0.8029999999999999
S2324-G0218,2,DET,32.0,23,0,103.0,1.3333333333333333,0.9029999999999999
S2324-G0218,3,DEN,25.0,28,0,107.0,0.8620689655172413,0.6242413793103447
S2324-G0218,3,DET,24.0,24,0,103.0,0.96,0.6789999999999999
S2324-G0218,4,DEN,26.0,20,0,107.0,1.2380952380952381,0.8498571428571429
S2324-G0218,4,DET,24.0,19,0,103.0,1.2,0.823
S2324-G0219,1,MIL,31.0,26,0,142.0,1.1481481481481481,0.8308888888888889
S2324-G0219,1,WAS,27.0,24,0,129.0,1.08,0.777
S2324-G0219,2,MIL,39.0,25,0,142.0,1.5,1.0419999999999998
S2324-G0219,2,WAS,38.0,24,0,129.0,1.52,1.041
S2324-G0219,3,MIL,34.0,31,0,142.0,1.0625,0.7795
S2324-G0219,3,WAS,37.0,29,0,129.0,1.2333333333333334,0.869
S2324-G0219,4,MIL,38.0,27,0,142.0,1.3571428571428572,0.9562857142857143
S2324-G0219,4,WAS,27.0,24,0,129.0,1.08,0.777
S2324-G0220,1,CHI,27.0,20,0,100.0,1.2857142857142858,0.8714285714285714
S2324-G0220,1,MIA,33.0,21,0,118.0,1.5,1.0179999999999998
S2324-G0220,2,CHI,26.0,18,0,100.0,1.368421052631579,0.9210526315789473
S2324-G0220,2,MIA,32.0,21,0,118.0,1.4545454545454546,0.9907272727272727
S2324-G0220,3,CHI,28.0,21,0,100.0,1.2727272727272727,0.8636363636363635
S2324-G0220,3,MIA,28.0,22,0,118.0,1.2173913043478262,0.8484347826086956
S2324-G0220,4,CHI,19.0,21,0,100.0,0.8636363636363636,0.6181818181818182
S2324-G0220,4,MIA,25.0,22,0,118.0,1.0869565217391304,0.7701739130434782
S2324-G0221,1,MIN,31.0,24,0,117.0,1.24,0.861
S2324-G0221,1,NYK,28.0,25,0,100.0,1.0769230769230769,0.7461538461538461
S2324-G0221,2,MIN,27.0,22,0,117.0,1.173913043478261,0.8213478260869566
S2324-G0221,2,NYK,28.0,22,0,100.0,1.2173913043478262,0.8304347826086956
S2324-G0221,3,MIN,35.0,19,0,117.0,1.75,1.167
S2324-G0221,3,NYK,19.0,21,0,100.0,0.8636363636363636,0.6181818181818182
S2324-G0221,4,MIN,24.0,20,0,117.0,1.1428571428571428,0.8027142857142856
S2324-G0221,4,NYK,25.0,19,0,100.0,1.25,0.85
S2324-G0222,1,NOP,29.0,24,0,129.0,1.16,0.825
S2324-G0222,1,SAC,31.0,25,0,93.0,1.1923076923076923,0.8083846153846154
S2324-G0222,2,NOP,37.0,21,0,129.0,1.6818181818181819,1.138090909090909
S2324-G0222,2,SAC,22.0,19,0,93.0,1.1,0.753
S2324-G0222,3,NOP,34.0,22,0,129.0,1.4782608695652173,1.0159565217391302
S2324-G0222,3,SAC,16.0,22,0,93.0,0.6956521739130435,0.5103913043478261
S2324-G0222,4,NOP,29.0,26,0,129.0,1.0740740740740742,0.7734444444444445
S2324-G0222,4,SAC,24.0,20,0,93.0,1.1428571428571428,0.7787142857142856
S2324-G0223,1,LAC,33.0,21,0,124.0,1.5,1.024
S2324-G0223,1,SAS,27.0,20,0,99.0,1.2857142857142858,0.8704285714285714
S2324-G0223,2,LAC,33.0,22,0,124.0,1.434782608695652,0.9848695652173912
S2324-G0223,2,SAS,28.0,23,0,99.0,1.1666666666666667,0.799
S2324-G0223,3,LAC,25.0,26,0,124.0,0.9259259259259259,0.6795555555555556
S2324-G0223,3,SAS,22.0,24,0,99.0,0.88,0.627
S2324-G0223,4,LAC,33.0,25,0,124.0,1.2692307692307692,0.8855384615384615
S2324-G0223,4,SAS,22.0,23,0,99.0,0.9166666666666666,0.6489999999999999
S2324-G0224,1,GSW,29.0,21,0,121.0,1.3181818181818181,0.9119090909090909
S2324-G0224,1,HOU,27.0,22,0,116.0,1.173913043478261,0.8203478260869566
S2324-G0224,2,GSW,34.0,19,0,121.0,1.7,1.141
S2324-G0224,2,HOU,26.0,18,0,116.0,1.368421052631579,0.9370526315789474
S2324-G0224,3,GSW,29.0,21,0,121.0,1.3181818181818181,0.9119090909090909
S2324-G0224,3,HOU,28.0,19,0,116.0,1.4,0.956
S2324-G0224,4,GSW,29.0,19,0,121.0,1.45,0.991
S2324-G0224,4,HOU,35.0,19,0,116.0,1.75,1.166
S2324-G0225,1,CHA,21.0,23,0,117.0,0.875,0.642
S2324-G0225,1,WAS,24.0,28,0,114.0,0.8275862068965517,0.610551724137931
S2324-G0225,2,CHA,28.0,19,0,117.0,1.4,0.957
S2324-G0225,2,WAS,32.0,17,0,114.0,1.7777777777777777,1.1806666666666668
S2324-G0225,3,CHA,29.0,26,0,117.0,1.0740740740740742,0.7614444444444445
S2324-G0225,3,WAS,35.0,27,0,114.0,1.25,0.864
S2324-G0225,4,CHA,39.0,26,0,117.0,1.4444444444444444,0.9836666666666666
S2324-G0225,4,WAS,23.0,25,0,114.0,0.8846153846153846,0.6447692307692308
S2324-G0226,1,DEN,28.0,23,0,119.0,1.1666666666666667,0.8190000000000001
S2324-G0226,1,ORL,28.0,22,0,124.0,1.2173913043478262,0.8544347826086957
S2324-G0226,2,DEN,34.0,23,0,119.0,1.4166666666666667,0.969
S2324-G0226,2,ORL,28.0,25,0,124.0,1.0769230769230769,0.7701538461538461
S2324-G0226,3,DEN,26.0,24,0,119.0,1.04,0.743
S2324-G0226,3,ORL,26.0,22,0,124.0,1.1304347826086956,0.8022608695652174
S2324-G0226,4,DEN,31.0,28,0,119.0,1.0689655172413792,0.7603793103448275
S2324-G0226,4,ORL,42.0,27,0,124.0,1.5,1.024
S2324-G0227,1,ATL,45.0,29,0,147.0,1.5,1.047
S2324-G0227,1,BKN,33.0,26,0,145.0,1.2222222222222223,0.8783333333333334
S2324-G0227,2,ATL,32.0,27,0,147.0,1.1428571428571428,0.8327142857142856
S2324-G0227,2,BKN,34.0,26,0,145.0,1.2592592592592593,0.9005555555555556
S2324-G0227,3,ATL,23.0,30,0,147.0,0.7419354838709677,0.5921612903225806
S2324-G0227,3,BKN,28.0,28,0,145.0,0.9655172413793104,0.7243103448275863
S2324-G0227,4,ATL,31.0,23,0,147.0,1.2916666666666667,0.922
S2324-G0227,4,BKN,36.0,21,0,145.0,1.6363636363636365,1.1268181818181817
S2324-G0227,5,ATL,16.0,10,0,147.0,1.4545454545454546,1.0197272727272726
S2324-G0227,5,BKN,14.0,10,0,145.0,1.2727272727272727,0.9086363636363636
S2324-G0228,1,BOS,29.0,21,0,119.0,1.3181818181818181,0.9099090909090909
S2324-G0228,1,MIL,17.0,20,0,116.0,0.8095238095238095,0.6017142857142856
S2324-G0228,2,BOS,38.0,23,0,119.0,1.5833333333333333,1.069
S2324-G0228,2,MIL,36.0,28,0,116.0,1.2413793103448276,0.8608275862068966
S2324-G0228,3,BOS,27.0,24,0,119.0,1.08,0.767
S2324-G0228,3,MIL,26.0,26,0,116.0,0.9629629629629629,0.6937777777777777
S2324-G0228,4,BOS,25.0,22,0,119.0,1.0869565217391304,0.7711739130434782
S2324-G0228,4,MIL,37.0,21,0,116.0,1.6818181818181819,1.125090909090909
S2324-G0229,1,CLE,26.0,22,0,96.0,1.1304347826086956,0.7742608695652173
S2324-G0229,1,MIA,37.0,27,0,129.0,1.3214285714285714,0.9218571428571428
S2324-G0229,2,CLE,29.0,25,0,96.0,1.1153846153846154,0.7652307692307692
S2324-G0229,2,MIA,32.0,32,0,129.0,0.9696969696969697,0.7108181818181818
S2324-G0229,3,CLE,24.0,21,0,96.0,1.0909090909090908,0.7505454545454544
S2324-G0229,3,MIA,32.0,21,0,129.0,1.4545454545454546,1.0017272727272726
S2324-G0229,4,CLE,17.0,20,0,96.0,0.8095238095238095,0.5817142857142857
S2324-G0229,4,MIA,28.0,19,0,129.0,1.4,0.969
S2324-G0230,1,IND,35.0,28,0,131.0,1.206896551724138,0.8551379310344828
S2324-G0230,1,TOR,27.0,27,0,132.0,0.9642857142857143,0.7105714285714285
S2324-G0230,2,IND,30.0,25,0,131.0,1.1538461538461537,0.8233076923076922
S2324-G0230,2,TOR,41.0,26,0,132.0,1.5185185185185186,1.043111111111111
S2324-G0230,3,IND,36.0,30,0,131.0,1.1612903225806452,0.8277741935483871
S2324-G0230,3,TOR,32.0,24,0,132.0,1.28,0.9
S2324-G0230,4,IND,30.0,24,0,131.0,1.2,0.851
S2324-G0230,4,TOR,32.0,27,0,132.0,1.1428571428571428,0.8177142857142856
S2324-G0231,1,HOU,21.0,16,0,111.0,1.2352941176470589,0.8521764705882353
S2324-G0231,1,MEM,28.0,18,0,91.0,1.4736842105263157,0.9752105263157894
S2324-G0231,2,HOU,24.0,22,0,111.0,1.0434782608695652,0.7370869565217391
S2324-G0231,2,MEM,18.0,20,0,91.0,0.8571428571428571,0.6052857142857142
S2324-G0231,3,HOU,29.0,14,0,111.0,1.9333333333333333,1.271
S2324-G0231,3,MEM,22.0,18,0,91.0,1.1578947368421053,0.7857368421052632
S2324-G0231,4,HOU,37.0,17,0,111.0,2.0555555555555554,1.3443333333333332
S2324-G0231,4,MEM,23.0,18,0,91.0,1.2105263157894737,0.8173157894736841
S2324-G0232,1,MIN,37.0,30,0,112.0,1.1935483870967742,0.8281290322580646
S2324-G0232,1,PHI,20.0,27,0,99.0,0.7142857142857143,0.5275714285714286
S2324-G0232,2,MIN,20.0,16,0,112.0,1.1764705882352942,0.8178823529411765
S2324-G0232,2,PHI,29.0,14,0,99.0,1.9333333333333333,1.259
S2324-G0232,3,MIN,34.0,27,0,112.0,1.2142857142857142,0.8405714285714285
S2324-G0232,3,PHI,30.0,27,0,99.0,1.0714285714285714,0.7418571428571428
S2324-G0232,4,MIN,21.0,19,0,112.0,1.05,0.742
S2324-G0232,4,PHI,20.0,22,0,99.0,0.8695652173913043,0.6207391304347826
S2324-G0233,1,NOP,32.0,25,0,117.0,1.2307692307692308,0.8554615384615385
S2324-G0233,1,SAC,30.0,25,0,112.0,1.1538461538461537,0.8043076923076922
S2324-G0233,2,NOP,32.0,20,0,117.0,1.5238095238095237,1.0312857142857141
S2324-G0233,2,SAC,20.0,18,0,112.0,1.0526315789473684,0.743578947368421
S2324-G0233,3,NOP,29.0,22,0,117.0,1.2608695652173914,0.8735217391304347
S2324-G0233,3,SAC,29.0,20,0,112.0,1.380952380952381,0.9405714285714285
S2324-G0233,4,NOP,24.0,24,0,117.0,0.96,0.693
S2324-G0233,4,SAC,33.0,20,0,112.0,1.5714285714285714,1.054857142857143
S2324-G0234,1,CHI,14.0,16,0,102.0,0.8235294117647058,0.5961176470588235
S2324-G0234,1,OKC,26.0,16,0,116.0,1.5294117647058822,1.0336470588235294
S2324-G0234,2,CHI,25.0,25,0,102.0,0.9615384615384616,0.6789230769230769
S2324-G0234,2,OKC,24.0,27,0,116.0,0.8571428571428571,0.6302857142857142
S2324-G0234,3,CHI,38.0,28,0,102.0,1.3103448275862069,0.888206896551724
S2324-G0234,3,OKC,34.0,24,0,116.0,1.36,0.932
S2324-G0234,4,CHI,25.0,17,0,102.0,1.3888888888888888,0.9353333333333332
S2324-G0234,4,OKC,32.0,16,0,116.0,1.8823529411764706,1.2454117647058824
S2324-G0235,1,LAC,26.0,22,0,109.0,1.1304347826086956,0.7872608695652173
S2324-G0235,1,SAS,14.0,21,0,102.0,0.6363636363636364,0.4838181818181818
S2324-G0235,2,LAC,28.0,25,0,109.0,1.0769230769230769,0.7551538461538461
S2324-G0235,2,SAS,34.0,23,0,102.0,1.4166666666666667,0.952
S2324-G0235,3,LAC,28.0,22,0,109.0,1.2173913043478262,0.8394347826086956
S2324-G0235,3,SAS,22.0,23,0,102.0,0.9166666666666666,0.6519999999999999
S2324-G0235,4,LAC,27.0,20,0,109.0,1.2857142857142858,0.8804285714285714
S2324-G0235,4,SAS,32.0,23,0,102.0,1.3333333333333333,0.9019999999999999
S2324-G0236,1,GSW,31.0,19,0,115.0,1.55,1.045
S2324-G0236,1,PHX,26.0,19,0,123.0,1.3,0.903
S2324-G0236,2,GSW,16.0,28,0,115.0,0.5517241379310345,0.4460344827586207
S2324-G0236,2,PHX,37.0,25,0,123.0,1.4230769230769231,0.9768461538461538
S2324-G0236,3,GSW,28.0,23,0,115.0,1.1666666666666667,0.8150000000000001
S2324-G0236,3,PHX,28.0,20,0,123.0,1.3333333333333333,0.9229999999999999
S2324-G0236,4,GSW,40.0,32,0,115.0,1.2121212121212122,0.8422727272727273
S2324-G0236,4,PHX,32.0,28,0,123.0,1.103448275862069,0.7850689655172414
S2324-G0237,1,POR,32.0,27,0,121.0,1.1428571428571428,0.8067142857142856
S2324-G0237,1,UTA,21.0,24,0,105.0,0.84,0.609
S2324-G0237,2,POR,33.0,28,0,121.0,1.1379310344827587,0.8037586206896552
S2324-G0237,2,UTA,25.0,29,0,105.0,0.8333333333333334,0.605
S2324-G0237,3,POR,24.0,21,0,121.0,1.0909090909090908,0.7755454545454544
S2324-G0237,3,UTA,27.0,23,0,105.0,1.125,0.7799999999999999
S2324-G0237,4,POR,32.0,23,0,121.0,1.3333333333333333,0.9209999999999999
S2324-G0237,4,UTA,32.0,22,0,105.0,1.391304347826087,0.9397826086956521
S2324-G0238,1,DAL,29.0,20,0,104.0,1.380952380952381,0.9325714285714285
S2324-G0238,1,LAL,25.0,20,0,101.0,1.1904761904761905,0.8152857142857143
S2324-G0238,2,DAL,33.0,23,0,104.0,1.375,0.9289999999999999
S2324-G0238,2,LAL,21.0,21,0,101.0,0.9545454545454546,0.6737272727272727
S2324-G0238,3,DAL,29.0,24,0,104.0,1.16,0.7999999999999999
S2324-G0238,3,LAL,25.0,23,0,101.0,1.0416666666666667,0.726
S2324-G0238,4,DAL,13.0,17,0,104.0,0.7222222222222222,0.5373333333333333
S2324-G0238,4,LAL,30.0,16,0,101.0,1.7647058823529411,1.1598235294117647
S2324-G0239,1,OKC,31.0,26,0,123.0,1.1481481481481481,0.8118888888888889
S2324-G0239,1,PHI,29.0,21,0,127.0,1.3181818181818181,0.9179090909090909
S2324-G0239,2,OKC,30.0,23,0,123.0,1.25,0.873
S2324-G0239,2,PHI,36.0,24,0,127.0,1.44,0.991
S2324-G0239,3,OKC,21.0,17,0,123.0,1.1666666666666667,0.8230000000000001
S2324-G0239,3,PHI,28.0,18,0,127.0,1.4736842105263157,1.0112105263157893
S2324-G0239,4,OKC,41.0,21,0,123.0,1.8636363636363635,1.2411818181818182
S2324-G0239,4,PHI,34.0,24,0,127.0,1.36,0.9430000000000001
S2324-G0240,1,BKN,26.0,21,0,112.0,1.1818181818181819,0.8210909090909091
S2324-G0240,1,MIA,22.0,24,0,97.0,0.88,0.625
S2324-G0240,2,BKN,37.0,25,0,112.0,1.4230769230769231,0.9658461538461538
S2324-G0240,2,MIA,31.0,26,0,97.0,1.1481481481481481,0.7858888888888889
S2324-G0240,3,BKN,27.0,23,0,112.0,1.125,0.7869999999999999
S2324-G0240,3,MIA,23.0,23,0,97.0,0.9583333333333334,0.6719999999999999
S2324-G0240,4,BKN,22.0,20,0,112.0,1.0476190476190477,0.7405714285714285
S2324-G0240,4,MIA,21.0,20,0,97.0,1.0,0.697
S2324-G0241,1,ATL,34.0,22,0,136.0,1.4782608695652173,1.0229565217391303
S2324-G0241,1,WAS,30.0,23,0,108.0,1.25,0.858
S2324-G0241,2,ATL,36.0,29,0,136.0,1.2,0.856
S2324-G0241,2,WAS,28.0,27,0,108.0,1.0,0.708
S2324-G0241,3,ATL,37.0,23,0,136.0,1.5416666666666667,1.061
S2324-G0241,3,WAS,20.0,26,0,108.0,0.7407407407407407,0.5524444444444444
S2324-G0241,4,ATL,29.0,26,0,136.0,1.0740740740740742,0.7804444444444445
S2324-G0241,4,WAS,30.0,29,0,108.0,1.0,0.708
S2324-G0242,1,CLE,40.0,36,0,115.0,1.0810810810810811,0.7636486486486487
S2324-G0242,1,LAL,35.0,30,0,121.0,1.1290322580645162,0.7984193548387097
S2324-G0242,2,CLE,31.0,22,0,115.0,1.3478260869565217,0.923695652173913
S2324-G0242,2,LAL,35.0,21,0,121.0,1.5909090909090908,1.0755454545454546
S2324-G0242,3,CLE,23.0,26,0,115.0,0.8518518518518519,0.6261111111111111
S2324-G0242,3,LAL,23.0,28,0,121.0,0.7931034482758621,0.5968620689655173
S2324-G0242,4,CLE,21.0,21,0,115.0,0.9545454545454546,0.6877272727272727
S2324-G0242,4,LAL,28.0,22,0,121.0,1.2173913043478262,0.8514347826086957
S2324-G0243,1,NOP,29.0,28,0,100.0,1.0,0.7
S2324-G0243,1,UTA,22.0,26,0,105.0,0.8148148148148148,0.5938888888888888
S2324-G0243,2,NOP,24.0,26,0,100.0,0.8888888888888888,0.6333333333333333
S2324-G0243,2,UTA,21.0,27,0,105.0,0.75,0.5549999999999999
S2324-G0243,3,NOP,24.0,19,0,100.0,1.2,0.82
S2324-G0243,3,UTA,25.0,23,0,105.0,1.0416666666666667,0.73
S2324-G0243,4,NOP,23.0,27,0,100.0,0.8214285714285714,0.5928571428571429
S2324-G0243,4,UTA,37.0,26,0,105.0,1.3703703703703705,0.9272222222222223
S2324-G0244,1,DAL,18.0,18,0,88.0,0.9473684210526315,0.6564210526315789
S2324-G0244,1,LAC,29.0,21,0,107.0,1.3181818181818181,0.8979090909090909
S2324-G0244,2,DAL,27.0,19,0,88.0,1.35,0.898
S2324-G0244,2,LAC,27.0,17,0,107.0,1.5,1.007
S2324-G0244,3,DAL,17.0,21,0,88.0,0.7727272727272727,0.5516363636363636
S2324-G0244,3,LAC,23.0,18,0,107.0,1.2105263157894737,0.8333157894736841
S2324-G0244,4,DAL,26.0,24,0,88.0,1.04,0.712
S2324-G0244,4,LAC,28.0,24,0,107.0,1.12,0.779
S2324-G0245,1,MIL,26.0,25,0,108.0,1.0,0.708
S2324-G0245,1,POR,31.0,29,0,102.0,1.0333333333333334,0.722
S2324-G0245,2,MIL,26.0,25,0,108.0,1.0,0.708
S2324-G0245,2,POR,37.0,26,0,102.0,1.3703703703703705,0.9242222222222223
S2324-G0245,3,MIL,23.0,22,0,108.0,1.0,0.708
S2324-G0245,3,POR,20.0,22,0,102.0,0.8695652173913043,0.6237391304347826
S2324-G0245,4,MIL,33.0,21,0,108.0,1.5,1.008
S2324-G0245,4,POR,14.0,18,0,102.0,0.7368421052631579,0.5441052631578948
S2324-G0246,1,ATL,26.0,24,0,103.0,1.04,0.727
S2324-G0246,1,BOS,33.0,23,0,113.0,1.375,0.938
S2324-G0246,2,ATL,27.0,24,0,103.0,1.08,0.751
S2324-G0246,2,BOS,36.0,26,0,113.0,1.3333333333333333,0.9129999999999999
S2324-G0246,3,ATL,29.0,20,0,103.0,1.380952380952381,0.9315714285714285
S2324-G0246,3,BOS,21.0,20,0,113.0,1.0,0.713
S2324-G0246,4,ATL,21.0,24,0,103.0,0.84,0.607
S2324-G0246,4,BOS,23.0,23,0,113.0,0.9583333333333334,0.688
S2324-G0247,1,NYK,22.0,23,0,113.0,0.9166666666666666,0.6629999999999999
S2324-G0247,1,PHX,34.0,25,0,116.0,1.3076923076923077,0.9006153846153846
S2324-G0247,2,NYK,34.0,23,0,113.0,1.4166666666666667,0.963
S2324-G0247,2,PHX,30.0,23,0,116.0,1.25,0.866
S2324-G0247,3,NYK,36.0,22,0,113.0,1.565217391304348,1.0521304347826086
S2324-G0247,3,PHX,31.0,22,0,116.0,1.3478260869565217,0.924695652173913
S2324-G0247,4,NYK,21.0,19,0,113.0,1.05,0.743
S2324-G0247,4,PHX,21.0,16,0,116.0,1.2352941176470589,0.8571764705882353
S2324-G0248,1,CHA,33.0,26,0,117.0,1.2222222222222223,0.8503333333333334
S2324-G0248,1,ORL,25.0,30,1,130.0,0.8064516129032258,0.9138709677419354
S2324-G0248,2,CHA,24.0,24,0,117.0,0.96,0.693
S2324-G0248,2,ORL,36.0,25,1,130.0,1.3846153846153846,1.2607692307692306
S2324-G0248,3,CHA,29.0,24,0,117.0,1.16,0.813
S2324-G0248,3,ORL,31.0,24,1,130.0,1.24,1.174
S2324-G0248,4,CHA,31.0,26,0,117.0,1.1481481481481481,0.8058888888888889
S2324-G0248,4,ORL,38.0,23,1,130.0,1.5833333333333333,1.38
S2324-G0249,1,MEM,26.0,23,0,97.0,1.0833333333333333,0.7469999999999999
S2324-G0249,1,MIN,31.0,23,0,119.0,1.2916666666666667,0.894
S2324-G0249,2,MEM,17.0,21,0,97.0,0.7727272727272727,0.5606363636363636
S2324-G0249,2,MIN,29.0,21,0,119.0,1.3181818181818181,0.9099090909090909
S2324-G0249,3,MEM,23.0,25,0,97.0,0.8846153846153846,0.6277692307692307
S2324-G0249,3,MIN,30.0,26,0,119.0,1.1111111111111112,0.7856666666666666
S2324-G0249,4,MEM,31.0,20,0,97.0,1.4761904761904763,0.9827142857142858
S2324-G0249,4,MIN,29.0,22,0,119.0,1.2608695652173914,0.8755217391304347
S2324-G0250,1,BKN,19.0,22,0,118.0,0.8260869565217391,0.6136521739130434
S2324-G0250,1,CHI,36.0,21,0,109.0,1.6363636363636365,1.090818181818182
S2324-G0250,2,BKN,44.0,21,0,118.0,2.0,1.318
S2324-G0250,2,CHI,19.0,21,0,109.0,0.8636363636363636,0.6271818181818182
S2324-G0250,3,BKN,33.0,24,0,118.0,1.32,0.91
S2324-G0250,3,CHI,28.0,22,0,109.0,1.2173913043478262,0.8394347826086956
S2324-G0250,4,BKN,22.0,18,0,118.0,1.1578947368421053,0.8127368421052632
S2324-G0250,4,CHI,26.0,21,0,109.0,1.1818181818181819,0.8180909090909091
S2324-G0251,1,CLE,25.0,27,0,105.0,0.8928571428571429,0.6407142857142857
S2324-G0251,1,TOR,28.0,25,0,102.0,1.0769230769230769,0.7481538461538461
S2324-G0251,2,CLE,17.0,20,0,105.0,0.8095238095238095,0.5907142857142857
S2324-G0251,2,TOR,24.0,20,0,102.0,1.1428571428571428,0.7877142857142856
S2324-G0251,3,CLE,32.0,23,0,105.0,1.3333333333333333,0.9049999999999999
S2324-G0251,3,TOR,20.0,21,0,102.0,0.9090909090909091,0.6474545454545454
S2324-G0251,4,CLE,31.0,23,0,105.0,1.2916666666666667,0.88
S2324-G0251,4,TOR,30.0,24,0,102.0,1.2,0.822
S2324-G0252,1,DEN,39.0,28,0,132.0,1.3448275862068966,0.9388965517241379
S2324-G0252,1,SAS,35.0,28,0,120.0,1.206896551724138,0.8441379310344828
S2324-G0252,2,DEN,33.0,31,0,132.0,1.03125,0.75075
S2324-G0252,2,SAS,25.0,31,0,120.0,0.78125,0.58875
S2324-G0252,3,DEN,35.0,27,0,132.0,1.25,0.882
S2324-G0252,3,SAS,24.0,25,0,120.0,0.9230769230769231,0.6738461538461539
S2324-G0252,4,DEN,25.0,24,0,132.0,1.0,0.732
S2324-G0252,4,SAS,36.0,23,0,120.0,1.5,1.02
S2324-G0253,1,DET,27.0,23,0,107.0,1.125,0.7819999999999999
S2324-G0253,1,WAS,31.0,24,0,126.0,1.24,0.87
S2324-G0253,2,DET,27.0,30,0,107.0,0.8709677419354839,0.6295806451612903
S2324-G0253,2,WAS,26.0,26,0,126.0,0.9629629629629629,0.7037777777777777
S2324-G0253,3,DET,29.0,25,0,107.0,1.1153846153846154,0.7762307692307692
S2324-G0253,3,WAS,37.0,29,0,126.0,1.2333333333333334,0.866
S2324-G0253,4,DET,24.0,23,0,107.0,1.0,0.707
S2324-G0253,4,WAS,32.0,22,0,126.0,1.391304347826087,0.9607826086956521
S2324-G0254,1,IND,34.0,23,0,110.0,1.4166666666666667,0.96
S2324-G0254,1,POR,30.0,17,0,114.0,1.6666666666666667,1.1139999999999999
S2324-G0254,2,IND,26.0,22,0,110.0,1.1304347826086956,0.7882608695652173
S2324-G0254,2,POR,35.0,26,0,114.0,1.2962962962962963,0.8917777777777778
S2324-G0254,3,IND,23.0,19,0,110.0,1.15,0.7999999999999999
S2324-G0254,3,POR,18.0,23,0,114.0,0.75,0.564
S2324-G0254,4,IND,27.0,32,0,110.0,0.8181818181818182,0.600909090909091
S2324-G0254,4,POR,31.0,29,0,114.0,1.0333333333333334,0.734
S2324-G0255,1,LAL,19.0,19,0,94.0,0.95,0.6639999999999999
S2324-G0255,1,PHI,32.0,18,0,138.0,1.6842105263157894,1.1485263157894734
S2324-G0255,2,LAL,34.0,23,0,94.0,1.4166666666666667,0.944
S2324-G0255,2,PHI,36.0,23,0,138.0,1.5,1.0379999999999998
S2324-G0255,3,LAL,27.0,20,0,94.0,1.2857142857142858,0.8654285714285714
S2324-G0255,3,PHI,30.0,20,0,138.0,1.4285714285714286,0.9951428571428571
S2324-G0255,4,LAL,14.0,25,0,94.0,0.5384615384615384,0.417076923076923
S2324-G0255,4,PHI,40.0,27,0,138.0,1.4285714285714286,0.9951428571428571
S2324-G0256,1,NOP,24.0,21,0,112.0,1.0909090909090908,0.7665454545454544
S2324-G0256,1,UTA,32.0,22,0,114.0,1.391304347826087,0.9487826086956521
S2324-G0256,2,NOP,31.0,23,0,112.0,1.2916666666666667,0.887
S2324-G0256,2,UTA,25.0,21,0,114.0,1.1363636363636365,0.7958181818181819
S2324-G0256,3,NOP,33.0,21,0,112.0,1.5,1.012
S2324-G0256,3,UTA,31.0,22,0,114.0,1.3478260869565217,0.922695652173913
S2324-G0256,4,NOP,24.0,21,0,112.0,1.0909090909090908,0.7665454545454544
S2324-G0256,4,UTA,26.0,20,0,114.0,1.2380952380952381,0.8568571428571429
S2324-G0257,1,DEN,25.0,25,0,113.0,0.9615384615384616,0.6899230769230769
S2324-G0257,1,LAC,28.0,25,0,104.0,1.0769230769230769,0.7501538461538461
S2324-G0257,2,DEN,33.0,26,0,113.0,1.2222222222222223,0.8463333333333334
S2324-G0257,2,LAC,28.0,26,0,104.0,1.037037037037037,0.7262222222222221
S2324-G0257,3,DEN,19.0,21,0,113.0,0.8636363636363636,0.6311818181818182
S2324-G0257,3,LAC,32.0,18,0,104.0,1.6842105263157894,1.1145263157894736
S2324-G0257,4,DEN,36.0,17,0,113.0,2.0,1.313
S2324-G0257,4,LAC,16.0,19,0,104.0,0.8,0.584
S2324-G0258,1,DET,24.0,27,0,107.0,0.8571428571428571,0.6212857142857142
S2324-G0258,1,LAL,38.0,24,0,133.0,1.52,1.045
S2324-G0258,2,DET,24.0,22,0,107.0,1.0434782608695652,0.733086956521739
S2324-G0258,2,LAL,27.0,22,0,133.0,1.173913043478261,0.8373478260869566
S2324-G0258,3,DET,28.0,22,0,107.0,1.2173913043478262,0.8374347826086956
S2324-G0258,3,LAL,36.0,25,0,133.0,1.3846153846153846,0.9637692307692307
S2324-G0258,4,DET,31.0,25,0,107.0,1.1923076923076923,0.8223846153846154
S2324-G0258,4,LAL,32.0,25,0,133.0,1.2307692307692308,0.8714615384615385
S2324-G0259,1,ORL,31.0,23,0,139.0,1.2916666666666667,0.914
S2324-G0259,1,WAS,26.0,26,0,120.0,0.9629629629629629,0.6977777777777777
S2324-G0259,2,ORL,35.0,24,0,139.0,1.4,0.979
S2324-G0259,2,WAS,30.0,24,0,120.0,1.2,0.84
S2324-G0259,3,ORL,36.0,26,0,139.0,1.3333333333333333,0.939
S2324-G0259,3,WAS,33.0,27,0,120.0,1.1785714285714286,0.8271428571428572
S2324-G0259,4,ORL,37.0,28,0,139.0,1.2758620689655173,0.9045172413793104
S2324-G0259,4,WAS,31.0,28,0,120.0,1.0689655172413792,0.7613793103448275
S2324-G0260,1,PHX,20.0,19,0,105.0,1.0,0.705
S2324-G0260,1,TOR,27.0,22,0,112.0,1.173913043478261,0.8163478260869566
S2324-G0260,2,PHX,33.0,28,0,105.0,1.1379310344827587,0.7877586206896552
S2324-G0260,2,TOR,33.0,27,0,112.0,1.1785714285714286,0.8191428571428572
S2324-G0260,3,PHX,27.0,20,0,105.0,1.2857142857142858,0.8764285714285714
S2324-G0260,3,TOR,26.0,18,0,112.0,1.368421052631579,0.9330526315789474
S2324-G0260,4,PHX,25.0,22,0,105.0,1.0869565217391304,0.7571739130434781
S2324-G0260,4,TOR,26.0,20,0,112.0,1.2380952380952381,0.8548571428571429
S2324-G0261,1,MEM,24.0,22,0,105.0,1.0434782608695652,0.731086956521739
S2324-G0261,1,UTA,25.0,20,0,91.0,1.1904761904761905,0.8052857142857143
S2324-G0261,2,MEM,36.0,23,0,105.0,1.5,1.005
S2324-G0261,2,UTA,17.0,24,0,91.0,0.68,0.49900000000000005
S2324-G0261,3,MEM,28.0,23,0,105.0,1.1666666666666667,0.805
S2324-G0261,3,UTA,25.0,24,0,91.0,1.0,0.691
S2324-G0261,4,MEM,17.0,26,0,105.0,0.6296296296296297,0.48277777777777775
S2324-G0261,4,UTA,24.0,27,0,91.0,0.8571428571428571,0.6052857142857142
S2324-G0262,1,NOP,39.0,27,0,124.0,1.3928571428571428,0.9597142857142856
S2324-G0262,1,PHI,24.0,27,0,114.0,0.8571428571428571,0.6282857142857142
S2324-G0262,2,NOP,29.0,28,0,124.0,1.0,0.724
S2324-G0262,2,PHI,24.0,23,0,114.0,1.0,0.714
S2324-G0262,3,NOP,34.0,27,0,124.0,1.2142857142857142,0.8525714285714285
S2324-G0262,3,PHI,33.0,32,0,114.0,1.0,0.714
S2324-G0262,4,NOP,22.0,26,0,124.0,0.8148148148148148,0.6128888888888888
S2324-G0262,4,PHI,33.0,25,0,114.0,1.2692307692307692,0.8755384615384615
S2324-G0263,1,DEN,41.0,26,0,134.0,1.5185185185185186,1.045111111111111
S2324-G0263,1,HOU,26.0,26,0,124.0,0.9629629629629629,0.7017777777777777
S2324-G0263,2,DEN,35.0,22,0,134.0,1.5217391304347827,1.0470434782608695
S2324-G0263,2,HOU,33.0,21,0,124.0,1.5,1.024
S2324-G0263,3,DEN,32.0,21,0,134.0,1.4545454545454546,1.0067272727272727
S2324-G0263,3,HOU,38.0,20,0,124.0,1.8095238095238095,1.2097142857142855
S2324-G0263,4,DEN,26.0,18,0,134.0,1.368421052631579,0.9550526315789474
S2324-G0263,4,HOU,27.0,17,0,124.0,1.5,1.024
S2324-G0264,1,LAC,35.0,21,0,131.0,1.5909090909090908,1.0855454545454544
S2324-G0264,1,SAC,27.0,20,0,117.0,1.2857142857142858,0.8884285714285715
S2324-G0264,2,LAC,37.0,24,0,131.0,1.48,1.0190000000000001
S2324-G0264,2,SAC,23.0,24,0,117.0,0.92,0.669
S2324-G0264,3,LAC,30.0,23,0,131.0,1.25,0.881
S2324-G0264,3,SAC,31.0,25,0,117.0,1.1923076923076923,0.8323846153846154
S2324-G0264,4,LAC,29.0,20,0,131.0,1.380952380952381,0.9595714285714285
S2324-G0264,4,SAC,36.0,23,0,117.0,1.5,1.017
S2324-G0265,1,CLE,25.0,28,0,95.0,0.8620689655172413,0.6122413793103447
S2324-G0265,1,POR,22.0,26,0,103.0,0.8148148148148148,0.5918888888888888
S2324-G0265,2,CLE,21.0,28,0,95.0,0.7241379310344828,0.5294827586206896
S2324-G0265,2,POR,18.0,27,0,103.0,0.6428571428571429,0.48871428571428577
S2324-G0265,3,CLE,29.0,25,0,95.0,1.1153846153846154,0.7642307692307692
S2324-G0265,3,POR,34.0,24,0,103.0,1.36,0.919
S2324-G0265,4,CLE,20.0,20,0,95.0,0.9523809523809523,0.6664285714285714
S2324-G0265,4,POR,29.0,20,0,103.0,1.380952380952381,0.9315714285714285
S2324-G0266,1,BKN,37.0,29,0,128.0,1.2333333333333334,0.868
S2324-G0266,1,CHA,31.0,23,0,129.0,1.2916666666666667,0.904
S2324-G0266,2,BKN,34.0,25,0,128.0,1.3076923076923077,0.9126153846153846
S2324-G0266,2,CHA,42.0,28,0,129.0,1.4482758620689655,0.9979655172413793
S2324-G0266,3,BKN,35.0,25,0,128.0,1.3461538461538463,0.9356923076923077
S2324-G0266,3,CHA,29.0,22,0,129.0,1.2608695652173914,0.8855217391304347
S2324-G0266,4,BKN,22.0,21,0,128.0,1.0,0.728
S2324-G0266,4,CHA,27.0,21,0,129.0,1.2272727272727273,0.8653636363636363
S2324-G0267,1,IND,38.0,25,0,132.0,1.4615384615384615,1.0089230769230768
S2324-G0267,1,MIA,33.0,25,0,142.0,1.2692307692307692,0.9035384615384615
S2324-G0267,2,IND,35.0,30,0,132.0,1.1290322580645162,0.8094193548387097
S2324-G0267,2,MIA,31.0,26,0,142.0,1.1481481481481481,0.8308888888888889
S2324-G0267,3,IND,27.0,23,0,132.0,1.125,0.8069999999999999
S2324-G0267,3,MIA,33.0,25,0,142.0,1.2692307692307692,0.9035384615384615
S2324-G0267,4,IND,32.0,32,0,132.0,0.9696969696969697,0.7138181818181818
S2324-G0267,4,MIA,45.0,28,0,142.0,1.5517241379310345,1.0730344827586207
S2324-G0268,1,DET,17.0,24,0,112.0,0.68,0.52
S2324-G0268,1,NYK,31.0,25,0,118.0,1.1923076923076923,0.8333846153846154
S2324-G0268,2,DET,37.0,25,0,112.0,1.4230769230769231,0.9658461538461538
S2324-G0268,2,NYK,23.0,27,0,118.0,0.8214285714285714,0.6108571428571428
S2324-G0268,3,DET,33.0,23,0,112.0,1.375,0.9369999999999999
S2324-G0268,3,NYK,31.0,27,0,118.0,1.1071428571428572,0.7822857142857143
S2324-G0268,4,DET,25.0,18,0,112.0,1.3157894736842106,0.9014736842105263
S2324-G0268,4,NYK,33.0,17,0,118.0,1.8333333333333333,1.218
S2324-G0269,1,CHI,26.0,29,0,120.0,0.8666666666666667,0.64
S2324-G0269,1,MIL,24.0,28,0,113.0,0.8275862068965517,0.609551724137931
S2324-G0269,2,CHI,23.0,19,0,120.0,1.15,0.8099999999999999
S2324-G0269,2,MIL,31.0,22,0,113.0,1.3478260869565217,0.921695652173913
S2324-G0269,3,CHI,31.0,30,0,120.0,1.0,0.72
S2324-G0269,3,MIL,25.0,24,0,113.0,1.0,0.713
S2324-G0269,4,CHI,26.0,25,0,120.0,1.0,0.72
S2324-G0269,4,MIL,26.0,23,0,113.0,1.0833333333333333,0.7629999999999999
S2324-G0269,5,CHI,14.0,13,0,120.0,1.0,0.72
S2324-G0269,5,MIL,7.0,13,0,113.0,0.5,0.413
S2324-G0270,1,MIN,20.0,26,0,101.0,0.7407407407407407,0.5454444444444444
S2324-G0270,1,UTA,23.0,24,0,90.0,0.92,0.642
S2324-G0270,2,MIN,29.0,19,0,101.0,1.45,0.971
S2324-G0270,2,UTA,24.0,21,0,90.0,1.0909090909090908,0.7445454545454544
S2324-G0270,3,MIN,35.0,25,0,101.0,1.3461538461538463,0.9086923076923077
S2324-G0270,3,UTA,19.0,25,0,90.0,0.7307692307692307,0.5284615384615384
S2324-G0270,4,MIN,17.0,23,0,101.0,0.7083333333333334,0.526
S2324-G0270,4,UTA,24.0,24,0,90.0,0.96,0.6659999999999999
S2324-G0271,1,LAL,37.0,27,0,110.0,1.3214285714285714,0.9028571428571428
S2324-G0271,1,OKC,30.0,26,0,133.0,1.1111111111111112,0.7996666666666666
S2324-G0271,2,LAL,23.0,24,0,110.0,0.92,0.662
S2324-G0271,2,OKC,42.0,24,0,133.0,1.68,1.141
S2324-G0271,3,LAL,28.0,20,0,110.0,1.3333333333333333,0.9099999999999999
S2324-G0271,3,OKC,36.0,22,0,133.0,1.565217391304348,1.0721304347826086
S2324-G0271,4,LAL,22.0,21,0,110.0,1.0,0.71
S2324-G0271,4,OKC,25.0,21,0,133.0,1.1363636363636365,0.8148181818181819
S2324-G0272,1,ATL,26.0,27,0,137.0,0.9285714285714286,0.6941428571428572
S2324-G0272,1,SAS,35.0,29,0,135.0,1.1666666666666667,0.8350000000000001
S2324-G0272,2,ATL,36.0,28,0,137.0,1.2413793103448276,0.8818275862068966
S2324-G0272,2,SAS,31.0,25,0,135.0,1.1923076923076923,0.8503846153846154
S2324-G0272,3,ATL,39.0,25,0,137.0,1.5,1.037
S2324-G0272,3,SAS,39.0,25,0,135.0,1.5,1.035
S2324-G0272,4,ATL,36.0,25,0,137.0,1.3846153846153846,0.9677692307692307
S2324-G0272,4,SAS,30.0,29,0,135.0,1.0,0.735
S2324-G0273,1,GSW,31.0,19,0,120.0,1.55,1.0499999999999998
S2324-G0273,1,LAC,24.0,20,0,114.0,1.1428571428571428,0.7997142857142856
S2324-G0273,2,GSW,30.0,19,0,120.0,1.5,1.02
S2324-G0273,2,LAC,26.0,23,0,114.0,1.0833333333333333,0.7639999999999999
S2324-G0273,3,GSW,25.0,20,0,120.0,1.1904761904761905,0.8342857142857143
S2324-G0273,3,LAC,27.0,21,0,114.0,1.2272727272727273,0.8503636363636363
S2324-G0273,4,GSW,34.0,22,0,120.0,1.4782608695652173,1.0069565217391303
S2324-G0273,4,LAC,37.0,24,0,114.0,1.48,1.002
S2324-G0274,1,ORL,31.0,24,0,130.0,1.24,0.874
S2324-G0274,1,WAS,36.0,27,0,125.0,1.2857142857142858,0.8964285714285715
S2324-G0274,2,ORL,27.0,21,0,130.0,1.2272727272727273,0.8663636363636363
S2324-G0274,2,WAS,25.0,23,0,125.0,1.0416666666666667,0.75
S2324-G0274,3,ORL,34.0,25,0,130.0,1.3076923076923077,0.9146153846153846
S2324-G0274,3,WAS,28.0,27,0,125.0,1.0,0.725
S2324-G0274,4,ORL,38.0,29,0,130.0,1.2666666666666666,0.8899999999999999
S2324-G0274,4,WAS,36.0,30,0,125.0,1.1612903225806452,0.8217741935483871
S2324-G0275,1,BOS,44.0,31,0,125.0,1.375,0.95
S2324-G0275,1,PHI,36.0,30,0,119.0,1.1612903225806452,0.8157741935483871
S2324-G0275,2,BOS,25.0,25,0,125.0,0.9615384615384616,0.7019230769230769
S2324-G0275,2,PHI,36.0,25,0,119.0,1.3846153846153846,0.9497692307692307
S2324-G0275,3,BOS,26.0,20,0,125.0,1.2380952380952381,0.8678571428571429
S2324-G0275,3,PHI,25.0,22,0,119.0,1.0869565217391304,0.7711739130434782
S2324-G0275,4,BOS,30.0,24,0,125.0,1.2,0.845
S2324-G0275,4,PHI,22.0,22,0,119.0,0.9565217391304348,0.6929130434782609
S2324-G0276,1,NYK,34.0,22,0,119.0,1.4782608695652173,1.0059565217391304
S2324-G0276,1,TOR,26.0,23,0,106.0,1.0833333333333333,0.7559999999999999
S2324-G0276,2,NYK,23.0,25,0,119.0,0.8846153846153846,0.6497692307692308
S2324-G0276,2,TOR,31.0,25,0,106.0,1.1923076923076923,0.8213846153846154
S2324-G0276,3,NYK,33.0,27,0,119.0,1.1785714285714286,0.8261428571428572
S2324-G0276,3,TOR,20.0,27,0,106.0,0.7142857142857143,0.5345714285714286
S2324-G0276,4,NYK,29.0,20,0,119.0,1.380952380952381,0.9475714285714285
S2324-G0276,4,TOR,29.0,27,0,106.0,1.0357142857142858,0.7274285714285714
S2324-G0277,1,DAL,20.0,26,0,94.0,0.7407407407407407,0.5384444444444444
S2324-G0277,1,MEM,28.0,26,0,108.0,1.037037037037037,0.7302222222222221
S2324-G0277,2,DAL,24.0,26,0,94.0,0.8888888888888888,0.6273333333333333
S2324-G0277,2,MEM,31.0,21,0,108.0,1.4090909090909092,0.9534545454545454
S2324-G0277,3,DAL,28.0,23,0,94.0,1.1666666666666667,0.794
S2324-G0277,3,MEM,20.0,20,0,108.0,0.9523809523809523,0.6794285714285714
S2324-G0277,4,DAL,22.0,21,0,94.0,1.0,0.694
S2324-G0277,4,MEM,29.0,21,0,108.0,1.3181818181818181,0.8989090909090909
S2324-G0278,1,NOP,32.0,24,0,121.0,1.28,0.889
S2324-G0278,1,SAS,31.0,22,0,106.0,1.3478260869565217,0.914695652173913
S2324-G0278,2,NOP,31.0,22,0,121.0,1.3478260869565217,0.929695652173913
S2324-G0278,2,SAS,30.0,24,0,106.0,1.2,0.826
S2324-G0278,3,NOP,26.0,24,0,121.0,1.04,0.745
S2324-G0278,3,SAS,20.0,24,0,106.0,0.8,0.586
S2324-G0278,4,NOP,32.0,24,0,121.0,1.28,0.889
S2324-G0278,4,SAS,25.0,23,0,106.0,1.0416666666666667,0.731
S2324-G0279,1,DEN,41.0,27,0,119.0,1.4642857142857142,0.9975714285714284
S2324-G0279,1,PHX,30.0,26,0,111.0,1.1111111111111112,0.7776666666666666
S2324-G0279,2,DEN,29.0,23,0,119.0,1.2083333333333333,0.844
S2324-G0279,2,PHX,33.0,28,0,111.0,1.1379310344827587,0.7937586206896552
S2324-G0279,3,DEN,24.0,21,0,119.0,1.0909090909090908,0.7735454545454544
S2324-G0279,3,PHX,28.0,21,0,111.0,1.2727272727272727,0.8746363636363635
S2324-G0279,4,DEN,25.0,18,0,119.0,1.3157894736842106,0.9084736842105263
S2324-G0279,4,PHX,20.0,19,0,111.0,1.0,0.711
S2324-G0280,1,GSW,33.0,22,0,112.0,1.434782608695652,0.9728695652173912
S2324-G0280,1,LAC,22.0,25,0,113.0,0.8461538461538461,0.6206923076923077
S2324-G0280,2,GSW,34.0,24,0,112.0,1.36,0.928
S2324-G0280,2,LAC,26.0,26,0,113.0,0.9629629629629629,0.6907777777777777
S2324-G0280,3,GSW,25.0,25,0,112.0,0.9615384615384616,0.6889230769230769
S2324-G0280,3,LAC,37.0,25,0,113.0,1.4230769230769231,0.9668461538461538
S2324-G0280,4,GSW,20.0,24,0,112.0,0.8,0.592
S2324-G0280,4,LAC,28.0,21,0,113.0,1.2727272727272727,0.8766363636363635
S2324-G0281,1,CHA,23.0,24,0,117.0,0.92,0.669
S2324-G0281,1,MIN,30.0,22,0,123.0,1.3043478260869565,0.905608695652174
S2324-G0281,2,CHA,36.0,22,0,117.0,1.565217391304348,1.0561304347826086
S2324-G0281,2,MIN,32.0,24,0,123.0,1.28,0.891
S2324-G0281,3,CHA,28.0,25,0,117.0,1.0769230769230769,0.7631538461538461
S2324-G0281,3,MIN,26.0,25,0,123.0,1.0,0.723
S2324-G0281,4,CHA,30.0,20,0,117.0,1.4285714285714286,0.9741428571428571
S2324-G0281,4,MIN,35.0,18,0,123.0,1.8421052631578947,1.2282631578947367
S2324-G0282,1,BKN,43.0,23,0,129.0,1.7916666666666667,1.204
S2324-G0282,1,ORL,22.0,23,0,101.0,0.9166666666666666,0.6509999999999999
S2324-G0282,2,BKN,30.0,20,0,129.0,1.4285714285714286,0.9861428571428571
S2324-G0282,2,ORL,29.0,17,0,101.0,1.6111111111111112,1.0676666666666668
S2324-G0282,3,BKN,25.0,25,0,129.0,0.9615384615384616,0.7059230769230769
S2324-G0282,3,ORL,34.0,24,0,101.0,1.36,0.917
S2324-G0282,4,BKN,31.0,22,0,129.0,1.3478260869565217,0.937695652173913
S2324-G0282,4,ORL,16.0,22,0,101.0,0.6956521739130435,0.5183913043478261
S2324-G0283,1,CLE,25.0,24,0,110.0,1.0,0.71
S2324-G0283,1,DET,30.0,24,0,101.0,1.2,0.821
S2324-G0283,2,CLE,29.0,19,0,110.0,1.45,0.98
S2324-G0283,2,DET,18.0,20,0,101.0,0.8571428571428571,0.6152857142857142
S2324-G0283,3,CLE,31.0,26,0,110.0,1.1481481481481481,0.7988888888888889
S2324-G0283,3,DET,34.0,27,0,101.0,1.2142857142857142,0.8295714285714285
S2324-G0283,4,CLE,25.0,21,0,110.0,1.1363636363636365,0.7918181818181819
S2324-G0283,4,DET,19.0,21,0,101.0,0.8636363636363636,0.6191818181818182
S2324-G0284,1,IND,25.0,23,0,144.0,1.0416666666666667,0.769
S2324-G0284,1,MIA,31.0,23,0,129.0,1.2916666666666667,0.904
S2324-G0284,2,IND,40.0,26,0,144.0,1.4814814814814814,1.0328888888888887
S2324-G0284,2,MIA,34.0,27,0,129.0,1.2142857142857142,0.8575714285714285
S2324-G0284,3,IND,41.0,26,0,144.0,1.5185185185185186,1.055111111111111
S2324-G0284,3,MIA,33.0,26,0,129.0,1.2222222222222223,0.8623333333333334
S2324-G0284,4,IND,38.0,22,0,144.0,1.6521739130434783,1.135304347826087
S2324-G0284,4,MIA,31.0,24,0,129.0,1.24,0.873
S2324-G0285,1,CHI,32.0,24,0,124.0,1.28,0.892
S2324-G0285,1,NOP,29.0,24,0,118.0,1.16,0.814
S2324-G0285,2,CHI,21.0,19,0,124.0,1.05,0.754
S2324-G0285,2,NOP,32.0,18,0,118.0,1.6842105263157894,1.1285263157894736
S2324-G0285,3,CHI,36.0,24,0,124.0,1.44,0.988
S2324-G0285,3,NOP,21.0,25,0,118.0,0.8076923076923077,0.6026153846153846
S2324-G0285,4,CHI,35.0,26,0,124.0,1.2962962962962963,0.9017777777777778
S2324-G0285,4,NOP,36.0,27,0,118.0,1.2857142857142858,0.8894285714285715
S2324-G0286,1,ATL,37.0,28,0,121.0,1.2758620689655173,0.8865172413793104
S2324-G0286,1,MIL,42.0,32,0,132.0,1.2727272727272727,0.8956363636363636
S2324-G0286,2,ATL,26.0,24,0,121.0,1.04,0.745
S2324-G0286,2,MIL,25.0,21,0,132.0,1.1363636363636365,0.8138181818181819
S2324-G0286,3,ATL,35.0,29,0,121.0,1.1666666666666667,0.8210000000000001
S2324-G0286,3,MIL,32.0,27,0,132.0,1.1428571428571428,0.8177142857142856
S2324-G0286,4,ATL,23.0,24,0,121.0,0.92,0.673
S2324-G0286,4,MIL,33.0,23,0,132.0,1.375,0.957
S2324-G0287,1,DAL,27.0,22,0,120.0,1.173913043478261,0.8243478260869566
S2324-G0287,1,OKC,33.0,20,0,126.0,1.5714285714285714,1.068857142857143
S2324-G0287,2,DAL,29.0,25,0,120.0,1.1153846153846154,0.7892307692307692
S2324-G0287,2,OKC,39.0,24,0,126.0,1.56,1.0619999999999998
S2324-G0287,3,DAL,28.0,23,0,120.0,1.1666666666666667,0.8200000000000001
S2324-G0287,3,OKC,35.0,23,0,126.0,1.4583333333333333,1.001
S2324-G0287,4,DAL,36.0,24,0,120.0,1.44,0.984
S2324-G0287,4,OKC,19.0,23,0,126.0,0.7916666666666666,0.601
S2324-G0288,1,MEM,27.0,20,0,109.0,1.2857142857142858,0.8804285714285714
S2324-G0288,1,PHX,27.0,21,0,116.0,1.2272727272727273,0.8523636363636363
S2324-G0288,2,MEM,24.0,26,0,109.0,0.8888888888888888,0.6423333333333333
S2324-G0288,2,PHX,23.0,28,0,116.0,0.7931034482758621,0.5918620689655172
S2324-G0288,3,MEM,21.0,23,0,109.0,0.875,0.634
S2324-G0288,3,PHX,34.0,23,0,116.0,1.4166666666666667,0.966
S2324-G0288,4,MEM,37.0,21,0,109.0,1.6818181818181819,1.118090909090909
S2324-G0288,4,PHX,32.0,20,0,116.0,1.5238095238095237,1.0302857142857142
S2324-G0289,1,POR,24.0,25,0,113.0,0.9230769230769231,0.6668461538461539
S2324-G0289,1,UTA,21.0,22,0,118.0,0.9130434782608695,0.6658260869565217
S2324-G0289,2,POR,20.0,23,0,113.0,0.8333333333333334,0.613
S2324-G0289,2,UTA,35.0,26,0,118.0,1.2962962962962963,0.8957777777777778
S2324-G0289,3,POR,30.0,24,0,113.0,1.2,0.833
S2324-G0289,3,UTA,28.0,23,0,118.0,1.1666666666666667,0.8180000000000001
S2324-G0289,4,POR,32.0,20,0,113.0,1.5238095238095237,1.0272857142857141
S2324-G0289,4,UTA,22.0,21,0,118.0,1.0,0.718
S2324-G0289,5,POR,7.0,7,0,113.0,0.875,0.638
S2324-G0289,5,UTA,12.0,6,0,118.0,1.7142857142857142,1.1465714285714284
S2324-G0290,1,DEN,30.0,21,0,117.0,1.3636363636363635,0.9351818181818181
S2324-G0290,1,SAC,25.0,21,0,123.0,1.1363636363636365,0.8048181818181819
S2324-G0290,2,DEN,20.0,25,0,117.0,0.7692307692307693,0.5785384615384616
S2324-G0290,2,SAC,39.0,27,0,123.0,1.3928571428571428,0.9587142857142856
S2324-G0290,3,DEN,28.0,22,0,117.0,1.2173913043478262,0.8474347826086956
S2324-G0290,3,SAC,24.0,23,0,123.0,1.0,0.723
S2324-G0290,4,DEN,39.0,28,0,117.0,1.3448275862068966,0.9238965517241379
S2324-G0290,4,SAC,35.0,29,0,123.0,1.1666666666666667,0.8230000000000001
S2324-G0291,1,HOU,30.0,22,0,97.0,1.3043478260869565,0.8796086956521739
S2324-G0291,1,LAL,25.0,22,0,107.0,1.0869565217391304,0.7591739130434781
S2324-G0291,2,HOU,14.0,24,0,97.0,0.56,0.43300000000000005
S2324-G0291,2,LAL,35.0,22,0,107.0,1.5217391304347827,1.0200434782608696
S2324-G0291,3,HOU,28.0,24,0,97.0,1.12,0.769
S2324-G0291,3,LAL,26.0,26,0,107.0,0.9629629629629629,0.6847777777777777
S2324-G0291,4,HOU,25.0,19,0,97.0,1.25,0.847
S2324-G0291,4,LAL,21.0,20,0,107.0,1.0,0.707
S2324-G0292,1,CHA,24.0,20,0,114.0,1.1428571428571428,0.7997142857142856
S2324-G0292,1,MIA,29.0,19,0,116.0,1.45,0.986
S2324-G0292,2,CHA,26.0,18,0,114.0,1.368421052631579,0.9350526315789474
S2324-G0292,2,MIA,30.0,22,0,116.0,1.3043478260869565,0.8986086956521739
S2324-G0292,3,CHA,27.0,21,0,114.0,1.2272727272727273,0.8503636363636363
S2324-G0292,3,MIA,30.0,21,0,116.0,1.3636363636363635,0.9341818181818181
S2324-G0292,4,CHA,37.0,20,0,114.0,1.7619047619047619,1.1711428571428573
S2324-G0292,4,MIA,27.0,19,0,116.0,1.35,0.926
S2324-G0293,1,DET,36.0,30,0,123.0,1.1612903225806452,0.8197741935483871
S2324-G0293,1,IND,33.0,32,0,131.0,1.0,0.731
S2324-G0293,2,DET,25.0,25,0,123.0,0.9615384615384616,0.6999230769230769
S2324-G0293,2,IND,33.0,30,0,131.0,1.064516129032258,0.7697096774193548
S2324-G0293,3,DET,32.0,27,0,123.0,1.1428571428571428,0.8087142857142856
S2324-G0293,3,IND,32.0,27,0,131.0,1.1428571428571428,0.8167142857142856
S2324-G0293,4,DET,30.0,21,0,123.0,1.3636363636363635,0.9411818181818181
S2324-G0293,4,IND,33.0,22,0,131.0,1.434782608695652,0.9918695652173912
S2324-G0294,1,CLE,29.0,24,0,94.0,1.16,0.7899999999999999
S2324-G0294,1,ORL,22.0,19,0,104.0,1.1,0.764
S2324-G0294,2,CLE,25.0,23,0,94.0,1.0416666666666667,0.719
S2324-G0294,2,ORL,29.0,22,0,104.0,1.2608695652173914,0.8605217391304347
S2324-G0294,3,CLE,15.0,20,0,94.0,0.7142857142857143,0.5225714285714286
S2324-G0294,3,ORL,30.0,23,0,104.0,1.25,0.854
S2324-G0294,4,CLE,25.0,22,0,94.0,1.0869565217391304,0.7461739130434781
S2324-G0294,4,ORL,23.0,22,0,104.0,1.0,0.704
S2324-G0295,1,PHI,43.0,28,0,146.0,1.4827586206896552,1.035655172413793
S2324-G0295,1,WAS,27.0,25,0,101.0,1.0384615384615385,0.7240769230769231
S2324-G0295,2,PHI,32.0,26,0,146.0,1.1851851851851851,0.857111111111111
S2324-G0295,2,WAS,19.0,27,0,101.0,0.6785714285714286,0.5081428571428571
S2324-G0295,3,PHI,37.0,27,0,146.0,1.3214285714285714,0.9388571428571428
S2324-G0295,3,WAS,21.0,25,0,101.0,0.8076923076923077,0.5856153846153846
S2324-G0295,4,PHI,34.0,27,0,146.0,1.2142857142857142,0.8745714285714286
S2324-G0295,4,WAS,34.0,26,0,101.0,1.2592592592592593,0.8565555555555555
S2324-G0296,1,ATL,36.0,20,0,122.0,1.7142857142857142,1.1505714285714284
S2324-G0296,1,DEN,28.0,22,0,129.0,1.2173913043478262,0.8594347826086957
S2324-G0296,2,ATL,26.0,28,0,122.0,0.896551724137931,0.6599310344827586
S2324-G0296,2,DEN,37.0,28,0,129.0,1.2758620689655173,0.8945172413793104
S2324-G0296,3,ATL,24.0,27,0,122.0,0.8571428571428571,0.6362857142857142
S2324-G0296,3,DEN,38.0,28,0,129.0,1.3103448275862069,0.915206896551724
S2324-G0296,4,ATL,36.0,22,0,122.0,1.565217391304348,1.0611304347826087
S2324-G0296,4,DEN,26.0,22,0,129.0,1.1304347826086956,0.8072608695652174
S2324-G0297,1,NYK,35.0,23,0,136.0,1.4583333333333333,1.011
S2324-G0297,1,TOR,35.0,23,0,130.0,1.4583333333333333,1.005
S2324-G0297,2,NYK,31.0,21,0,136.0,1.4090909090909092,0.9814545454545455
S2324-G0297,2,TOR,25.0,20,0,130.0,1.1904761904761905,0.8442857142857143
S2324-G0297,3,NYK,32.0,26,0,136.0,1.1851851851851851,0.847111111111111
S2324-G0297,3,TOR,37.0,29,0,130.0,1.2333333333333334,0.87
S2324-G0297,4,NYK,38.0,26,0,136.0,1.4074074074074074,0.9804444444444445
S2324-G0297,4,TOR,33.0,30,0,130.0,1.064516129032258,0.7687096774193548
S2324-G0298,1,HOU,19.0,20,0,93.0,0.9047619047619048,0.6358571428571428
S2324-G0298,1,SAS,21.0,21,0,82.0,0.9545454545454546,0.6547272727272727
S2324-G0298,2,HOU,32.0,21,0,93.0,1.4545454545454546,0.9657272727272727
S2324-G0298,2,SAS,26.0,23,0,82.0,1.0833333333333333,0.7319999999999999
S2324-G0298,3,HOU,18.0,21,0,93.0,0.8181818181818182,0.5839090909090909
S2324-G0298,3,SAS,15.0,21,0,82.0,0.6818181818181818,0.4910909090909091
S2324-G0298,4,HOU,24.0,19,0,93.0,1.2,0.813
S2324-G0298,4,SAS,20.0,23,0,82.0,0.8333333333333334,0.582
S2324-G0299,1,DAL,29.0,20,0,120.0,1.380952380952381,0.9485714285714285
S2324-G0299,1,MEM,24.0,19,0,113.0,1.2,0.833
S2324-G0299,2,DAL,38.0,29,0,120.0,1.2666666666666666,0.8799999999999999
S2324-G0299,2,MEM,27.0,28,0,113.0,0.9310344827586207,0.6716206896551724
S2324-G0299,3,DAL,29.0,24,0,120.0,1.16,0.816
S2324-G0299,3,MEM,28.0,26,0,113.0,1.037037037037037,0.7352222222222221
S2324-G0299,4,DAL,24.0,24,0,120.0,0.96,0.696
S2324-G0299,4,MEM,34.0,28,0,113.0,1.1724137931034482,0.8164482758620689
S2324-G0300,1,CHI,32.0,20,0,129.0,1.5238095238095237,1.0432857142857141
S2324-G0300,1,MIL,37.0,25,0,133.0,1.4230769230769231,0.9868461538461538
S2324-G0300,2,CHI,33.0,20,0,129.0,1.5714285714285714,1.0718571428571428
S2324-G0300,2,MIL,37.0,20,0,133.0,1.7619047619047619,1.1901428571428572
S2324-G0300,3,CHI,24.0,19,0,129.0,1.2,0.849
S2324-G0300,3,MIL,17.0,19,0,133.0,0.85,0.643
S2324-G0300,4,CHI,29.0,22,0,129.0,1.2608695652173914,0.8855217391304347
S2324-G0300,4,MIL,27.0,23,0,133.0,1.125,0.8079999999999999
S2324-G0300,5,CHI,11.0,7,0,129.0,1.375,0.954
S2324-G0300,5,MIL,15.0,8,0,133.0,1.6666666666666667,1.133
S2324-G0301,1,MIN,29.0,24,0,107.0,1.16,0.8029999999999999
S2324-G0301,1,NOP,29.0,24,0,121.0,1.16,0.817
S2324-G0301,2,MIN,23.0,25,0,107.0,0.8846153846153846,0.6377692307692308
S2324-G0301,2,NOP,30.0,29,0,121.0,1.0,0.721
S2324-G0301,3,MIN,34.0,22,0,107.0,1.4782608695652173,0.9939565217391303
S2324-G0301,3,NOP,31.0,22,0,121.0,1.3478260869565217,0.929695652173913
S2324-G0301,4,MIN,21.0,21,0,107.0,0.9545454545454546,0.6797272727272727
S2324-G0301,4,NOP,31.0,21,0,121.0,1.4090909090909092,0.9664545454545455
S2324-G0302,1,OKC,34.0,25,0,134.0,1.3076923076923077,0.9186153846153846
S2324-G0302,1,UTA,20.0,23,0,120.0,0.8333333333333334,0.62
S2324-G0302,2,OKC,32.0,29,0,134.0,1.0666666666666667,0.774
S2324-G0302,2,UTA,32.0,22,0,120.0,1.391304347826087,0.9547826086956521
S2324-G0302,3,OKC,45.0,28,0,134.0,1.5517241379310345,1.0650344827586207
S2324-G0302,3,UTA,23.0,28,0,120.0,0.7931034482758621,0.5958620689655172
S2324-G0302,4,OKC,23.0,27,0,134.0,0.8214285714285714,0.6268571428571428
S2324-G0302,4,UTA,45.0,29,0,120.0,1.5,1.02
S2324-G0303,1,BKN,18.0,18,0,118.0,0.9473684210526315,0.6864210526315789
S2324-G0303,1,SAC,26.0,19,0,131.0,1.3,0.911
S2324-G0303,2,BKN,30.0,22,0,118.0,1.3043478260869565,0.9006086956521739
S2324-G0303,2,SAC,28.0,24,0,131.0,1.12,0.803
S2324-G0303,3,BKN,37.0,21,0,118.0,1.6818181818181819,1.1270909090909091
S2324-G0303,3,SAC,44.0,27,0,131.0,1.5714285714285714,1.0738571428571428
S2324-G0303,4,BKN,33.0,26,0,118.0,1.2222222222222223,0.8513333333333334
S2324-G0303,4,SAC,33.0,28,0,131.0,1.1379310344827587,0.8137586206896552
S2324-G0304,1,LAC,43.0,27,0,132.0,1.5357142857142858,1.0534285714285714
S2324-G0304,1,POR,32.0,22,0,127.0,1.391304347826087,0.9617826086956521
S2324-G0304,2,LAC,23.0,21,0,132.0,1.0454545454545454,0.7592727272727272
S2324-G0304,2,POR,33.0,20,0,127.0,1.5714285714285714,1.0698571428571428
S2324-G0304,3,LAC,39.0,23,0,132.0,1.625,1.107
S2324-G0304,3,POR,34.0,27,0,127.0,1.2142857142857142,0.8555714285714285
S2324-G0304,4,LAC,27.0,21,0,132.0,1.2272727272727273,0.8683636363636363
S2324-G0304,4,POR,28.0,20,0,127.0,1.3333333333333333,0.9269999999999999
S2324-G0305,1,BOS,21.0,24,0,120.0,0.84,0.624
S2324-G0305,1,CLE,31.0,24,0,113.0,1.24,0.857
S2324-G0305,2,BOS,38.0,26,0,120.0,1.4074074074074074,0.9644444444444444
S2324-G0305,2,CLE,29.0,25,0,113.0,1.1153846153846154,0.7822307692307692
S2324-G0305,3,BOS,35.0,26,0,120.0,1.2962962962962963,0.8977777777777778
S2324-G0305,3,CLE,32.0,23,0,113.0,1.3333333333333333,0.9129999999999999
S2324-G0305,4,BOS,26.0,14,0,120.0,1.7333333333333334,1.1600000000000001
S2324-G0305,4,CLE,21.0,15,0,113.0,1.3125,0.9005
S2324-G0306,1,DAL,34.0,22,0,127.0,1.4782608695652173,1.0139565217391304
S2324-G0306,1,LAL,26.0,24,0,125.0,1.04,0.749
S2324-G0306,2,DAL,37.0,34,0,127.0,1.0571428571428572,0.7612857142857142
S2324-G0306,2,LAL,35.0,31,0,125.0,1.09375,0.78125
S2324-G0306,3,DAL,22.0,17,0,127.0,1.2222222222222223,0.8603333333333334
S2324-G0306,3,LAL,34.0,19,0,125.0,1.7,1.145
S2324-G0306,4,DAL,34.0,19,0,127.0,1.7,1.147
S2324-G0306,4,LAL,30.0,26,0,125.0,1.1111111111111112,0.7916666666666666
S2324-G0307,1,CHI,25.0,23,0,106.0,1.0416666666666667,0.731
S2324-G0307,1,DEN,32.0,24,0,114.0,1.28,0.882
S2324-G0307,2,CHI,25.0,16,0,106.0,1.4705882352941178,0.9883529411764707
S2324-G0307,2,DEN,25.0,17,0,114.0,1.3888888888888888,0.9473333333333332
S2324-G0307,3,CHI,30.0,23,0,106.0,1.25,0.856
S2324-G0307,3,DEN,35.0,24,0,114.0,1.4,0.954
S2324-G0307,4,CHI,26.0,19,0,106.0,1.3,0.886
S2324-G0307,4,DEN,22.0,20,0,114.0,1.0476190476190477,0.7425714285714285
S2324-G0308,1,GSW,25.0,19,0,116.0,1.25,0.866
S2324-G0308,1,PHX,25.0,18,0,119.0,1.3157894736842106,0.9084736842105263
S2324-G0308,2,GSW,31.0,23,0,116.0,1.2916666666666667,0.891
S2324-G0308,2,PHX,28.0,22,0,119.0,1.2173913043478262,0.8494347826086956
S2324-G0308,3,GSW,31.0,23,0,116.0,1.2916666666666667,0.891
S2324-G0308,3,PHX,35.0,26,0,119.0,1.2962962962962963,0.8967777777777778
S2324-G0308,4,GSW,29.0,29,0,116.0,0.9666666666666667,0.696
S2324-G0308,4,PHX,31.0,26,0,119.0,1.1481481481481481,0.8078888888888889
S2324-G0309,1,LAC,32.0,22,0,119.0,1.391304347826087,0.9537826086956521
S2324-G0309,1,SAC,24.0,23,0,99.0,1.0,0.699
S2324-G0309,2,LAC,38.0,28,0,119.0,1.3103448275862069,0.905206896551724
S2324-G0309,2,SAC,24.0,25,0,99.0,0.9230769230769231,0.6528461538461539
S2324-G0309,3,LAC,29.0,21,0,119.0,1.3181818181818181,0.9099090909090909
S2324-G0309,3,SAC,22.0,24,0,99.0,0.88,0.627
S2324-G0309,4,LAC,20.0,18,0,119.0,1.0526315789473684,0.750578947368421
S2324-G0309,4,SAC,29.0,20,0,99.0,1.380952380952381,0.9275714285714285
S2324-G0310,1,DET,26.0,24,0,111.0,1.04,0.735
S2324-G0310,1,PHI,39.0,23,0,129.0,1.625,1.104
S2324-G0310,2,DET,30.0,23,0,111.0,1.25,0.861
S2324-G0310,2,PHI,31.0,20,0,129.0,1.4761904761904763,1.0147142857142857
S2324-G0310,3,DET,24.0,24,0,111.0,0.96,0.6869999999999999
S2324-G0310,3,PHI,34.0,26,0,129.0,1.2592592592592593,0.8845555555555555
S2324-G0310,4,DET,31.0,23,0,111.0,1.2916666666666667,0.886
S2324-G0310,4,PHI,25.0,22,0,129.0,1.0869565217391304,0.7811739130434782
S2324-G0311,1,NOP,28.0,27,0,142.0,1.0,0.742
S2324-G0311,1,WAS,30.0,24,0,122.0,1.2,0.842
S2324-G0311,2,NOP,47.0,29,0,142.0,1.5666666666666667,1.0819999999999999
S2324-G0311,2,WAS,34.0,29,0,122.0,1.1333333333333333,0.8019999999999999
S2324-G0311,3,NOP,35.0,26,0,142.0,1.2962962962962963,0.9197777777777778
S2324-G0311,3,WAS,29.0,24,0,122.0,1.16,0.818
S2324-G0311,4,NOP,32.0,20,0,142.0,1.5238095238095237,1.056285714285714
S2324-G0311,4,WAS,29.0,20,0,122.0,1.380952380952381,0.9505714285714285
S2324-G0312,1,CHA,23.0,31,0,104.0,0.71875,0.53525
S2324-G0312,1,MIA,22.0,24,0,115.0,0.88,0.643
S2324-G0312,2,CHA,22.0,28,0,104.0,0.7586206896551724,0.5591724137931035
S2324-G0312,2,MIA,34.0,28,0,115.0,1.1724137931034482,0.8184482758620689
S2324-G0312,3,CHA,25.0,24,0,104.0,1.0,0.704
S2324-G0312,3,MIA,35.0,26,0,115.0,1.2962962962962963,0.8927777777777778
S2324-G0312,4,CHA,34.0,24,0,104.0,1.36,0.92
S2324-G0312,4,MIA,24.0,27,0,115.0,0.8571428571428571,0.6292857142857142
S2324-G0313,1,ATL,39.0,26,0,128.0,1.4444444444444444,0.9946666666666666
S2324-G0313,1,TOR,31.0,28,0,135.0,1.0689655172413792,0.7763793103448275
S2324-G0313,2,ATL,27.0,21,0,128.0,1.2272727272727273,0.8643636363636363
S2324-G0313,2,TOR,33.0,22,0,135.0,1.434782608695652,0.9958695652173912
S2324-G0313,3,ATL,29.0,21,0,128.0,1.3181818181818181,0.9189090909090909
S2324-G0313,3,TOR,39.0,21,0,135.0,1.7727272727272727,1.1986363636363635
S2324-G0313,4,ATL,33.0,26,0,128.0,1.2222222222222223,0.8613333333333334
S2324-G0313,4,TOR,32.0,23,0,135.0,1.3333333333333333,0.9349999999999999
S2324-G0314,1,HOU,29.0,23,0,117.0,1.2083333333333333,0.842
S2324-G0314,1,MEM,23.0,26,0,104.0,0.8518518518518519,0.615111111111111
S2324-G0314,2,HOU,28.0,27,0,117.0,1.0,0.717
S2324-G0314,2,MEM,20.0,21,0,104.0,0.9090909090909091,0.6494545454545454
S2324-G0314,3,HOU,25.0,22,0,117.0,1.0869565217391304,0.7691739130434782
S2324-G0314,3,MEM,38.0,23,0,104.0,1.5833333333333333,1.054
S2324-G0314,4,HOU,35.0,24,0,117.0,1.4,0.957
S2324-G0314,4,MEM,23.0,26,0,104.0,0.8518518518518519,0.615111111111111
S2324-G0315,1,IND,33.0,26,0,126.0,1.2222222222222223,0.8593333333333334
S2324-G0315,1,MIL,36.0,27,0,140.0,1.2857142857142858,0.9114285714285715
S2324-G0315,2,IND,30.0,24,0,126.0,1.2,0.846
S2324-G0315,2,MIL,34.0,26,0,140.0,1.2592592592592593,0.8955555555555555
S2324-G0315,3,IND,31.0,28,0,126.0,1.0689655172413792,0.7673793103448275
S2324-G0315,3,MIL,31.0,26,0,140.0,1.1481481481481481,0.8288888888888889
S2324-G0315,4,IND,32.0,30,0,126.0,1.032258064516129,0.7453548387096773
S2324-G0315,4,MIL,39.0,28,0,140.0,1.3448275862068966,0.9468965517241379
S2324-G0316,1,LAL,34.0,28,0,122.0,1.1724137931034482,0.8254482758620689
S2324-G0316,1,SAS,26.0,27,0,119.0,0.9285714285714286,0.6761428571428572
S2324-G0316,2,LAL,29.0,25,0,122.0,1.1153846153846154,0.7912307692307692
S2324-G0316,2,SAS,24.0,25,0,119.0,0.9230769230769231,0.6728461538461539
S2324-G0316,3,LAL,29.0,26,0,122.0,1.0740740740740742,0.7664444444444445
S2324-G0316,3,SAS,24.0,25,0,119.0,0.9230769230769231,0.6728461538461539
S2324-G0316,4,LAL,30.0,30,0,122.0,0.967741935483871,0.7026451612903226
S2324-G0316,4,SAS,45.0,31,0,119.0,1.40625,0.96275
S2324-G0317,1,BKN,31.0,21,0,116.0,1.4090909090909092,0.9614545454545455
S2324-G0317,1,PHX,22.0,19,0,112.0,1.1,0.772
S2324-G0317,2,BKN,33.0,24,0,116.0,1.32,0.908
S2324-G0317,2,PHX,34.0,26,0,112.0,1.2592592592592593,0.8675555555555555
S2324-G0317,3,BKN,22.0,21,0,116.0,1.0,0.716
S2324-G0317,3,PHX,32.0,24,0,112.0,1.28,0.88
S2324-G0317,4,BKN,30.0,21,0,116.0,1.3636363636363635,0.9341818181818181
S2324-G0317,4,PHX,24.0,21,0,112.0,1.0909090909090908,0.7665454545454544
S2324-G0318,1,NYK,31.0,23,0,113.0,1.2916666666666667,0.888
S2324-G0318,1,UTA,22.0,24,0,117.0,0.88,0.645
S2324-G0318,2,NYK,19.0,20,0,113.0,0.9047619047619048,0.6558571428571428
S2324-G0318,2,UTA,30.0,18,0,117.0,1.5789473684210527,1.0643684210526314
S2324-G0318,3,NYK,34.0,24,0,113.0,1.36,0.929
S2324-G0318,3,UTA,37.0,27,0,117.0,1.3214285714285714,0.9098571428571428
S2324-G0318,4,NYK,29.0,27,0,113.0,1.0357142857142858,0.7344285714285714
S2324-G0318,4,UTA,28.0,26,0,117.0,1.037037037037037,0.7392222222222221
S2324-G0319,1,BOS,33.0,26,0,116.0,1.2222222222222223,0.8493333333333334
S2324-G0319,1,CLE,24.0,26,0,107.0,0.8888888888888888,0.6403333333333333
S2324-G0319,2,BOS,32.0,24,0,116.0,1.28,0.884
S2324-G0319,2,CLE,30.0,27,0,107.0,1.0714285714285714,0.7498571428571428
S2324-G0319,3,BOS,25.0,25,0,116.0,0.9615384615384616,0.6929230769230769
S2324-G0319,3,CLE,33.0,26,0,107.0,1.2222222222222223,0.8403333333333334
S2324-G0319,4,BOS,26.0,17,0,116.0,1.4444444444444444,0.9826666666666666
S2324-G0319,4,CLE,20.0,17,0,107.0,1.1111111111111112,0.7736666666666666
S2324-G0320,1,CHI,36.0,22,0,124.0,1.565217391304348,1.0631304347826087
S2324-G0320,1,MIA,22.0,23,0,116.0,0.9166666666666666,0.6659999999999999
S2324-G0320,2,CHI,24.0,20,0,124.0,1.1428571428571428,0.8097142857142856
S2324-G0320,2,MIA,34.0,20,0,116.0,1.619047619047619,1.0874285714285714
S2324-G0320,3,CHI,33.0,25,0,124.0,1.2692307692307692,0.8855384615384615
S2324-G0320,3,MIA,32.0,21,0,116.0,1.4545454545454546,0.9887272727272727
S2324-G0320,4,CHI,31.0,21,0,124.0,1.4090909090909092,0.9694545454545455
S2324-G0320,4,MIA,28.0,17,0,116.0,1.5555555555555556,1.0493333333333332
S2324-G0321,1,DAL,30.0,27,0,101.0,1.0714285714285714,0.7438571428571428
S2324-G0321,1,MIN,26.0,28,0,119.0,0.896551724137931,0.6569310344827586
S2324-G0321,2,DAL,30.0,25,0,101.0,1.1538461538461537,0.7933076923076922
S2324-G0321,2,MIN,33.0,25,0,119.0,1.2692307692307692,0.8805384615384615
S2324-G0321,3,DAL,22.0,22,0,101.0,0.9565217391304348,0.6749130434782609
S2324-G0321,3,MIN,28.0,25,0,119.0,1.0769230769230769,0.7651538461538461
S2324-G0321,4,DAL,19.0,24,0,101.0,0.76,0.5569999999999999
S2324-G0321,4,MIN,32.0,25,0,119.0,1.2307692307692308,0.8574615384615385
S2324-G0322,1,BKN,22.0,21,0,101.0,1.0,0.701
S2324-G0322,1,DEN,29.0,24,0,124.0,1.16,0.82
S2324-G0322,2,BKN,17.0,18,0,101.0,0.8947368421052632,0.6378421052631579
S2324-G0322,2,DEN,23.0,18,0,124.0,1.2105263157894737,0.8503157894736841
S2324-G0322,3,BKN,28.0,27,0,101.0,1.0,0.701
S2324-G0322,3,DEN,38.0,25,0,124.0,1.4615384615384615,1.0009230769230768
S2324-G0322,4,BKN,34.0,27,0,101.0,1.2142857142857142,0.8295714285714285
S2324-G0322,4,DEN,34.0,29,0,124.0,1.1333333333333333,0.8039999999999999
S2324-G0323,1,POR,30.0,26,0,114.0,1.1111111111111112,0.7806666666666666
S2324-G0323,1,UTA,38.0,21,0,122.0,1.7272727272727273,1.1583636363636365
S2324-G0323,2,POR,24.0,25,0,114.0,0.9230769230769231,0.6678461538461539
S2324-G0323,2,UTA,31.0,23,0,122.0,1.2916666666666667,0.897
S2324-G0323,3,POR,22.0,26,0,114.0,0.8148148148148148,0.6028888888888888
S2324-G0323,3,UTA,34.0,26,0,122.0,1.2592592592592593,0.8775555555555555
S2324-G0323,4,POR,38.0,24,0,114.0,1.52,1.0259999999999998
S2324-G0323,4,UTA,19.0,20,0,122.0,0.9047619047619048,0.6648571428571428
S2324-G0324,1,OKC,30.0,25,0,123.0,1.1538461538461537,0.8153076923076922
S2324-G0324,1,SAC,29.0,28,0,128.0,1.0,0.728
S2324-G0324,2,OKC,23.0,22,0,123.0,1.0,0.723
S2324-G0324,2,SAC,30.0,25,0,128.0,1.1538461538461537,0.8203076923076922
S2324-G0324,3,OKC,39.0,23,0,123.0,1.625,1.0979999999999999
S2324-G0324,3,SAC,41.0,26,0,128.0,1.5185185185185186,1.039111111111111
S2324-G0324,4,OKC,31.0,28,0,123.0,1.0689655172413792,0.7643793103448275
S2324-G0324,4,SAC,28.0,28,0,128.0,0.9655172413793104,0.7073103448275863
S2324-G0325,1,GSW,28.0,23,0,113.0,1.1666666666666667,0.8130000000000001
S2324-G0325,1,LAC,29.0,25,0,121.0,1.1153846153846154,0.7902307692307692
S2324-G0325,2,GSW,28.0,27,0,113.0,1.0,0.713
S2324-G0325,2,LAC,40.0,26,0,121.0,1.4814814814814814,1.0098888888888888
S2324-G0325,3,GSW,37.0,21,0,113.0,1.6818181818181819,1.122090909090909
S2324-G0325,3,LAC,30.0,26,0,121.0,1.1111111111111112,0.7876666666666666
S2324-G0325,4,GSW,20.0,19,0,113.0,1.0,0.713
S2324-G0325,4,LAC,22.0,16,0,121.0,1.2941176470588236,0.8974705882352941
S2324-G0326,1,CHA,20.0,18,0,107.0,1.0526315789473684,0.738578947368421
S2324-G0326,1,NOP,21.0,17,0,112.0,1.1666666666666667,0.812
S2324-G0326,2,CHA,19.0,20,0,107.0,0.9047619047619048,0.6498571428571428
S2324-G0326,2,NOP,29.0,21,0,112.0,1.3181818181818181,0.9029090909090909
S2324-G0326,3,CHA,37.0,28,0,107.0,1.2758620689655173,0.8725172413793104
S2324-G0326,3,NOP,26.0,25,0,112.0,1.0,0.712
S2324-G0326,4,CHA,31.0,22,0,107.0,1.3478260869565217,0.915695652173913
S2324-G0326,4,NOP,36.0,21,0,112.0,1.6363636363636365,1.0938181818181818
S2324-G0327,1,DET,22.0,26,0,92.0,0.8148148148148148,0.5808888888888888
S2324-G0327,1,PHI,26.0,26,0,124.0,0.9629629629629629,0.7017777777777777
S2324-G0327,2,DET,17.0,19,0,92.0,0.85,0.602
S2324-G0327,2,PHI,35.0,21,0,124.0,1.5909090909090908,1.0785454545454545
S2324-G0327,3,DET,23.0,27,0,92.0,0.8214285714285714,0.5848571428571429
S2324-G0327,3,PHI,33.0,29,0,124.0,1.1,0.784
S2324-G0327,4,DET,30.0,24,0,92.0,1.2,0.8119999999999999
S2324-G0327,4,PHI,30.0,24,0,124.0,1.2,0.844
S2324-G0328,1,IND,37.0,29,0,123.0,1.2333333333333334,0.863
S2324-G0328,1,WAS,30.0,29,0,137.0,1.0,0.737
S2324-G0328,2,IND,18.0,24,0,123.0,0.72,0.5549999999999999
S2324-G0328,2,WAS,39.0,26,0,137.0,1.4444444444444444,1.0036666666666667
S2324-G0328,3,IND,32.0,27,0,123.0,1.1428571428571428,0.8087142857142856
S2324-G0328,3,WAS,39.0,27,0,137.0,1.3928571428571428,0.9727142857142856
S2324-G0328,4,IND,36.0,26,0,123.0,1.3333333333333333,0.9229999999999999
S2324-G0328,4,WAS,29.0,28,0,137.0,1.0,0.737
S2324-G0329,1,BOS,30.0,26,0,128.0,1.1111111111111112,0.7946666666666666
S2324-G0329,1,ORL,24.0,25,0,111.0,0.9230769230769231,0.6648461538461539
S2324-G0329,2,BOS,34.0,25,0,128.0,1.3076923076923077,0.9126153846153846
S2324-G0329,2,ORL,27.0,27,0,111.0,0.9642857142857143,0.6895714285714285
S2324-G0329,3,BOS,37.0,24,0,128.0,1.48,1.016
S2324-G0329,3,ORL,27.0,26,0,111.0,1.0,0.711
S2324-G0329,4,BOS,27.0,26,0,128.0,1.0,0.728
S2324-G0329,4,ORL,33.0,22,0,111.0,1.434782608695652,0.9718695652173912
S2324-G0330,1,ATL,30.0,21,0,125.0,1.3636363636363635,0.9431818181818181
S2324-G0330,1,TOR,24.0,24,0,104.0,0.96,0.6799999999999999
S2324-G0330,2,ATL,29.0,23,0,125.0,1.2083333333333333,0.85
S2324-G0330,2,TOR,25.0,24,0,104.0,1.0,0.704
S2324-G0330,3,ATL,28.0,26,0,125.0,1.037037037037037,0.7472222222222221
S2324-G0330,3,TOR,29.0,24,0,104.0,1.16,0.7999999999999999
S2324-G0330,4,ATL,38.0,24,0,125.0,1.52,1.037
S2324-G0330,4,TOR,26.0,23,0,104.0,1.0833333333333333,0.7539999999999999
S2324-G0331,1,LAL,22.0,23,0,115.0,0.9166666666666666,0.6649999999999999
S2324-G0331,1,SAS,42.0,28,0,129.0,1.4482758620689655,0.9979655172413793
S2324-G0331,2,LAL,40.0,24,0,115.0,1.6,1.075
S2324-G0331,2,SAS,27.0,25,0,129.0,1.0384615384615385,0.7520769230769231
S2324-G0331,3,LAL,25.0,17,0,115.0,1.3888888888888888,0.9483333333333333
S2324-G0331,3,SAS,29.0,16,0,129.0,1.7058823529411764,1.1525294117647058
S2324-G0331,4,LAL,28.0,24,0,115.0,1.12,0.787
S2324-G0331,4,SAS,31.0,22,0,129.0,1.3478260869565217,0.937695652173913
S2324-G0332,1,HOU,14.0,21,0,103.0,0.6363636363636364,0.4848181818181818
S2324-G0332,1,MEM,29.0,22,0,96.0,1.2608695652173914,0.8525217391304347
S2324-G0332,2,HOU,31.0,23,0,103.0,1.2916666666666667,0.878
S2324-G0332,2,MEM,26.0,22,0,96.0,1.1304347826086956,0.7742608695652173
S2324-G0332,3,HOU,30.0,17,0,103.0,1.6666666666666667,1.103
S2324-G0332,3,MEM,19.0,19,0,96.0,0.95,0.6659999999999999
S2324-G0332,4,HOU,28.0,23,0,103.0,1.1666666666666667,0.803
S2324-G0332,4,MEM,22.0,23,0,96.0,0.9166666666666666,0.6459999999999999
S2324-G0333,1,NYK,31.0,28,0,139.0,1.0689655172413792,0.7803793103448275
S2324-G0333,1,PHX,30.0,25,0,122.0,1.1538461538461537,0.8143076923076922
S2324-G0333,2,NYK,32.0,25,0,139.0,1.2307692307692308,0.8774615384615385
S2324-G0333,2,PHX,38.0,29,0,122.0,1.2666666666666666,0.8819999999999999
S2324-G0333,3,NYK,34.0,21,0,139.0,1.5454545454545454,1.0662727272727273
S2324-G0333,3,PHX,31.0,21,0,122.0,1.4090909090909092,0.9674545454545455
S2324-G0333,4,NYK,42.0,22,0,139.0,1.826086956521739,1.2346521739130434
S2324-G0333,4,PHX,23.0,19,0,122.0,1.15,0.8119999999999999
S2324-G0334,1,DET,20.0,23,0,114.0,0.8333333333333334,0.614
S2324-G0334,1,MIL,43.0,22,0,146.0,1.8695652173913044,1.2677391304347825
S2324-G0334,2,DET,36.0,30,0,114.0,1.1612903225806452,0.8107741935483871
S2324-G0334,2,MIL,38.0,31,0,146.0,1.1875,0.8585
S2324-G0334,3,DET,27.0,22,0,114.0,1.173913043478261,0.8183478260869566
S2324-G0334,3,MIL,33.0,25,0,146.0,1.2692307692307692,0.9075384615384615
S2324-G0334,4,DET,31.0,24,0,114.0,1.24,0.858
S2324-G0334,4,MIL,32.0,21,0,146.0,1.4545454545454546,1.0187272727272727
S2324-G0335,1,CHA,17.0,23,0,82.0,0.7083333333333334,0.507
S2324-G0335,1,PHI,33.0,23,0,135.0,1.375,0.96
S2324-G0335,2,CHA,27.0,24,0,82.0,1.08,0.73
S2324-G0335,2,PHI,40.0,24,0,135.0,1.6,1.095
S2324-G0335,3,CHA,15.0,22,0,82.0,0.6521739130434783,0.473304347826087
S2324-G0335,3,PHI,27.0,23,0,135.0,1.125,0.8099999999999999
S2324-G0335,4,CHA,23.0,24,0,82.0,0.92,0.634
S2324-G0335,4,PHI,35.0,24,0,135.0,1.4,0.975
S2324-G0336,1,ATL,28.0,24,0,119.0,1.12,0.791
S2324-G0336,1,CLE,41.0,32,0,127.0,1.2424242424242424,0.8724545454545455
S2324-G0336,2,ATL,24.0,20,0,119.0,1.1428571428571428,0.8047142857142856
S2324-G0336,2,CLE,29.0,22,0,127.0,1.2608695652173914,0.8835217391304347
S2324-G0336,3,ATL,29.0,24,0,119.0,1.16,0.815
S2324-G0336,3,CLE,22.0,24,0,127.0,0.88,0.655
S2324-G0336,4,ATL,38.0,21,0,119.0,1.7272727272727273,1.1553636363636364
S2324-G0336,4,CLE,35.0,25,0,127.0,1.3461538461538463,0.9346923076923077
S2324-G0337,1,CHI,24.0,24,0,116.0,0.96,0.692
S2324-G0337,1,MIA,36.0,26,0,118.0,1.3333333333333333,0.9179999999999999
S2324-G0337,2,CHI,33.0,18,0,116.0,1.736842105263158,1.1581052631578945
S2324-G0337,2,MIA,22.0,18,0,118.0,1.1578947368421053,0.8127368421052632
S2324-G0337,3,CHI,23.0,22,0,116.0,1.0,0.716
S2324-G0337,3,MIA,33.0,22,0,118.0,1.434782608695652,0.9788695652173912
S2324-G0337,4,CHI,36.0,23,0,116.0,1.5,1.016
S2324-G0337,4,MIA,27.0,22,0,118.0,1.173913043478261,0.8223478260869566
S2324-G0338,1,IND,20.0,26,0,109.0,0.7407407407407407,0.5534444444444444
S2324-G0338,1,MIN,23.0,26,0,127.0,0.8518518518518519,0.6381111111111111
S2324-G0338,2,IND,35.0,27,0,109.0,1.25,0.859
S2324-G0338,2,MIN,34.0,24,0,127.0,1.36,0.9430000000000001
S2324-G0338,3,IND,23.0,25,0,109.0,0.8846153846153846,0.6397692307692308
S2324-G0338,3,MIN,38.0,20,0,127.0,1.8095238095238095,1.2127142857142856
S2324-G0338,4,IND,31.0,27,0,109.0,1.1071428571428572,0.7732857142857142
S2324-G0338,4,MIN,32.0,26,0,127.0,1.1851851851851851,0.838111111111111
S2324-G0339,1,BKN,25.0,24,0,120.0,1.0,0.72
S2324-G0339,1,GSW,32.0,25,0,124.0,1.2307692307692308,0.8624615384615385
S2324-G0339,2,BKN,29.0,26,0,120.0,1.0740740740740742,0.7644444444444445
S2324-G0339,2,GSW,38.0,29,0,124.0,1.2666666666666666,0.8839999999999999
S2324-G0339,3,BKN,35.0,25,0,120.0,1.3461538461538463,0.9276923076923077
S2324-G0339,3,GSW,25.0,24,0,124.0,1.0,0.724
S2324-G0339,4,BKN,31.0,20,0,120.0,1.4761904761904763,1.0057142857142858
S2324-G0339,4,GSW,29.0,25,0,124.0,1.1153846153846154,0.7932307692307692
S2324-G0340,1,DEN,31.0,20,0,117.0,1.4761904761904763,1.0027142857142857
S2324-G0340,1,OKC,27.0,23,0,118.0,1.125,0.7929999999999999
S2324-G0340,2,DEN,25.0,19,0,117.0,1.25,0.867
S2324-G0340,2,OKC,27.0,17,0,118.0,1.5,1.0179999999999998
S2324-G0340,3,DEN,31.0,22,0,117.0,1.3478260869565217,0.925695652173913
S2324-G0340,3,OKC,31.0,22,0,118.0,1.3478260869565217,0.926695652173913
S2324-G0340,4,DEN,30.0,26,0,117.0,1.1111111111111112,0.7836666666666666
S2324-G0340,4,OKC,33.0,27,0,118.0,1.1785714285714286,0.8251428571428572
S2324-G0341,1,DAL,36.0,24,0,131.0,1.44,0.995
S2324-G0341,1,POR,39.0,27,0,120.0,1.3928571428571428,0.9557142857142856
S2324-G0341,2,DAL,38.0,27,0,131.0,1.3571428571428572,0.9452857142857143
S2324-G0341,2,POR,24.0,27,0,120.0,0.8571428571428571,0.6342857142857142
S2324-G0341,3,DAL,36.0,27,0,131.0,1.2857142857142858,0.9024285714285715
S2324-G0341,3,POR,36.0,25,0,120.0,1.3846153846153846,0.9507692307692307
S2324-G0341,4,DAL,21.0,16,0,131.0,1.2352941176470589,0.8721764705882353
S2324-G0341,4,POR,21.0,18,0,120.0,1.105263157894737,0.7831578947368422
S2324-G0342,1,SAC,35.0,29,0,125.0,1.1666666666666667,0.8250000000000001
S2324-G0342,1,UTA,23.0,27,0,104.0,0.8214285714285714,0.5968571428571429
S2324-G0342,2,SAC,27.0,23,0,125.0,1.125,0.7999999999999999
S2324-G0342,2,UTA,27.0,24,0,104.0,1.08,0.752
S2324-G0342,3,SAC,44.0,26,0,125.0,1.6296296296296295,1.1027777777777776
S2324-G0342,3,UTA,26.0,25,0,104.0,1.0,0.704
S2324-G0342,4,SAC,19.0,21,0,125.0,0.8636363636363636,0.6431818181818182
S2324-G0342,4,UTA,28.0,18,0,104.0,1.4736842105263157,0.9882105263157894
S2324-G0343,1,LAC,35.0,23,0,144.0,1.4583333333333333,1.019
S2324-G0343,1,NYK,33.0,25,0,122.0,1.2692307692307692,0.8835384615384615
S2324-G0343,2,LAC,42.0,24,0,144.0,1.68,1.152
S2324-G0343,2,NYK,33.0,23,0,122.0,1.375,0.947
S2324-G0343,3,LAC,37.0,22,0,144.0,1.608695652173913,1.1092173913043477
S2324-G0343,3,NYK,32.0,25,0,122.0,1.2307692307692308,0.8604615384615385
S2324-G0343,4,LAC,30.0,23,0,144.0,1.25,0.894
S2324-G0343,4,NYK,24.0,29,0,122.0,0.8,0.602
S2324-G0344,1,BOS,27.0,24,0,114.0,1.08,0.762
S2324-G0344,1,ORL,31.0,22,0,97.0,1.3478260869565217,0.905695652173913
S2324-G0344,2,BOS,34.0,22,0,114.0,1.4782608695652173,1.0009565217391303
S2324-G0344,2,ORL,19.0,21,0,97.0,0.8636363636363636,0.6151818181818182
S2324-G0344,3,BOS,22.0,20,0,114.0,1.0476190476190477,0.7425714285714285
S2324-G0344,3,ORL,24.0,20,0,97.0,1.1428571428571428,0.7827142857142856
S2324-G0344,4,BOS,31.0,18,0,114.0,1.631578947368421,1.0929473684210524
S2324-G0344,4,ORL,23.0,21,0,97.0,1.0454545454545454,0.7242727272727272
S2324-G0345,1,NOP,33.0,23,0,146.0,1.375,0.971
S2324-G0345,1,SAS,20.0,22,0,110.0,0.8695652173913043,0.6317391304347826
S2324-G0345,2,NOP,28.0,26,0,146.0,1.037037037037037,0.7682222222222221
S2324-G0345,2,SAS,31.0,27,0,110.0,1.1071428571428572,0.7742857142857142
S2324-G0345,3,NOP,44.0,29,0,146.0,1.4666666666666666,1.0259999999999998
S2324-G0345,3,SAS,27.0,32,0,110.0,0.8181818181818182,0.600909090909091
S2324-G0345,4,NOP,41.0,25,0,146.0,1.5769230769230769,1.092153846153846
S2324-G0345,4,SAS,32.0,26,0,110.0,1.1851851851851851,0.821111111111111
S2324-G0346,1,HOU,28.0,25,0,119.0,1.0769230769230769,0.7651538461538461
S2324-G0346,1,MIL,33.0,28,0,128.0,1.1379310344827587,0.8107586206896552
S2324-G0346,2,HOU,32.0,27,0,119.0,1.1428571428571428,0.8047142857142856
S2324-G0346,2,MIL,38.0,26,0,128.0,1.4074074074074074,0.9724444444444444
S2324-G0346,3,HOU,31.0,22,0,119.0,1.3478260869565217,0.927695652173913
S2324-G0346,3,MIL,29.0,22,0,128.0,1.2608695652173914,0.8845217391304347
S2324-G0346,4,HOU,28.0,21,0,119.0,1.2727272727272727,0.8826363636363636
S2324-G0346,4,MIL,28.0,20,0,128.0,1.3333333333333333,0.9279999999999999
S2324-G0347,1,PHX,21.0,25,0,112.0,0.8076923076923077,0.5966153846153847
S2324-G0347,1,WAS,29.0,25,0,108.0,1.1153846153846154,0.7772307692307692
S2324-G0347,2,PHX,25.0,25,0,112.0,0.9615384615384616,0.6889230769230769
S2324-G0347,2,WAS,29.0,24,0,108.0,1.16,0.8039999999999999
S2324-G0347,3,PHX,35.0,25,0,112.0,1.3461538461538463,0.9196923076923077
S2324-G0347,3,WAS,31.0,22,0,108.0,1.3478260869565217,0.916695652173913
S2324-G0347,4,PHX,31.0,20,0,112.0,1.4761904761904763,0.9977142857142858
S2324-G0347,4,WAS,19.0,21,0,108.0,0.8636363636363636,0.6261818181818182
S2324-G0348,1,GSW,27.0,22,0,118.0,1.173913043478261,0.8223478260869566
S2324-G0348,1,POR,23.0,23,0,114.0,0.9583333333333334,0.689
S2324-G0348,2,GSW,38.0,32,0,118.0,1.1515151515151516,0.8089090909090909
S2324-G0348,2,POR,26.0,28,0,114.0,0.896551724137931,0.6519310344827586
S2324-G0348,3,GSW,24.0,24,0,118.0,0.96,0.694
S2324-G0348,3,POR,35.0,22,0,114.0,1.5217391304347827,1.0270434782608695
S2324-G0348,4,GSW,29.0,24,0,118.0,1.16,0.814
S2324-G0348,4,POR,30.0,24,0,114.0,1.2,0.834
S2324-G0349,1,CLE,33.0,23,0,135.0,1.375,0.96
S2324-G0349,1,HOU,34.0,22,0,130.0,1.4782608695652173,1.0169565217391303
S2324-G0349,2,CLE,24.0,26,0,135.0,0.8888888888888888,0.6683333333333333
S2324-G0349,2,HOU,25.0,24,0,130.0,1.0,0.73
S2324-G0349,3,CLE,42.0,24,0,135.0,1.68,1.143
S2324-G0349,3,HOU,39.0,30,0,130.0,1.2580645161290323,0.8848387096774193
S2324-G0349,4,CLE,23.0,17,0,135.0,1.2777777777777777,0.9016666666666666
S2324-G0349,4,HOU,24.0,21,0,130.0,1.0909090909090908,0.7845454545454544
S2324-G0349,5,CLE,13.0,11,0,135.0,1.0833333333333333,0.7849999999999999
S2324-G0349,5,HOU,8.0,11,0,130.0,0.6666666666666666,0.53
S2324-G0350,1,IND,38.0,30,0,127.0,1.2258064516129032,0.8624838709677419
S2324-G0350,1,LAC,37.0,32,0,151.0,1.121212121212121,0.8237272727272726
S2324-G0350,2,IND,28.0,18,0,127.0,1.4736842105263157,1.0112105263157893
S2324-G0350,2,LAC,40.0,21,0,151.0,1.8181818181818181,1.2419090909090909
S2324-G0350,3,IND,28.0,27,0,127.0,1.0,0.727
S2324-G0350,3,LAC,37.0,26,0,151.0,1.3703703703703705,0.9732222222222223
S2324-G0350,4,IND,33.0,27,0,127.0,1.1785714285714286,0.8341428571428572
S2324-G0350,4,LAC,37.0,26,0,151.0,1.3703703703703705,0.9732222222222223
S2324-G0351,1,CHI,25.0,23,0,108.0,1.0416666666666667,0.733
S2324-G0351,1,PHI,24.0,24,0,104.0,0.96,0.6799999999999999
S2324-G0351,2,CHI,30.0,26,0,108.0,1.1111111111111112,0.7746666666666666
S2324-G0351,2,PHI,20.0,28,0,104.0,0.6896551724137931,0.5177931034482759
S2324-G0351,3,CHI,26.0,20,0,108.0,1.2380952380952381,0.8508571428571429
S2324-G0351,3,PHI,25.0,18,0,104.0,1.3157894736842106,0.8934736842105263
S2324-G0351,4,CHI,27.0,20,0,108.0,1.2857142857142858,0.8794285714285714
S2324-G0351,4,PHI,35.0,22,0,104.0,1.5217391304347827,1.0170434782608697
S2324-G0352,1,ATL,38.0,23,0,130.0,1.5833333333333333,1.08
S2324-G0352,1,DET,25.0,26,0,124.0,0.9259259259259259,0.6795555555555556
S2324-G0352,2,ATL,23.0,23,0,130.0,0.9583333333333334,0.705
S2324-G0352,2,DET,27.0,20,0,124.0,1.2857142857142858,0.8954285714285715
S2324-G0352,3,ATL,35.0,27,0,130.0,1.25,0.88
S2324-G0352,3,DET,32.0,30,0,124.0,1.032258064516129,0.7433548387096773
S2324-G0352,4,ATL,34.0,25,0,130.0,1.3076923076923077,0.9146153846153846
S2324-G0352,4,DET,40.0,28,0,124.0,1.3793103448275863,0.9515862068965517
S2324-G0353,1,MIA,33.0,28,0,108.0,1.1379310344827587,0.7907586206896552
S2324-G0353,1,MIN,22.0,25,0,112.0,0.8461538461538461,0.6196923076923077
S2324-G0353,2,MIA,33.0,27,0,108.0,1.1785714285714286,0.8151428571428572
S2324-G0353,2,MIN,32.0,27,0,112.0,1.1428571428571428,0.7977142857142856
S2324-G0353,3,MIA,17.0,19,0,108.0,0.85,0.618
S2324-G0353,3,MIN,23.0,18,0,112.0,1.2105263157894737,0.8383157894736841
S2324-G0353,4,MIA,25.0,21,0,108.0,1.1363636363636365,0.7898181818181819
S2324-G0353,4,MIN,35.0,22,0,112.0,1.5217391304347827,1.0250434782608697
S2324-G0354,1,CHA,27.0,26,0,99.0,1.0,0.699
S2324-G0354,1,TOR,19.0,24,0,114.0,0.76,0.57
S2324-G0354,2,CHA,25.0,22,0,99.0,1.0869565217391304,0.7511739130434781
S2324-G0354,2,TOR,29.0,21,0,114.0,1.3181818181818181,0.9049090909090909
S2324-G0354,3,CHA,29.0,29,0,99.0,0.9666666666666667,0.6789999999999999
S2324-G0354,3,TOR,31.0,27,0,114.0,1.1071428571428572,0.7782857142857142
S2324-G0354,4,CHA,18.0,18,0,99.0,0.9473684210526315,0.6674210526315789
S2324-G0354,4,TOR,35.0,19,0,114.0,1.75,1.1640000000000001
S2324-G0355,1,MEM,26.0,24,0,97.0,1.04,0.721
S2324-G0355,1,OKC,34.0,28,0,116.0,1.1724137931034482,0.8194482758620689
S2324-G0355,2,MEM,27.0,24,0,97.0,1.08,0.745
S2324-G0355,2,OKC,34.0,27,0,116.0,1.2142857142857142,0.8445714285714285
S2324-G0355,3,MEM,13.0,19,0,97.0,0.65,0.487
S2324-G0355,3,OKC,26.0,19,0,116.0,1.3,0.896
S2324-G0355,4,MEM,31.0,21,0,97.0,1.4090909090909092,0.9424545454545454
S2324-G0355,4,OKC,22.0,21,0,116.0,1.0,0.716
S2324-G0356,1,DAL,20.0,22,0,104.0,0.8695652173913043,0.6257391304347826
S2324-G0356,1,DEN,28.0,24,0,130.0,1.12,0.802
S2324-G0356,2,DAL,39.0,25,0,104.0,1.5,1.004
S2324-G0356,2,DEN,40.0,23,0,130.0,1.6666666666666667,1.13
S2324-G0356,3,DAL,21.0,20,0,104.0,1.0,0.704
S2324-G0356,3,DEN,30.0,20,0,130.0,1.4285714285714286,0.9871428571428571
S2324-G0356,4,DAL,24.0,24,0,104.0,0.96,0.6799999999999999
S2324-G0356,4,DEN,32.0,22,0,130.0,1.391304347826087,0.9647826086956521
S2324-G0357,1,BKN,28.0,25,0,108.0,1.0769230769230769,0.7541538461538461
S2324-G0357,1,UTA,28.0,25,0,125.0,1.0769230769230769,0.7711538461538461
S2324-G0357,2,BKN,31.0,17,0,108.0,1.7222222222222223,1.1413333333333335
S2324-G0357,2,UTA,26.0,19,0,125.0,1.3,0.905
S2324-G0357,3,BKN,23.0,24,0,108.0,0.92,0.66
S2324-G0357,3,UTA,34.0,23,0,125.0,1.4166666666666667,0.975
S2324-G0357,4,BKN,26.0,25,0,108.0,1.0,0.708
S2324-G0357,4,UTA,37.0,22,0,125.0,1.608695652173913,1.0902173913043478
S2324-G0358,1,SAC,27.0,22,0,143.0,1.173913043478261,0.8473478260869566
S2324-G0358,1,WAS,31.0,19,0,131.0,1.55,1.061
S2324-G0358,2,SAC,39.0,27,0,143.0,1.3928571428571428,0.9787142857142856
S2324-G0358,2,WAS,25.0,22,0,131.0,1.0869565217391304,0.7831739130434782
S2324-G0358,3,SAC,46.0,26,0,143.0,1.7037037037037037,1.1652222222222222
S2324-G0358,3,WAS,35.0,27,0,131.0,1.25,0.881
S2324-G0358,4,SAC,31.0,23,0,143.0,1.2916666666666667,0.918
S2324-G0358,4,WAS,40.0,22,0,131.0,1.7391304347826086,1.1744782608695652
S2324-G0359,1,LAL,27.0,25,0,109.0,1.0384615384615385,0.7320769230769231
S2324-G0359,1,NYK,35.0,28,0,114.0,1.206896551724138,0.8381379310344828
S2324-G0359,2,LAL,31.0,22,0,109.0,1.3478260869565217,0.917695652173913
S2324-G0359,2,NYK,22.0,21,0,114.0,1.0,0.714
S2324-G0359,3,LAL,22.0,21,0,109.0,1.0,0.709
S2324-G0359,3,NYK,33.0,22,0,114.0,1.434782608695652,0.9748695652173912
S2324-G0359,4,LAL,29.0,23,0,109.0,1.2083333333333333,0.834
S2324-G0359,4,NYK,24.0,22,0,114.0,1.0434782608695652,0.7400869565217391
S2324-G0360,1,MEM,25.0,19,0,115.0,1.25,0.865
S2324-G0360,1,NOP,21.0,16,0,113.0,1.2352941176470589,0.8541764705882353
S2324-G0360,2,MEM,16.0,21,0,115.0,0.7272727272727273,0.5513636363636363
S2324-G0360,2,NOP,39.0,23,0,113.0,1.625,1.088
S2324-G0360,3,MEM,36.0,27,0,115.0,1.2857142857142858,0.8864285714285715
S2324-G0360,3,NOP,27.0,31,0,113.0,0.84375,0.61925
S2324-G0360,4,MEM,38.0,21,0,115.0,1.7272727272727273,1.1513636363636364
S2324-G0360,4,NOP,26.0,22,0,113.0,1.1304347826086956,0.7912608695652174
S2324-G0361,1,MIL,44.0,31,0,132.0,1.375,0.957
S2324-G0361,1,SAS,26.0,26,0,119.0,0.9629629629629629,0.6967777777777777
S2324-G0361,2,MIL,28.0,25,0,132.0,1.0769230769230769,0.7781538461538461
S2324-G0361,2,SAS,33.0,24,0,119.0,1.32,0.911
S2324-G0361,3,MIL,35.0,22,0,132.0,1.5217391304347827,1.0450434782608697
S2324-G0361,3,SAS,26.0,23,0,119.0,1.0833333333333333,0.7689999999999999
S2324-G0361,4,MIL,25.0,22,0,132.0,1.0869565217391304,0.7841739130434782
S2324-G0361,4,SAS,34.0,22,0,119.0,1.4782608695652173,1.0059565217391304
S2324-G0362,1,BOS,40.0,28,0,126.0,1.3793103448275863,0.9535862068965517
S2324-G0362,1,GSW,30.0,24,0,132.0,1.2,0.852
S2324-G0362,2,BOS,25.0,23,0,126.0,1.0416666666666667,0.751
S2324-G0362,2,GSW,32.0,24,0,132.0,1.28,0.9
S2324-G0362,3,BOS,32.0,22,0,126.0,1.391304347826087,0.9607826086956521
S2324-G0362,3,GSW,24.0,21,0,132.0,1.0909090909090908,0.7865454545454544
S2324-G0362,4,BOS,24.0,21,0,126.0,1.0909090909090908,0.7805454545454544
S2324-G0362,4,GSW,35.0,19,0,132.0,1.75,1.182
S2324-G0362,5,BOS,5.0,7,0,126.0,0.625,0.501
S2324-G0362,5,GSW,11.0,8,0,132.0,1.2222222222222223,0.8653333333333334
S2324-G0363,1,PHX,36.0,29,0,104.0,1.2,0.824
S2324-G0363,1,POR,20.0,26,0,109.0,0.7407407407407407,0.5534444444444444
S2324-G0363,2,PHX,25.0,24,0,104.0,1.0,0.704
S2324-G0363,2,POR,29.0,20,0,109.0,1.380952380952381,0.9375714285714285
S2324-G0363,3,PHX,20.0,26,0,104.0,0.7407407407407407,0.5484444444444444
S2324-G0363,3,POR,38.0,28,0,109.0,1.3103448275862069,0.895206896551724
S2324-G0363,4,PHX,23.0,19,0,104.0,1.15,0.7939999999999999
S2324-G0363,4,POR,22.0,20,0,109.0,1.0476190476190477,0.7375714285714285
S2324-G0364,1,CLE,36.0,27,0,124.0,1.2857142857142858,0.8954285714285715
S2324-G0364,1,UTA,27.0,24,0,116.0,1.08,0.764
S2324-G0364,2,CLE,26.0,21,0,124.0,1.1818181818181819,0.8330909090909091
S2324-G0364,2,UTA,29.0,19,0,116.0,1.45,0.986
S2324-G0364,3,CLE,30.0,27,0,124.0,1.0714285714285714,0.7668571428571428
S2324-G0364,3,UTA,37.0,26,0,116.0,1.3703703703703705,0.9382222222222223
S2324-G0364,4,CLE,32.0,20,0,124.0,1.5238095238095237,1.0382857142857143
S2324-G0364,4,UTA,23.0,20,0,116.0,1.0952380952380953,0.7731428571428571
S2324-G0365,1,CHA,29.0,20,0,113.0,1.380952380952381,0.9415714285714285
S2324-G0365,1,IND,31.0,21,0,144.0,1.4090909090909092,0.9894545454545455
S2324-G0365,2,CHA,31.0,30,0,113.0,1.0,0.713
S2324-G0365,2,IND,40.0,26,0,144.0,1.4814814814814814,1.0328888888888887
S2324-G0365,3,CHA,26.0,22,0,113.0,1.1304347826086956,0.7912608695652174
S2324-G0365,3,IND,36.0,23,0,144.0,1.5,1.0439999999999998
S2324-G0365,4,CHA,27.0,27,0,113.0,0.9642857142857143,0.6915714285714285
S2324-G0365,4,IND,37.0,22,0,144.0,1.608695652173913,1.1092173913043477
S2324-G0366,1,MIA,25.0,24,0,115.0,1.0,0.715
S2324-G0366,1,ORL,24.0,21,0,106.0,1.0909090909090908,0.7605454545454544
S2324-G0366,2,MIA,43.0,26,0,115.0,1.5925925925925926,1.0705555555555555
S2324-G0366,2,ORL,26.0,26,0,106.0,0.9629629629629629,0.6837777777777777
S2324-G0366,3,MIA,21.0,16,0,115.0,1.2352941176470589,0.8561764705882353
S2324-G0366,3,ORL,22.0,18,0,106.0,1.1578947368421053,0.8007368421052632
S2324-G0366,4,MIA,26.0,20,0,115.0,1.2380952380952381,0.8578571428571429
S2324-G0366,4,ORL,34.0,21,0,106.0,1.5454545454545454,1.0332727272727273
S2324-G0367,1,MIN,24.0,20,0,113.0,1.1428571428571428,0.7987142857142856
S2324-G0367,1,PHI,28.0,23,0,127.0,1.1666666666666667,0.8270000000000001
S2324-G0367,2,MIN,36.0,24,0,113.0,1.44,0.977
S2324-G0367,2,PHI,36.0,28,0,127.0,1.2413793103448276,0.8718275862068966
S2324-G0367,3,MIN,27.0,24,0,113.0,1.08,0.761
S2324-G0367,3,PHI,26.0,24,0,127.0,1.04,0.751
S2324-G0367,4,MIN,26.0,26,0,113.0,0.9629629629629629,0.6907777777777777
S2324-G0367,4,PHI,37.0,28,0,127.0,1.2758620689655173,0.8925172413793104
S2324-G0368,1,BKN,20.0,20,0,102.0,0.9523809523809523,0.6734285714285714
S2324-G0368,1,NYK,32.0,20,0,121.0,1.5238095238095237,1.0352857142857141
S2324-G0368,2,BKN,31.0,26,0,102.0,1.1481481481481481,0.7908888888888889
S2324-G0368,2,NYK,28.0,25,0,121.0,1.0769230769230769,0.7671538461538461
S2324-G0368,3,BKN,26.0,23,0,102.0,1.0833333333333333,0.7519999999999999
S2324-G0368,3,NYK,30.0,23,0,121.0,1.25,0.871
S2324-G0368,4,BKN,25.0,23,0,102.0,1.0416666666666667,0.727
S2324-G0368,4,NYK,31.0,20,0,121.0,1.4761904761904763,1.0067142857142857
S2324-G0369,1,DEN,29.0,21,0,113.0,1.3181818181818181,0.9039090909090909
S2324-G0369,1,TOR,20.0,21,0,104.0,0.9090909090909091,0.6494545454545454
S2324-G0369,2,DEN,32.0,31,0,113.0,1.0,0.713
S2324-G0369,2,TOR,24.0,25,0,104.0,0.9230769230769231,0.6578461538461539
S2324-G0369,3,DEN,29.0,23,0,113.0,1.2083333333333333,0.838
S2324-G0369,3,TOR,31.0,22,0,104.0,1.3478260869565217,0.912695652173913
S2324-G0369,4,DEN,23.0,18,0,113.0,1.2105263157894737,0.8393157894736841
S2324-G0369,4,TOR,29.0,20,0,104.0,1.380952380952381,0.9325714285714285
S2324-G0370,1,CHI,33.0,26,0,124.0,1.2222222222222223,0.8573333333333334
S2324-G0370,1,LAL,22.0,25,0,108.0,0.8461538461538461,0.6156923076923076
S2324-G0370,2,CHI,28.0,24,0,124.0,1.12,0.796
S2324-G0370,2,LAL,33.0,25,0,108.0,1.2692307692307692,0.8695384615384615
S2324-G0370,3,CHI,29.0,24,0,124.0,1.16,0.82
S2324-G0370,3,LAL,23.0,22,0,108.0,1.0,0.708
S2324-G0370,4,CHI,34.0,23,0,124.0,1.4166666666666667,0.974
S2324-G0370,4,LAL,30.0,22,0,108.0,1.3043478260869565,0.8906086956521739
S2324-G0371,1,ATL,39.0,21,0,134.0,1.7727272727272727,1.1976363636363634
S2324-G0371,1,HOU,29.0,24,0,127.0,1.16,0.823
S2324-G0371,2,ATL,38.0,23,0,134.0,1.5833333333333333,1.084
S2324-G0371,2,HOU,36.0,27,0,127.0,1.2857142857142858,0.8984285714285715
S2324-G0371,3,ATL,21.0,19,0,134.0,1.05,0.764
S2324-G0371,3,HOU,35.0,16,0,127.0,2.0588235294117645,1.3622941176470587
S2324-G0371,4,ATL,36.0,27,0,134.0,1.2857142857142858,0.9054285714285715
S2324-G0371,4,HOU,27.0,30,0,127.0,0.8709677419354839,0.6495806451612903
S2324-G0372,1,DAL,22.0,21,0,111.0,1.0,0.711
S2324-G0372,1,LAC,35.0,20,0,120.0,1.6666666666666667,1.12
S2324-G0372,2,DAL,34.0,26,0,111.0,1.2592592592592593,0.8665555555555555
S2324-G0372,2,LAC,32.0,25,0,120.0,1.2307692307692308,0.8584615384615385
S2324-G0372,3,DAL,27.0,24,0,111.0,1.08,0.759
S2324-G0372,3,LAC,18.0,23,0,120.0,0.75,0.57
S2324-G0372,4,DAL,28.0,18,0,111.0,1.4736842105263157,0.9952105263157894
S2324-G0372,4,LAC,35.0,22,0,120.0,1.5217391304347827,1.0330434782608697
S2324-G0373,1,BOS,38.0,24,0,144.0,1.52,1.0559999999999998
S2324-G0373,1,SAC,41.0,30,0,119.0,1.3225806451612903,0.9125483870967741
S2324-G0373,2,BOS,36.0,24,0,144.0,1.44,1.008
S2324-G0373,2,SAC,25.0,23,0,119.0,1.0416666666666667,0.744
S2324-G0373,3,BOS,39.0,24,0,144.0,1.56,1.0799999999999998
S2324-G0373,3,SAC,24.0,19,0,119.0,1.2,0.839
S2324-G0373,4,BOS,31.0,19,0,144.0,1.55,1.0739999999999998
S2324-G0373,4,SAC,29.0,21,0,119.0,1.3181818181818181,0.9099090909090909
S2324-G0374,1,DET,32.0,29,0,111.0,1.0666666666666667,0.751
S2324-G0374,1,UTA,34.0,30,0,119.0,1.096774193548387,0.7770645161290322
S2324-G0374,2,DET,26.0,25,0,111.0,1.0,0.711
S2324-G0374,2,UTA,30.0,30,0,119.0,0.967741935483871,0.6996451612903226
S2324-G0374,3,DET,30.0,26,0,111.0,1.1111111111111112,0.7776666666666666
S2324-G0374,3,UTA,26.0,29,0,119.0,0.8666666666666667,0.639
S2324-G0374,4,DET,23.0,19,0,111.0,1.15,0.8009999999999999
S2324-G0374,4,UTA,29.0,20,0,119.0,1.380952380952381,0.9475714285714285
S2324-G0375,1,CLE,28.0,25,0,104.0,1.0769230769230769,0.7501538461538461
S2324-G0375,1,NOP,36.0,30,0,123.0,1.1612903225806452,0.8197741935483871
S2324-G0375,2,CLE,24.0,22,0,104.0,1.0434782608695652,0.730086956521739
S2324-G0375,2,NOP,30.0,21,0,123.0,1.3636363636363635,0.9411818181818181
S2324-G0375,3,CLE,24.0,22,0,104.0,1.0434782608695652,0.730086956521739
S2324-G0375,3,NOP,28.0,22,0,123.0,1.2173913043478262,0.8534347826086957
S2324-G0375,4,CLE,28.0,21,0,104.0,1.2727272727272727,0.8676363636363635
S2324-G0375,4,NOP,29.0,20,0,123.0,1.380952380952381,0.9515714285714285
S2324-G0376,1,CHI,27.0,24,0,114.0,1.08,0.762
S2324-G0376,1,SAS,28.0,25,0,95.0,1.0769230769230769,0.741153846153846
S2324-G0376,2,CHI,25.0,23,0,114.0,1.0416666666666667,0.739
S2324-G0376,2,SAS,20.0,21,0,95.0,0.9090909090909091,0.6404545454545454
S2324-G0376,3,CHI,25.0,21,0,114.0,1.1363636363636365,0.7958181818181819
S2324-G0376,3,SAS,22.0,21,0,95.0,1.0,0.695
S2324-G0376,4,CHI,37.0,24,0,114.0,1.48,1.002
S2324-G0376,4,SAS,25.0,22,0,95.0,1.0869565217391304,0.7471739130434781
S2324-G0377,1,IND,22.0,23,0,103.0,0.9166666666666666,0.6529999999999999
S2324-G0377,1,MEM,35.0,21,0,116.0,1.5909090909090908,1.0705454545454545
S2324-G0377,2,IND,34.0,26,0,103.0,1.2592592592592593,0.8585555555555555
S2324-G0377,2,MEM,23.0,26,0,116.0,0.8518518518518519,0.6271111111111111
S2324-G0377,3,IND,21.0,32,0,103.0,0.6363636363636364,0.4848181818181818
S2324-G0377,3,MEM,28.0,30,0,116.0,0.9032258064516129,0.6579354838709677
S2324-G0377,4,IND,26.0,23,0,103.0,1.0833333333333333,0.7529999999999999
S2324-G0377,4,MEM,30.0,18,0,116.0,1.5789473684210527,1.0633684210526315
S2324-G0378,1,MIL,28.0,26,0,118.0,1.037037037037037,0.7402222222222221
S2324-G0378,1,ORL,31.0,24,0,114.0,1.24,0.858
S2324-G0378,2,MIL,31.0,25,0,118.0,1.1923076923076923,0.8333846153846154
S2324-G0378,2,ORL,25.0,24,0,114.0,1.0,0.714
S2324-G0378,3,MIL,32.0,18,0,118.0,1.6842105263157894,1.1285263157894736
S2324-G0378,3,ORL,26.0,17,0,114.0,1.4444444444444444,0.9806666666666666
S2324-G0378,4,MIL,27.0,19,0,118.0,1.35,0.928
S2324-G0378,4,ORL,32.0,22,0,114.0,1.391304347826087,0.9487826086956521
S2324-G0379,1,LAC,29.0,25,0,115.0,1.1153846153846154,0.7842307692307692
S2324-G0379,1,OKC,35.0,27,0,134.0,1.25,0.884
S2324-G0379,2,LAC,30.0,24,0,115.0,1.2,0.835
S2324-G0379,2,OKC,29.0,25,0,134.0,1.1153846153846154,0.8032307692307692
S2324-G0379,3,LAC,33.0,28,0,115.0,1.1379310344827587,0.7977586206896552
S2324-G0379,3,OKC,45.0,30,0,134.0,1.4516129032258065,1.0049677419354839
S2324-G0379,4,LAC,23.0,22,0,115.0,1.0,0.715
S2324-G0379,4,OKC,25.0,23,0,134.0,1.0416666666666667,0.759
S2324-G0380,1,LAL,32.0,31,0,111.0,1.0,0.711
S2324-G0380,1,MIN,36.0,33,0,118.0,1.0588235294117647,0.7532941176470588
S2324-G0380,2,LAL,27.0,21,0,111.0,1.2272727272727273,0.8473636363636363
S2324-G0380,2,MIN,27.0,19,0,118.0,1.35,0.928
S2324-G0380,3,LAL,24.0,22,0,111.0,1.0434782608695652,0.7370869565217391
S2324-G0380,3,MIN,24.0,22,0,118.0,1.0434782608695652,0.7440869565217391
S2324-G0380,4,LAL,28.0,27,0,111.0,1.0,0.711
S2324-G0380,4,MIN,31.0,27,0,118.0,1.1071428571428572,0.7822857142857143
S2324-G0381,1,POR,24.0,26,0,117.0,0.8888888888888888,0.6503333333333333
S2324-G0381,1,WAS,33.0,26,0,118.0,1.2222222222222223,0.8513333333333334
S2324-G0381,2,POR,30.0,25,0,117.0,1.1538461538461537,0.8093076923076922
S2324-G0381,2,WAS,34.0,22,0,118.0,1.4782608695652173,1.0049565217391303
S2324-G0381,3,POR,26.0,24,0,117.0,1.04,0.741
S2324-G0381,3,WAS,26.0,20,0,118.0,1.2380952380952381,0.8608571428571429
S2324-G0381,4,POR,37.0,28,0,117.0,1.2758620689655173,0.8825172413793104
S2324-G0381,4,WAS,25.0,24,0,118.0,1.0,0.718
S2324-G0382,1,PHI,28.0,26,0,121.0,1.037037037037037,0.7432222222222221
S2324-G0382,1,TOR,37.0,30,0,111.0,1.1935483870967742,0.8271290322580646
S2324-G0382,2,PHI,33.0,19,0,121.0,1.65,1.1109999999999998
S2324-G0382,2,TOR,21.0,21,0,111.0,0.9545454545454546,0.6837272727272727
S2324-G0382,3,PHI,32.0,21,0,121.0,1.4545454545454546,0.9937272727272727
S2324-G0382,3,TOR,31.0,24,0,111.0,1.24,0.855
S2324-G0382,4,PHI,28.0,19,0,121.0,1.4,0.961
S2324-G0382,4,TOR,22.0,21,0,111.0,1.0,0.711
S2324-G0383,1,BKN,28.0,25,0,117.0,1.0769230769230769,0.7631538461538461
S2324-G0383,1,DEN,28.0,25,0,122.0,1.0769230769230769,0.7681538461538461
S2324-G0383,2,BKN,32.0,19,0,117.0,1.6,1.077
S2324-G0383,2,DEN,30.0,22,0,122.0,1.3043478260869565,0.9046086956521739
S2324-G0383,3,BKN,26.0,18,0,117.0,1.368421052631579,0.9380526315789474
S2324-G0383,3,DEN,30.0,20,0,122.0,1.4285714285714286,0.9791428571428571
S2324-G0383,4,BKN,31.0,18,0,117.0,1.631578947368421,1.0959473684210526
S2324-G0383,4,DEN,34.0,21,0,122.0,1.5454545454545454,1.0492727272727271
S2324-G0384,1,ATL,26.0,22,0,113.0,1.1304347826086956,0.7912608695652174
S2324-G0384,1,MIA,33.0,26,0,122.0,1.2222222222222223,0.8553333333333334
S2324-G0384,2,ATL,34.0,25,0,113.0,1.3076923076923077,0.8976153846153846
S2324-G0384,2,MIA,29.0,22,0,122.0,1.2608695652173914,0.8785217391304347
S2324-G0384,3,ATL,26.0,23,0,113.0,1.0833333333333333,0.7629999999999999
S2324-G0384,3,MIA,26.0,22,0,122.0,1.1304347826086956,0.8002608695652174
S2324-G0384,4,ATL,27.0,24,0,113.0,1.08,0.761
S2324-G0384,4,MIA,34.0,24,0,122.0,1.36,0.9380000000000001
S2324-G0385,1,DAL,17.0,23,0,96.0,0.7083333333333334,0.521
S2324-G0385,1,HOU,23.0,23,0,122.0,0.9583333333333334,0.697
S2324-G0385,2,DAL,22.0,27,0,96.0,0.7857142857142857,0.5674285714285714
S2324-G0385,2,HOU,33.0,24,0,122.0,1.32,0.914
S2324-G0385,3,DAL,21.0,25,0,96.0,0.8076923076923077,0.5806153846153846
S2324-G0385,3,HOU,33.0,24,0,122.0,1.32,0.914
S2324-G0385,4,DAL,36.0,25,0,96.0,1.3846153846153846,0.9267692307692307
S2324-G0385,4,HOU,33.0,28,0,122.0,1.1379310344827587,0.8047586206896552
S2324-G0386,1,GSW,28.0,22,0,129.0,1.2173913043478262,0.8594347826086957
S2324-G0386,1,WAS,25.0,19,0,118.0,1.25,0.868
S2324-G0386,2,GSW,35.0,27,0,129.0,1.25,0.879
S2324-G0386,2,WAS,36.0,26,0,118.0,1.3333333333333333,0.9179999999999999
S2324-G0386,3,GSW,38.0,23,0,129.0,1.5833333333333333,1.079
S2324-G0386,3,WAS,22.0,24,0,118.0,0.88,0.646
S2324-G0386,4,GSW,28.0,28,0,129.0,0.9655172413793104,0.7083103448275863
S2324-G0386,4,WAS,35.0,29,0,118.0,1.1666666666666667,0.8180000000000001
S2324-G0387,1,PHX,30.0,24,0,105.0,1.2,0.825
S2324-G0387,1,SAC,35.0,19,0,120.0,1.75,1.17
S2324-G0387,2,PHX,24.0,23,0,105.0,1.0,0.705
S2324-G0387,2,SAC,30.0,24,0,120.0,1.2,0.84
S2324-G0387,3,PHX,30.0,26,0,105.0,1.1111111111111112,0.7716666666666666
S2324-G0387,3,SAC,38.0,29,0,120.0,1.2666666666666666,0.8799999999999999
S2324-G0387,4,PHX,21.0,19,0,105.0,1.05,0.735
S2324-G0387,4,SAC,17.0,19,0,120.0,0.85,0.63
S2324-G0388,1,MIL,36.0,28,0,130.0,1.2413793103448276,0.8748275862068966
S2324-G0388,1,NYK,27.0,26,0,111.0,1.0,0.711
S2324-G0388,2,MIL,26.0,21,0,130.0,1.1818181818181819,0.8390909090909091
S2324-G0388,2,NYK,27.0,21,0,111.0,1.2272727272727273,0.8473636363636363
S2324-G0388,3,MIL,38.0,27,0,130.0,1.3571428571428572,0.9442857142857143
S2324-G0388,3,NYK,33.0,27,0,111.0,1.1785714285714286,0.8181428571428572
S2324-G0388,4,MIL,30.0,23,0,130.0,1.25,0.88
S2324-G0388,4,NYK,24.0,25,0,111.0,0.9230769230769231,0.6648461538461539
S2324-G0389,1,BOS,28.0,24,0,145.0,1.12,0.8170000000000001
S2324-G0389,1,LAC,21.0,19,0,108.0,1.05,0.738
S2324-G0389,2,BOS,40.0,26,0,145.0,1.4814814814814814,1.0338888888888889
S2324-G0389,2,LAC,30.0,28,0,108.0,1.0344827586206897,0.7286896551724138
S2324-G0389,3,BOS,38.0,25,0,145.0,1.4615384615384615,1.0219230769230767
S2324-G0389,3,LAC,30.0,23,0,108.0,1.25,0.858
S2324-G0389,4,BOS,39.0,19,0,145.0,1.95,1.315
S2324-G0389,4,LAC,27.0,23,0,108.0,1.125,0.7829999999999999
S2324-G0390,1,CHA,27.0,26,0,95.0,1.0,0.695
S2324-G0390,1,DEN,25.0,22,0,102.0,1.0869565217391304,0.7541739130434781
S2324-G0390,2,CHA,33.0,28,0,95.0,1.1379310344827587,0.7777586206896552
S2324-G0390,2,DEN,29.0,31,0,102.0,0.90625,0.6457499999999999
S2324-G0390,3,CHA,9.0,18,0,95.0,0.47368421052631576,0.37921052631578944
S2324-G0390,3,DEN,30.0,19,0,102.0,1.5,1.002
S2324-G0390,4,CHA,26.0,21,0,95.0,1.1818181818181819,0.8040909090909091
S2324-G0390,4,DEN,18.0,21,0,102.0,0.8181818181818182,0.5929090909090909
S2324-G0391,1,IND,27.0,24,0,110.0,1.08,0.758
S2324-G0391,1,ORL,36.0,26,0,117.0,1.3333333333333333,0.9169999999999999
S2324-G0391,2,IND,32.0,25,0,110.0,1.2307692307692308,0.8484615384615385
S2324-G0391,2,ORL,37.0,25,0,117.0,1.4230769230769231,0.9708461538461538
S2324-G0391,3,IND,33.0,22,0,110.0,1.434782608695652,0.9708695652173912
S2324-G0391,3,ORL,20.0,23,0,117.0,0.8333333333333334,0.617
S2324-G0391,4,IND,18.0,22,0,110.0,0.782608695652174,0.5795652173913044
S2324-G0391,4,ORL,24.0,23,0,117.0,1.0,0.717
S2324-G0392,1,HOU,26.0,22,0,106.0,1.1304347826086956,0.7842608695652173
S2324-G0392,1,NOP,24.0,25,0,104.0,0.9230769230769231,0.6578461538461539
S2324-G0392,2,HOU,21.0,21,0,106.0,0.9545454545454546,0.6787272727272727
S2324-G0392,2,NOP,27.0,20,0,104.0,1.2857142857142858,0.8754285714285714
S2324-G0392,3,HOU,32.0,22,0,106.0,1.391304347826087,0.9407826086956521
S2324-G0392,3,NOP,33.0,24,0,104.0,1.32,0.896
S2324-G0392,4,HOU,27.0,22,0,106.0,1.173913043478261,0.8103478260869565
S2324-G0392,4,NOP,20.0,21,0,104.0,0.9090909090909091,0.6494545454545454
S2324-G0393,1,ATL,32.0,25,0,119.0,1.2307692307692308,0.8574615384615385
S2324-G0393,1,MEM,25.0,25,0,125.0,0.9615384615384616,0.7019230769230769
S2324-G0393,2,ATL,28.0,25,0,119.0,1.0769230769230769,0.7651538461538461
S2324-G0393,2,MEM,25.0,24,0,125.0,1.0,0.725
S2324-G0393,3,ATL,33.0,25,0,119.0,1.2692307692307692,0.8805384615384615
S2324-G0393,3,MEM,40.0,30,0,125.0,1.2903225806451613,0.8991935483870968
S2324-G0393,4,ATL,26.0,21,0,119.0,1.1818181818181819,0.8280909090909091
S2324-G0393,4,MEM,35.0,19,0,125.0,1.75,1.175
S2324-G0394,1,BKN,32.0,25,0,126.0,1.2307692307692308,0.8644615384615385
S2324-G0394,1,DET,21.0,22,0,115.0,0.9130434782608695,0.6628260869565217
S2324-G0394,2,BKN,33.0,25,0,126.0,1.2692307692307692,0.8875384615384615
S2324-G0394,2,DET,35.0,20,0,115.0,1.6666666666666667,1.115
S2324-G0394,3,BKN,33.0,24,0,126.0,1.32,0.918
S2324-G0394,3,DET,26.0,23,0,115.0,1.0833333333333333,0.7649999999999999
S2324-G0394,4,BKN,28.0,20,0,126.0,1.3333333333333333,0.9259999999999999
S2324-G0394,4,DET,33.0,22,0,115.0,1.434782608695652,0.9758695652173912
S2324-G0395,1,TOR,34.0,23,0,119.0,1.4166666666666667,0.969
S2324-G0395,1,UTA,31.0,22,0,126.0,1.3478260869565217,0.934695652173913
S2324-G0395,2,TOR,37.0,24,0,119.0,1.48,1.0070000000000001
S2324-G0395,2,UTA,24.0,25,0,126.0,0.9230769230769231,0.6798461538461539
S2324-G0395,3,TOR,27.0,26,0,119.0,1.0,0.719
S2324-G0395,3,UTA,30.0,24,0,126.0,1.2,0.846
S2324-G0395,4,TOR,21.0,21,0,119.0,0.9545454545454546,0.6917272727272727
S2324-G0395,4,UTA,41.0,22,0,126.0,1.7826086956521738,1.1955652173913043
S2324-G0396,1,CHI,30.0,23,0,95.0,1.25,0.845
S2324-G0396,1,CLE,32.0,25,0,109.0,1.2307692307692308,0.8474615384615385
S2324-G0396,2,CHI,26.0,20,0,95.0,1.2380952380952381,0.8378571428571429
S2324-G0396,2,CLE,25.0,20,0,109.0,1.1904761904761905,0.8232857142857143
S2324-G0396,3,CHI,16.0,20,0,95.0,0.7619047619047619,0.552142857142857
S2324-G0396,3,CLE,25.0,20,0,109.0,1.1904761904761905,0.8232857142857143
S2324-G0396,4,CHI,23.0,22,0,95.0,1.0,0.695
S2324-G0396,4,CLE,27.0,21,0,109.0,1.2272727272727273,0.8453636363636363
S2324-G0397,1,LAL,36.0,26,0,129.0,1.3333333333333333,0.9289999999999999
S2324-G0397,1,OKC,39.0,26,0,120.0,1.4444444444444444,0.9866666666666666
S2324-G0397,2,LAL,35.0,25,0,129.0,1.3461538461538463,0.9366923076923077
S2324-G0397,2,OKC,20.0,24,0,120.0,0.8,0.6
S2324-G0397,3,LAL,36.0,23,0,129.0,1.5,1.029
S2324-G0397,3,OKC,32.0,20,0,120.0,1.5238095238095237,1.0342857142857143
S2324-G0397,4,LAL,22.0,20,0,129.0,1.0476190476190477,0.7575714285714286
S2324-G0397,4,OKC,29.0,21,0,120.0,1.3181818181818181,0.9109090909090909
S2324-G0398,1,DAL,40.0,24,0,144.0,1.6,1.1039999999999999
S2324-G0398,1,SAS,29.0,22,0,119.0,1.2608695652173914,0.8755217391304347
S2324-G0398,2,DAL,32.0,31,0,144.0,1.0,0.744
S2324-G0398,2,SAS,37.0,29,0,119.0,1.2333333333333334,0.859
S2324-G0398,3,DAL,45.0,23,0,144.0,1.875,1.269
S2324-G0398,3,SAS,20.0,23,0,119.0,0.8333333333333334,0.619
S2324-G0398,4,DAL,27.0,24,0,144.0,1.08,0.792
S2324-G0398,4,SAS,33.0,26,0,119.0,1.2222222222222223,0.8523333333333334
S2324-G0399,1,GSW,23.0,24,0,126.0,0.92,0.678
S2324-G0399,1,POR,30.0,24,0,106.0,1.2,0.826
S2324-G0399,2,GSW,34.0,25,0,126.0,1.3076923076923077,0.9106153846153846
S2324-G0399,2,POR,16.0,24,0,106.0,0.64,0.49
S2324-G0399,3,GSW,32.0,24,0,126.0,1.28,0.894
S2324-G0399,3,POR,31.0,24,0,106.0,1.24,0.85
S2324-G0399,4,GSW,37.0,24,0,126.0,1.48,1.014
S2324-G0399,4,POR,29.0,23,0,106.0,1.2083333333333333,0.831
S2324-G0400,1,MIN,28.0,20,0,110.0,1.3333333333333333,0.9099999999999999
S2324-G0400,1,SAC,20.0,20,0,98.0,0.9523809523809523,0.6694285714285714
S2324-G0400,2,MIN,31.0,25,0,110.0,1.1923076923076923,0.8253846153846154
S2324-G0400,2,SAC,27.0,23,0,98.0,1.125,0.7729999999999999
S2324-G0400,3,MIN,22.0,20,0,110.0,1.0476190476190477,0.7385714285714285
S2324-G0400,3,SAC,23.0,22,0,98.0,1.0,0.698
S2324-G0400,4,MIN,29.0,24,0,110.0,1.16,0.8059999999999999
S2324-G0400,4,SAC,28.0,24,0,98.0,1.12,0.77
S2324-G0401,1,MIL,27.0,26,0,122.0,1.0,0.722
S2324-G0401,1,NYK,36.0,29,0,129.0,1.2,0.849
S2324-G0401,2,MIL,24.0,20,0,122.0,1.1428571428571428,0.8077142857142856
S2324-G0401,2,NYK,26.0,22,0,129.0,1.1304347826086956,0.8072608695652174
S2324-G0401,3,MIL,36.0,26,0,122.0,1.3333333333333333,0.9219999999999999
S2324-G0401,3,NYK,36.0,23,0,129.0,1.5,1.029
S2324-G0401,4,MIL,35.0,25,0,122.0,1.3461538461538463,0.9296923076923077
S2324-G0401,4,NYK,31.0,22,0,129.0,1.3478260869565217,0.937695652173913
S2324-G0402,1,DEN,29.0,23,0,120.0,1.2083333333333333,0.845
S2324-G0402,1,GSW,26.0,23,0,114.0,1.0833333333333333,0.7639999999999999
S2324-G0402,2,DEN,24.0,23,0,120.0,1.0,0.72
S2324-G0402,2,GSW,28.0,23,0,114.0,1.1666666666666667,0.8140000000000001
S2324-G0402,3,DEN,39.0,22,0,120.0,1.6956521739130435,1.137391304347826
S2324-G0402,3,GSW,35.0,21,0,114.0,1.5909090909090908,1.0685454545454545
S2324-G0402,4,DEN,28.0,23,0,120.0,1.1666666666666667,0.8200000000000001
S2324-G0402,4,GSW,25.0,24,0,114.0,1.0,0.714
S2324-G0403,1,BOS,32.0,24,0,126.0,1.28,0.894
S2324-G0403,1,LAL,23.0,23,0,115.0,0.9583333333333334,0.69
S2324-G0403,2,BOS,26.0,25,0,126.0,1.0,0.726
S2324-G0403,2,LAL,34.0,25,0,115.0,1.3076923076923077,0.8996153846153846
S2324-G0403,3,BOS,41.0,20,0,126.0,1.9523809523809523,1.2974285714285712
S2324-G0403,3,LAL,33.0,20,0,115.0,1.5714285714285714,1.0578571428571428
S2324-G0403,4,BOS,27.0,23,0,126.0,1.125,0.8009999999999999
S2324-G0403,4,LAL,25.0,20,0,115.0,1.1904761904761905,0.8292857142857143
S2324-G0404,1,MIA,26.0,24,0,119.0,1.04,0.743
S2324-G0404,1,PHI,22.0,23,0,113.0,0.9166666666666666,0.6629999999999999
S2324-G0404,2,MIA,37.0,21,0,119.0,1.6818181818181819,1.128090909090909
S2324-G0404,2,PHI,27.0,23,0,113.0,1.125,0.7879999999999999
S2324-G0404,3,MIA,23.0,23,0,119.0,0.9583333333333334,0.694
S2324-G0404,3,PHI,37.0,23,0,113.0,1.5416666666666667,1.038
S2324-G0404,4,MIA,33.0,21,0,119.0,1.5,1.019
S2324-G0404,4,PHI,27.0,22,0,113.0,1.173913043478261,0.8173478260869566
S2324-G0405,1,DAL,36.0,23,0,128.0,1.5,1.028
S2324-G0405,1,PHX,24.0,25,0,114.0,0.9230769230769231,0.6678461538461539
S2324-G0405,2,DAL,28.0,18,0,128.0,1.4736842105263157,1.0122105263157894
S2324-G0405,2,PHX,30.0,17,0,114.0,1.6666666666666667,1.1139999999999999
S2324-G0405,3,DAL,27.0,24,0,128.0,1.08,0.776
S2324-G0405,3,PHX,38.0,25,0,114.0,1.4615384615384615,0.9909230769230768
S2324-G0405,4,DAL,37.0,24,0,128.0,1.48,1.016
S2324-G0405,4,PHX,22.0,25,0,114.0,0.8461538461538461,0.6216923076923077
S2324-G0406,1,BKN,25.0,23,0,118.0,1.0416666666666667,0.743
S2324-G0406,1,DET,31.0,25,0,112.0,1.1923076923076923,0.8273846153846154
S2324-G0406,2,BKN,36.0,25,0,118.0,1.3846153846153846,0.9487692307692307
S2324-G0406,2,DET,23.0,24,0,112.0,0.92,0.664
S2324-G0406,3,BKN,27.0,20,0,118.0,1.2857142857142858,0.8894285714285715
S2324-G0406,3,DET,31.0,20,0,112.0,1.4761904761904763,0.9977142857142858
S2324-G0406,4,BKN,30.0,19,0,118.0,1.5,1.0179999999999998
S2324-G0406,4,DET,27.0,21,0,112.0,1.2272727272727273,0.8483636363636363
S2324-G0407,1,ORL,33.0,29,0,127.0,1.1,0.787
S2324-G0407,1,WAS,33.0,29,0,119.0,1.1,0.779
S2324-G0407,2,ORL,30.0,25,0,127.0,1.1538461538461537,0.8193076923076922
S2324-G0407,2,WAS,27.0,26,0,119.0,1.0,0.719
S2324-G0407,3,ORL,35.0,29,0,127.0,1.1666666666666667,0.8270000000000001
S2324-G0407,3,WAS,28.0,31,0,119.0,0.875,0.644
S2324-G0407,4,ORL,29.0,20,0,127.0,1.380952380952381,0.9555714285714285
S2324-G0407,4,WAS,31.0,23,0,119.0,1.2916666666666667,0.894
S2324-G0408,1,ATL,17.0,20,0,113.0,0.8095238095238095,0.5987142857142858
S2324-G0408,1,CHI,28.0,23,0,118.0,1.1666666666666667,0.8180000000000001
S2324-G0408,2,ATL,39.0,23,0,113.0,1.625,1.088
S2324-G0408,2,CHI,22.0,22,0,118.0,0.9565217391304348,0.6919130434782609
S2324-G0408,3,ATL,29.0,27,0,113.0,1.0357142857142858,0.7344285714285714
S2324-G0408,3,CHI,33.0,26,0,118.0,1.2222222222222223,0.8513333333333334
S2324-G0408,4,ATL,28.0,23,0,113.0,1.1666666666666667,0.8130000000000001
S2324-G0408,4,CHI,35.0,23,0,118.0,1.4583333333333333,0.9929999999999999
S2324-G0409,1,HOU,33.0,25,0,117.0,1.2692307692307692,0.8785384615384615
S2324-G0409,1,IND,33.0,25,0,123.0,1.2692307692307692,0.8845384615384615
S2324-G0409,2,HOU,34.0,32,0,117.0,1.0303030303030303,0.7351818181818182
S2324-G0409,2,IND,31.0,29,0,123.0,1.0333333333333334,0.743
S2324-G0409,3,HOU,23.0,23,0,117.0,0.9583333333333334,0.692
S2324-G0409,3,IND,37.0,26,0,123.0,1.3703703703703705,0.9452222222222223
S2324-G0409,4,HOU,27.0,20,0,117.0,1.2857142857142858,0.8884285714285715
S2324-G0409,4,IND,22.0,18,0,123.0,1.1578947368421053,0.8177368421052632
S2324-G0410,1,MEM,24.0,23,0,116.0,1.0,0.716
S2324-G0410,1,NOP,19.0,25,0,115.0,0.7307692307692307,0.5534615384615384
S2324-G0410,2,MEM,19.0,18,0,116.0,1.0,0.716
S2324-G0410,2,NOP,29.0,23,0,115.0,1.2083333333333333,0.84
S2324-G0410,3,MEM,24.0,22,0,116.0,1.0434782608695652,0.7420869565217391
S2324-G0410,3,NOP,32.0,23,0,115.0,1.3333333333333333,0.9149999999999999
S2324-G0410,4,MEM,36.0,24,0,116.0,1.44,0.98
S2324-G0410,4,NOP,23.0,22,0,115.0,1.0,0.715
S2324-G0410,5,MEM,13.0,9,0,116.0,1.3,0.896
S2324-G0410,5,NOP,12.0,9,0,115.0,1.2,0.835
S2324-G0411,1,MIN,35.0,25,0,106.0,1.3461538461538463,0.9136923076923077
S2324-G0411,1,OKC,40.0,25,0,129.0,1.5384615384615385,1.0520769230769231
S2324-G0411,2,MIN,25.0,22,0,106.0,1.0869565217391304,0.7581739130434781
S2324-G0411,2,OKC,26.0,23,0,129.0,1.0833333333333333,0.7789999999999999
S2324-G0411,3,MIN,31.0,26,0,106.0,1.1481481481481481,0.7948888888888889
S2324-G0411,3,OKC,36.0,26,0,129.0,1.3333333333333333,0.9289999999999999
S2324-G0411,4,MIN,15.0,24,0,106.0,0.6,0.46599999999999997
S2324-G0411,4,OKC,27.0,23,0,129.0,1.125,0.8039999999999999
S2324-G0412,1,SAS,32.0,29,0,118.0,1.0666666666666667,0.758
S2324-G0412,1,UTA,27.0,24,0,130.0,1.08,0.778
S2324-G0412,2,SAS,28.0,25,0,118.0,1.0769230769230769,0.7641538461538461
S2324-G0412,2,UTA,37.0,24,0,130.0,1.48,1.018
S2324-G0412,3,SAS,33.0,25,0,118.0,1.2692307692307692,0.8795384615384615
S2324-G0412,3,UTA,36.0,28,0,130.0,1.2413793103448276,0.8748275862068966
S2324-G0412,4,SAS,25.0,18,0,118.0,1.3157894736842106,0.9074736842105263
S2324-G0412,4,UTA,30.0,22,0,130.0,1.3043478260869565,0.912608695652174
S2324-G0413,1,POR,32.0,27,0,130.0,1.1428571428571428,0.8157142857142856
S2324-G0413,1,SAC,33.0,26,0,113.0,1.2222222222222223,0.8463333333333334
S2324-G0413,2,POR,35.0,25,0,130.0,1.3461538461538463,0.9376923076923077
S2324-G0413,2,SAC,27.0,24,0,113.0,1.08,0.761
S2324-G0413,3,POR,37.0,24,0,130.0,1.48,1.018
S2324-G0413,3,SAC,35.0,24,0,113.0,1.4,0.953
S2324-G0413,4,POR,26.0,18,0,130.0,1.368421052631579,0.9510526315789474
S2324-G0413,4,SAC,18.0,19,0,113.0,0.9,0.653
S2324-G0414,1,CHA,27.0,27,0,104.0,0.9642857142857143,0.6825714285714285
S2324-G0414,1,LAC,26.0,26,0,113.0,0.9629629629629629,0.6907777777777777
S2324-G0414,2,CHA,23.0,24,0,104.0,0.92,0.656
S2324-G0414,2,LAC,29.0,21,0,113.0,1.3181818181818181,0.9039090909090909
S2324-G0414,3,CHA,30.0,20,0,104.0,1.4285714285714286,0.9611428571428571
S2324-G0414,3,LAC,27.0,19,0,113.0,1.35,0.923
S2324-G0414,4,CHA,24.0,21,0,104.0,1.0909090909090908,0.7585454545454544
S2324-G0414,4,LAC,31.0,21,0,113.0,1.4090909090909092,0.9584545454545454
S2324-G0415,1,ORL,25.0,25,0,92.0,0.9615384615384616,0.6689230769230768
S2324-G0415,1,PHI,26.0,25,0,112.0,1.0,0.712
S2324-G0415,2,ORL,21.0,22,0,92.0,0.9130434782608695,0.6398260869565217
S2324-G0415,2,PHI,26.0,23,0,112.0,1.0833333333333333,0.7619999999999999
S2324-G0415,3,ORL,29.0,22,0,92.0,1.2608695652173914,0.8485217391304347
S2324-G0415,3,PHI,32.0,29,0,112.0,1.0666666666666667,0.752
S2324-G0415,4,ORL,17.0,19,0,92.0,0.85,0.602
S2324-G0415,4,PHI,28.0,17,0,112.0,1.5555555555555556,1.0453333333333334
S2324-G0416,1,TOR,31.0,23,0,132.0,1.2916666666666667,0.907
S2324-G0416,1,WAS,25.0,25,0,102.0,0.9615384615384616,0.6789230769230769
S2324-G0416,2,TOR,28.0,27,0,132.0,1.0,0.732
S2324-G0416,2,WAS,25.0,27,0,102.0,0.8928571428571429,0.6377142857142857
S2324-G0416,3,TOR,38.0,26,0,132.0,1.4074074074074074,0.9764444444444444
S2324-G0416,3,WAS,31.0,25,0,102.0,1.1923076923076923,0.8173846153846154
S2324-G0416,4,TOR,35.0,30,0,132.0,1.1290322580645162,0.8094193548387097
S2324-G0416,4,WAS,21.0,29,0,102.0,0.7,0.522
S2324-G0417,1,BKN,31.0,23,0,122.0,1.2916666666666667,0.897
S2324-G0417,1,MIL,32.0,21,0,144.0,1.4545454545454546,1.0167272727272727
S2324-G0417,2,BKN,28.0,29,0,122.0,0.9333333333333333,0.6819999999999999
S2324-G0417,2,MIL,34.0,26,0,144.0,1.2592592592592593,0.8995555555555556
S2324-G0417,3,BKN,33.0,27,0,122.0,1.1785714285714286,0.8291428571428572
S2324-G0417,3,MIL,34.0,26,0,144.0,1.2592592592592593,0.8995555555555556
S2324-G0417,4,BKN,30.0,23,0,122.0,1.25,0.872
S2324-G0417,4,MIL,44.0,23,0,144.0,1.8333333333333333,1.2439999999999998
S2324-G0418,1,HOU,24.0,25,0,113.0,0.9230769230769231,0.6668461538461539
S2324-G0418,1,PHX,30.0,23,0,129.0,1.25,0.879
S2324-G0418,2,HOU,31.0,28,0,113.0,1.0689655172413792,0.7543793103448275
S2324-G0418,2,PHX,43.0,25,0,129.0,1.6538461538461537,1.1213076923076923
S2324-G0418,3,HOU,29.0,27,0,113.0,1.0357142857142858,0.7344285714285714
S2324-G0418,3,PHX,31.0,25,0,129.0,1.1923076923076923,0.8443846153846154
S2324-G0418,4,HOU,29.0,20,0,113.0,1.380952380952381,0.9415714285714285
S2324-G0418,4,PHX,25.0,22,0,129.0,1.0869565217391304,0.7811739130434782
S2324-G0419,1,NYK,25.0,22,0,120.0,1.0869565217391304,0.7721739130434782
S2324-G0419,1,OKC,38.0,23,0,129.0,1.5833333333333333,1.079
S2324-G0419,2,NYK,35.0,24,0,120.0,1.4,0.96
S2324-G0419,2,OKC,31.0,25,0,129.0,1.1923076923076923,0.8443846153846154
S2324-G0419,3,NYK,29.0,22,0,120.0,1.2608695652173914,0.8765217391304347
S2324-G0419,3,OKC,24.0,27,0,129.0,0.8571428571428571,0.6432857142857142
S2324-G0419,4,NYK,31.0,23,0,120.0,1.2916666666666667,0.895
S2324-G0419,4,OKC,36.0,20,0,129.0,1.7142857142857142,1.1575714285714285
S2324-G0420,1,CLE,27.0,20,0,113.0,1.2857142857142858,0.8844285714285715
S2324-G0420,1,DAL,39.0,26,0,110.0,1.4444444444444444,0.9766666666666666
S2324-G0420,2,CLE,27.0,26,0,113.0,1.0,0.713
S2324-G0420,2,DAL,30.0,25,0,110.0,1.1538461538461537,0.8023076923076922
S2324-G0420,3,CLE,28.0,21,0,113.0,1.2727272727272727,0.8766363636363635
S2324-G0420,3,DAL,21.0,22,0,110.0,0.9130434782608695,0.6578260869565217
S2324-G0420,4,CLE,31.0,21,0,113.0,1.4090909090909092,0.9584545454545454
S2324-G0420,4,DAL,20.0,20,0,110.0,0.9523809523809523,0.6814285714285714
S2324-G0421,1,BOS,27.0,26,0,128.0,1.0,0.728
S2324-G0421,1,DET,30.0,25,0,122.0,1.1538461538461537,0.8143076923076922
S2324-G0421,2,BOS,20.0,28,0,128.0,0.6896551724137931,0.5417931034482759
S2324-G0421,2,DET,36.0,30,0,122.0,1.1612903225806452,0.8187741935483871
S2324-G0421,3,BOS,35.0,22,0,128.0,1.5217391304347827,1.0410434782608697
S2324-G0421,3,DET,16.0,22,0,122.0,0.6956521739130435,0.539391304347826
S2324-G0421,4,BOS,26.0,19,0,128.0,1.3,0.908
S2324-G0421,4,DET,26.0,21,0,122.0,1.1818181818181819,0.8310909090909091
S2324-G0421,5,BOS,20.0,11,0,128.0,1.6666666666666667,1.1280000000000001
S2324-G0421,5,DET,14.0,12,0,122.0,1.0769230769230769,0.7681538461538461
S2324-G0422,1,CHI,31.0,26,0,104.0,1.1481481481481481,0.7928888888888889
S2324-G0422,1,IND,37.0,25,0,120.0,1.4230769230769231,0.9738461538461538
S2324-G0422,2,CHI,21.0,19,0,104.0,1.05,0.734
S2324-G0422,2,IND,26.0,20,0,120.0,1.2380952380952381,0.8628571428571429
S2324-G0422,3,CHI,25.0,23,0,104.0,1.0416666666666667,0.729
S2324-G0422,3,IND,22.0,21,0,120.0,1.0,0.72
S2324-G0422,4,CHI,27.0,21,0,104.0,1.2272727272727273,0.8403636363636363
S2324-G0422,4,IND,35.0,23,0,120.0,1.4583333333333333,0.9949999999999999
S2324-G0423,1,DAL,26.0,24,0,110.0,1.04,0.734
S2324-G0423,1,MIN,37.0,23,0,118.0,1.5416666666666667,1.0430000000000001
S2324-G0423,2,DAL,30.0,32,0,110.0,0.9090909090909091,0.6554545454545454
S2324-G0423,2,MIN,24.0,34,0,118.0,0.6857142857142857,0.5294285714285714
S2324-G0423,3,DAL,35.0,28,0,110.0,1.206896551724138,0.8341379310344827
S2324-G0423,3,MIN,37.0,26,0,118.0,1.3703703703703705,0.9402222222222223
S2324-G0423,4,DAL,19.0,16,0,110.0,1.1176470588235294,0.7805882352941176
S2324-G0423,4,MIN,20.0,18,0,118.0,1.0526315789473684,0.749578947368421
S2324-G0424,1,NOP,39.0,30,0,112.0,1.2580645161290323,0.8668387096774193
S2324-G0424,1,UTA,37.0,31,0,105.0,1.15625,0.79875
S2324-G0424,2,NOP,20.0,19,0,112.0,1.0,0.712
S2324-G0424,2,UTA,14.0,18,0,105.0,0.7368421052631579,0.5471052631578948
S2324-G0424,3,NOP,22.0,18,0,112.0,1.1578947368421053,0.8067368421052632
S2324-G0424,3,UTA,25.0,17,0,105.0,1.3888888888888888,0.9383333333333332
S2324-G0424,4,NOP,31.0,26,0,112.0,1.1481481481481481,0.8008888888888889
S2324-G0424,4,UTA,29.0,25,0,105.0,1.1153846153846154,0.7742307692307692
S2324-G0425,1,DEN,33.0,29,0,142.0,1.1,0.802
S2324-G0425,1,MEM,27.0,24,0,105.0,1.08,0.753
S2324-G0425,2,DEN,32.0,22,0,142.0,1.391304347826087,0.9767826086956521
S2324-G0425,2,MEM,21.0,20,0,105.0,1.0,0.705
S2324-G0425,3,DEN,41.0,24,0,142.0,1.64,1.126
S2324-G0425,3,MEM,35.0,24,0,105.0,1.4,0.945
S2324-G0425,4,DEN,36.0,20,0,142.0,1.7142857142857142,1.1705714285714284
S2324-G0425,4,MEM,22.0,22,0,105.0,0.9565217391304348,0.6789130434782609
S2324-G0426,1,GSW,25.0,17,0,102.0,1.3888888888888888,0.9353333333333332
S2324-G0426,1,MIA,22.0,17,0,114.0,1.2222222222222223,0.8473333333333334
S2324-G0426,2,GSW,26.0,23,0,102.0,1.0833333333333333,0.7519999999999999
S2324-G0426,2,MIA,36.0,24,0,114.0,1.44,0.978
S2324-G0426,3,GSW,25.0,25,0,102.0,0.9615384615384616,0.6789230769230769
S2324-G0426,3,MIA,33.0,25,0,114.0,1.2692307692307692,0.8755384615384615
S2324-G0426,4,GSW,26.0,22,0,102.0,1.1304347826086956,0.7802608695652173
S2324-G0426,4,MIA,23.0,21,0,114.0,1.0454545454545454,0.7412727272727272
S2324-G0427,1,POR,14.0,26,0,105.0,0.5185185185185185,0.4161111111111111
S2324-G0427,1,SAS,38.0,27,0,118.0,1.3571428571428572,0.9322857142857143
S2324-G0427,2,POR,31.0,21,0,105.0,1.4090909090909092,0.9504545454545454
S2324-G0427,2,SAS,21.0,20,0,118.0,1.0,0.718
S2324-G0427,3,POR,29.0,21,0,105.0,1.3181818181818181,0.8959090909090909
S2324-G0427,3,SAS,28.0,20,0,118.0,1.3333333333333333,0.9179999999999999
S2324-G0427,4,POR,31.0,20,0,105.0,1.4761904761904763,0.9907142857142858
S2324-G0427,4,SAS,31.0,23,0,118.0,1.2916666666666667,0.893
S2324-G0428,1,CHA,31.0,21,0,112.0,1.4090909090909092,0.9574545454545454
S2324-G0428,1,LAL,28.0,23,0,133.0,1.1666666666666667,0.8330000000000001
S2324-G0428,2,CHA,26.0,27,0,112.0,0.9285714285714286,0.6691428571428572
S2324-G0428,2,LAL,30.0,27,0,133.0,1.0714285714285714,0.7758571428571428
S2324-G0428,3,CHA,23.0,27,0,112.0,0.8214285714285714,0.6048571428571429
S2324-G0428,3,LAL,41.0,27,0,133.0,1.4642857142857142,1.0115714285714286
S2324-G0428,4,CHA,32.0,22,0,112.0,1.391304347826087,0.9467826086956521
S2324-G0428,4,LAL,34.0,25,0,133.0,1.3076923076923077,0.9176153846153846
S2324-G0429,1,NYK,29.0,29,0,108.0,0.9666666666666667,0.688
S2324-G0429,1,ORL,26.0,28,0,117.0,0.896551724137931,0.6549310344827586
S2324-G0429,2,NYK,15.0,24,0,108.0,0.6,0.46799999999999997
S2324-G0429,2,ORL,29.0,25,0,117.0,1.1153846153846154,0.7862307692307692
S2324-G0429,3,NYK,30.0,22,0,108.0,1.3043478260869565,0.8906086956521739
S2324-G0429,3,ORL,31.0,23,0,117.0,1.2916666666666667,0.892
S2324-G0429,4,NYK,34.0,20,0,108.0,1.619047619047619,1.0794285714285714
S2324-G0429,4,ORL,31.0,19,0,117.0,1.55,1.047
S2324-G0430,1,BKN,25.0,22,0,104.0,1.0869565217391304,0.7561739130434781
S2324-G0430,1,WAS,25.0,21,0,110.0,1.1363636363636365,0.7918181818181819
S2324-G0430,2,BKN,28.0,21,0,104.0,1.2727272727272727,0.8676363636363635
S2324-G0430,2,WAS,29.0,23,0,110.0,1.2083333333333333,0.835
S2324-G0430,3,BKN,33.0,24,0,104.0,1.32,0.896
S2324-G0430,3,WAS,30.0,23,0,110.0,1.25,0.86
S2324-G0430,4,BKN,18.0,18,0,104.0,0.9473684210526315,0.6724210526315789
S2324-G0430,4,WAS,26.0,18,0,110.0,1.368421052631579,0.9310526315789474
S2324-G0431,1,ATL,36.0,23,0,110.0,1.5,1.01
S2324-G0431,1,SAC,23.0,23,0,117.0,0.9583333333333334,0.692
S2324-G0431,2,ATL,35.0,27,0,110.0,1.25,0.86
S2324-G0431,2,SAC,30.0,24,0,117.0,1.2,0.837
S2324-G0431,3,ATL,20.0,27,0,110.0,0.7142857142857143,0.5385714285714286
S2324-G0431,3,SAC,33.0,26,0,117.0,1.2222222222222223,0.8503333333333334
S2324-G0431,4,ATL,19.0,23,0,110.0,0.7916666666666666,0.585
S2324-G0431,4,SAC,31.0,20,0,117.0,1.4761904761904763,1.0027142857142857
S2324-G0432,1,BOS,35.0,24,0,120.0,1.4,0.96
S2324-G0432,1,TOR,20.0,24,0,118.0,0.8,0.598
S2324-G0432,2,BOS,33.0,25,0,120.0,1.2692307692307692,0.8815384615384615
S2324-G0432,2,TOR,33.0,24,0,118.0,1.32,0.91
S2324-G0432,3,BOS,31.0,23,0,120.0,1.2916666666666667,0.895
S2324-G0432,3,TOR,33.0,25,0,118.0,1.2692307692307692,0.8795384615384615
S2324-G0432,4,BOS,21.0,17,0,120.0,1.1666666666666667,0.8200000000000001
S2324-G0432,4,TOR,32.0,21,0,118.0,1.4545454545454546,0.9907272727272727
S2324-G0433,1,CLE,37.0,28,0,111.0,1.2758620689655173,0.8765172413793104
S2324-G0433,1,MIL,31.0,27,0,119.0,1.1071428571428572,0.7832857142857143
S2324-G0433,2,CLE,22.0,24,0,111.0,0.88,0.639
S2324-G0433,2,MIL,21.0,23,0,119.0,0.875,0.644
S2324-G0433,3,CLE,21.0,24,0,111.0,0.84,0.615
S2324-G0433,3,MIL,40.0,26,0,119.0,1.4814814814814814,1.0078888888888888
S2324-G0433,4,CLE,31.0,23,0,111.0,1.2916666666666667,0.886
S2324-G0433,4,MIL,27.0,23,0,119.0,1.125,0.7939999999999999
S2324-G0434,1,HOU,32.0,27,0,127.0,1.1428571428571428,0.8127142857142856
S2324-G0434,1,PHI,26.0,24,0,131.0,1.04,0.755
S2324-G0434,2,HOU,31.0,26,0,127.0,1.1481481481481481,0.8158888888888889
S2324-G0434,2,PHI,36.0,26,0,131.0,1.3333333333333333,0.9309999999999999
S2324-G0434,3,HOU,34.0,24,0,127.0,1.36,0.9430000000000001
S2324-G0434,3,PHI,28.0,24,0,131.0,1.12,0.803
S2324-G0434,4,HOU,30.0,25,0,127.0,1.1538461538461537,0.8193076923076922
S2324-G0434,4,PHI,41.0,23,0,131.0,1.7083333333333333,1.156
S2324-G0435,1,DEN,27.0,18,0,93.0,1.4210526315789473,0.9456315789473684
S2324-G0435,1,OKC,33.0,21,0,119.0,1.5,1.019
S2324-G0435,2,DEN,21.0,22,0,93.0,0.9130434782608695,0.6408260869565217
S2324-G0435,2,OKC,21.0,26,0,119.0,0.7777777777777778,0.5856666666666667
S2324-G0435,3,DEN,20.0,24,0,93.0,0.8,0.573
S2324-G0435,3,OKC,34.0,28,0,119.0,1.1724137931034482,0.8224482758620689
S2324-G0435,4,DEN,25.0,22,0,93.0,1.0869565217391304,0.7451739130434781
S2324-G0435,4,OKC,31.0,23,0,119.0,1.2916666666666667,0.894
S2324-G0436,1,CHA,30.0,23,0,119.0,1.25,0.869
S2324-G0436,1,PHX,36.0,26,0,133.0,1.3333333333333333,0.9329999999999999
S2324-G0436,2,CHA,28.0,23,0,119.0,1.1666666666666667,0.8190000000000001
S2324-G0436,2,PHX,32.0,21,0,133.0,1.4545454545454546,1.0057272727272726
S2324-G0436,3,CHA,31.0,24,0,119.0,1.24,0.863
S2324-G0436,3,PHX,35.0,20,0,133.0,1.6666666666666667,1.133
S2324-G0436,4,CHA,30.0,18,0,119.0,1.5789473684210527,1.0663684210526316
S2324-G0436,4,PHX,30.0,18,0,133.0,1.5789473684210527,1.0803684210526314
S2324-G0437,1,POR,29.0,25,0,134.0,1.1153846153846154,0.8032307692307692
S2324-G0437,1,SAS,29.0,26,0,128.0,1.0740740740740742,0.7724444444444445
S2324-G0437,2,POR,42.0,33,0,134.0,1.2352941176470589,0.8751764705882353
S2324-G0437,2,SAS,27.0,28,0,128.0,0.9310344827586207,0.6866206896551724
S2324-G0437,3,POR,33.0,24,0,134.0,1.32,0.926
S2324-G0437,3,SAS,38.0,25,0,128.0,1.4615384615384615,1.0049230769230768
S2324-G0437,4,POR,30.0,24,0,134.0,1.2,0.854
S2324-G0437,4,SAS,34.0,25,0,128.0,1.3076923076923077,0.9126153846153846
S2324-G0438,1,LAC,33.0,23,0,117.0,1.375,0.942
S2324-G0438,1,MEM,25.0,23,0,106.0,1.0416666666666667,0.731
S2324-G0438,2,LAC,26.0,22,0,117.0,1.1304347826086956,0.7952608695652174
S2324-G0438,2,MEM,29.0,22,0,106.0,1.2608695652173914,0.8625217391304347
S2324-G0438,3,LAC,35.0,25,0,117.0,1.3461538461538463,0.9246923076923077
S2324-G0438,3,MEM,21.0,22,0,106.0,0.9130434782608695,0.6538260869565217
S2324-G0438,4,LAC,23.0,24,0,117.0,0.92,0.669
S2324-G0438,4,MEM,31.0,24,0,106.0,1.24,0.85
S2324-G0439,1,MIA,28.0,21,0,109.0,1.2727272727272727,0.8726363636363635
S2324-G0439,1,UTA,27.0,24,0,117.0,1.08,0.765
S2324-G0439,2,MIA,25.0,27,0,109.0,0.8928571428571429,0.6447142857142857
S2324-G0439,2,UTA,27.0,26,0,117.0,1.0,0.717
S2324-G0439,3,MIA,35.0,23,0,109.0,1.4583333333333333,0.9839999999999999
S2324-G0439,3,UTA,34.0,20,0,117.0,1.619047619047619,1.0884285714285715
S2324-G0439,4,MIA,21.0,17,0,109.0,1.1666666666666667,0.809
S2324-G0439,4,UTA,29.0,16,0,117.0,1.7058823529411764,1.1405294117647058
S2324-G0440,1,DET,25.0,20,0,129.0,1.1904761904761905,0.8432857142857143
S2324-G0440,1,TOR,24.0,18,0,127.0,1.263157894736842,0.8848947368421052
S2324-G0440,2,DET,27.0,19,0,129.0,1.35,0.9390000000000001
S2324-G0440,2,TOR,20.0,21,0,127.0,0.9090909090909091,0.6724545454545454
S2324-G0440,3,DET,38.0,27,0,129.0,1.3571428571428572,0.9432857142857143
S2324-G0440,3,TOR,42.0,25,0,127.0,1.6153846153846154,1.0962307692307691
S2324-G0440,4,DET,39.0,24,0,129.0,1.56,1.065
S2324-G0440,4,TOR,41.0,27,0,127.0,1.4642857142857142,1.0055714285714283
S2324-G0441,1,IND,32.0,27,0,140.0,1.1428571428571428,0.8257142857142856
S2324-G0441,1,NYK,27.0,30,0,126.0,0.8709677419354839,0.6485806451612903
S2324-G0441,2,IND,32.0,25,0,140.0,1.2307692307692308,0.8784615384615385
S2324-G0441,2,NYK,35.0,27,0,126.0,1.25,0.876
S2324-G0441,3,IND,41.0,25,0,140.0,1.5769230769230769,1.086153846153846
S2324-G0441,3,NYK,30.0,25,0,126.0,1.1538461538461537,0.8183076923076922
S2324-G0441,4,IND,35.0,22,0,140.0,1.5217391304347827,1.0530434782608695
S2324-G0441,4,NYK,34.0,24,0,126.0,1.36,0.9420000000000001
S2324-G0442,1,CHI,21.0,23,0,105.0,0.875,0.63
S2324-G0442,1,PHI,17.0,24,0,92.0,0.68,0.5
S2324-G0442,2,CHI,35.0,24,0,105.0,1.4,0.945
S2324-G0442,2,PHI,31.0,23,0,92.0,1.2916666666666667,0.867
S2324-G0442,3,CHI,24.0,20,0,105.0,1.1428571428571428,0.7907142857142856
S2324-G0442,3,PHI,23.0,22,0,92.0,1.0,0.692
S2324-G0442,4,CHI,25.0,21,0,105.0,1.1363636363636365,0.7868181818181819
S2324-G0442,4,PHI,21.0,19,0,92.0,1.05,0.722
S2324-G0443,1,LAL,31.0,32,0,106.0,0.9393939393939394,0.6696363636363636
S2324-G0443,1,MIN,29.0,26,0,108.0,1.0740740740740742,0.7524444444444445
S2324-G0443,2,LAL,26.0,26,0,106.0,0.9629629629629629,0.6837777777777777
S2324-G0443,2,MIN,32.0,24,0,108.0,1.28,0.876
S2324-G0443,3,LAL,20.0,21,0,106.0,0.9090909090909091,0.6514545454545454
S2324-G0443,3,MIN,21.0,21,0,108.0,0.9545454545454546,0.6807272727272727
S2324-G0443,4,LAL,29.0,18,0,106.0,1.5263157894736843,1.0217894736842106
S2324-G0443,4,MIN,26.0,21,0,108.0,1.1818181818181819,0.8170909090909091
S2324-G0444,1,DAL,34.0,24,0,132.0,1.36,0.9480000000000001
S2324-G0444,1,GSW,26.0,27,0,122.0,0.9285714285714286,0.6791428571428572
S2324-G0444,2,DAL,29.0,26,0,132.0,1.0740740740740742,0.7764444444444445
S2324-G0444,2,GSW,28.0,27,0,122.0,1.0,0.722
S2324-G0444,3,DAL,38.0,20,0,132.0,1.8095238095238095,1.2177142857142855
S2324-G0444,3,GSW,35.0,26,0,122.0,1.2962962962962963,0.8997777777777778
S2324-G0444,4,DAL,31.0,23,0,132.0,1.2916666666666667,0.907
S2324-G0444,4,GSW,33.0,22,0,122.0,1.434782608695652,0.9828695652173912
S2324-G0445,1,ATL,28.0,23,0,130.0,1.1666666666666667,0.8300000000000001
S2324-G0445,1,WAS,30.0,25,0,126.0,1.1538461538461537,0.8183076923076922
S2324-G0445,2,ATL,42.0,27,0,130.0,1.5,1.0299999999999998
S2324-G0445,2,WAS,28.0,28,0,126.0,0.9655172413793104,0.7053103448275863
S2324-G0445,3,ATL,30.0,24,0,130.0,1.2,0.85
S2324-G0445,3,WAS,29.0,24,0,126.0,1.16,0.822
S2324-G0445,4,ATL,30.0,25,0,130.0,1.1538461538461537,0.8223076923076922
S2324-G0445,4,WAS,39.0,24,0,126.0,1.56,1.0619999999999998
S2324-G0446,1,LAL,33.0,29,0,109.0,1.1,0.769
S2324-G0446,1,NOP,42.0,28,0,129.0,1.4482758620689655,0.9979655172413793
S2324-G0446,2,LAL,24.0,19,0,109.0,1.2,0.829
S2324-G0446,2,NOP,32.0,19,0,129.0,1.6,1.089
S2324-G0446,3,LAL,32.0,24,0,109.0,1.28,0.877
S2324-G0446,3,NOP,30.0,19,0,129.0,1.5,1.029
S2324-G0446,4,LAL,20.0,21,0,109.0,0.9090909090909091,0.6544545454545454
S2324-G0446,4,NOP,25.0,21,0,129.0,1.1363636363636365,0.8108181818181819
S2324-G0447,1,BKN,36.0,25,0,108.0,1.3846153846153846,0.9387692307692307
S2324-G0447,1,OKC,33.0,20,0,124.0,1.5714285714285714,1.0668571428571427
S2324-G0447,2,BKN,20.0,20,0,108.0,0.9523809523809523,0.6794285714285714
S2324-G0447,2,OKC,26.0,19,0,124.0,1.3,0.904
S2324-G0447,3,BKN,23.0,23,0,108.0,0.9583333333333334,0.6829999999999999
S2324-G0447,3,OKC,30.0,22,0,124.0,1.3043478260869565,0.906608695652174
S2324-G0447,4,BKN,29.0,23,0,108.0,1.2083333333333333,0.833
S2324-G0447,4,OKC,35.0,19,0,124.0,1.75,1.174
S2324-G0448,1,BOS,30.0,21,0,134.0,1.3636363636363635,0.9521818181818181
S2324-G0448,1,SAS,22.0,21,0,101.0,1.0,0.701
S2324-G0448,2,BOS,35.0,24,0,134.0,1.4,0.974
S2324-G0448,2,SAS,31.0,20,0,101.0,1.4761904761904763,0.9867142857142858
S2324-G0448,3,BOS,40.0,29,0,134.0,1.3333333333333333,0.9339999999999999
S2324-G0448,3,SAS,23.0,23,0,101.0,0.9583333333333334,0.6759999999999999
S2324-G0448,4,BOS,29.0,26,0,134.0,1.0740740740740742,0.7784444444444445
S2324-G0448,4,SAS,25.0,28,0,101.0,0.8620689655172413,0.6182413793103447
S2324-G0449,1,MEM,29.0,22,0,92.0,1.2608695652173914,0.8485217391304347
S2324-G0449,1,SAC,34.0,22,0,123.0,1.4782608695652173,1.0099565217391304
S2324-G0449,2,MEM,29.0,18,0,92.0,1.5263157894736843,1.0077894736842106
S2324-G0449,2,SAC,36.0,21,0,123.0,1.6363636363636365,1.1048181818181817
S2324-G0449,3,MEM,21.0,24,0,92.0,0.84,0.596
S2324-G0449,3,SAC,31.0,24,0,123.0,1.24,0.867
S2324-G0449,4,MEM,13.0,15,0,92.0,0.8125,0.5795
S2324-G0449,4,SAC,22.0,15,0,123.0,1.375,0.948
S2324-G0450,1,ORL,24.0,25,0,107.0,0.9230769230769231,0.6608461538461539
S2324-G0450,1,PHX,37.0,28,0,112.0,1.2758620689655173,0.8775172413793104
S2324-G0450,2,ORL,34.0,23,0,107.0,1.4166666666666667,0.957
S2324-G0450,2,PHX,30.0,22,0,112.0,1.3043478260869565,0.8946086956521739
S2324-G0450,3,ORL,29.0,23,0,107.0,1.2083333333333333,0.832
S2324-G0450,3,PHX,22.0,28,0,112.0,0.7586206896551724,0.5671724137931035
S2324-G0450,4,ORL,20.0,15,0,107.0,1.25,0.857
S2324-G0450,4,PHX,23.0,14,0,112.0,1.5333333333333334,1.032
S2324-G0451,1,MIN,32.0,21,0,106.0,1.4545454545454546,0.9787272727272727
S2324-G0451,1,NYK,23.0,22,0,112.0,1.0,0.712
S2324-G0451,2,MIN,17.0,19,0,106.0,0.85,0.616
S2324-G0451,2,NYK,38.0,21,0,112.0,1.7272727272727273,1.1483636363636365
S2324-G0451,3,MIN,29.0,29,0,106.0,0.9666666666666667,0.6859999999999999
S2324-G0451,3,NYK,33.0,29,0,112.0,1.1,0.772
S2324-G0451,4,MIN,28.0,22,0,106.0,1.2173913043478262,0.8364347826086956
S2324-G0451,4,NYK,18.0,22,0,112.0,0.782608695652174,0.5815652173913044
S2324-G0452,1,CLE,32.0,24,0,121.0,1.28,0.889
S2324-G0452,1,TOR,41.0,23,0,124.0,1.7083333333333333,1.149
S2324-G0452,2,CLE,27.0,20,0,121.0,1.2857142857142858,0.8924285714285715
S2324-G0452,2,TOR,26.0,22,0,124.0,1.1304347826086956,0.8022608695652174
S2324-G0452,3,CLE,32.0,25,0,121.0,1.2307692307692308,0.8594615384615385
S2324-G0452,3,TOR,31.0,23,0,124.0,1.2916666666666667,0.899
S2324-G0452,4,CLE,30.0,23,0,121.0,1.25,0.871
S2324-G0452,4,TOR,26.0,21,0,124.0,1.1818181818181819,0.8330909090909091
S2324-G0453,1,DET,29.0,23,0,113.0,1.2083333333333333,0.838
S2324-G0453,1,HOU,31.0,25,0,136.0,1.1923076923076923,0.8513846153846154
S2324-G0453,2,DET,26.0,23,0,113.0,1.0833333333333333,0.7629999999999999
S2324-G0453,2,HOU,28.0,22,0,136.0,1.2173913043478262,0.8664347826086957
S2324-G0453,3,DET,25.0,23,0,113.0,1.0416666666666667,0.738
S2324-G0453,3,HOU,47.0,25,0,136.0,1.8076923076923077,1.2206153846153844
S2324-G0453,4,DET,33.0,25,0,113.0,1.2692307692307692,0.8745384615384615
S2324-G0453,4,HOU,30.0,30,0,136.0,0.967741935483871,0.7166451612903226
S2324-G0454,1,IND,25.0,20,0,122.0,1.1904761904761905,0.8362857142857143
S2324-G0454,1,MIL,32.0,20,0,113.0,1.5238095238095237,1.0272857142857141
S2324-G0454,2,IND,31.0,27,0,122.0,1.1071428571428572,0.7862857142857143
S2324-G0454,2,MIL,30.0,25,0,113.0,1.1538461538461537,0.8053076923076922
S2324-G0454,3,IND,28.0,18,0,122.0,1.4736842105263157,1.0062105263157894
S2324-G0454,3,MIL,26.0,21,0,113.0,1.1818181818181819,0.8220909090909091
S2324-G0454,4,IND,38.0,22,0,122.0,1.6521739130434783,1.113304347826087
S2324-G0454,4,MIL,25.0,22,0,113.0,1.0869565217391304,0.7651739130434781
S2324-G0455,1,CHA,18.0,16,0,93.0,1.0588235294117647,0.7282941176470588
S2324-G0455,1,DEN,24.0,20,0,111.0,1.1428571428571428,0.7967142857142856
S2324-G0455,2,CHA,31.0,25,0,93.0,1.1923076923076923,0.8083846153846154
S2324-G0455,2,DEN,25.0,26,0,111.0,0.9259259259259259,0.6665555555555556
S2324-G0455,3,CHA,17.0,20,0,93.0,0.8095238095238095,0.5787142857142857
S2324-G0455,3,DEN,40.0,24,0,111.0,1.6,1.071
S2324-G0455,4,CHA,27.0,20,0,93.0,1.2857142857142858,0.8644285714285714
S2324-G0455,4,DEN,22.0,18,0,111.0,1.1578947368421053,0.8057368421052632
S2324-G0456,1,PHX,20.0,16,0,109.0,1.1764705882352942,0.8148823529411765
S2324-G0456,1,POR,29.0,19,0,88.0,1.45,0.958
S2324-G0456,2,PHX,35.0,28,0,109.0,1.206896551724138,0.8331379310344827
S2324-G0456,2,POR,18.0,27,0,88.0,0.6428571428571429,0.47371428571428575
S2324-G0456,3,PHX,31.0,24,0,109.0,1.24,0.853
S2324-G0456,3,POR,14.0,20,0,88.0,0.6666666666666666,0.488
S2324-G0456,4,PHX,23.0,19,0,109.0,1.15,0.7989999999999999
S2324-G0456,4,POR,27.0,20,0,88.0,1.2857142857142858,0.8594285714285714
S2324-G0457,1,DAL,26.0,27,0,90.0,0.9285714285714286,0.6471428571428571
S2324-G0457,1,UTA,37.0,23,0,127.0,1.5416666666666667,1.052
S2324-G0457,2,DAL,29.0,22,0,90.0,1.2608695652173914,0.8465217391304347
S2324-G0457,2,UTA,25.0,24,0,127.0,1.0,0.727
S2324-G0457,3,DAL,24.0,31,0,90.0,0.75,0.5399999999999999
S2324-G0457,3,UTA,31.0,30,0,127.0,1.0,0.727
S2324-G0457,4,DAL,11.0,21,0,90.0,0.5,0.39
S2324-G0457,4,UTA,34.0,25,0,127.0,1.3076923076923077,0.9116153846153846
S2324-G0458,1,LAC,23.0,22,0,121.0,1.0,0.721
S2324-G0458,1,MIA,35.0,22,0,104.0,1.5217391304347827,1.0170434782608697
S2324-G0458,2,LAC,36.0,21,0,121.0,1.6363636363636365,1.102818181818182
S2324-G0458,2,MIA,23.0,22,0,104.0,1.0,0.704
S2324-G0458,3,LAC,36.0,25,0,121.0,1.3846153846153846,0.9517692307692307
S2324-G0458,3,MIA,27.0,24,0,104.0,1.08,0.752
S2324-G0458,4,LAC,26.0,24,0,121.0,1.04,0.745
S2324-G0458,4,MIA,19.0,23,0,104.0,0.7916666666666666,0.579
S2324-G0459,1,CHI,18.0,24,0,97.0,0.72,0.529
S2324-G0459,1,PHI,43.0,23,0,110.0,1.7916666666666667,1.185
S2324-G0459,2,CHI,24.0,24,0,97.0,0.96,0.6729999999999999
S2324-G0459,2,PHI,30.0,22,0,110.0,1.3043478260869565,0.8926086956521739
S2324-G0459,3,CHI,30.0,25,0,97.0,1.1538461538461537,0.7893076923076922
S2324-G0459,3,PHI,25.0,26,0,110.0,0.9259259259259259,0.6655555555555556
S2324-G0459,4,CHI,25.0,26,0,97.0,0.9259259259259259,0.6525555555555556
S2324-G0459,4,PHI,12.0,23,0,110.0,0.5,0.41000000000000003
S2324-G0460,1,MEM,20.0,21,1,106.0,0.9090909090909091,0.9514545454545454
S2324-G0460,1,SAS,23.0,19,0,98.0,1.15,0.7879999999999999
S2324-G0460,2,MEM,27.0,23,1,106.0,1.125,1.081
S2324-G0460,2,SAS,17.0,27,0,98.0,0.6071428571428571,0.4622857142857143
S2324-G0460,3,MEM,33.0,24,1,106.0,1.32,1.1980000000000002
S2324-G0460,3,SAS,28.0,21,0,98.0,1.2727272727272727,0.8616363636363635
S2324-G0460,4,MEM,26.0,21,1,106.0,1.1818181818181819,1.1150909090909091
S2324-G0460,4,SAS,30.0,23,0,98.0,1.25,0.848
S2324-G0461,1,BKN,18.0,21,0,85.0,0.8181818181818182,0.5759090909090909
S2324-G0461,1,NOP,32.0,24,0,112.0,1.28,0.88
S2324-G0461,2,BKN,16.0,21,0,85.0,0.7272727272727273,0.5213636363636364
S2324-G0461,2,NOP,27.0,21,0,112.0,1.2272727272727273,0.8483636363636363
S2324-G0461,3,BKN,24.0,21,0,85.0,1.0909090909090908,0.7395454545454544
S2324-G0461,3,NOP,26.0,25,0,112.0,1.0,0.712
S2324-G0461,4,BKN,27.0,25,0,85.0,1.0384615384615385,0.708076923076923
S2324-G0461,4,NOP,27.0,19,0,112.0,1.35,0.922
S2324-G0462,1,BOS,29.0,22,0,123.0,1.2608695652173914,0.8795217391304347
S2324-G0462,1,OKC,31.0,22,0,127.0,1.3478260869565217,0.935695652173913
S2324-G0462,2,BOS,32.0,22,0,123.0,1.391304347826087,0.9577826086956521
S2324-G0462,2,OKC,27.0,26,0,127.0,1.0,0.727
S2324-G0462,3,BOS,25.0,20,0,123.0,1.1904761904761905,0.8372857142857143
S2324-G0462,3,OKC,40.0,21,0,127.0,1.8181818181818181,1.2179090909090908
S2324-G0462,4,BOS,37.0,28,0,123.0,1.2758620689655173,0.8885172413793104
S2324-G0462,4,OKC,29.0,25,0,127.0,1.1153846153846154,0.7962307692307692
S2324-G0463,1,GSW,30.0,22,0,121.0,1.3043478260869565,0.9036086956521739
S2324-G0463,1,ORL,28.0,22,0,115.0,1.2173913043478262,0.8454347826086956
S2324-G0463,2,GSW,25.0,23,0,121.0,1.0416666666666667,0.746
S2324-G0463,2,ORL,27.0,29,0,115.0,0.9,0.655
S2324-G0463,3,GSW,32.0,23,0,121.0,1.3333333333333333,0.9209999999999999
S2324-G0463,3,ORL,26.0,23,0,115.0,1.0833333333333333,0.7649999999999999
S2324-G0463,4,GSW,34.0,25,0,121.0,1.3076923076923077,0.9056153846153846
S2324-G0463,4,ORL,34.0,26,0,115.0,1.2592592592592593,0.8705555555555555
S2324-G0464,1,CHA,25.0,25,0,111.0,0.9615384615384616,0.6879230769230769
S2324-G0464,1,SAC,21.0,24,0,104.0,0.84,0.608
S2324-G0464,2,CHA,20.0,19,0,111.0,1.0,0.711
S2324-G0464,2,SAC,29.0,25,0,104.0,1.1153846153846154,0.7732307692307692
S2324-G0464,3,CHA,30.0,25,0,111.0,1.1538461538461537,0.8033076923076922
S2324-G0464,3,SAC,28.0,29,0,104.0,0.9333333333333333,0.6639999999999999
S2324-G0464,4,CHA,36.0,24,0,111.0,1.44,0.975
S2324-G0464,4,SAC,26.0,25,0,104.0,1.0,0.704
S2324-G0465,1,CLE,34.0,25,0,140.0,1.3076923076923077,0.9246153846153846
S2324-G0465,1,WAS,31.0,24,0,101.0,1.24,0.845
S2324-G0465,2,CLE,33.0,22,0,140.0,1.434782608695652,1.0008695652173911
S2324-G0465,2,WAS,24.0,21,0,101.0,1.0909090909090908,0.7555454545454544
S2324-G0465,3,CLE,34.0,25,0,140.0,1.3076923076923077,0.9246153846153846
S2324-G0465,3,WAS,20.0,26,0,101.0,0.7407407407407407,0.5454444444444444
S2324-G0465,4,CLE,39.0,24,0,140.0,1.56,1.0759999999999998
S2324-G0465,4,WAS,26.0,26,0,101.0,0.9629629629629629,0.6787777777777777
S2324-G0466,1,IND,33.0,23,0,142.0,1.375,0.967
S2324-G0466,1,MIL,31.0,31,0,130.0,0.96875,0.7112499999999999
S2324-G0466,2,IND,33.0,27,0,142.0,1.1785714285714286,0.8491428571428572
S2324-G0466,2,MIL,37.0,22,0,130.0,1.608695652173913,1.095217391304348
S2324-G0466,3,IND,47.0,28,0,142.0,1.6206896551724137,1.1144137931034481
S2324-G0466,3,MIL,29.0,25,0,130.0,1.1153846153846154,0.7992307692307692
S2324-G0466,4,IND,29.0,25,0,142.0,1.1153846153846154,0.8112307692307692
S2324-G0466,4,MIL,33.0,23,0,130.0,1.375,0.955
S2324-G0467,1,ATL,39.0,21,0,141.0,1.7727272727272727,1.2046363636363635
S2324-G0467,1,OKC,25.0,21,0,138.0,1.1363636363636365,0.8198181818181819
S2324-G0467,2,ATL,37.0,26,0,141.0,1.3703703703703705,0.9632222222222223
S2324-G0467,2,OKC,34.0,30,0,138.0,1.096774193548387,0.7960645161290322
S2324-G0467,3,ATL,40.0,27,0,141.0,1.4285714285714286,0.9981428571428571
S2324-G0467,3,OKC,44.0,29,0,138.0,1.4666666666666666,1.0179999999999998
S2324-G0467,4,ATL,25.0,25,0,141.0,0.9615384615384616,0.7179230769230769
S2324-G0467,4,OKC,35.0,25,0,138.0,1.3461538461538463,0.9456923076923077
S2324-G0468,1,CHI,24.0,27,0,100.0,0.8571428571428571,0.6142857142857142
S2324-G0468,1,NYK,26.0,26,0,116.0,0.9629629629629629,0.6937777777777777
S2324-G0468,2,CHI,31.0,22,0,100.0,1.3478260869565217,0.908695652173913
S2324-G0468,2,NYK,25.0,20,0,116.0,1.1904761904761905,0.8302857142857143
S2324-G0468,3,CHI,23.0,24,0,100.0,0.92,0.652
S2324-G0468,3,NYK,35.0,22,0,116.0,1.5217391304347827,1.0290434782608697
S2324-G0468,4,CHI,22.0,21,0,100.0,1.0,0.7
S2324-G0468,4,NYK,30.0,19,0,116.0,1.5,1.016
S2324-G0469,1,BKN,22.0,23,0,101.0,0.9166666666666666,0.6509999999999999
S2324-G0469,1,HOU,26.0,19,0,112.0,1.3,0.892
S2324-G0469,2,BKN,28.0,28,0,101.0,0.9655172413793104,0.6803103448275862
S2324-G0469,2,HOU,23.0,24,0,112.0,0.92,0.664
S2324-G0469,3,BKN,25.0,20,0,101.0,1.1904761904761905,0.8152857142857143
S2324-G0469,3,HOU,38.0,20,0,112.0,1.8095238095238095,1.1977142857142857
S2324-G0469,4,BKN,26.0,17,0,101.0,1.4444444444444444,0.9676666666666666
S2324-G0469,4,HOU,25.0,18,0,112.0,1.3157894736842106,0.9014736842105263
S2324-G0470,1,MEM,29.0,28,0,111.0,1.0,0.711
S2324-G0470,1,TOR,30.0,26,0,116.0,1.1111111111111112,0.7826666666666666
S2324-G0470,2,MEM,19.0,21,0,111.0,0.8636363636363636,0.6291818181818182
S2324-G0470,2,TOR,32.0,20,0,116.0,1.5238095238095237,1.0302857142857142
S2324-G0470,3,MEM,28.0,25,0,111.0,1.0769230769230769,0.7571538461538461
S2324-G0470,3,TOR,31.0,25,0,116.0,1.1923076923076923,0.8313846153846154
S2324-G0470,4,MEM,35.0,18,0,111.0,1.8421052631578947,1.2162631578947367
S2324-G0470,4,TOR,23.0,18,0,116.0,1.2105263157894737,0.8423157894736841
S2324-G0471,1,MIN,24.0,21,0,106.0,1.0909090909090908,0.7605454545454544
S2324-G0471,1,NOP,27.0,20,0,117.0,1.2857142857142858,0.8884285714285715
S2324-G0471,2,MIN,22.0,21,0,106.0,1.0,0.706
S2324-G0471,2,NOP,32.0,22,0,117.0,1.391304347826087,0.9517826086956521
S2324-G0471,3,MIN,25.0,24,0,106.0,1.0,0.706
S2324-G0471,3,NOP,33.0,27,0,117.0,1.1785714285714286,0.8241428571428572
S2324-G0471,4,MIN,35.0,20,0,106.0,1.6666666666666667,1.106
S2324-G0471,4,NOP,25.0,23,0,117.0,1.0416666666666667,0.742
S2324-G0472,1,DAL,35.0,24,0,126.0,1.4,0.966
S2324-G0472,1,POR,25.0,24,0,97.0,1.0,0.697
S2324-G0472,2,DAL,43.0,27,0,126.0,1.5357142857142858,1.0474285714285716
S2324-G0472,2,POR,22.0,26,0,97.0,0.8148148148148148,0.5858888888888888
S2324-G0472,3,DAL,24.0,21,0,126.0,1.0909090909090908,0.7805454545454544
S2324-G0472,3,POR,27.0,23,0,97.0,1.125,0.7719999999999999
S2324-G0472,4,DAL,24.0,18,0,126.0,1.263157894736842,0.8838947368421052
S2324-G0472,4,POR,23.0,22,0,97.0,1.0,0.697
S2324-G0473,1,LAC,35.0,23,0,131.0,1.4583333333333333,1.0059999999999998
S2324-G0473,1,PHX,20.0,23,0,122.0,0.8333333333333334,0.622
S2324-G0473,2,LAC,35.0,27,0,131.0,1.25,0.881
S2324-G0473,2,PHX,31.0,29,0,122.0,1.0333333333333334,0.742
S2324-G0473,3,LAC,37.0,23,0,131.0,1.5416666666666667,1.056
S2324-G0473,3,PHX,40.0,26,0,122.0,1.4814814814814814,1.0108888888888887
S2324-G0473,4,LAC,24.0,21,0,131.0,1.0909090909090908,0.7855454545454544
S2324-G0473,4,PHX,31.0,19,0,122.0,1.55,1.052
S2324-G0474,1,DET,33.0,27,0,148.0,1.1785714285714286,0.8551428571428572
S2324-G0474,1,UTA,26.0,25,0,154.0,1.0,0.754
S2324-G0474,2,DET,35.0,25,0,148.0,1.3461538461538463,0.9556923076923077
S2324-G0474,2,UTA,40.0,33,0,154.0,1.1764705882352942,0.8598823529411765
S2324-G0474,3,DET,41.0,25,0,148.0,1.5769230769230769,1.094153846153846
S2324-G0474,3,UTA,38.0,27,0,154.0,1.3571428571428572,0.9682857142857143
S2324-G0474,4,DET,29.0,23,0,148.0,1.2083333333333333,0.873
S2324-G0474,4,UTA,34.0,24,0,154.0,1.36,0.9700000000000001
S2324-G0474,5,DET,10.0,6,0,148.0,1.4285714285714286,1.0051428571428571
S2324-G0474,5,UTA,16.0,7,0,154.0,2.0,1.354
S2324-G0475,1,LAL,18.0,23,0,96.0,0.75,0.5459999999999999
S2324-G0475,1,MIA,25.0,24,0,110.0,1.0,0.71
S2324-G0475,2,LAL,27.0,21,0,96.0,1.2272727272727273,0.8323636363636363
S2324-G0475,2,MIA,28.0,26,0,110.0,1.037037037037037,0.7322222222222221
S2324-G0475,3,LAL,22.0,19,0,96.0,1.1,0.756
S2324-G0475,3,MIA,19.0,20,0,110.0,0.9047619047619048,0.6528571428571428
S2324-G0475,4,LAL,29.0,23,0,96.0,1.2083333333333333,0.821
S2324-G0475,4,MIA,38.0,20,0,110.0,1.8095238095238095,1.1957142857142857
S2324-G0476,1,ORL,30.0,25,0,135.0,1.1538461538461537,0.8273076923076922
S2324-G0476,1,SAC,27.0,25,0,138.0,1.0384615384615385,0.7610769230769231
S2324-G0476,2,ORL,25.0,24,0,135.0,1.0,0.735
S2324-G0476,2,SAC,40.0,27,0,138.0,1.4285714285714286,0.9951428571428571
S2324-G0476,3,ORL,34.0,29,0,135.0,1.1333333333333333,0.815
S2324-G0476,3,SAC,24.0,23,0,138.0,1.0,0.738
S2324-G0476,4,ORL,29.0,25,0,135.0,1.1153846153846154,0.8042307692307692
S2324-G0476,4,SAC,27.0,22,0,138.0,1.173913043478261,0.8423478260869566
S2324-G0476,5,ORL,9.0,10,0,135.0,0.8181818181818182,0.625909090909091
S2324-G0476,5,SAC,9.0,9,0,138.0,0.9,0.678
S2324-G0476,6,ORL,8.0,6,0,135.0,1.1428571428571428,0.8207142857142856
S2324-G0476,6,SAC,11.0,9,0,138.0,1.1,0.798
S2324-G0477,1,MIL,38.0,25,0,125.0,1.4615384615384615,1.001923076923077
S2324-G0477,1,SAS,31.0,27,0,121.0,1.1071428571428572,0.7852857142857143
S2324-G0477,2,MIL,26.0,27,0,125.0,0.9285714285714286,0.6821428571428572
S2324-G0477,2,SAS,28.0,26,0,121.0,1.037037037037037,0.7432222222222221
S2324-G0477,3,MIL,29.0,24,0,125.0,1.16,0.821
S2324-G0477,3,SAS,34.0,23,0,121.0,1.4166666666666667,0.971
S2324-G0477,4,MIL,32.0,19,0,125.0,1.6,1.085
S2324-G0477,4,SAS,28.0,24,0,121.0,1.12,0.793
S2324-G0478,1,DEN,34.0,26,0,130.0,1.2592592592592593,0.8855555555555555
S2324-G0478,1,GSW,33.0,28,0,127.0,1.1379310344827587,0.8097586206896552
S2324-G0478,2,DEN,36.0,22,0,130.0,1.565217391304348,1.0691304347826087
S2324-G0478,2,GSW,30.0,26,0,127.0,1.1111111111111112,0.7936666666666666
S2324-G0478,3,DEN,24.0,23,0,130.0,1.0,0.73
S2324-G0478,3,GSW,44.0,22,0,127.0,1.9130434782608696,1.2748260869565218
S2324-G0478,4,DEN,36.0,17,0,130.0,2.0,1.33
S2324-G0478,4,GSW,20.0,18,0,127.0,1.0526315789473684,0.758578947368421
S2324-G0479,1,BOS,30.0,19,0,126.0,1.5,1.0259999999999998
S2324-G0479,1,UTA,15.0,18,0,97.0,0.7894736842105263,0.5706842105263158
S2324-G0479,2,BOS,41.0,26,0,126.0,1.5185185185185186,1.037111111111111
S2324-G0479,2,UTA,25.0,26,0,97.0,0.9259259259259259,0.6525555555555556
S2324-G0479,3,BOS,36.0,24,0,126.0,1.44,0.99
S2324-G0479,3,UTA,35.0,26,0,97.0,1.2962962962962963,0.8747777777777778
S2324-G0479,4,BOS,19.0,23,0,126.0,0.7916666666666666,0.601
S2324-G0479,4,UTA,22.0,22,0,97.0,0.9565217391304348,0.6709130434782609
S2324-G0480,1,ATL,24.0,25,0,116.0,0.9230769230769231,0.6698461538461539
S2324-G0480,1,IND,38.0,25,0,150.0,1.4615384615384615,1.0269230769230768
S2324-G0480,2,ATL,30.0,26,0,116.0,1.1111111111111112,0.7826666666666666
S2324-G0480,2,IND,40.0,30,0,150.0,1.2903225806451613,0.9241935483870968
S2324-G0480,3,ATL,29.0,26,0,116.0,1.0740740740740742,0.7604444444444445
S2324-G0480,3,IND,39.0,29,0,150.0,1.3,0.93
S2324-G0480,4,ATL,33.0,26,0,116.0,1.2222222222222223,0.8493333333333334
S2324-G0480,4,IND,33.0,26,0,150.0,1.2222222222222223,0.8833333333333334
S2324-G0481,1,BKN,39.0,28,0,124.0,1.3448275862068966,0.9308965517241379
S2324-G0481,1,OKC,21.0,24,0,115.0,0.84,0.619
S2324-G0481,2,BKN,36.0,27,0,124.0,1.2857142857142858,0.8954285714285715
S2324-G0481,2,OKC,26.0,20,0,115.0,1.2380952380952381,0.8578571428571429
S2324-G0481,3,BKN,26.0,24,0,124.0,1.04,0.748
S2324-G0481,3,OKC,32.0,24,0,115.0,1.28,0.883
S2324-G0481,4,BKN,23.0,23,0,124.0,0.9583333333333334,0.699
S2324-G0481,4,OKC,36.0,22,0,115.0,1.565217391304348,1.0541304347826088
S2324-G0482,1,CLE,36.0,27,0,114.0,1.2857142857142858,0.8854285714285715
S2324-G0482,1,WAS,26.0,21,0,90.0,1.1818181818181819,0.7990909090909091
S2324-G0482,2,CLE,16.0,21,0,114.0,0.7272727272727273,0.5503636363636364
S2324-G0482,2,WAS,14.0,19,0,90.0,0.7,0.51
S2324-G0482,3,CLE,32.0,26,0,114.0,1.1851851851851851,0.825111111111111
S2324-G0482,3,WAS,19.0,26,0,90.0,0.7037037037037037,0.5122222222222222
S2324-G0482,4,CLE,30.0,25,0,114.0,1.1538461538461537,0.8063076923076922
S2324-G0482,4,WAS,31.0,27,0,90.0,1.1071428571428572,0.7542857142857142
S2324-G0483,1,NYK,34.0,20,0,128.0,1.619047619047619,1.0994285714285714
S2324-G0483,1,PHI,30.0,22,0,92.0,1.3043478260869565,0.8746086956521739
S2324-G0483,2,NYK,41.0,24,0,128.0,1.64,1.1119999999999999
S2324-G0483,2,PHI,25.0,21,0,92.0,1.1363636363636365,0.7738181818181818
S2324-G0483,3,NYK,18.0,24,0,128.0,0.72,0.56
S2324-G0483,3,PHI,21.0,20,0,92.0,1.0,0.692
S2324-G0483,4,NYK,35.0,23,0,128.0,1.4583333333333333,1.003
S2324-G0483,4,PHI,16.0,20,0,92.0,0.7619047619047619,0.549142857142857
S2324-G0484,1,CHA,22.0,22,0,91.0,0.9565217391304348,0.6649130434782609
S2324-G0484,1,CHI,23.0,25,0,104.0,0.8846153846153846,0.6347692307692308
S2324-G0484,2,CHA,19.0,20,0,91.0,0.9047619047619048,0.6338571428571428
S2324-G0484,2,CHI,24.0,19,0,104.0,1.2,0.824
S2324-G0484,3,CHA,28.0,20,0,91.0,1.3333333333333333,0.8909999999999999
S2324-G0484,3,CHI,27.0,21,0,104.0,1.2272727272727273,0.8403636363636363
S2324-G0484,4,CHA,22.0,23,0,91.0,0.9166666666666666,0.6409999999999999
S2324-G0484,4,CHI,30.0,23,0,104.0,1.25,0.854
S2324-G0485,1,HOU,24.0,21,0,95.0,1.0909090909090908,0.7495454545454544
S2324-G0485,1,MIN,32.0,25,0,122.0,1.2307692307692308,0.8604615384615385
S2324-G0485,2,HOU,22.0,21,0,95.0,1.0,0.695
S2324-G0485,2,MIN,24.0,25,0,122.0,0.9230769230769231,0.6758461538461539
S2324-G0485,3,HOU,26.0,21,0,95.0,1.1818181818181819,0.8040909090909091
S2324-G0485,3,MIN,28.0,23,0,122.0,1.1666666666666667,0.8220000000000001
S2324-G0485,4,HOU,23.0,25,0,95.0,0.8846153846153846,0.6257692307692307
S2324-G0485,4,MIN,38.0,24,0,122.0,1.52,1.0339999999999998
S2324-G0486,1,LAC,26.0,21,0,111.0,1.1818181818181819,0.8200909090909091
S2324-G0486,1,NOP,26.0,19,0,95.0,1.3,0.875
S2324-G0486,2,LAC,30.0,19,0,111.0,1.5,1.011
S2324-G0486,2,NOP,15.0,18,0,95.0,0.7894736842105263,0.5686842105263158
S2324-G0486,3,LAC,36.0,19,0,111.0,1.8,1.191
S2324-G0486,3,NOP,27.0,23,0,95.0,1.125,0.7699999999999999
S2324-G0486,4,LAC,19.0,22,0,111.0,0.8260869565217391,0.6066521739130435
S2324-G0486,4,NOP,27.0,25,0,95.0,1.0384615384615385,0.7180769230769231
S2324-G0487,1,DAL,38.0,26,0,139.0,1.4074074074074074,0.9834444444444445
S2324-G0487,1,POR,26.0,27,0,103.0,0.9285714285714286,0.6601428571428571
S2324-G0487,2,DAL,24.0,27,0,139.0,0.8571428571428571,0.6532857142857142
S2324-G0487,2,POR,27.0,28,0,103.0,0.9310344827586207,0.6616206896551724
S2324-G0487,3,DAL,40.0,29,0,139.0,1.3333333333333333,0.939
S2324-G0487,3,POR,16.0,25,0,103.0,0.6153846153846154,0.47223076923076923
S2324-G0487,4,DAL,37.0,28,0,139.0,1.2758620689655173,0.9045172413793104
S2324-G0487,4,POR,34.0,31,0,103.0,1.0625,0.7404999999999999
S2324-G0488,1,DEN,37.0,27,0,120.0,1.3214285714285714,0.9128571428571428
S2324-G0488,1,ORL,28.0,26,0,122.0,1.037037037037037,0.7442222222222221
S2324-G0488,2,DEN,30.0,27,0,120.0,1.0714285714285714,0.7628571428571428
S2324-G0488,2,ORL,26.0,24,0,122.0,1.04,0.746
S2324-G0488,3,DEN,31.0,28,0,120.0,1.0689655172413792,0.7613793103448275
S2324-G0488,3,ORL,41.0,26,0,122.0,1.5185185185185186,1.033111111111111
S2324-G0488,4,DEN,22.0,19,0,120.0,1.1,0.78
S2324-G0488,4,ORL,27.0,19,0,122.0,1.35,0.932
S2324-G0489,1,MIA,29.0,22,0,97.0,1.2608695652173914,0.8535217391304347
S2324-G0489,1,PHX,33.0,24,0,113.0,1.32,0.905
S2324-G0489,2,MIA,26.0,19,0,97.0,1.3,0.877
S2324-G0489,2,PHX,29.0,23,0,113.0,1.2083333333333333,0.838
S2324-G0489,3,MIA,20.0,23,0,97.0,0.8333333333333334,0.597
S2324-G0489,3,PHX,32.0,22,0,113.0,1.391304347826087,0.9477826086956521
S2324-G0489,4,MIA,22.0,22,0,97.0,0.9565217391304348,0.6709130434782609
S2324-G0489,4,PHX,19.0,20,0,113.0,0.9047619047619048,0.6558571428571428
S2324-G0490,1,DET,20.0,23,0,109.0,0.8333333333333334,0.609
S2324-G0490,1,GSW,22.0,21,0,113.0,1.0,0.713
S2324-G0490,2,DET,26.0,31,0,109.0,0.8125,0.5965
S2324-G0490,2,GSW,28.0,26,0,113.0,1.037037037037037,0.7352222222222221
S2324-G0490,3,DET,29.0,23,0,109.0,1.2083333333333333,0.834
S2324-G0490,3,GSW,29.0,20,0,113.0,1.380952380952381,0.9415714285714285
S2324-G0490,4,DET,34.0,22,0,109.0,1.4782608695652173,0.9959565217391303
S2324-G0490,4,GSW,34.0,27,0,113.0,1.2142857142857142,0.8415714285714285
S2324-G0491,1,LAL,38.0,27,0,113.0,1.3571428571428572,0.9272857142857143
S2324-G0491,1,MEM,29.0,24,0,127.0,1.16,0.823
S2324-G0491,2,LAL,21.0,28,0,113.0,0.7241379310344828,0.5474827586206896
S2324-G0491,2,MEM,29.0,24,0,127.0,1.16,0.823
S2324-G0491,3,LAL,35.0,23,0,113.0,1.4583333333333333,0.9879999999999999
S2324-G0491,3,MEM,36.0,27,0,127.0,1.2857142857142858,0.8984285714285715
S2324-G0491,4,LAL,19.0,21,0,113.0,0.8636363636363636,0.6311818181818182
S2324-G0491,4,MEM,33.0,21,0,127.0,1.5,1.027
S2324-G0492,1,SAC,36.0,28,0,135.0,1.2413793103448276,0.8798275862068966
S2324-G0492,1,TOR,27.0,24,0,130.0,1.08,0.778
S2324-G0492,2,SAC,41.0,27,0,135.0,1.4642857142857142,1.0135714285714283
S2324-G0492,2,TOR,30.0,26,0,130.0,1.1111111111111112,0.7966666666666666
S2324-G0492,3,SAC,30.0,30,0,135.0,0.967741935483871,0.7156451612903226
S2324-G0492,3,TOR,40.0,29,0,130.0,1.3333333333333333,0.9299999999999999
S2324-G0492,4,SAC,28.0,22,0,135.0,1.2173913043478262,0.8654347826086957
S2324-G0492,4,TOR,33.0,24,0,130.0,1.32,0.922
S2324-G0493,1,BOS,29.0,23,0,118.0,1.2083333333333333,0.843
S2324-G0493,1,IND,17.0,23,0,101.0,0.7083333333333334,0.526
S2324-G0493,2,BOS,29.0,27,0,118.0,1.0357142857142858,0.7394285714285714
S2324-G0493,2,IND,32.0,29,0,101.0,1.0666666666666667,0.741
S2324-G0493,3,BOS,26.0,19,0,118.0,1.3,0.898
S2324-G0493,3,IND,32.0,19,0,101.0,1.6,1.061
S2324-G0493,4,BOS,34.0,21,0,118.0,1.5454545454545454,1.0452727272727271
S2324-G0493,4,IND,20.0,25,0,101.0,0.7692307692307693,0.5625384615384615
S2324-G0494,1,NYK,34.0,27,0,121.0,1.2142857142857142,0.8495714285714285
S2324-G0494,1,WAS,19.0,23,0,105.0,0.7916666666666666,0.58
S2324-G0494,2,NYK,29.0,25,0,121.0,1.1153846153846154,0.7902307692307692
S2324-G0494,2,WAS,24.0,27,0,105.0,0.8571428571428571,0.6192857142857142
S2324-G0494,3,NYK,28.0,22,0,121.0,1.2173913043478262,0.8514347826086957
S2324-G0494,3,WAS,32.0,25,0,105.0,1.2307692307692308,0.8434615384615385
S2324-G0494,4,NYK,30.0,23,0,121.0,1.25,0.871
S2324-G0494,4,WAS,30.0,23,0,105.0,1.25,0.855
S2324-G0495,1,PHI,28.0,27,0,109.0,1.0,0.709
S2324-G0495,1,UTA,32.0,23,0,120.0,1.3333333333333333,0.9199999999999999
S2324-G0495,2,PHI,29.0,25,0,109.0,1.1153846153846154,0.7782307692307692
S2324-G0495,2,UTA,26.0,25,0,120.0,1.0,0.72
S2324-G0495,3,PHI,22.0,25,0,109.0,0.8461538461538461,0.6166923076923077
S2324-G0495,3,UTA,29.0,20,0,120.0,1.380952380952381,0.9485714285714285
S2324-G0495,4,PHI,30.0,23,0,109.0,1.25,0.859
S2324-G0495,4,UTA,33.0,24,0,120.0,1.32,0.912
S2324-G0496,1,HOU,29.0,19,0,112.0,1.45,0.982
S2324-G0496,1,MIL,18.0,16,0,108.0,1.0588235294117647,0.7432941176470588
S2324-G0496,2,HOU,34.0,20,0,112.0,1.619047619047619,1.0834285714285714
S2324-G0496,2,MIL,25.0,21,0,108.0,1.1363636363636365,0.7898181818181819
S2324-G0496,3,HOU,26.0,20,0,112.0,1.2380952380952381,0.8548571428571429
S2324-G0496,3,MIL,30.0,24,0,108.0,1.2,0.828
S2324-G0496,4,HOU,23.0,19,0,112.0,1.15,0.8019999999999999
S2324-G0496,4,MIL,35.0,20,0,108.0,1.6666666666666667,1.108
S2324-G0497,1,CLE,28.0,25,0,117.0,1.0769230769230769,0.7631538461538461
S2324-G0497,1,SAS,32.0,22,0,115.0,1.391304347826087,0.9497826086956521
S2324-G0497,2,CLE,34.0,23,0,117.0,1.4166666666666667,0.967
S2324-G0497,2,SAS,24.0,23,0,115.0,1.0,0.715
S2324-G0497,3,CLE,26.0,22,0,117.0,1.1304347826086956,0.7952608695652174
S2324-G0497,3,SAS,28.0,22,0,115.0,1.2173913043478262,0.8454347826086956
S2324-G0497,4,CLE,29.0,26,0,117.0,1.0740740740740742,0.7614444444444445
S2324-G0497,4,SAS,31.0,28,0,115.0,1.0689655172413792,0.7563793103448275
S2324-G0498,1,BKN,30.0,23,0,127.0,1.25,0.877
S2324-G0498,1,POR,26.0,21,0,134.0,1.1818181818181819,0.8430909090909091
S2324-G0498,2,BKN,22.0,22,0,127.0,0.9565217391304348,0.7009130434782609
S2324-G0498,2,POR,24.0,20,0,134.0,1.1428571428571428,0.8197142857142856
S2324-G0498,3,BKN,41.0,22,0,127.0,1.7826086956521738,1.1965652173913042
S2324-G0498,3,POR,35.0,21,0,134.0,1.5909090909090908,1.0885454545454545
S2324-G0498,4,BKN,22.0,26,0,127.0,0.8148148148148148,0.6158888888888888
S2324-G0498,4,POR,30.0,19,0,134.0,1.5,1.0339999999999998
S2324-G0498,5,BKN,12.0,12,0,127.0,0.9230769230769231,0.6808461538461539
S2324-G0498,5,POR,19.0,9,0,134.0,1.9,1.274
S2324-G0499,1,ATL,28.0,26,0,110.0,1.037037037037037,0.7322222222222221
S2324-G0499,1,ORL,32.0,26,0,117.0,1.1851851851851851,0.828111111111111
S2324-G0499,2,ATL,32.0,23,0,110.0,1.3333333333333333,0.9099999999999999
S2324-G0499,2,ORL,19.0,23,0,117.0,0.7916666666666666,0.592
S2324-G0499,3,ATL,18.0,24,0,110.0,0.72,0.542
S2324-G0499,3,ORL,34.0,24,0,117.0,1.36,0.933
S2324-G0499,4,ATL,27.0,17,0,110.0,1.5,1.01
S2324-G0499,4,ORL,20.0,15,0,117.0,1.25,0.867
S2324-G0499,5,ATL,5.0,7,0,110.0,0.625,0.485
S2324-G0499,5,ORL,12.0,10,0,117.0,1.0909090909090908,0.7715454545454544
S2324-G0500,1,NOP,33.0,23,0,133.0,1.375,0.958
S2324-G0500,1,SAC,21.0,21,0,100.0,0.9545454545454546,0.6727272727272727
S2324-G0500,2,NOP,39.0,23,0,133.0,1.625,1.108
S2324-G0500,2,SAC,26.0,24,0,100.0,1.04,0.724
S2324-G0500,3,NOP,31.0,22,0,133.0,1.3478260869565217,0.941695652173913
S2324-G0500,3,SAC,14.0,21,0,100.0,0.6363636363636364,0.4818181818181818
S2324-G0500,4,NOP,30.0,27,0,133.0,1.0714285714285714,0.7758571428571428
S2324-G0500,4,SAC,39.0,27,0,100.0,1.3928571428571428,0.9357142857142856
S2324-G0501,1,DAL,30.0,22,0,115.0,1.3043478260869565,0.8976086956521739
S2324-G0501,1,MIN,29.0,21,0,108.0,1.3181818181818181,0.8989090909090909
S2324-G0501,2,DAL,30.0,21,0,115.0,1.3636363636363635,0.9331818181818181
S2324-G0501,2,MIN,27.0,23,0,108.0,1.125,0.7829999999999999
S2324-G0501,3,DAL,31.0,25,0,115.0,1.1923076923076923,0.8303846153846154
S2324-G0501,3,MIN,26.0,24,0,108.0,1.04,0.732
S2324-G0501,4,DAL,24.0,21,0,115.0,1.0909090909090908,0.7695454545454544
S2324-G0501,4,MIN,26.0,23,0,108.0,1.0833333333333333,0.7579999999999999
S2324-G0502,1,DEN,31.0,20,0,131.0,1.4761904761904763,1.016714285714286
S2324-G0502,1,DET,29.0,19,0,114.0,1.45,0.984
S2324-G0502,2,DEN,34.0,23,0,131.0,1.4166666666666667,0.981
S2324-G0502,2,DET,28.0,25,0,114.0,1.0769230769230769,0.7601538461538461
S2324-G0502,3,DEN,43.0,29,0,131.0,1.4333333333333333,0.991
S2324-G0502,3,DET,28.0,30,0,114.0,0.9032258064516129,0.6559354838709677
S2324-G0502,4,DEN,23.0,21,0,131.0,1.0454545454545454,0.7582727272727272
S2324-G0502,4,DET,29.0,21,0,114.0,1.3181818181818181,0.9049090909090909
S2324-G0503,1,MEM,26.0,30,0,121.0,0.8387096774193549,0.6242258064516129
S2324-G0503,1,PHX,32.0,29,0,115.0,1.0666666666666667,0.755
S2324-G0503,2,MEM,32.0,24,0,121.0,1.28,0.889
S2324-G0503,2,PHX,31.0,25,0,115.0,1.1923076923076923,0.8303846153846154
S2324-G0503,3,MEM,28.0,26,0,121.0,1.037037037037037,0.7432222222222221
S2324-G0503,3,PHX,34.0,24,0,115.0,1.36,0.931
S2324-G0503,4,MEM,35.0,22,0,121.0,1.5217391304347827,1.0340434782608696
S2324-G0503,4,PHX,18.0,23,0,115.0,0.75,0.565
S2324-G0504,1,GSW,28.0,25,0,118.0,1.0769230769230769,0.7641538461538461
S2324-G0504,1,TOR,36.0,26,0,133.0,1.3333333333333333,0.9329999999999999
S2324-G0504,2,GSW,21.0,23,0,118.0,0.875,0.643
S2324-G0504,2,TOR,40.0,20,0,133.0,1.9047619047619047,1.2758571428571428
S2324-G0504,3,GSW,38.0,21,0,118.0,1.7272727272727273,1.1543636363636365
S2324-G0504,3,TOR,25.0,26,0,133.0,0.9259259259259259,0.6885555555555556
S2324-G0504,4,GSW,31.0,25,0,118.0,1.1923076923076923,0.8333846153846154
S2324-G0504,4,TOR,32.0,25,0,133.0,1.2307692307692308,0.8714615384615385
S2324-G0505,1,LAC,24.0,19,0,103.0,1.2,0.823
S2324-G0505,1,LAL,19.0,20,0,106.0,0.9047619047619048,0.6488571428571428
S2324-G0505,2,LAC,29.0,25,0,103.0,1.1153846153846154,0.7722307692307692
S2324-G0505,2,LAL,30.0,23,0,106.0,1.25,0.856
S2324-G0505,3,LAC,24.0,27,0,103.0,0.8571428571428571,0.6172857142857142
S2324-G0505,3,LAL,32.0,27,0,106.0,1.1428571428571428,0.7917142857142856
S2324-G0505,4,LAC,26.0,25,0,103.0,1.0,0.703
S2324-G0505,4,LAL,25.0,26,0,106.0,0.9259259259259259,0.6615555555555556
S2324-G0506,1,CHA,25.0,24,0,112.0,1.0,0.712
S2324-G0506,1,CHI,24.0,25,0,119.0,0.9230769230769231,0.6728461538461539
S2324-G0506,2,CHA,18.0,19,0,112.0,0.9,0.652
S2324-G0506,2,CHI,27.0,16,0,119.0,1.588235294117647,1.0719411764705882
S2324-G0506,3,CHA,33.0,24,0,112.0,1.32,0.904
S2324-G0506,3,CHI,32.0,25,0,119.0,1.2307692307692308,0.8574615384615385
S2324-G0506,4,CHA,31.0,19,0,112.0,1.55,1.042
S2324-G0506,4,CHI,24.0,20,0,119.0,1.1428571428571428,0.8047142857142856
S2324-G0506,5,CHA,5.0,10,0,112.0,0.45454545454545453,0.3847272727272727
S2324-G0506,5,CHI,12.0,9,0,119.0,1.2,0.839
S2324-G0507,1,BOS,34.0,24,0,131.0,1.36,0.9470000000000001
S2324-G0507,1,IND,33.0,23,0,133.0,1.375,0.958
S2324-G0507,2,BOS,34.0,27,0,131.0,1.2142857142857142,0.8595714285714285
S2324-G0507,2,IND,26.0,26,0,133.0,0.9629629629629629,0.7107777777777777
S2324-G0507,3,BOS,33.0,29,0,131.0,1.1,0.791
S2324-G0507,3,IND,44.0,26,0,133.0,1.6296296296296295,1.1107777777777776
S2324-G0507,4,BOS,30.0,22,0,131.0,1.3043478260869565,0.913608695652174
S2324-G0507,4,IND,30.0,20,0,133.0,1.4285714285714286,0.9901428571428571
S2324-G0508,1,OKC,36.0,23,0,136.0,1.5,1.036
S2324-G0508,1,WAS,30.0,26,0,128.0,1.1111111111111112,0.7946666666666666
S2324-G0508,2,OKC,31.0,27,0,136.0,1.1071428571428572,0.8002857142857143
S2324-G0508,2,WAS,31.0,27,0,128.0,1.1071428571428572,0.7922857142857143
S2324-G0508,3,OKC,35.0,25,0,136.0,1.3461538461538463,0.9436923076923077
S2324-G0508,3,WAS,36.0,27,0,128.0,1.2857142857142858,0.8994285714285715
S2324-G0508,4,OKC,34.0,25,0,136.0,1.3076923076923077,0.9206153846153846
S2324-G0508,4,WAS,31.0,24,0,128.0,1.24,0.872
S2324-G0509,1,HOU,27.0,23,0,113.0,1.125,0.7879999999999999
S2324-G0509,1,MIA,34.0,23,0,120.0,1.4166666666666667,0.97
S2324-G0509,2,HOU,32.0,22,0,113.0,1.391304347826087,0.9477826086956521
S2324-G0509,2,MIA,25.0,19,0,120.0,1.25,0.87
S2324-G0509,3,HOU,23.0,23,0,113.0,0.9583333333333334,0.688
S2324-G0509,3,MIA,32.0,23,0,120.0,1.3333333333333333,0.9199999999999999
S2324-G0509,4,HOU,31.0,22,0,113.0,1.3478260869565217,0.921695652173913
S2324-G0509,4,MIA,29.0,20,0,120.0,1.380952380952381,0.9485714285714285
S2324-G0510,1,MIL,23.0,25,0,116.0,0.8846153846153846,0.6467692307692308
S2324-G0510,1,UTA,41.0,23,0,132.0,1.7083333333333333,1.157
S2324-G0510,2,MIL,23.0,21,0,116.0,1.0454545454545454,0.7432727272727272
S2324-G0510,2,UTA,36.0,22,0,132.0,1.565217391304348,1.0711304347826087
S2324-G0510,3,MIL,44.0,25,0,116.0,1.6923076923076923,1.1313846153846154
S2324-G0510,3,UTA,23.0,25,0,132.0,0.8846153846153846,0.6627692307692308
S2324-G0510,4,MIL,26.0,23,0,116.0,1.0833333333333333,0.7659999999999999
S2324-G0510,4,UTA,32.0,22,0,132.0,1.391304347826087,0.9667826086956521
S2324-G0511,1,LAC,34.0,25,0,138.0,1.3076923076923077,0.9226153846153846
S2324-G0511,1,PHX,31.0,26,0,111.0,1.1481481481481481,0.7998888888888889
S2324-G0511,2,LAC,37.0,25,0,138.0,1.4230769230769231,0.9918461538461538
S2324-G0511,2,PHX,32.0,22,0,111.0,1.391304347826087,0.9457826086956521
S2324-G0511,3,LAC,30.0,26,0,138.0,1.1111111111111112,0.8046666666666666
S2324-G0511,3,PHX,28.0,23,0,111.0,1.1666666666666667,0.811
S2324-G0511,4,LAC,37.0,28,0,138.0,1.2758620689655173,0.9035172413793104
S2324-G0511,4,PHX,20.0,22,0,111.0,0.8695652173913043,0.6327391304347826
S2324-G0512,1,DET,47.0,31,0,110.0,1.46875,0.99125
S2324-G0512,1,SAC,29.0,28,0,131.0,1.0,0.731
S2324-G0512,2,DET,18.0,28,0,110.0,0.6206896551724138,0.48241379310344834
S2324-G0512,2,SAC,39.0,31,0,131.0,1.21875,0.86225
S2324-G0512,3,DET,30.0,27,0,110.0,1.0714285714285714,0.7528571428571428
S2324-G0512,3,SAC,30.0,26,0,131.0,1.1111111111111112,0.7976666666666666
S2324-G0512,4,DET,15.0,24,0,110.0,0.6,0.47
S2324-G0512,4,SAC,33.0,22,0,131.0,1.434782608695652,0.9918695652173912
S2324-G0513,1,MIN,33.0,21,0,113.0,1.5,1.013
S2324-G0513,1,ORL,16.0,22,0,92.0,0.6956521739130435,0.5093913043478261
S2324-G0513,2,MIN,34.0,26,0,113.0,1.2592592592592593,0.8685555555555555
S2324-G0513,2,ORL,21.0,28,0,92.0,0.7241379310344828,0.5264827586206896
S2324-G0513,3,MIN,23.0,21,0,113.0,1.0454545454545454,0.7402727272727272
S2324-G0513,3,ORL,29.0,24,0,92.0,1.16,0.7879999999999999
S2324-G0513,4,MIN,23.0,22,0,113.0,1.0,0.713
S2324-G0513,4,ORL,26.0,23,0,92.0,1.0833333333333333,0.7419999999999999
S2324-G0514,1,NYK,38.0,27,0,112.0,1.3571428571428572,0.9262857142857143
S2324-G0514,1,POR,22.0,22,0,84.0,0.9565217391304348,0.6579130434782609
S2324-G0514,2,NYK,25.0,18,0,112.0,1.3157894736842106,0.9014736842105263
S2324-G0514,2,POR,19.0,19,0,84.0,0.95,0.6539999999999999
S2324-G0514,3,NYK,34.0,26,0,112.0,1.2592592592592593,0.8675555555555555
S2324-G0514,3,POR,20.0,21,0,84.0,0.9090909090909091,0.6294545454545454
S2324-G0514,4,NYK,15.0,23,0,112.0,0.625,0.487
S2324-G0514,4,POR,23.0,24,0,84.0,0.92,0.636
S2324-G0515,1,DAL,22.0,21,0,103.0,1.0,0.703
S2324-G0515,1,MEM,29.0,24,0,120.0,1.16,0.816
S2324-G0515,2,DAL,31.0,24,0,103.0,1.24,0.847
S2324-G0515,2,MEM,39.0,29,0,120.0,1.3,0.9
S2324-G0515,3,DAL,30.0,23,0,103.0,1.25,0.853
S2324-G0515,3,MEM,35.0,21,0,120.0,1.5909090909090908,1.0745454545454545
S2324-G0515,4,DAL,20.0,23,0,103.0,0.8333333333333334,0.603
S2324-G0515,4,MEM,17.0,22,0,120.0,0.7391304347826086,0.5634782608695652
S2324-G0516,1,LAL,28.0,22,0,132.0,1.2173913043478262,0.8624347826086957
S2324-G0516,1,TOR,24.0,20,0,131.0,1.1428571428571428,0.8167142857142856
S2324-G0516,2,LAL,23.0,22,0,132.0,1.0,0.732
S2324-G0516,2,TOR,29.0,24,0,131.0,1.16,0.827
S2324-G0516,3,LAL,37.0,31,0,132.0,1.15625,0.82575
S2324-G0516,3,TOR,36.0,33,0,131.0,1.0588235294117647,0.7662941176470588
S2324-G0516,4,LAL,44.0,24,0,132.0,1.76,1.1880000000000002
S2324-G0516,4,TOR,42.0,28,0,131.0,1.4482758620689655,0.9999655172413793
S2324-G0517,1,BOS,32.0,20,0,127.0,1.5238095238095237,1.0412857142857141
S2324-G0517,1,MIN,27.0,21,0,120.0,1.2272727272727273,0.8563636363636363
S2324-G0517,2,BOS,22.0,18,0,127.0,1.1578947368421053,0.8217368421052632
S2324-G0517,2,MIN,26.0,19,0,120.0,1.3,0.9
S2324-G0517,3,BOS,25.0,17,0,127.0,1.3888888888888888,0.9603333333333333
S2324-G0517,3,MIN,32.0,15,0,120.0,2.0,1.3199999999999998
S2324-G0517,4,BOS,32.0,18,0,127.0,1.6842105263157894,1.1375263157894735
S2324-G0517,4,MIN,26.0,20,0,120.0,1.2380952380952381,0.8628571428571429
S2324-G0517,5,BOS,16.0,10,0,127.0,1.4545454545454546,0.9997272727272727
S2324-G0517,5,MIN,9.0,8,0,120.0,1.0,0.72
S2324-G0518,1,CHA,28.0,25,0,98.0,1.0769230769230769,0.744153846153846
S2324-G0518,1,SAC,33.0,23,0,123.0,1.375,0.948
S2324-G0518,2,CHA,31.0,25,0,98.0,1.1923076923076923,0.8133846153846154
S2324-G0518,2,SAC,38.0,24,0,123.0,1.52,1.035
S2324-G0518,3,CHA,21.0,18,0,98.0,1.105263157894737,0.7611578947368421
S2324-G0518,3,SAC,24.0,18,0,123.0,1.263157894736842,0.8808947368421052
S2324-G0518,4,CHA,18.0,18,0,98.0,0.9473684210526315,0.6664210526315789
S2324-G0518,4,SAC,28.0,17,0,123.0,1.5555555555555556,1.0563333333333333
S2324-G0519,1,DET,19.0,26,0,108.0,0.7037037037037037,0.5302222222222223
S2324-G0519,1,SAS,31.0,20,0,130.0,1.4761904761904763,1.0157142857142858
S2324-G0519,2,DET,32.0,24,0,108.0,1.28,0.876
S2324-G0519,2,SAS,32.0,22,0,130.0,1.391304347826087,0.9647826086956521
S2324-G0519,3,DET,26.0,25,0,108.0,1.0,0.708
S2324-G0519,3,SAS,32.0,29,0,130.0,1.0666666666666667,0.77
S2324-G0519,4,DET,31.0,21,0,108.0,1.4090909090909092,0.9534545454545454
S2324-G0519,4,SAS,35.0,22,0,130.0,1.5217391304347827,1.0430434782608695
S2324-G0520,1,IND,23.0,25,0,112.0,0.8846153846153846,0.6427692307692308
S2324-G0520,1,WAS,21.0,25,0,104.0,0.8076923076923077,0.5886153846153847
S2324-G0520,2,IND,31.0,26,0,112.0,1.1481481481481481,0.8008888888888889
S2324-G0520,2,WAS,34.0,26,0,104.0,1.2592592592592593,0.8595555555555555
S2324-G0520,3,IND,35.0,24,0,112.0,1.4,0.952
S2324-G0520,3,WAS,25.0,22,0,104.0,1.0869565217391304,0.7561739130434781
S2324-G0520,4,IND,23.0,20,0,112.0,1.0952380952380953,0.7691428571428571
S2324-G0520,4,WAS,24.0,19,0,104.0,1.2,0.824
S2324-G0521,1,ATL,34.0,25,0,139.0,1.3076923076923077,0.9236153846153846
S2324-G0521,1,PHI,31.0,23,0,132.0,1.2916666666666667,0.907
S2324-G0521,2,ATL,27.0,25,0,139.0,1.0384615384615385,0.7620769230769231
S2324-G0521,2,PHI,33.0,28,0,132.0,1.1379310344827587,0.8147586206896552
S2324-G0521,3,ATL,34.0,24,0,139.0,1.36,0.9550000000000001
S2324-G0521,3,PHI,34.0,25,0,132.0,1.3076923076923077,0.9166153846153846
S2324-G0521,4,ATL,30.0,22,0,139.0,1.3043478260869565,0.921608695652174
S2324-G0521,4,PHI,27.0,23,0,132.0,1.125,0.8069999999999999
S2324-G0521,5,ATL,14.0,8,0,139.0,1.5555555555555556,1.0723333333333334
S2324-G0521,5,PHI,7.0,6,0,132.0,1.0,0.732
S2324-G0522,1,MIA,35.0,26,0,120.0,1.2962962962962963,0.8977777777777778
S2324-G0522,1,OKC,29.0,26,0,128.0,1.0740740740740742,0.7724444444444445
S2324-G0522,2,MIA,34.0,22,0,120.0,1.4782608695652173,1.0069565217391303
S2324-G0522,2,OKC,36.0,24,0,128.0,1.44,0.992
S2324-G0522,3,MIA,27.0,23,0,120.0,1.125,0.7949999999999999
S2324-G0522,3,OKC,34.0,23,0,128.0,1.4166666666666667,0.978
S2324-G0522,4,MIA,24.0,21,0,120.0,1.0909090909090908,0.7745454545454544
S2324-G0522,4,OKC,29.0,21,0,128.0,1.3181818181818181,0.9189090909090909
S2324-G0523,1,CHI,28.0,21,0,124.0,1.2727272727272727,0.8876363636363636
S2324-G0523,1,HOU,24.0,23,0,119.0,1.0,0.719
S2324-G0523,2,CHI,34.0,25,0,124.0,1.3076923076923077,0.9086153846153846
S2324-G0523,2,HOU,30.0,24,0,119.0,1.2,0.839
S2324-G0523,3,CHI,32.0,22,0,124.0,1.391304347826087,0.9587826086956521
S2324-G0523,3,HOU,29.0,25,0,119.0,1.1153846153846154,0.7882307692307692
S2324-G0523,4,CHI,18.0,24,0,124.0,0.72,0.556
S2324-G0523,4,HOU,29.0,25,0,119.0,1.1153846153846154,0.7882307692307692
S2324-G0523,5,CHI,12.0,7,0,124.0,1.5,1.024
S2324-G0523,5,HOU,7.0,8,0,119.0,0.7777777777777778,0.5856666666666667
S2324-G0524,1,DEN,24.0,23,0,111.0,1.0,0.711
S2324-G0524,1,UTA,35.0,23,0,124.0,1.4583333333333333,0.9989999999999999
S2324-G0524,2,DEN,29.0,26,0,111.0,1.0740740740740742,0.7554444444444445
S2324-G0524,2,UTA,36.0,24,0,124.0,1.44,0.988
S2324-G0524,3,DEN,25.0,19,0,111.0,1.25,0.861
S2324-G0524,3,UTA,28.0,25,0,124.0,1.0769230769230769,0.7701538461538461
S2324-G0524,4,DEN,33.0,30,0,111.0,1.064516129032258,0.7497096774193548
S2324-G0524,4,UTA,25.0,27,0,124.0,0.8928571428571429,0.6597142857142857
S2324-G0525,1,GSW,27.0,26,0,105.0,1.0,0.705
S2324-G0525,1,NOP,46.0,26,0,141.0,1.7037037037037037,1.1632222222222222
S2324-G0525,2,GSW,33.0,22,0,105.0,1.434782608695652,0.9658695652173912
S2324-G0525,2,NOP,27.0,25,0,141.0,1.0384615384615385,0.7640769230769231
S2324-G0525,3,GSW,23.0,23,0,105.0,0.9583333333333334,0.6799999999999999
S2324-G0525,3,NOP,32.0,24,0,141.0,1.28,0.909
S2324-G0525,4,GSW,22.0,29,0,105.0,0.7333333333333333,0.5449999999999999
S2324-G0525,4,NOP,36.0,27,0,141.0,1.2857142857142858,0.9124285714285715
S2324-G0526,1,LAC,28.0,25,0,126.0,1.0769230769230769,0.7721538461538461
S2324-G0526,1,TOR,29.0,22,0,120.0,1.2608695652173914,0.8765217391304347
S2324-G0526,2,LAC,30.0,24,0,126.0,1.2,0.846
S2324-G0526,2,TOR,28.0,23,0,120.0,1.1666666666666667,0.8200000000000001
S2324-G0526,3,LAC,33.0,24,0,126.0,1.32,0.918
S2324-G0526,3,TOR,35.0,26,0,120.0,1.2962962962962963,0.8977777777777778
S2324-G0526,4,LAC,35.0,21,0,126.0,1.5909090909090908,1.0805454545454545
S2324-G0526,4,TOR,28.0,20,0,120.0,1.3333333333333333,0.9199999999999999
S2324-G0527,1,BKN,16.0,15,0,102.0,1.0,0.702
S2324-G0527,1,CLE,26.0,19,0,111.0,1.3,0.891
S2324-G0527,2,BKN,18.0,27,0,102.0,0.6428571428571429,0.48771428571428577
S2324-G0527,2,CLE,28.0,22,0,111.0,1.2173913043478262,0.8414347826086956
S2324-G0527,3,BKN,26.0,21,0,102.0,1.1818181818181819,0.8110909090909091
S2324-G0527,3,CLE,24.0,21,0,111.0,1.0909090909090908,0.7655454545454544
S2324-G0527,4,BKN,42.0,21,0,102.0,1.9090909090909092,1.2474545454545456
S2324-G0527,4,CLE,33.0,23,0,111.0,1.375,0.9359999999999999
S2324-G0528,1,BOS,23.0,21,0,102.0,1.0454545454545454,0.7292727272727272
S2324-G0528,1,MIL,41.0,24,0,135.0,1.64,1.1189999999999998
S2324-G0528,2,BOS,15.0,22,0,102.0,0.6521739130434783,0.493304347826087
S2324-G0528,2,MIL,34.0,20,0,135.0,1.619047619047619,1.1064285714285713
S2324-G0528,3,BOS,32.0,22,0,102.0,1.391304347826087,0.9367826086956521
S2324-G0528,3,MIL,36.0,19,0,135.0,1.8,1.215
S2324-G0528,4,BOS,32.0,21,0,102.0,1.4545454545454546,0.9747272727272727
S2324-G0528,4,MIL,24.0,17,0,135.0,1.3333333333333333,0.9349999999999999
S2324-G0529,1,OKC,36.0,27,0,139.0,1.2857142857142858,0.9104285714285715
S2324-G0529,1,POR,24.0,27,0,77.0,0.8571428571428571,0.5912857142857142
S2324-G0529,2,OKC,39.0,21,0,139.0,1.7727272727272727,1.2026363636363635
S2324-G0529,2,POR,15.0,22,0,77.0,0.6521739130434783,0.468304347826087
S2324-G0529,3,OKC,43.0,23,0,139.0,1.7916666666666667,1.214
S2324-G0529,3,POR,17.0,26,0,77.0,0.6296296296296297,0.4547777777777778
S2324-G0529,4,OKC,21.0,18,0,139.0,1.105263157894737,0.8021578947368422
S2324-G0529,4,POR,21.0,19,0,77.0,1.05,0.7070000000000001
S2324-G0530,1,DAL,44.0,24,0,128.0,1.76,1.1840000000000002
S2324-G0530,1,NYK,26.0,20,0,124.0,1.2380952380952381,0.8668571428571429
S2324-G0530,2,DAL,30.0,31,0,128.0,0.9375,0.6905
S2324-G0530,2,NYK,29.0,31,0,124.0,0.90625,0.66775
S2324-G0530,3,DAL,27.0,19,0,128.0,1.35,0.9380000000000001
S2324-G0530,3,NYK,31.0,21,0,124.0,1.4090909090909092,0.9694545454545455
S2324-G0530,4,DAL,27.0,27,0,128.0,0.9642857142857143,0.7065714285714285
S2324-G0530,4,NYK,38.0,25,0,124.0,1.4615384615384615,1.0009230769230768
S2324-G0531,1,LAL,25.0,25,0,109.0,0.9615384615384616,0.6859230769230769
S2324-G0531,1,PHX,36.0,25,0,127.0,1.3846153846153846,0.9577692307692307
S2324-G0531,2,LAL,27.0,26,0,109.0,1.0,0.709
S2324-G0531,2,PHX,30.0,24,0,127.0,1.2,0.847
S2324-G0531,3,LAL,26.0,25,0,109.0,1.0,0.709
S2324-G0531,3,PHX,39.0,26,0,127.0,1.4444444444444444,0.9936666666666666
S2324-G0531,4,LAL,31.0,25,0,109.0,1.1923076923076923,0.8243846153846154
S2324-G0531,4,PHX,22.0,24,0,127.0,0.88,0.655
S2324-G0532,1,PHI,29.0,21,0,112.0,1.3181818181818181,0.9029090909090909
S2324-G0532,1,SAC,21.0,20,0,93.0,1.0,0.693
S2324-G0532,2,PHI,36.0,28,0,112.0,1.2413793103448276,0.8568275862068966
S2324-G0532,2,SAC,25.0,27,0,93.0,0.8928571428571429,0.6287142857142857
S2324-G0532,3,PHI,22.0,22,0,112.0,0.9565217391304348,0.6859130434782609
S2324-G0532,3,SAC,27.0,24,0,93.0,1.08,0.741
S2324-G0532,4,PHI,25.0,19,0,112.0,1.25,0.862
S2324-G0532,4,SAC,20.0,22,0,93.0,0.8695652173913043,0.6147391304347826
S2324-G0533,1,ATL,30.0,30,0,108.0,0.967741935483871,0.6886451612903226
S2324-G0533,1,IND,34.0,30,0,126.0,1.096774193548387,0.7840645161290322
S2324-G0533,2,ATL,32.0,26,0,108.0,1.1851851851851851,0.819111111111111
S2324-G0533,2,IND,34.0,33,0,126.0,1.0,0.726
S2324-G0533,3,ATL,19.0,25,0,108.0,0.7307692307692307,0.5464615384615384
S2324-G0533,3,IND,31.0,24,0,126.0,1.24,0.87
S2324-G0533,4,ATL,27.0,24,0,108.0,1.08,0.756
S2324-G0533,4,IND,27.0,24,0,126.0,1.08,0.774
S2324-G0534,1,DET,30.0,26,0,110.0,1.1111111111111112,0.7766666666666666
S2324-G0534,1,HOU,23.0,27,0,112.0,0.8214285714285714,0.6048571428571429
S2324-G0534,2,DET,25.0,23,0,110.0,1.0416666666666667,0.735
S2324-G0534,2,HOU,32.0,27,0,112.0,1.1428571428571428,0.7977142857142856
S2324-G0534,3,DET,36.0,22,0,110.0,1.565217391304348,1.0491304347826087
S2324-G0534,3,HOU,33.0,24,0,112.0,1.32,0.904
S2324-G0534,4,DET,19.0,18,0,110.0,1.0,0.71
S2324-G0534,4,HOU,24.0,20,0,112.0,1.1428571428571428,0.7977142857142856
S2324-G0535,1,MIA,30.0,22,0,99.0,1.3043478260869565,0.8816086956521739
S2324-G0535,1,ORL,22.0,24,0,96.0,0.88,0.624
S2324-G0535,2,MIA,26.0,24,0,99.0,1.04,0.723
S2324-G0535,2,ORL,33.0,22,0,96.0,1.434782608695652,0.9568695652173912
S2324-G0535,3,MIA,19.0,19,0,99.0,0.95,0.6689999999999999
S2324-G0535,3,ORL,18.0,23,0,96.0,0.75,0.5459999999999999
S2324-G0535,4,MIA,24.0,18,0,99.0,1.263157894736842,0.8568947368421052
S2324-G0535,4,ORL,23.0,19,0,96.0,1.15,0.7859999999999999
S2324-G0536,1,CHI,30.0,23,0,131.0,1.25,0.881
S2324-G0536,1,GSW,33.0,24,0,140.0,1.32,0.932
S2324-G0536,2,CHI,45.0,25,0,131.0,1.7307692307692308,1.1694615384615386
S2324-G0536,2,GSW,29.0,27,0,140.0,1.0357142857142858,0.7614285714285715
S2324-G0536,3,CHI,20.0,21,0,131.0,0.9090909090909091,0.6764545454545454
S2324-G0536,3,GSW,48.0,24,0,140.0,1.92,1.2919999999999998
S2324-G0536,4,CHI,36.0,21,0,131.0,1.6363636363636365,1.1128181818181817
S2324-G0536,4,GSW,30.0,22,0,140.0,1.3043478260869565,0.922608695652174
S2324-G0537,1,LAC,23.0,22,0,128.0,1.0,0.728
S2324-G0537,1,MEM,26.0,23,0,119.0,1.0833333333333333,0.7689999999999999
S2324-G0537,2,LAC,42.0,23,0,128.0,1.75,1.178
S2324-G0537,2,MEM,27.0,22,0,119.0,1.173913043478261,0.8233478260869566
S2324-G0537,3,LAC,35.0,23,0,128.0,1.4583333333333333,1.003
S2324-G0537,3,MEM,26.0,24,0,119.0,1.04,0.743
S2324-G0537,4,LAC,28.0,23,0,128.0,1.1666666666666667,0.8280000000000001
S2324-G0537,4,MEM,40.0,25,0,119.0,1.5384615384615385,1.0420769230769231
S2324-G0538,1,MIN,36.0,24,0,116.0,1.44,0.98
S2324-G0538,1,POR,15.0,24,0,93.0,0.6,0.453
S2324-G0538,2,MIN,27.0,24,0,116.0,1.08,0.764
S2324-G0538,2,POR,27.0,20,0,93.0,1.2857142857142858,0.8644285714285714
S2324-G0538,3,MIN,25.0,19,0,116.0,1.25,0.866
S2324-G0538,3,POR,15.0,20,0,93.0,0.7142857142857143,0.5215714285714286
S2324-G0538,4,MIN,28.0,33,0,116.0,0.8235294117647058,0.6101176470588234
S2324-G0538,4,POR,36.0,26,0,93.0,1.3333333333333333,0.8929999999999999
S2324-G0539,1,DEN,37.0,23,0,125.0,1.5416666666666667,1.05
S2324-G0539,1,NOP,25.0,23,0,113.0,1.0416666666666667,0.738
S2324-G0539,2,DEN,29.0,23,0,125.0,1.2083333333333333,0.85
S2324-G0539,2,NOP,26.0,23,0,113.0,1.0833333333333333,0.7629999999999999
S2324-G0539,3,DEN,34.0,24,0,125.0,1.36,0.9410000000000001
S2324-G0539,3,NOP,29.0,25,0,113.0,1.1153846153846154,0.7822307692307692
S2324-G0539,4,DEN,25.0,25,0,125.0,0.9615384615384616,0.7019230769230769
S2324-G0539,4,NOP,33.0,30,0,113.0,1.064516129032258,0.7517096774193548
S2324-G0540,1,TOR,25.0,21,0,113.0,1.1363636363636365,0.7948181818181819
S2324-G0540,1,UTA,28.0,22,0,145.0,1.2173913043478262,0.8754347826086957
S2324-G0540,2,TOR,22.0,21,0,113.0,1.0,0.713
S2324-G0540,2,UTA,36.0,22,0,145.0,1.565217391304348,1.0841304347826086
S2324-G0540,3,TOR,38.0,27,0,113.0,1.3571428571428572,0.9272857142857143
S2324-G0540,3,UTA,41.0,28,0,145.0,1.4137931034482758,0.9932758620689655
S2324-G0540,4,TOR,28.0,26,0,113.0,1.037037037037037,0.7352222222222221
S2324-G0540,4,UTA,40.0,27,0,145.0,1.4285714285714286,1.002142857142857
S2324-G0541,1,CHA,22.0,23,0,99.0,0.9166666666666666,0.6489999999999999
S2324-G0541,1,SAS,28.0,21,0,135.0,1.2727272727272727,0.8986363636363636
S2324-G0541,2,CHA,23.0,23,0,99.0,0.9583333333333334,0.6739999999999999
S2324-G0541,2,SAS,38.0,23,0,135.0,1.5833333333333333,1.085
S2324-G0541,3,CHA,26.0,27,0,99.0,0.9285714285714286,0.6561428571428571
S2324-G0541,3,SAS,37.0,25,0,135.0,1.4230769230769231,0.9888461538461538
S2324-G0541,4,CHA,28.0,22,0,99.0,1.2173913043478262,0.8294347826086956
S2324-G0541,4,SAS,32.0,23,0,135.0,1.3333333333333333,0.9349999999999999
S2324-G0542,1,BOS,35.0,28,0,145.0,1.206896551724138,0.8691379310344828
S2324-G0542,1,HOU,31.0,28,0,113.0,1.0689655172413792,0.7543793103448275
S2324-G0542,2,BOS,34.0,22,0,145.0,1.4782608695652173,1.0319565217391302
S2324-G0542,2,HOU,27.0,25,0,113.0,1.0384615384615385,0.7360769230769231
S2324-G0542,3,BOS,43.0,26,0,145.0,1.5925925925925926,1.1005555555555555
S2324-G0542,3,HOU,28.0,24,0,113.0,1.12,0.785
S2324-G0542,4,BOS,33.0,25,0,145.0,1.2692307692307692,0.9065384615384615
S2324-G0542,4,HOU,27.0,26,0,113.0,1.0,0.713
S2324-G0543,1,ATL,25.0,23,0,99.0,1.0416666666666667,0.724
S2324-G0543,1,WAS,30.0,21,0,127.0,1.3636363636363635,0.9451818181818181
S2324-G0543,2,ATL,22.0,22,0,99.0,0.9565217391304348,0.6729130434782609
S2324-G0543,2,WAS,28.0,23,0,127.0,1.1666666666666667,0.8270000000000001
S2324-G0543,3,ATL,24.0,25,0,99.0,0.9230769230769231,0.6528461538461539
S2324-G0543,3,WAS,41.0,27,0,127.0,1.4642857142857142,1.0055714285714283
S2324-G0543,4,ATL,28.0,22,0,99.0,1.2173913043478262,0.8294347826086956
S2324-G0543,4,WAS,28.0,22,0,127.0,1.2173913043478262,0.8574347826086957
S2324-G0544,1,MEM,27.0,27,0,94.0,0.9642857142857143,0.6725714285714285
S2324-G0544,1,NYK,25.0,24,0,106.0,1.0,0.706
S2324-G0544,2,MEM,30.0,26,0,94.0,1.1111111111111112,0.7606666666666666
S2324-G0544,2,NYK,28.0,24,0,106.0,1.12,0.778
S2324-G0544,3,MEM,15.0,21,0,94.0,0.6818181818181818,0.503090909090909
S2324-G0544,3,NYK,30.0,24,0,106.0,1.2,0.826
S2324-G0544,4,MEM,22.0,20,0,94.0,1.0476190476190477,0.7225714285714285
S2324-G0544,4,NYK,23.0,19,0,106.0,1.15,0.7959999999999999
S2324-G0545,1,GSW,24.0,23,0,118.0,1.0,0.718
S2324-G0545,1,MIL,33.0,23,0,129.0,1.375,0.954
S2324-G0545,2,GSW,32.0,24,0,118.0,1.28,0.886
S2324-G0545,2,MIL,21.0,24,0,129.0,0.84,0.633
S2324-G0545,3,GSW,25.0,19,0,118.0,1.25,0.868
S2324-G0545,3,MIL,29.0,22,0,129.0,1.2608695652173914,0.8855217391304347
S2324-G0545,4,GSW,37.0,29,0,118.0,1.2333333333333334,0.858
S2324-G0545,4,MIL,46.0,30,0,129.0,1.4838709677419355,1.0193225806451611
S2324-G0546,1,OKC,23.0,21,0,112.0,1.0454545454545454,0.7392727272727272
S2324-G0546,1,ORL,21.0,23,0,100.0,0.875,0.625
S2324-G0546,2,OKC,26.0,20,0,112.0,1.2380952380952381,0.8548571428571429
S2324-G0546,2,ORL,19.0,22,0,100.0,0.8260869565217391,0.5956521739130435
S2324-G0546,3,OKC,37.0,24,0,112.0,1.48,1.0
S2324-G0546,3,ORL,33.0,25,0,100.0,1.2692307692307692,0.8615384615384615
S2324-G0546,4,OKC,26.0,22,0,112.0,1.1304347826086956,0.7902608695652173
S2324-G0546,4,ORL,27.0,23,0,100.0,1.125,0.7749999999999999
S2324-G0547,1,DAL,20.0,19,0,108.0,1.0,0.708
S2324-G0547,1,NOP,29.0,19,0,118.0,1.45,0.988
S2324-G0547,2,DAL,34.0,21,0,108.0,1.5454545454545454,1.0352727272727273
S2324-G0547,2,NOP,20.0,20,0,118.0,0.9523809523809523,0.6894285714285714
S2324-G0547,3,DAL,27.0,25,0,108.0,1.0384615384615385,0.7310769230769231
S2324-G0547,3,NOP,39.0,28,0,118.0,1.3448275862068966,0.9248965517241379
S2324-G0547,4,DAL,27.0,18,0,108.0,1.4210526315789473,0.9606315789473684
S2324-G0547,4,NOP,30.0,19,0,118.0,1.5,1.0179999999999998
S2324-G0548,1,CHI,35.0,24,0,122.0,1.4,0.962
S2324-G0548,1,SAS,23.0,22,0,116.0,1.0,0.716
S2324-G0548,2,CHI,28.0,21,0,122.0,1.2727272727272727,0.8856363636363636
S2324-G0548,2,SAS,32.0,19,0,116.0,1.6,1.076
S2324-G0548,3,CHI,31.0,26,0,122.0,1.1481481481481481,0.8108888888888889
S2324-G0548,3,SAS,39.0,25,0,116.0,1.5,1.016
S2324-G0548,4,CHI,28.0,19,0,122.0,1.4,0.962
S2324-G0548,4,SAS,22.0,20,0,116.0,1.0476190476190477,0.7445714285714286
S2324-G0549,1,LAL,39.0,23,0,125.0,1.625,1.1
S2324-G0549,1,UTA,31.0,27,0,132.0,1.1071428571428572,0.7962857142857143
S2324-G0549,2,LAL,28.0,24,0,125.0,1.12,0.797
S2324-G0549,2,UTA,33.0,24,0,132.0,1.32,0.924
S2324-G0549,3,LAL,28.0,23,0,125.0,1.1666666666666667,0.8250000000000001
S2324-G0549,3,UTA,36.0,21,0,132.0,1.6363636363636365,1.1138181818181818
S2324-G0549,4,LAL,30.0,22,0,125.0,1.3043478260869565,0.907608695652174
S2324-G0549,4,UTA,32.0,24,0,132.0,1.28,0.9
S2324-G0550,1,DEN,28.0,27,0,117.0,1.0,0.717
S2324-G0550,1,IND,28.0,26,0,109.0,1.037037037037037,0.7312222222222221
S2324-G0550,2,DEN,32.0,24,0,117.0,1.28,0.885
S2324-G0550,2,IND,29.0,26,0,109.0,1.0740740740740742,0.7534444444444445
S2324-G0550,3,DEN,29.0,21,0,117.0,1.3181818181818181,0.9079090909090909
S2324-G0550,3,IND,27.0,24,0,109.0,1.08,0.757
S2324-G0550,4,DEN,28.0,24,0,117.0,1.12,0.789
S2324-G0550,4,IND,25.0,26,0,109.0,0.9259259259259259,0.6645555555555556
S2324-G0551,1,CHA,16.0,19,0,87.0,0.8,0.567
S2324-G0551,1,MIA,26.0,19,0,104.0,1.3,0.884
S2324-G0551,2,CHA,15.0,24,0,87.0,0.6,0.447
S2324-G0551,2,MIA,26.0,23,0,104.0,1.0833333333333333,0.7539999999999999
S2324-G0551,3,CHA,30.0,24,0,87.0,1.2,0.8069999999999999
S2324-G0551,3,MIA,25.0,24,0,104.0,1.0,0.704
S2324-G0551,4,CHA,26.0,23,0,87.0,1.0833333333333333,0.7369999999999999
S2324-G0551,4,MIA,27.0,21,0,104.0,1.2272727272727273,0.8403636363636363
S2324-G0552,1,MIL,32.0,24,0,143.0,1.28,0.911
S2324-G0552,1,SAC,37.0,27,0,142.0,1.3214285714285714,0.9348571428571428
S2324-G0552,2,MIL,36.0,22,0,143.0,1.565217391304348,1.0821304347826086
S2324-G0552,2,SAC,29.0,21,0,142.0,1.3181818181818181,0.9329090909090909
S2324-G0552,3,MIL,27.0,24,0,143.0,1.08,0.791
S2324-G0552,3,SAC,25.0,24,0,142.0,1.0,0.742
S2324-G0552,4,MIL,33.0,24,0,143.0,1.32,0.935
S2324-G0552,4,SAC,37.0,18,0,142.0,1.9473684210526316,1.310421052631579
S2324-G0552,5,MIL,15.0,11,0,143.0,1.25,0.893
S2324-G0552,5,SAC,14.0,11,0,142.0,1.1666666666666667,0.8420000000000001
S2324-G0553,1,LAC,19.0,23,0,105.0,0.7916666666666666,0.58
S2324-G0553,1,MIN,29.0,24,0,109.0,1.16,0.8049999999999999
S2324-G0553,2,LAC,26.0,20,0,105.0,1.2380952380952381,0.8478571428571429
S2324-G0553,2,MIN,17.0,19,0,109.0,0.85,0.619
S2324-G0553,3,LAC,23.0,20,0,105.0,1.0952380952380953,0.7621428571428571
S2324-G0553,3,MIN,35.0,21,0,109.0,1.5909090909090908,1.0635454545454546
S2324-G0553,4,LAC,37.0,19,0,105.0,1.85,1.215
S2324-G0553,4,MIN,28.0,26,0,109.0,1.037037037037037,0.7312222222222221
S2324-G0554,1,PHX,31.0,23,0,127.0,1.2916666666666667,0.902
S2324-G0554,1,POR,33.0,23,0,116.0,1.375,0.941
S2324-G0554,2,PHX,40.0,26,0,127.0,1.4814814814814814,1.0158888888888888
S2324-G0554,2,POR,28.0,26,0,116.0,1.037037037037037,0.7382222222222221
S2324-G0554,3,PHX,35.0,21,0,127.0,1.5909090909090908,1.0815454545454544
S2324-G0554,3,POR,31.0,21,0,116.0,1.4090909090909092,0.9614545454545455
S2324-G0554,4,PHX,21.0,21,0,127.0,0.9545454545454546,0.6997272727272728
S2324-G0554,4,POR,24.0,23,0,116.0,1.0,0.716
S2324-G0555,1,HOU,19.0,21,0,115.0,0.8636363636363636,0.6331818181818182
S2324-G0555,1,PHI,33.0,25,0,124.0,1.2692307692307692,0.8855384615384615
S2324-G0555,2,HOU,28.0,21,0,115.0,1.2727272727272727,0.8786363636363635
S2324-G0555,2,PHI,33.0,21,0,124.0,1.5,1.024
S2324-G0555,3,HOU,30.0,19,0,115.0,1.5,1.015
S2324-G0555,3,PHI,32.0,19,0,124.0,1.6,1.084
S2324-G0555,4,HOU,38.0,29,0,115.0,1.2666666666666666,0.8749999999999999
S2324-G0555,4,PHI,26.0,27,0,124.0,0.9285714285714286,0.6811428571428572
S2324-G0556,1,DAL,33.0,19,0,125.0,1.65,1.1149999999999998
S2324-G0556,1,NOP,17.0,18,0,120.0,0.8947368421052632,0.6568421052631579
S2324-G0556,2,DAL,26.0,25,0,125.0,1.0,0.725
S2324-G0556,2,NOP,42.0,27,0,120.0,1.5,1.02
S2324-G0556,3,DAL,33.0,23,0,125.0,1.375,0.95
S2324-G0556,3,NOP,40.0,26,0,120.0,1.4814814814814814,1.008888888888889
S2324-G0556,4,DAL,33.0,21,0,125.0,1.5,1.025
S2324-G0556,4,NOP,21.0,20,0,120.0,1.0,0.72
S2324-G0557,1,NYK,24.0,18,0,94.0,1.263157894736842,0.8518947368421051
S2324-G0557,1,ORL,24.0,18,0,98.0,1.263157894736842,0.8558947368421052
S2324-G0557,2,NYK,28.0,20,0,94.0,1.3333333333333333,0.8939999999999999
S2324-G0557,2,ORL,26.0,18,0,98.0,1.368421052631579,0.9190526315789473
S2324-G0557,3,NYK,26.0,20,0,94.0,1.2380952380952381,0.8368571428571429
S2324-G0557,3,ORL,23.0,20,0,98.0,1.0952380952380953,0.7551428571428571
S2324-G0557,4,NYK,16.0,20,0,94.0,0.7619047619047619,0.551142857142857
S2324-G0557,4,ORL,25.0,21,0,98.0,1.1363636363636365,0.7798181818181819
S2324-G0558,1,DET,29.0,24,0,129.0,1.16,0.825
S2324-G0558,1,WAS,22.0,23,0,117.0,0.9166666666666666,0.6669999999999999
S2324-G0558,2,DET,34.0,23,0,129.0,1.4166666666666667,0.979
S2324-G0558,2,WAS,40.0,30,0,117.0,1.2903225806451613,0.8911935483870967
S2324-G0558,3,DET,31.0,22,0,129.0,1.3478260869565217,0.937695652173913
S2324-G0558,3,WAS,25.0,23,0,117.0,1.0416666666666667,0.742
S2324-G0558,4,DET,35.0,25,0,129.0,1.3461538461538463,0.9366923076923077
S2324-G0558,4,WAS,30.0,25,0,117.0,1.1538461538461537,0.8093076923076922
S2324-G0559,1,ATL,35.0,22,0,109.0,1.5217391304347827,1.0220434782608696
S2324-G0559,1,SAS,16.0,20,0,99.0,0.7619047619047619,0.556142857142857
S2324-G0559,2,ATL,34.0,30,0,109.0,1.096774193548387,0.7670645161290321
S2324-G0559,2,SAS,18.0,24,0,99.0,0.72,0.531
S2324-G0559,3,ATL,18.0,25,0,109.0,0.6923076923076923,0.5243846153846153
S2324-G0559,3,SAS,33.0,24,0,99.0,1.32,0.891
S2324-G0559,4,ATL,22.0,26,0,109.0,0.8148148148148148,0.5978888888888888
S2324-G0559,4,SAS,32.0,24,0,99.0,1.28,0.867
S2324-G0560,1,GSW,29.0,21,0,107.0,1.3181818181818181,0.8979090909090909
S2324-G0560,1,MEM,23.0,24,0,116.0,0.92,0.668
S2324-G0560,2,GSW,27.0,23,0,107.0,1.125,0.7819999999999999
S2324-G0560,2,MEM,31.0,24,0,116.0,1.24,0.86
S2324-G0560,3,GSW,30.0,22,0,107.0,1.3043478260869565,0.8896086956521739
S2324-G0560,3,MEM,31.0,25,0,116.0,1.1923076923076923,0.8313846153846154
S2324-G0560,4,GSW,21.0,23,0,107.0,0.875,0.632
S2324-G0560,4,MEM,31.0,25,0,116.0,1.1923076923076923,0.8313846153846154
S2324-G0561,1,CHI,21.0,25,0,91.0,0.8076923076923077,0.5756153846153846
S2324-G0561,1,CLE,40.0,28,0,109.0,1.3793103448275863,0.9365862068965517
S2324-G0561,2,CHI,25.0,20,0,91.0,1.1904761904761905,0.8052857142857143
S2324-G0561,2,CLE,20.0,23,0,109.0,0.8333333333333334,0.609
S2324-G0561,3,CHI,31.0,21,0,91.0,1.4090909090909092,0.9364545454545454
S2324-G0561,3,CLE,20.0,23,0,109.0,0.8333333333333334,0.609
S2324-G0561,4,CHI,14.0,22,0,91.0,0.6086956521739131,0.45621739130434785
S2324-G0561,4,CLE,29.0,22,0,109.0,1.2608695652173914,0.8655217391304347
S2324-G0562,1,BKN,22.0,20,0,95.0,1.0476190476190477,0.7235714285714285
S2324-G0562,1,MIA,16.0,17,0,96.0,0.8888888888888888,0.6293333333333333
S2324-G0562,2,BKN,23.0,16,0,95.0,1.3529411764705883,0.9067647058823529
S2324-G0562,2,MIA,15.0,16,0,96.0,0.8823529411764706,0.6254117647058823
S2324-G0562,3,BKN,24.0,23,0,95.0,1.0,0.695
S2324-G0562,3,MIA,37.0,20,0,96.0,1.7619047619047619,1.1531428571428572
S2324-G0562,4,BKN,19.0,16,0,95.0,1.1176470588235294,0.7655882352941176
S2324-G0562,4,MIA,20.0,18,0,96.0,1.0526315789473684,0.727578947368421
S2324-G0562,5,BKN,7.0,7,0,95.0,0.875,0.62
S2324-G0562,5,MIA,8.0,6,0,96.0,1.1428571428571428,0.7817142857142856
S2324-G0563,1,BOS,29.0,22,0,105.0,1.2608695652173914,0.8615217391304347
S2324-G0563,1,TOR,25.0,25,0,96.0,0.9615384615384616,0.6729230769230768
S2324-G0563,2,BOS,32.0,20,0,105.0,1.5238095238095237,1.0192857142857141
S2324-G0563,2,TOR,30.0,19,0,96.0,1.5,0.9959999999999999
S2324-G0563,3,BOS,23.0,21,0,105.0,1.0454545454545454,0.7322727272727272
S2324-G0563,3,TOR,20.0,22,0,96.0,0.8695652173913043,0.6177391304347826
S2324-G0563,4,BOS,21.0,16,0,105.0,1.2352941176470589,0.8461764705882353
S2324-G0563,4,TOR,21.0,19,0,96.0,1.05,0.726
S2324-G0564,1,IND,26.0,28,0,105.0,0.896551724137931,0.6429310344827586
S2324-G0564,1,UTA,33.0,25,0,132.0,1.2692307692307692,0.8935384615384615
S2324-G0564,2,IND,24.0,22,0,105.0,1.0434782608695652,0.731086956521739
S2324-G0564,2,UTA,31.0,20,0,132.0,1.4761904761904763,1.0177142857142858
S2324-G0564,3,IND,29.0,24,0,105.0,1.16,0.8009999999999999
S2324-G0564,3,UTA,41.0,24,0,132.0,1.64,1.1159999999999999
S2324-G0564,4,IND,26.0,22,0,105.0,1.1304347826086956,0.7832608695652173
S2324-G0564,4,UTA,27.0,21,0,132.0,1.2272727272727273,0.8683636363636363
S2324-G0565,1,LAL,27.0,20,0,112.0,1.2857142857142858,0.8834285714285715
S2324-G0565,1,OKC,26.0,21,0,105.0,1.1818181818181819,0.8140909090909091
S2324-G0565,2,LAL,23.0,19,0,112.0,1.15,0.8019999999999999
S2324-G0565,2,OKC,24.0,19,0,105.0,1.2,0.825
S2324-G0565,3,LAL,34.0,28,0,112.0,1.1724137931034482,0.8154482758620689
S2324-G0565,3,OKC,26.0,30,0,105.0,0.8387096774193549,0.6082258064516128
S2324-G0565,4,LAL,28.0,29,0,112.0,0.9333333333333333,0.6719999999999999
S2324-G0565,4,OKC,29.0,26,0,105.0,1.0740740740740742,0.7494444444444445
S2324-G0566,1,DEN,38.0,25,0,121.0,1.4615384615384615,0.9979230769230768
S2324-G0566,1,PHI,36.0,24,0,126.0,1.44,0.99
S2324-G0566,2,DEN,40.0,23,0,121.0,1.6666666666666667,1.121
S2324-G0566,2,PHI,42.0,26,0,126.0,1.5555555555555556,1.0593333333333335
S2324-G0566,3,DEN,26.0,21,0,121.0,1.1818181818181819,0.8300909090909091
S2324-G0566,3,PHI,21.0,19,0,126.0,1.05,0.756
S2324-G0566,4,DEN,17.0,18,0,121.0,0.8947368421052632,0.6578421052631579
S2324-G0566,4,PHI,27.0,18,0,126.0,1.4210526315789473,0.9786315789473684
S2324-G0567,1,PHX,27.0,28,0,119.0,0.9310344827586207,0.6776206896551724
S2324-G0567,1,SAC,39.0,28,0,117.0,1.3448275862068966,0.9238965517241379
S2324-G0567,2,PHX,24.0,24,0,119.0,0.96,0.695
S2324-G0567,2,SAC,29.0,23,0,117.0,1.2083333333333333,0.842
S2324-G0567,3,PHX,33.0,26,0,119.0,1.2222222222222223,0.8523333333333334
S2324-G0567,3,SAC,28.0,24,0,117.0,1.12,0.789
S2324-G0567,4,PHX,35.0,28,0,119.0,1.206896551724138,0.8431379310344828
S2324-G0567,4,SAC,21.0,29,0,117.0,0.7,0.5369999999999999
S2324-G0568,1,LAC,35.0,25,0,128.0,1.3461538461538463,0.9356923076923077
S2324-G0568,1,OKC,30.0,23,0,117.0,1.25,0.867
S2324-G0568,2,LAC,30.0,23,0,128.0,1.25,0.878
S2324-G0568,2,OKC,31.0,22,0,117.0,1.3478260869565217,0.925695652173913
S2324-G0568,3,LAC,34.0,25,0,128.0,1.3076923076923077,0.9126153846153846
S2324-G0568,3,OKC,28.0,25,0,117.0,1.0769230769230769,0.7631538461538461
S2324-G0568,4,LAC,29.0,25,0,128.0,1.1153846153846154,0.7972307692307692
S2324-G0568,4,OKC,28.0,21,0,117.0,1.2727272727272727,0.8806363636363636
S2324-G0569,1,DET,40.0,26,0,117.0,1.4814814814814814,1.0058888888888888
S2324-G0569,1,MIN,39.0,30,0,124.0,1.2580645161290323,0.8788387096774193
S2324-G0569,2,DET,22.0,22,0,117.0,0.9565217391304348,0.6909130434782609
S2324-G0569,2,MIN,31.0,22,0,124.0,1.3478260869565217,0.932695652173913
S2324-G0569,3,DET,28.0,20,0,117.0,1.3333333333333333,0.9169999999999999
S2324-G0569,3,MIN,28.0,25,0,124.0,1.0769230769230769,0.7701538461538461
S2324-G0569,4,DET,27.0,23,0,117.0,1.125,0.7919999999999999
S2324-G0569,4,MIN,26.0,20,0,124.0,1.2380952380952381,0.8668571428571429
S2324-G0570,1,ATL,26.0,26,0,106.0,0.9629629629629629,0.6837777777777777
S2324-G0570,1,ORL,26.0,28,0,104.0,0.896551724137931,0.6419310344827586
S2324-G0570,2,ATL,23.0,23,0,106.0,0.9583333333333334,0.6809999999999999
S2324-G0570,2,ORL,25.0,26,0,104.0,0.9259259259259259,0.6595555555555556
S2324-G0570,3,ATL,29.0,26,0,106.0,1.0740740740740742,0.7504444444444445
S2324-G0570,3,ORL,25.0,27,0,104.0,0.8928571428571429,0.6397142857142857
S2324-G0570,4,ATL,28.0,19,0,106.0,1.4,0.946
S2324-G0570,4,ORL,28.0,20,0,104.0,1.3333333333333333,0.9039999999999999
S2324-G0571,1,BOS,30.0,21,0,117.0,1.3636363636363635,0.9351818181818181
S2324-G0571,1,SAS,25.0,18,0,98.0,1.3157894736842106,0.8874736842105263
S2324-G0571,2,BOS,40.0,26,0,117.0,1.4814814814814814,1.0058888888888888
S2324-G0571,2,SAS,20.0,25,0,98.0,0.7692307692307693,0.5595384615384615
S2324-G0571,3,BOS,24.0,24,0,117.0,0.96,0.693
S2324-G0571,3,SAS,33.0,22,0,98.0,1.434782608695652,0.9588695652173912
S2324-G0571,4,BOS,23.0,17,0,117.0,1.2777777777777777,0.8836666666666666
S2324-G0571,4,SAS,20.0,18,0,98.0,1.0526315789473684,0.729578947368421
S2324-G0572,1,CLE,32.0,26,0,135.0,1.1851851851851851,0.846111111111111
S2324-G0572,1,MIL,22.0,26,0,95.0,0.8148148148148148,0.5838888888888888
S2324-G0572,2,CLE,34.0,22,0,135.0,1.4782608695652173,1.0219565217391304
S2324-G0572,2,MIL,19.0,22,0,95.0,0.8260869565217391,0.5906521739130435
S2324-G0572,3,CLE,42.0,28,0,135.0,1.4482758620689655,1.0039655172413793
S2324-G0572,3,MIL,26.0,28,0,95.0,0.896551724137931,0.6329310344827586
S2324-G0572,4,CLE,27.0,21,0,135.0,1.2272727272727273,0.8713636363636363
S2324-G0572,4,MIL,28.0,21,0,95.0,1.2727272727272727,0.8586363636363635
S2324-G0573,1,HOU,25.0,22,0,94.0,1.0869565217391304,0.7461739130434781
S2324-G0573,1,NYK,23.0,24,0,109.0,0.92,0.661
S2324-G0573,2,HOU,21.0,17,0,94.0,1.1666666666666667,0.794
S2324-G0573,2,NYK,25.0,17,0,109.0,1.3888888888888888,0.9423333333333332
S2324-G0573,3,HOU,23.0,21,0,94.0,1.0454545454545454,0.7212727272727272
S2324-G0573,3,NYK,29.0,22,0,109.0,1.2608695652173914,0.8655217391304347
S2324-G0573,4,HOU,25.0,25,0,94.0,0.9615384615384616,0.6709230769230768
S2324-G0573,4,NYK,32.0,21,0,109.0,1.4545454545454546,0.9817272727272727
S2324-G0574,1,MIA,18.0,23,0,97.0,0.75,0.5469999999999999
S2324-G0574,1,TOR,41.0,24,0,121.0,1.64,1.105
S2324-G0574,2,MIA,25.0,22,0,97.0,1.0869565217391304,0.7491739130434781
S2324-G0574,2,TOR,37.0,26,0,121.0,1.3703703703703705,0.9432222222222223
S2324-G0574,3,MIA,30.0,22,0,97.0,1.3043478260869565,0.8796086956521739
S2324-G0574,3,TOR,16.0,23,0,121.0,0.6666666666666666,0.5209999999999999
S2324-G0574,4,MIA,24.0,22,0,97.0,1.0434782608695652,0.723086956521739
S2324-G0574,4,TOR,27.0,23,0,121.0,1.125,0.7959999999999999
S2324-G0575,1,CHA,36.0,26,0,112.0,1.3333333333333333,0.9119999999999999
S2324-G0575,1,NOP,43.0,28,0,132.0,1.4827586206896552,1.021655172413793
S2324-G0575,2,CHA,25.0,25,0,112.0,0.9615384615384616,0.6889230769230769
S2324-G0575,2,NOP,23.0,26,0,132.0,0.8518518518518519,0.6431111111111111
S2324-G0575,3,CHA,21.0,17,0,112.0,1.1666666666666667,0.812
S2324-G0575,3,NOP,30.0,20,0,132.0,1.4285714285714286,0.9891428571428571
S2324-G0575,4,CHA,30.0,24,0,112.0,1.2,0.832
S2324-G0575,4,NOP,36.0,24,0,132.0,1.44,0.996
S2324-G0576,1,GSW,36.0,25,0,140.0,1.3846153846153846,0.9707692307692307
S2324-G0576,1,UTA,39.0,24,0,137.0,1.56,1.073
S2324-G0576,2,GSW,48.0,25,0,140.0,1.8461538461538463,1.2476923076923077
S2324-G0576,2,UTA,32.0,25,0,137.0,1.2307692307692308,0.8754615384615385
S2324-G0576,3,GSW,36.0,31,0,140.0,1.125,0.815
S2324-G0576,3,UTA,31.0,30,0,137.0,1.0,0.737
S2324-G0576,4,GSW,20.0,21,0,140.0,0.9090909090909091,0.6854545454545454
S2324-G0576,4,UTA,35.0,23,0,137.0,1.4583333333333333,1.012
S2324-G0577,1,DAL,26.0,25,0,110.0,1.0,0.71
S2324-G0577,1,LAL,32.0,23,0,127.0,1.3333333333333333,0.9269999999999999
S2324-G0577,2,DAL,27.0,21,0,110.0,1.2272727272727273,0.8463636363636363
S2324-G0577,2,LAL,23.0,24,0,127.0,0.92,0.679
S2324-G0577,3,DAL,27.0,27,0,110.0,0.9642857142857143,0.6885714285714285
S2324-G0577,3,LAL,42.0,27,0,127.0,1.5,1.027
S2324-G0577,4,DAL,30.0,23,0,110.0,1.25,0.86
S2324-G0577,4,LAL,30.0,21,0,127.0,1.3636363636363635,0.9451818181818181
S2324-G0578,1,BKN,23.0,19,0,103.0,1.15,0.7929999999999999
S2324-G0578,1,POR,24.0,20,0,105.0,1.1428571428571428,0.7907142857142856
S2324-G0578,2,BKN,29.0,26,0,103.0,1.0740740740740742,0.7474444444444445
S2324-G0578,2,POR,27.0,20,0,105.0,1.2857142857142858,0.8764285714285714
S2324-G0578,3,BKN,31.0,19,0,103.0,1.55,1.033
S2324-G0578,3,POR,23.0,20,0,105.0,1.0952380952380953,0.7621428571428571
S2324-G0578,4,BKN,20.0,22,0,103.0,0.8695652173913043,0.6247391304347826
S2324-G0578,4,POR,31.0,19,0,105.0,1.55,1.035
S2324-G0579,1,NYK,22.0,23,0,113.0,0.9166666666666666,0.6629999999999999
S2324-G0579,1,WAS,22.0,20,0,109.0,1.0476190476190477,0.7375714285714285
S2324-G0579,2,NYK,24.0,25,0,113.0,0.9230769230769231,0.6668461538461539
S2324-G0579,2,WAS,23.0,26,0,109.0,0.8518518518518519,0.6201111111111111
S2324-G0579,3,NYK,27.0,22,0,113.0,1.173913043478261,0.8173478260869566
S2324-G0579,3,WAS,27.0,26,0,109.0,1.0,0.709
S2324-G0579,4,NYK,40.0,27,0,113.0,1.4285714285714286,0.9701428571428571
S2324-G0579,4,WAS,37.0,25,0,109.0,1.4230769230769231,0.9628461538461538
S2324-G0580,1,CHI,38.0,24,0,116.0,1.52,1.028
S2324-G0580,1,TOR,27.0,25,0,110.0,1.0384615384615385,0.7330769230769231
S2324-G0580,2,CHI,25.0,25,0,116.0,0.9615384615384616,0.6929230769230769
S2324-G0580,2,TOR,31.0,25,0,110.0,1.1923076923076923,0.8253846153846154
S2324-G0580,3,CHI,27.0,20,0,116.0,1.2857142857142858,0.8874285714285715
S2324-G0580,3,TOR,28.0,23,0,110.0,1.1666666666666667,0.81
S2324-G0580,4,CHI,26.0,22,0,116.0,1.1304347826086956,0.7942608695652174
S2324-G0580,4,TOR,24.0,23,0,110.0,1.0,0.71
S2324-G0581,1,OKC,39.0,29,0,134.0,1.3,0.914
S2324-G0581,1,UTA,27.0,27,0,129.0,0.9642857142857143,0.7075714285714285
S2324-G0581,2,OKC,37.0,27,0,134.0,1.3214285714285714,0.9268571428571428
S2324-G0581,2,UTA,40.0,28,0,129.0,1.3793103448275863,0.9565862068965517
S2324-G0581,3,OKC,22.0,19,0,134.0,1.1,0.794
S2324-G0581,3,UTA,28.0,21,0,129.0,1.2727272727272727,0.8926363636363636
S2324-G0581,4,OKC,36.0,26,0,134.0,1.3333333333333333,0.9339999999999999
S2324-G0581,4,UTA,34.0,25,0,129.0,1.3076923076923077,0.9136153846153846
S2324-G0582,1,MEM,30.0,28,0,103.0,1.0344827586206897,0.7236896551724138
S2324-G0582,1,MIN,30.0,30,0,118.0,0.967741935483871,0.6986451612903226
S2324-G0582,2,MEM,25.0,20,0,103.0,1.1904761904761905,0.8172857142857143
S2324-G0582,2,MIN,20.0,22,0,118.0,0.8695652173913043,0.6397391304347826
S2324-G0582,3,MEM,31.0,22,0,103.0,1.3478260869565217,0.911695652173913
S2324-G0582,3,MIN,31.0,19,0,118.0,1.55,1.048
S2324-G0582,4,MEM,17.0,21,0,103.0,0.7727272727272727,0.5666363636363636
S2324-G0582,4,MIN,37.0,21,0,118.0,1.6818181818181819,1.1270909090909091
S2324-G0583,1,IND,34.0,26,0,126.0,1.2592592592592593,0.8815555555555555
S2324-G0583,1,SAC,31.0,22,0,121.0,1.3478260869565217,0.929695652173913
S2324-G0583,2,IND,36.0,19,0,126.0,1.8,1.206
S2324-G0583,2,SAC,26.0,22,0,121.0,1.1304347826086956,0.7992608695652174
S2324-G0583,3,IND,29.0,22,0,126.0,1.2608695652173914,0.8825217391304347
S2324-G0583,3,SAC,32.0,23,0,121.0,1.3333333333333333,0.9209999999999999
S2324-G0583,4,IND,27.0,24,0,126.0,1.08,0.774
S2324-G0583,4,SAC,32.0,24,0,121.0,1.28,0.889
S2324-G0584,1,CHA,34.0,30,0,124.0,1.096774193548387,0.7820645161290322
S2324-G0584,1,SAS,32.0,29,0,120.0,1.0666666666666667,0.76
S2324-G0584,2,CHA,32.0,20,0,124.0,1.5238095238095237,1.0382857142857143
S2324-G0584,2,SAS,26.0,22,0,120.0,1.1304347826086956,0.7982608695652174
S2324-G0584,3,CHA,31.0,27,0,124.0,1.1071428571428572,0.7882857142857143
S2324-G0584,3,SAS,27.0,25,0,120.0,1.0384615384615385,0.7430769230769231
S2324-G0584,4,CHA,27.0,27,0,124.0,0.9642857142857143,0.7025714285714285
S2324-G0584,4,SAS,35.0,23,0,120.0,1.4583333333333333,0.9949999999999999
S2324-G0585,1,ORL,34.0,27,0,109.0,1.2142857142857142,0.8375714285714285
S2324-G0585,1,PHI,32.0,28,0,124.0,1.103448275862069,0.7860689655172414
S2324-G0585,2,ORL,26.0,27,0,109.0,0.9285714285714286,0.6661428571428571
S2324-G0585,2,PHI,36.0,26,0,124.0,1.3333333333333333,0.9239999999999999
S2324-G0585,3,ORL,16.0,17,0,109.0,0.8888888888888888,0.6423333333333333
S2324-G0585,3,PHI,21.0,15,0,124.0,1.3125,0.9115
S2324-G0585,4,ORL,33.0,21,0,109.0,1.5,1.009
S2324-G0585,4,PHI,35.0,20,0,124.0,1.6666666666666667,1.124
S2324-G0586,1,BOS,32.0,22,0,100.0,1.391304347826087,0.9347826086956521
S2324-G0586,1,DEN,31.0,23,0,102.0,1.2916666666666667,0.877
S2324-G0586,2,BOS,29.0,23,0,100.0,1.2083333333333333,0.825
S2324-G0586,2,DEN,24.0,21,0,102.0,1.0909090909090908,0.7565454545454544
S2324-G0586,3,BOS,21.0,19,0,100.0,1.05,0.73
S2324-G0586,3,DEN,26.0,18,0,102.0,1.368421052631579,0.9230526315789473
S2324-G0586,4,BOS,18.0,17,0,100.0,1.0,0.7
S2324-G0586,4,DEN,21.0,15,0,102.0,1.3125,0.8895
S2324-G0587,1,ATL,32.0,28,0,109.0,1.103448275862069,0.7710689655172414
S2324-G0587,1,MIA,24.0,26,0,108.0,0.8888888888888888,0.6413333333333333
S2324-G0587,2,ATL,25.0,21,0,109.0,1.1363636363636365,0.7908181818181819
S2324-G0587,2,MIA,32.0,22,0,108.0,1.391304347826087,0.9427826086956521
S2324-G0587,3,ATL,24.0,23,0,109.0,1.0,0.709
S2324-G0587,3,MIA,27.0,23,0,108.0,1.125,0.7829999999999999
S2324-G0587,4,ATL,28.0,24,0,109.0,1.12,0.781
S2324-G0587,4,MIA,25.0,24,0,108.0,1.0,0.708
S2324-G0588,1,NOP,28.0,25,0,109.0,1.0769230769230769,0.7551538461538461
S2324-G0588,1,PHX,41.0,26,0,123.0,1.5185185185185186,1.0341111111111112
S2324-G0588,2,NOP,24.0,22,0,109.0,1.0434782608695652,0.735086956521739
S2324-G0588,2,PHX,28.0,23,0,123.0,1.1666666666666667,0.8230000000000001
S2324-G0588,3,NOP,28.0,21,0,109.0,1.2727272727272727,0.8726363636363635
S2324-G0588,3,PHX,31.0,20,0,123.0,1.4761904761904763,1.008714285714286
S2324-G0588,4,NOP,29.0,21,0,109.0,1.3181818181818181,0.8999090909090909
S2324-G0588,4,PHX,23.0,20,0,123.0,1.0952380952380953,0.7801428571428571
S2324-G0589,1,DAL,27.0,25,0,100.0,1.0384615384615385,0.7230769230769231
S2324-G0589,1,GSW,28.0,26,0,104.0,1.037037037037037,0.7262222222222221
S2324-G0589,2,DAL,22.0,24,0,100.0,0.88,0.628
S2324-G0589,2,GSW,21.0,27,0,104.0,0.75,0.5539999999999999
S2324-G0589,3,DAL,25.0,26,0,100.0,0.9259259259259259,0.6555555555555556
S2324-G0589,3,GSW,31.0,23,0,104.0,1.2916666666666667,0.879
S2324-G0589,4,DAL,26.0,22,0,100.0,1.1304347826086956,0.7782608695652173
S2324-G0589,4,GSW,24.0,21,0,104.0,1.0909090909090908,0.7585454545454544
S2324-G0590,1,IND,31.0,25,0,115.0,1.1923076923076923,0.8303846153846154
S2324-G0590,1,POR,34.0,31,0,118.0,1.0625,0.7555
S2324-G0590,2,IND,22.0,21,0,115.0,1.0,0.715
S2324-G0590,2,POR,30.0,21,0,118.0,1.3636363636363635,0.9361818181818181
S2324-G0590,3,IND,28.0,20,0,115.0,1.3333333333333333,0.9149999999999999
S2324-G0590,3,POR,24.0,23,0,118.0,1.0,0.718
S2324-G0590,4,IND,34.0,19,0,115.0,1.7,1.135
S2324-G0590,4,POR,30.0,16,0,118.0,1.7647058823529411,1.1768235294117648
S2324-G0591,1,BKN,28.0,25,0,130.0,1.0769230769230769,0.7761538461538461
S2324-G0591,1,LAL,37.0,28,0,112.0,1.2758620689655173,0.8775172413793104
S2324-G0591,2,BKN,34.0,20,0,130.0,1.619047619047619,1.1014285714285714
S2324-G0591,2,LAL,31.0,22,0,112.0,1.3478260869565217,0.920695652173913
S2324-G0591,3,BKN,38.0,21,0,130.0,1.7272727272727273,1.1663636363636365
S2324-G0591,3,LAL,22.0,22,0,112.0,0.9565217391304348,0.6859130434782609
S2324-G0591,4,BKN,30.0,23,0,130.0,1.25,0.88
S2324-G0591,4,LAL,22.0,21,0,112.0,1.0,0.712
S2324-G0592,1,DET,38.0,26,0,135.0,1.4074074074074074,0.9794444444444445
S2324-G0592,1,MIL,34.0,20,0,141.0,1.619047619047619,1.1124285714285713
S2324-G0592,2,DET,29.0,25,0,135.0,1.1153846153846154,0.8042307692307692
S2324-G0592,2,MIL,36.0,25,0,141.0,1.3846153846153846,0.9717692307692307
S2324-G0592,3,DET,31.0,23,0,135.0,1.2916666666666667,0.91
S2324-G0592,3,MIL,33.0,19,0,141.0,1.65,1.1309999999999998
S2324-G0592,4,DET,37.0,27,0,135.0,1.3214285714285714,0.9278571428571428
S2324-G0592,4,MIL,38.0,25,0,141.0,1.4615384615384615,1.0179230769230767
S2324-G0593,1,CHA,24.0,20,0,89.0,1.1428571428571428,0.7747142857142856
S2324-G0593,1,PHI,24.0,18,0,97.0,1.263157894736842,0.8548947368421052
S2324-G0593,2,CHA,21.0,20,0,89.0,1.0,0.689
S2324-G0593,2,PHI,22.0,19,0,97.0,1.1,0.757
S2324-G0593,3,CHA,28.0,21,0,89.0,1.2727272727272727,0.8526363636363635
S2324-G0593,3,PHI,23.0,22,0,97.0,1.0,0.697
S2324-G0593,4,CHA,16.0,23,0,89.0,0.6666666666666666,0.489
S2324-G0593,4,PHI,28.0,24,0,97.0,1.12,0.769
S2324-G0594,1,SAS,37.0,28,0,131.0,1.2758620689655173,0.8965172413793104
S2324-G0594,1,WAS,36.0,30,0,127.0,1.1612903225806452,0.8237741935483871
S2324-G0594,2,SAS,35.0,23,0,131.0,1.4583333333333333,1.0059999999999998
S2324-G0594,2,WAS,30.0,25,0,127.0,1.1538461538461537,0.8193076923076922
S2324-G0594,3,SAS,28.0,26,0,131.0,1.037037037037037,0.7532222222222221
S2324-G0594,3,WAS,34.0,30,0,127.0,1.096774193548387,0.7850645161290322
S2324-G0594,4,SAS,31.0,21,0,131.0,1.4090909090909092,0.9764545454545455
S2324-G0594,4,WAS,27.0,23,0,127.0,1.125,0.8019999999999999
S2324-G0595,1,ATL,20.0,23,0,95.0,0.8333333333333334,0.595
S2324-G0595,1,CLE,25.0,26,0,116.0,0.9259259259259259,0.6715555555555556
S2324-G0595,2,ATL,25.0,21,0,95.0,1.1363636363636365,0.7768181818181819
S2324-G0595,2,CLE,34.0,19,0,116.0,1.7,1.1360000000000001
S2324-G0595,3,ATL,25.0,23,0,95.0,1.0416666666666667,0.72
S2324-G0595,3,CLE,34.0,22,0,116.0,1.4782608695652173,1.0029565217391303
S2324-G0595,4,ATL,25.0,18,0,95.0,1.3157894736842106,0.8844736842105263
S2324-G0595,4,CLE,23.0,18,0,116.0,1.2105263157894737,0.8423157894736841
S2324-G0596,1,NYK,31.0,26,0,126.0,1.1481481481481481,0.8148888888888889
S2324-G0596,1,TOR,31.0,29,0,100.0,1.0333333333333334,0.72
S2324-G0596,2,NYK,28.0,25,0,126.0,1.0769230769230769,0.7721538461538461
S2324-G0596,2,TOR,26.0,24,0,100.0,1.04,0.724
S2324-G0596,3,NYK,33.0,22,0,126.0,1.434782608695652,0.9868695652173912
S2324-G0596,3,TOR,21.0,21,0,100.0,0.9545454545454546,0.6727272727272727
S2324-G0596,4,NYK,34.0,24,0,126.0,1.36,0.9420000000000001
S2324-G0596,4,TOR,22.0,26,0,100.0,0.8148148148148148,0.5888888888888888
S2324-G0597,1,CHI,21.0,20,0,125.0,1.0,0.725
S2324-G0597,1,MEM,17.0,20,0,96.0,0.8095238095238095,0.5817142857142857
S2324-G0597,2,CHI,29.0,25,0,125.0,1.1153846153846154,0.7942307692307692
S2324-G0597,2,MEM,23.0,21,0,96.0,1.0454545454545454,0.7232727272727272
S2324-G0597,3,CHI,36.0,22,0,125.0,1.565217391304348,1.0641304347826086
S2324-G0597,3,MEM,29.0,21,0,96.0,1.3181818181818181,0.8869090909090909
S2324-G0597,4,CHI,39.0,26,0,125.0,1.4444444444444444,0.9916666666666666
S2324-G0597,4,MEM,27.0,27,0,96.0,0.9642857142857143,0.6745714285714285
S2324-G0598,1,HOU,31.0,24,0,127.0,1.24,0.871
S2324-G0598,1,UTA,24.0,26,0,126.0,0.8888888888888888,0.6593333333333333
S2324-G0598,2,HOU,33.0,22,0,127.0,1.434782608695652,0.9878695652173912
S2324-G0598,2,UTA,27.0,24,0,126.0,1.08,0.774
S2324-G0598,3,HOU,25.0,26,0,127.0,0.9259259259259259,0.6825555555555556
S2324-G0598,3,UTA,38.0,28,0,126.0,1.3103448275862069,0.912206896551724
S2324-G0598,4,HOU,26.0,24,0,127.0,1.04,0.751
S2324-G0598,4,UTA,26.0,18,0,126.0,1.368421052631579,0.9470526315789474
S2324-G0598,5,HOU,12.0,10,0,127.0,1.0909090909090908,0.7815454545454544
S2324-G0598,5,UTA,11.0,10,0,126.0,1.0,0.726
S2324-G0599,1,MIN,24.0,23,0,97.0,1.0,0.697
S2324-G0599,1,OKC,30.0,24,0,102.0,1.2,0.822
S2324-G0599,2,MIN,30.0,27,0,97.0,1.0714285714285714,0.7398571428571428
S2324-G0599,2,OKC,27.0,25,0,102.0,1.0384615384615385,0.7250769230769231
S2324-G0599,3,MIN,29.0,17,0,97.0,1.6111111111111112,1.0636666666666668
S2324-G0599,3,OKC,17.0,16,0,102.0,1.0,0.702
S2324-G0599,4,MIN,14.0,15,0,97.0,0.875,0.622
S2324-G0599,4,OKC,28.0,19,0,102.0,1.4,0.942
S2324-G0600,1,BKN,27.0,22,0,114.0,1.173913043478261,0.8183478260869566
S2324-G0600,1,LAC,24.0,21,0,125.0,1.0909090909090908,0.7795454545454544
S2324-G0600,2,BKN,34.0,25,0,114.0,1.3076923076923077,0.8986153846153846
S2324-G0600,2,LAC,25.0,26,0,125.0,0.9259259259259259,0.6805555555555556
S2324-G0600,3,BKN,38.0,23,0,114.0,1.5833333333333333,1.064
S2324-G0600,3,LAC,35.0,26,0,125.0,1.2962962962962963,0.9027777777777778
S2324-G0600,4,BKN,15.0,22,0,114.0,0.6521739130434783,0.505304347826087
S2324-G0600,4,LAC,41.0,20,0,125.0,1.9523809523809523,1.2964285714285713
S2324-G0601,1,MIA,19.0,19,0,87.0,0.95,0.6569999999999999
S2324-G0601,1,ORL,22.0,18,0,105.0,1.1578947368421053,0.7997368421052632
S2324-G0601,2,MIA,27.0,25,0,87.0,1.0384615384615385,0.710076923076923
S2324-G0601,2,ORL,26.0,21,0,105.0,1.1818181818181819,0.8140909090909091
S2324-G0601,3,MIA,23.0,20,0,87.0,1.0952380952380953,0.7441428571428571
S2324-G0601,3,ORL,33.0,24,0,105.0,1.32,0.897
S2324-G0601,4,MIA,18.0,21,0,87.0,0.8181818181818182,0.5779090909090909
S2324-G0601,4,ORL,24.0,19,0,105.0,1.2,0.825
S2324-G0602,1,DEN,33.0,25,0,113.0,1.2692307692307692,0.8745384615384615
S2324-G0602,1,WAS,24.0,20,0,104.0,1.1428571428571428,0.7897142857142856
S2324-G0602,2,DEN,29.0,26,0,113.0,1.0740740740740742,0.7574444444444445
S2324-G0602,2,WAS,28.0,29,0,104.0,0.9333333333333333,0.6639999999999999
S2324-G0602,3,DEN,27.0,20,0,113.0,1.2857142857142858,0.8844285714285715
S2324-G0602,3,WAS,26.0,21,0,104.0,1.1818181818181819,0.8130909090909091
S2324-G0602,4,DEN,24.0,24,0,113.0,0.96,0.689
S2324-G0602,4,WAS,26.0,21,0,104.0,1.1818181818181819,0.8130909090909091
S2324-G0603,1,BOS,35.0,22,0,116.0,1.5217391304347827,1.0290434782608697
S2324-G0603,1,HOU,25.0,20,0,107.0,1.1904761904761905,0.8212857142857143
S2324-G0603,2,BOS,35.0,29,0,116.0,1.1666666666666667,0.8160000000000001
S2324-G0603,2,HOU,30.0,23,0,107.0,1.25,0.857
S2324-G0603,3,BOS,20.0,27,0,116.0,0.7142857142857143,0.5445714285714285
S2324-G0603,3,HOU,25.0,30,0,107.0,0.8064516129032258,0.5908709677419355
S2324-G0603,4,BOS,26.0,25,0,116.0,1.0,0.716
S2324-G0603,4,HOU,27.0,25,0,107.0,1.0384615384615385,0.7300769230769231
S2324-G0604,1,IND,25.0,28,0,110.0,0.8620689655172413,0.6272413793103447
S2324-G0604,1,PHX,33.0,26,0,117.0,1.2222222222222223,0.8503333333333334
S2324-G0604,2,IND,36.0,28,0,110.0,1.2413793103448276,0.8548275862068966
S2324-G0604,2,PHX,32.0,25,0,117.0,1.2307692307692308,0.8554615384615385
S2324-G0604,3,IND,22.0,17,0,110.0,1.2222222222222223,0.8433333333333334
S2324-G0604,3,PHX,26.0,21,0,117.0,1.1818181818181819,0.8260909090909091
S2324-G0604,4,IND,27.0,20,0,110.0,1.2857142857142858,0.8814285714285715
S2324-G0604,4,PHX,26.0,20,0,117.0,1.2380952380952381,0.8598571428571429
S2324-G0605,1,LAL,36.0,23,0,134.0,1.5,1.0339999999999998
S2324-G0605,1,POR,31.0,26,0,110.0,1.1481481481481481,0.7988888888888889
S2324-G0605,2,LAL,31.0,25,0,134.0,1.1923076923076923,0.8493846153846154
S2324-G0605,2,POR,23.0,22,0,110.0,1.0,0.71
S2324-G0605,3,LAL,36.0,24,0,134.0,1.44,0.998
S2324-G0605,3,POR,33.0,23,0,110.0,1.375,0.9349999999999999
S2324-G0605,4,LAL,31.0,23,0,134.0,1.2916666666666667,0.909
S2324-G0605,4,POR,23.0,21,0,110.0,1.0454545454545454,0.7372727272727272
S2324-G0606,1,DET,30.0,23,0,113.0,1.25,0.863
S2324-G0606,1,MIL,30.0,24,0,122.0,1.2,0.842
S2324-G0606,2,DET,26.0,19,0,113.0,1.3,0.893
S2324-G0606,2,MIL,28.0,21,0,122.0,1.2727272727272727,0.8856363636363636
S2324-G0606,3,DET,29.0,18,0,113.0,1.5263157894736843,1.0287894736842105
S2324-G0606,3,MIL,31.0,21,0,122.0,1.4090909090909092,0.9674545454545455
S2324-G0606,4,DET,28.0,24,0,113.0,1.12,0.785
S2324-G0606,4,MIL,33.0,23,0,122.0,1.375,0.947
S2324-G0607,1,CLE,38.0,27,0,126.0,1.3571428571428572,0.9402857142857143
S2324-G0607,1,ORL,19.0,26,0,99.0,0.7037037037037037,0.5212222222222223
S2324-G0607,2,CLE,34.0,23,0,126.0,1.4166666666666667,0.976
S2324-G0607,2,ORL,28.0,23,0,99.0,1.1666666666666667,0.799
S2324-G0607,3,CLE,35.0,24,0,126.0,1.4,0.966
S2324-G0607,3,ORL,27.0,27,0,99.0,0.9642857142857143,0.6775714285714285
S2324-G0607,4,CLE,19.0,13,0,126.0,1.3571428571428572,0.9402857142857143
S2324-G0607,4,ORL,25.0,15,0,99.0,1.5625,1.0365
S2324-G0608,1,PHI,34.0,23,0,133.0,1.4166666666666667,0.983
S2324-G0608,1,SAS,35.0,23,0,123.0,1.4583333333333333,0.9979999999999999
S2324-G0608,2,PHI,28.0,20,0,133.0,1.3333333333333333,0.9329999999999999
S2324-G0608,2,SAS,23.0,17,0,123.0,1.2777777777777777,0.8896666666666666
S2324-G0608,3,PHI,42.0,23,0,133.0,1.75,1.183
S2324-G0608,3,SAS,31.0,25,0,123.0,1.1923076923076923,0.8383846153846154
S2324-G0608,4,PHI,29.0,21,0,133.0,1.3181818181818181,0.9239090909090909
S2324-G0608,4,SAS,34.0,22,0,123.0,1.4782608695652173,1.0099565217391304
S2324-G0609,1,MEM,30.0,30,0,108.0,0.967741935483871,0.6886451612903226
S2324-G0609,1,TOR,25.0,28,0,100.0,0.8620689655172413,0.6172413793103447
S2324-G0609,2,MEM,23.0,19,0,108.0,1.15,0.7979999999999999
S2324-G0609,2,TOR,21.0,23,0,100.0,0.875,0.625
S2324-G0609,3,MEM,32.0,23,0,108.0,1.3333333333333333,0.9079999999999999
S2324-G0609,3,TOR,25.0,23,0,100.0,1.0416666666666667,0.725
S2324-G0609,4,MEM,23.0,22,0,108.0,1.0,0.708
S2324-G0609,4,TOR,29.0,20,0,100.0,1.380952380952381,0.9285714285714285
S2324-G0610,1,CHA,32.0,24,0,128.0,1.28,0.896
S2324-G0610,1,MIN,34.0,25,0,125.0,1.3076923076923077,0.9096153846153846
S2324-G0610,2,CHA,32.0,25,0,128.0,1.2307692307692308,0.8664615384615385
S2324-G0610,2,MIN,35.0,26,0,125.0,1.2962962962962963,0.9027777777777778
S2324-G0610,3,CHA,28.0,25,0,128.0,1.0769230769230769,0.7741538461538461
S2324-G0610,3,MIN,38.0,23,0,125.0,1.5833333333333333,1.075
S2324-G0610,4,CHA,36.0,18,0,128.0,1.894736842105263,1.264842105263158
S2324-G0610,4,MIN,18.0,20,0,125.0,0.8571428571428571,0.6392857142857142
S2324-G0611,1,BOS,24.0,20,0,119.0,1.1428571428571428,0.8047142857142856
S2324-G0611,1,DAL,26.0,20,0,110.0,1.2380952380952381,0.8528571428571429
S2324-G0611,2,BOS,41.0,23,0,119.0,1.7083333333333333,1.144
S2324-G0611,2,DAL,33.0,26,0,110.0,1.2222222222222223,0.8433333333333334
S2324-G0611,3,BOS,29.0,20,0,119.0,1.380952380952381,0.9475714285714285
S2324-G0611,3,DAL,24.0,18,0,110.0,1.263157894736842,0.8678947368421052
S2324-G0611,4,BOS,25.0,18,0,119.0,1.3157894736842106,0.9084736842105263
S2324-G0611,4,DAL,27.0,22,0,110.0,1.173913043478261,0.8143478260869565
S2324-G0612,1,CHI,37.0,25,0,113.0,1.4230769230769231,0.9668461538461538
S2324-G0612,1,PHX,22.0,23,0,115.0,0.9166666666666666,0.6649999999999999
S2324-G0612,2,CHI,29.0,25,0,113.0,1.1153846153846154,0.7822307692307692
S2324-G0612,2,PHX,27.0,21,0,115.0,1.2272727272727273,0.8513636363636363
S2324-G0612,3,CHI,24.0,21,0,113.0,1.0909090909090908,0.7675454545454544
S2324-G0612,3,PHX,34.0,18,0,115.0,1.7894736842105263,1.1886842105263158
S2324-G0612,4,CHI,23.0,19,0,113.0,1.15,0.8029999999999999
S2324-G0612,4,PHX,32.0,21,0,115.0,1.4545454545454546,0.9877272727272727
S2324-G0613,1,ATL,24.0,23,0,107.0,1.0,0.707
S2324-G0613,1,SAC,27.0,19,0,122.0,1.35,0.932
S2324-G0613,2,ATL,16.0,18,0,107.0,0.8421052631578947,0.6122631578947367
S2324-G0613,2,SAC,30.0,18,0,122.0,1.5789473684210527,1.0693684210526315
S2324-G0613,3,ATL,29.0,23,0,107.0,1.2083333333333333,0.832
S2324-G0613,3,SAC,30.0,27,0,122.0,1.0714285714285714,0.7648571428571428
S2324-G0613,4,ATL,38.0,24,0,107.0,1.52,1.019
S2324-G0613,4,SAC,35.0,22,0,122.0,1.5217391304347827,1.0350434782608695
S2324-G0614,1,DEN,28.0,25,0,114.0,1.0769230769230769,0.7601538461538461
S2324-G0614,1,IND,29.0,24,0,109.0,1.16,0.8049999999999999
S2324-G0614,2,DEN,26.0,19,0,114.0,1.3,0.894
S2324-G0614,2,IND,33.0,20,0,109.0,1.5714285714285714,1.0518571428571428
S2324-G0614,3,DEN,39.0,23,0,114.0,1.625,1.089
S2324-G0614,3,IND,19.0,21,0,109.0,0.8636363636363636,0.6271818181818182
S2324-G0614,4,DEN,21.0,18,0,114.0,1.105263157894737,0.7771578947368422
S2324-G0614,4,IND,28.0,19,0,109.0,1.4,0.949
S2324-G0615,1,BKN,28.0,26,0,103.0,1.037037037037037,0.7252222222222221
S2324-G0615,1,NYK,26.0,21,0,108.0,1.1818181818181819,0.8170909090909091
S2324-G0615,2,BKN,21.0,24,0,103.0,0.84,0.607
S2324-G0615,2,NYK,24.0,22,0,108.0,1.0434782608695652,0.734086956521739
S2324-G0615,3,BKN,36.0,26,0,103.0,1.3333333333333333,0.9029999999999999
S2324-G0615,3,NYK,26.0,25,0,108.0,1.0,0.708
S2324-G0615,4,BKN,18.0,20,0,103.0,0.8571428571428571,0.6172857142857142
S2324-G0615,4,NYK,32.0,21,0,108.0,1.4545454545454546,0.9807272727272727
S2324-G0616,1,NOP,34.0,25,0,153.0,1.3076923076923077,0.9376153846153846
S2324-G0616,1,UTA,30.0,25,0,124.0,1.1538461538461537,0.8163076923076922
S2324-G0616,2,NOP,43.0,28,0,153.0,1.4827586206896552,1.0426551724137931
S2324-G0616,2,UTA,29.0,26,0,124.0,1.0740740740740742,0.7684444444444445
S2324-G0616,3,NOP,38.0,28,0,153.0,1.3103448275862069,0.9392068965517241
S2324-G0616,3,UTA,32.0,26,0,124.0,1.1851851851851851,0.835111111111111
S2324-G0616,4,NOP,38.0,24,0,153.0,1.52,1.065
S2324-G0616,4,UTA,33.0,20,0,124.0,1.5714285714285714,1.0668571428571427
S2324-G0617,1,OKC,38.0,26,0,111.0,1.4074074074074074,0.9554444444444444
S2324-G0617,1,POR,28.0,29,0,109.0,0.9333333333333333,0.6689999999999999
S2324-G0617,2,OKC,20.0,25,0,111.0,0.7692307692307693,0.5725384615384616
S2324-G0617,2,POR,38.0,24,0,109.0,1.52,1.021
S2324-G0617,3,OKC,30.0,22,0,111.0,1.3043478260869565,0.8936086956521739
S2324-G0617,3,POR,20.0,21,0,109.0,0.9090909090909091,0.6544545454545454
S2324-G0617,4,OKC,23.0,18,0,111.0,1.2105263157894737,0.8373157894736841
S2324-G0617,4,POR,23.0,18,0,109.0,1.2105263157894737,0.8353157894736841
S2324-G0618,1,LAC,35.0,23,0,127.0,1.4583333333333333,1.0019999999999998
S2324-G0618,1,LAL,29.0,23,0,116.0,1.2083333333333333,0.841
S2324-G0618,2,LAC,42.0,27,0,127.0,1.5,1.027
S2324-G0618,2,LAL,35.0,28,0,116.0,1.206896551724138,0.8401379310344828
S2324-G0618,3,LAC,29.0,23,0,127.0,1.2083333333333333,0.852
S2324-G0618,3,LAL,33.0,27,0,116.0,1.1785714285714286,0.8231428571428572
S2324-G0618,4,LAC,21.0,20,0,127.0,1.0,0.727
S2324-G0618,4,LAL,19.0,25,0,116.0,0.7307692307692307,0.5544615384615383
S2324-G0619,1,CHA,31.0,23,0,106.0,1.2916666666666667,0.881
S2324-G0619,1,DET,28.0,22,0,113.0,1.2173913043478262,0.8434347826086956
S2324-G0619,2,CHA,21.0,19,0,106.0,1.05,0.736
S2324-G0619,2,DET,24.0,22,0,113.0,1.0434782608695652,0.7390869565217391
S2324-G0619,3,CHA,40.0,27,0,106.0,1.4285714285714286,0.9631428571428571
S2324-G0619,3,DET,37.0,22,0,113.0,1.608695652173913,1.0782173913043478
S2324-G0619,4,CHA,14.0,17,0,106.0,0.7777777777777778,0.5726666666666667
S2324-G0619,4,DET,24.0,17,0,113.0,1.3333333333333333,0.9129999999999999
S2324-G0620,1,MIN,30.0,25,0,118.0,1.1538461538461537,0.8103076923076922
S2324-G0620,1,WAS,24.0,26,0,107.0,0.8888888888888888,0.6403333333333333
S2324-G0620,2,MIN,27.0,24,0,118.0,1.08,0.766
S2324-G0620,2,WAS,35.0,23,0,107.0,1.4583333333333333,0.9819999999999999
S2324-G0620,3,MIN,33.0,22,0,118.0,1.434782608695652,0.9788695652173912
S2324-G0620,3,WAS,19.0,21,0,107.0,0.8636363636363636,0.6251818181818182
S2324-G0620,4,MIN,28.0,23,0,118.0,1.1666666666666667,0.8180000000000001
S2324-G0620,4,WAS,29.0,25,0,107.0,1.1153846153846154,0.7762307692307692
S2324-G0621,1,MEM,21.0,20,0,105.0,1.0,0.705
S2324-G0621,1,MIA,22.0,22,0,96.0,0.9565217391304348,0.6699130434782609
S2324-G0621,2,MEM,28.0,26,0,105.0,1.037037037037037,0.7272222222222221
S2324-G0621,2,MIA,20.0,24,0,96.0,0.8,0.576
S2324-G0621,3,MEM,33.0,22,0,105.0,1.434782608695652,0.9658695652173912
S2324-G0621,3,MIA,26.0,19,0,96.0,1.3,0.876
S2324-G0621,4,MEM,23.0,21,0,105.0,1.0454545454545454,0.7322727272727272
S2324-G0621,4,MIA,28.0,23,0,96.0,1.1666666666666667,0.796
S2324-G0622,1,OKC,35.0,28,0,140.0,1.206896551724138,0.8641379310344828
S2324-G0622,1,SAS,28.0,27,0,114.0,1.0,0.714
S2324-G0622,2,OKC,28.0,26,0,140.0,1.037037037037037,0.7622222222222221
S2324-G0622,2,SAS,24.0,25,0,114.0,0.9230769230769231,0.6678461538461539
S2324-G0622,3,OKC,37.0,24,0,140.0,1.48,1.028
S2324-G0622,3,SAS,24.0,25,0,114.0,0.9230769230769231,0.6678461538461539
S2324-G0622,4,OKC,40.0,34,0,140.0,1.1428571428571428,0.8257142857142856
S2324-G0622,4,SAS,38.0,26,0,114.0,1.4074074074074074,0.9584444444444444
S2324-G0623,1,HOU,31.0,23,0,131.0,1.2916666666666667,0.906
S2324-G0623,1,POR,30.0,20,0,137.0,1.4285714285714286,0.9941428571428571
S2324-G0623,2,HOU,32.0,19,0,131.0,1.6,1.091
S2324-G0623,2,POR,27.0,22,0,137.0,1.173913043478261,0.8413478260869566
S2324-G0623,3,HOU,33.0,23,0,131.0,1.375,0.956
S2324-G0623,3,POR,41.0,20,0,137.0,1.9523809523809523,1.3084285714285713
S2324-G0623,4,HOU,28.0,27,0,131.0,1.0,0.731
S2324-G0623,4,POR,26.0,29,0,137.0,0.8666666666666667,0.657
S2324-G0623,5,HOU,7.0,8,0,131.0,0.7777777777777778,0.5976666666666667
S2324-G0623,5,POR,13.0,9,0,137.0,1.3,0.917
S2324-G0624,1,CLE,28.0,22,0,116.0,1.2173913043478262,0.8464347826086956
S2324-G0624,1,MIL,32.0,24,0,126.0,1.28,0.894
S2324-G0624,2,CLE,23.0,26,0,116.0,0.8518518518518519,0.6271111111111111
S2324-G0624,2,MIL,29.0,25,0,126.0,1.1153846153846154,0.7952307692307692
S2324-G0624,3,CLE,28.0,24,0,116.0,1.12,0.788
S2324-G0624,3,MIL,32.0,25,0,126.0,1.2307692307692308,0.8644615384615385
S2324-G0624,4,CLE,37.0,24,0,116.0,1.48,1.004
S2324-G0624,4,MIL,33.0,25,0,126.0,1.2692307692307692,0.8875384615384615
S2324-G0625,1,DAL,34.0,20,0,109.0,1.619047619047619,1.0804285714285715
S2324-G0625,1,PHX,25.0,21,0,132.0,1.1363636363636365,0.8138181818181819
S2324-G0625,2,DAL,24.0,24,0,109.0,0.96,0.6849999999999999
S2324-G0625,2,PHX,32.0,28,0,132.0,1.103448275862069,0.7940689655172414
S2324-G0625,3,DAL,20.0,27,0,109.0,0.7142857142857143,0.5375714285714286
S2324-G0625,3,PHX,43.0,31,0,132.0,1.34375,0.93825
S2324-G0625,4,DAL,31.0,24,0,109.0,1.24,0.853
S2324-G0625,4,PHX,32.0,25,0,132.0,1.2307692307692308,0.8704615384615385
S2324-G0626,1,ATL,31.0,21,0,112.0,1.4090909090909092,0.9574545454545454
S2324-G0626,1,GSW,38.0,24,0,134.0,1.52,1.0459999999999998
S2324-G0626,2,ATL,37.0,24,0,112.0,1.48,1.0
S2324-G0626,2,GSW,31.0,27,0,134.0,1.1071428571428572,0.7982857142857143
S2324-G0626,3,ATL,24.0,23,0,112.0,1.0,0.712
S2324-G0626,3,GSW,32.0,21,0,134.0,1.4545454545454546,1.0067272727272727
S2324-G0626,4,ATL,20.0,23,0,112.0,0.8333333333333334,0.612
S2324-G0626,4,GSW,33.0,24,0,134.0,1.32,0.926
S2324-G0627,1,IND,34.0,26,0,134.0,1.2592592592592593,0.8895555555555555
S2324-G0627,1,PHI,25.0,23,0,122.0,1.0416666666666667,0.747
S2324-G0627,2,IND,39.0,26,0,134.0,1.4444444444444444,1.0006666666666666
S2324-G0627,2,PHI,36.0,27,0,122.0,1.2857142857142858,0.8934285714285715
S2324-G0627,3,IND,37.0,29,0,134.0,1.2333333333333334,0.874
S2324-G0627,3,PHI,28.0,27,0,122.0,1.0,0.722
S2324-G0627,4,IND,24.0,33,0,134.0,0.7058823529411765,0.5575294117647058
S2324-G0627,4,PHI,33.0,28,0,122.0,1.1379310344827587,0.8047586206896552
S2324-G0628,1,UTA,36.0,31,0,123.0,1.125,0.7979999999999999
S2324-G0628,1,WAS,29.0,28,0,108.0,1.0,0.708
S2324-G0628,2,UTA,28.0,23,0,123.0,1.1666666666666667,0.8230000000000001
S2324-G0628,2,WAS,27.0,22,0,108.0,1.173913043478261,0.8123478260869565
S2324-G0628,3,UTA,34.0,20,0,123.0,1.619047619047619,1.0944285714285713
S2324-G0628,3,WAS,22.0,21,0,108.0,1.0,0.708
S2324-G0628,4,UTA,25.0,25,0,123.0,0.9615384615384616,0.6999230769230769
S2324-G0628,4,WAS,30.0,24,0,108.0,1.2,0.828
S2324-G0629,1,BKN,31.0,25,0,94.0,1.1923076923076923,0.8093846153846154
S2324-G0629,1,MIN,24.0,22,0,96.0,1.0434782608695652,0.722086956521739
S2324-G0629,2,BKN,17.0,21,0,94.0,0.7727272727272727,0.5576363636363636
S2324-G0629,2,MIN,36.0,22,0,96.0,1.565217391304348,1.0351304347826087
S2324-G0629,3,BKN,26.0,19,0,94.0,1.3,0.874
S2324-G0629,3,MIN,21.0,18,0,96.0,1.105263157894737,0.7591578947368421
S2324-G0629,4,BKN,20.0,18,0,94.0,1.0526315789473684,0.725578947368421
S2324-G0629,4,MIN,15.0,21,0,96.0,0.6818181818181818,0.505090909090909
S2324-G0630,1,BOS,42.0,22,0,143.0,1.826086956521739,1.2386521739130434
S2324-G0630,1,MIA,29.0,25,0,110.0,1.1153846153846154,0.7792307692307692
S2324-G0630,2,BOS,35.0,23,0,143.0,1.4583333333333333,1.0179999999999998
S2324-G0630,2,MIA,35.0,21,0,110.0,1.5909090909090908,1.0645454545454545
S2324-G0630,3,BOS,36.0,22,0,143.0,1.565217391304348,1.0821304347826086
S2324-G0630,3,MIA,26.0,21,0,110.0,1.1818181818181819,0.8190909090909091
S2324-G0630,4,BOS,30.0,21,0,143.0,1.3636363636363635,0.9611818181818181
S2324-G0630,4,MIA,20.0,19,0,110.0,1.0,0.71
S2324-G0631,1,DEN,21.0,22,0,84.0,0.9130434782608695,0.6318260869565216
S2324-G0631,1,NYK,33.0,21,0,122.0,1.5,1.0219999999999998
S2324-G0631,2,DEN,20.0,20,0,84.0,0.9523809523809523,0.6554285714285714
S2324-G0631,2,NYK,29.0,23,0,122.0,1.2083333333333333,0.847
S2324-G0631,3,DEN,25.0,25,0,84.0,0.9615384615384616,0.6609230769230768
S2324-G0631,3,NYK,36.0,29,0,122.0,1.2,0.842
S2324-G0631,4,DEN,18.0,20,0,84.0,0.8571428571428571,0.5982857142857142
S2324-G0631,4,NYK,24.0,18,0,122.0,1.263157894736842,0.8798947368421052
S2324-G0632,1,GSW,32.0,25,0,133.0,1.2307692307692308,0.8714615384615385
S2324-G0632,1,SAC,40.0,23,0,134.0,1.6666666666666667,1.134
S2324-G0632,2,GSW,40.0,21,0,133.0,1.8181818181818181,1.2239090909090908
S2324-G0632,2,SAC,35.0,24,0,134.0,1.4,0.974
S2324-G0632,3,GSW,29.0,23,0,133.0,1.2083333333333333,0.858
S2324-G0632,3,SAC,29.0,26,0,134.0,1.0740740740740742,0.7784444444444445
S2324-G0632,4,GSW,32.0,27,0,133.0,1.1428571428571428,0.8187142857142856
S2324-G0632,4,SAC,30.0,27,0,134.0,1.0714285714285714,0.7768571428571428
S2324-G0633,1,CHI,32.0,22,0,132.0,1.391304347826087,0.9667826086956521
S2324-G0633,1,LAL,31.0,21,0,141.0,1.4090909090909092,0.9864545454545455
S2324-G0633,2,CHI,25.0,28,0,132.0,0.8620689655172413,0.6492413793103448
S2324-G0633,2,LAL,42.0,24,0,141.0,1.68,1.149
S2324-G0633,3,CHI,36.0,27,0,132.0,1.2857142857142858,0.9034285714285715
S2324-G0633,3,LAL,39.0,26,0,141.0,1.4444444444444444,1.0076666666666665
S2324-G0633,4,CHI,39.0,26,0,132.0,1.4444444444444444,0.9986666666666666
S2324-G0633,4,LAL,29.0,29,0,141.0,0.9666666666666667,0.721
S2324-G0634,1,ATL,31.0,22,0,143.0,1.3478260869565217,0.951695652173913
S2324-G0634,1,DAL,27.0,22,0,148.0,1.173913043478261,0.8523478260869566
S2324-G0634,2,ATL,35.0,21,0,143.0,1.5909090909090908,1.0975454545454544
S2324-G0634,2,DAL,39.0,27,0,148.0,1.3928571428571428,0.9837142857142857
S2324-G0634,3,ATL,36.0,24,0,143.0,1.44,1.007
S2324-G0634,3,DAL,42.0,23,0,148.0,1.75,1.198
S2324-G0634,4,ATL,41.0,25,0,143.0,1.5769230769230769,1.0891538461538461
S2324-G0634,4,DAL,40.0,25,0,148.0,1.5384615384615385,1.071076923076923
S2324-G0635,1,CHA,28.0,20,0,104.0,1.3333333333333333,0.9039999999999999
S2324-G0635,1,HOU,30.0,22,0,138.0,1.3043478260869565,0.920608695652174
S2324-G0635,2,CHA,25.0,21,0,104.0,1.1363636363636365,0.7858181818181819
S2324-G0635,2,HOU,25.0,19,0,138.0,1.25,0.888
S2324-G0635,3,CHA,25.0,27,0,104.0,0.8928571428571429,0.6397142857142857
S2324-G0635,3,HOU,44.0,26,0,138.0,1.6296296296296295,1.1157777777777775
S2324-G0635,4,CHA,26.0,26,0,104.0,0.9629629629629629,0.6817777777777777
S2324-G0635,4,HOU,39.0,27,0,138.0,1.3928571428571428,0.9737142857142856
S2324-G0636,1,IND,31.0,30,0,133.0,1.0,0.733
S2324-G0636,1,PHX,40.0,28,0,131.0,1.3793103448275863,0.9585862068965517
S2324-G0636,2,IND,39.0,35,0,133.0,1.0833333333333333,0.7829999999999999
S2324-G0636,2,PHX,40.0,35,0,131.0,1.1111111111111112,0.7976666666666666
S2324-G0636,3,IND,35.0,27,0,133.0,1.25,0.883
S2324-G0636,3,PHX,34.0,27,0,131.0,1.2142857142857142,0.8595714285714285
S2324-G0636,4,IND,28.0,20,0,133.0,1.3333333333333333,0.9329999999999999
S2324-G0636,4,PHX,17.0,20,0,131.0,0.8095238095238095,0.6167142857142858
S2324-G0637,1,LAC,29.0,19,0,127.0,1.45,0.997
S2324-G0637,1,TOR,20.0,21,0,107.0,0.9090909090909091,0.6524545454545454
S2324-G0637,2,LAC,37.0,30,0,127.0,1.1935483870967742,0.8431290322580646
S2324-G0637,2,TOR,32.0,29,0,107.0,1.0666666666666667,0.747
S2324-G0637,3,LAC,29.0,24,0,127.0,1.16,0.823
S2324-G0637,3,TOR,29.0,23,0,107.0,1.2083333333333333,0.832
S2324-G0637,4,LAC,32.0,22,0,127.0,1.391304347826087,0.9617826086956521
S2324-G0637,4,TOR,26.0,25,0,107.0,1.0,0.707
S2324-G0638,1,MEM,31.0,23,0,107.0,1.2916666666666667,0.882
S2324-G0638,1,ORL,31.0,26,0,106.0,1.1481481481481481,0.7948888888888889
S2324-G0638,2,MEM,37.0,24,0,107.0,1.48,0.995
S2324-G0638,2,ORL,28.0,21,0,106.0,1.2727272727272727,0.8696363636363635
S2324-G0638,3,MEM,22.0,26,0,107.0,0.8148148148148148,0.5958888888888888
S2324-G0638,3,ORL,25.0,22,0,106.0,1.0869565217391304,0.7581739130434781
S2324-G0638,4,MEM,17.0,19,0,107.0,0.85,0.617
S2324-G0638,4,ORL,22.0,17,0,106.0,1.2222222222222223,0.8393333333333334
S2324-G0639,1,CLE,30.0,24,0,112.0,1.2,0.832
S2324-G0639,1,MIL,28.0,25,0,100.0,1.0769230769230769,0.7461538461538461
S2324-G0639,2,CLE,24.0,25,0,112.0,0.9230769230769231,0.6658461538461539
S2324-G0639,2,MIL,29.0,21,0,100.0,1.3181818181818181,0.8909090909090909
S2324-G0639,3,CLE,26.0,21,0,112.0,1.1818181818181819,0.8210909090909091
S2324-G0639,3,MIL,20.0,22,0,100.0,0.8695652173913043,0.6217391304347826
S2324-G0639,4,CLE,32.0,23,0,112.0,1.3333333333333333,0.9119999999999999
S2324-G0639,4,MIL,23.0,23,0,100.0,0.9583333333333334,0.6749999999999999
S2324-G0640,1,NOP,24.0,19,0,83.0,1.2,0.8029999999999999
S2324-G0640,1,OKC,22.0,19,0,107.0,1.1,0.767
S2324-G0640,2,NOP,17.0,19,0,83.0,0.85,0.593
S2324-G0640,2,OKC,28.0,22,0,107.0,1.2173913043478262,0.8374347826086956
S2324-G0640,3,NOP,23.0,23,0,83.0,0.9583333333333334,0.6579999999999999
S2324-G0640,3,OKC,27.0,22,0,107.0,1.173913043478261,0.8113478260869565
S2324-G0640,4,NOP,19.0,24,0,83.0,0.76,0.5389999999999999
S2324-G0640,4,OKC,30.0,24,0,107.0,1.2,0.827
S2324-G0641,1,POR,33.0,24,0,100.0,1.32,0.892
S2324-G0641,1,SAS,26.0,26,0,116.0,0.9629629629629629,0.6937777777777777
S2324-G0641,2,POR,24.0,26,0,100.0,0.8888888888888888,0.6333333333333333
S2324-G0641,2,SAS,36.0,26,0,116.0,1.3333333333333333,0.9159999999999999
S2324-G0641,3,POR,21.0,23,0,100.0,0.875,0.625
S2324-G0641,3,SAS,26.0,22,0,116.0,1.1304347826086956,0.7942608695652174
S2324-G0641,4,POR,22.0,22,0,100.0,0.9565217391304348,0.6739130434782609
S2324-G0641,4,SAS,28.0,21,0,116.0,1.2727272727272727,0.8796363636363635
S2324-G0642,1,DET,33.0,28,0,104.0,1.1379310344827587,0.7867586206896552
S2324-G0642,1,WAS,36.0,27,0,118.0,1.2857142857142858,0.8894285714285715
S2324-G0642,2,DET,30.0,20,0,104.0,1.4285714285714286,0.9611428571428571
S2324-G0642,2,WAS,25.0,24,0,118.0,1.0,0.718
S2324-G0642,3,DET,22.0,21,0,104.0,1.0,0.704
S2324-G0642,3,WAS,26.0,23,0,118.0,1.0833333333333333,0.7679999999999999
S2324-G0642,4,DET,19.0,21,0,104.0,0.8636363636363636,0.6221818181818182
S2324-G0642,4,WAS,31.0,20,0,118.0,1.4761904761904763,1.0037142857142858
S2324-G0643,1,MIA,30.0,21,0,109.0,1.3636363636363635,0.9271818181818181
S2324-G0643,1,NYK,27.0,20,0,125.0,1.2857142857142858,0.8964285714285715
S2324-G0643,2,MIA,21.0,20,0,109.0,1.0,0.709
S2324-G0643,2,NYK,34.0,19,0,125.0,1.7,1.145
S2324-G0643,3,MIA,35.0,22,0,109.0,1.5217391304347827,1.0220434782608696
S2324-G0643,3,NYK,28.0,23,0,125.0,1.1666666666666667,0.8250000000000001
S2324-G0643,4,MIA,23.0,24,0,109.0,0.92,0.661
S2324-G0643,4,NYK,36.0,20,0,125.0,1.7142857142857142,1.1535714285714285
S2324-G0644,1,DEN,31.0,25,0,111.0,1.1923076923076923,0.8263846153846154
S2324-G0644,1,PHI,27.0,25,0,105.0,1.0384615384615385,0.7280769230769231
S2324-G0644,2,DEN,33.0,27,0,111.0,1.1785714285714286,0.8181428571428572
S2324-G0644,2,PHI,35.0,23,0,105.0,1.4583333333333333,0.9799999999999999
S2324-G0644,3,DEN,22.0,18,0,111.0,1.1578947368421053,0.8057368421052632
S2324-G0644,3,PHI,26.0,23,0,105.0,1.0833333333333333,0.7549999999999999
S2324-G0644,4,DEN,25.0,12,0,111.0,1.9230769230769231,1.2648461538461537
S2324-G0644,4,PHI,17.0,14,0,105.0,1.1333333333333333,0.7849999999999999
S2324-G0645,1,BKN,35.0,19,0,106.0,1.75,1.1560000000000001
S2324-G0645,1,HOU,15.0,21,0,104.0,0.6818181818181818,0.513090909090909
S2324-G0645,2,BKN,25.0,26,0,106.0,0.9259259259259259,0.6615555555555556
S2324-G0645,2,HOU,25.0,22,0,104.0,1.0869565217391304,0.7561739130434781
S2324-G0645,3,BKN,28.0,22,0,106.0,1.2173913043478262,0.8364347826086956
S2324-G0645,3,HOU,30.0,26,0,104.0,1.1111111111111112,0.7706666666666666
S2324-G0645,4,BKN,18.0,24,0,106.0,0.72,0.538
S2324-G0645,4,HOU,34.0,24,0,104.0,1.36,0.92
S2324-G0646,1,BOS,21.0,19,0,96.0,1.05,0.726
S2324-G0646,1,LAC,26.0,21,0,115.0,1.1818181818181819,0.8240909090909091
S2324-G0646,2,BOS,18.0,22,0,96.0,0.782608695652174,0.5655652173913044
S2324-G0646,2,LAC,29.0,23,0,115.0,1.2083333333333333,0.84
S2324-G0646,3,BOS,21.0,24,0,96.0,0.84,0.6
S2324-G0646,3,LAC,36.0,23,0,115.0,1.5,1.015
S2324-G0646,4,BOS,36.0,26,0,96.0,1.3333333333333333,0.8959999999999999
S2324-G0646,4,LAC,24.0,26,0,115.0,0.8888888888888888,0.6483333333333333
S2324-G0647,1,CHA,24.0,28,0,122.0,0.8275862068965517,0.618551724137931
S2324-G0647,1,UTA,47.0,26,0,134.0,1.7407407407407407,1.1784444444444442
S2324-G0647,2,CHA,23.0,25,0,122.0,0.8846153846153846,0.6527692307692308
S2324-G0647,2,UTA,35.0,23,0,134.0,1.4583333333333333,1.009
S2324-G0647,3,CHA,41.0,25,0,122.0,1.5769230769230769,1.0681538461538462
S2324-G0647,3,UTA,23.0,24,0,134.0,0.92,0.686
S2324-G0647,4,CHA,34.0,24,0,122.0,1.36,0.9380000000000001
S2324-G0647,4,UTA,29.0,21,0,134.0,1.3181818181818181,0.9249090909090909
S2324-G0648,1,MIL,36.0,25,0,141.0,1.3846153846153846,0.9717692307692307
S2324-G0648,1,NOP,32.0,23,0,117.0,1.3333333333333333,0.9169999999999999
S2324-G0648,2,MIL,39.0,27,0,141.0,1.3928571428571428,0.9767142857142856
S2324-G0648,2,NOP,31.0,26,0,117.0,1.1481481481481481,0.8058888888888889
S2324-G0648,3,MIL,37.0,24,0,141.0,1.48,1.029
S2324-G0648,3,NOP,24.0,23,0,117.0,1.0,0.717
S2324-G0648,4,MIL,29.0,22,0,141.0,1.2608695652173914,0.8975217391304348
S2324-G0648,4,NOP,30.0,20,0,117.0,1.4285714285714286,0.9741428571428571
S2324-G0649,1,MIN,36.0,24,0,112.0,1.44,0.976
S2324-G0649,1,SAS,23.0,26,0,113.0,0.8518518518518519,0.6241111111111111
S2324-G0649,2,MIN,28.0,25,0,112.0,1.0769230769230769,0.7581538461538461
S2324-G0649,2,SAS,29.0,23,0,113.0,1.2083333333333333,0.838
S2324-G0649,3,MIN,26.0,24,0,112.0,1.04,0.736
S2324-G0649,3,SAS,28.0,20,0,113.0,1.3333333333333333,0.9129999999999999
S2324-G0649,4,MIN,22.0,21,0,112.0,1.0,0.712
S2324-G0649,4,SAS,33.0,24,0,113.0,1.32,0.905
S2324-G0650,1,GSW,30.0,26,0,144.0,1.1111111111111112,0.8106666666666666
S2324-G0650,1,LAL,33.0,31,0,145.0,1.03125,0.76375
S2324-G0650,2,GSW,33.0,27,0,144.0,1.1785714285714286,0.8511428571428572
S2324-G0650,2,LAL,35.0,25,0,145.0,1.3461538461538463,0.9526923076923077
S2324-G0650,3,GSW,36.0,22,0,144.0,1.565217391304348,1.0831304347826087
S2324-G0650,3,LAL,23.0,21,0,145.0,1.0454545454545454,0.7722727272727272
S2324-G0650,4,GSW,19.0,26,0,144.0,0.7037037037037037,0.5662222222222222
S2324-G0650,4,LAL,27.0,25,0,145.0,1.0384615384615385,0.7680769230769231
S2324-G0650,5,GSW,12.0,9,0,144.0,1.2,0.864
S2324-G0650,5,LAL,12.0,10,0,145.0,1.0909090909090908,0.7995454545454544
S2324-G0650,6,GSW,14.0,11,0,144.0,1.1666666666666667,0.8440000000000001
S2324-G0650,6,LAL,15.0,8,0,145.0,1.6666666666666667,1.145
S2324-G0651,1,DAL,25.0,22,0,115.0,1.0869565217391304,0.7671739130434782
S2324-G0651,1,SAC,29.0,21,0,120.0,1.3181818181818181,0.9109090909090909
S2324-G0651,2,DAL,24.0,25,0,115.0,0.9230769230769231,0.6688461538461539
S2324-G0651,2,SAC,34.0,23,0,120.0,1.4166666666666667,0.97
S2324-G0651,3,DAL,26.0,24,0,115.0,1.04,0.739
S2324-G0651,3,SAC,31.0,28,0,120.0,1.0689655172413792,0.7613793103448275
S2324-G0651,4,DAL,40.0,25,0,115.0,1.5384615384615385,1.0380769230769231
S2324-G0651,4,SAC,26.0,23,0,120.0,1.0833333333333333,0.7699999999999999
S2324-G0652,1,IND,23.0,21,0,116.0,1.0454545454545454,0.7432727272727272
S2324-G0652,1,MEM,27.0,21,0,110.0,1.2272727272727273,0.8463636363636363
S2324-G0652,2,IND,28.0,22,0,116.0,1.2173913043478262,0.8464347826086956
S2324-G0652,2,MEM,26.0,27,0,110.0,0.9285714285714286,0.6671428571428571
S2324-G0652,3,IND,41.0,27,0,116.0,1.4642857142857142,0.9945714285714284
S2324-G0652,3,MEM,29.0,26,0,110.0,1.0740740740740742,0.7544444444444445
S2324-G0652,4,IND,24.0,20,0,116.0,1.1428571428571428,0.8017142857142856
S2324-G0652,4,MEM,28.0,17,0,110.0,1.5555555555555556,1.0433333333333334
S2324-G0653,1,ATL,34.0,23,0,126.0,1.4166666666666667,0.976
S2324-G0653,1,TOR,26.0,23,0,125.0,1.0833333333333333,0.7749999999999999
S2324-G0653,2,ATL,23.0,22,0,126.0,1.0,0.726
S2324-G0653,2,TOR,35.0,24,0,125.0,1.4,0.965
S2324-G0653,3,ATL,40.0,23,0,126.0,1.6666666666666667,1.126
S2324-G0653,3,TOR,34.0,26,0,125.0,1.2592592592592593,0.8805555555555555
S2324-G0653,4,ATL,29.0,26,0,126.0,1.0740740740740742,0.7704444444444445
S2324-G0653,4,TOR,30.0,24,0,125.0,1.2,0.845
S2324-G0654,1,DET,24.0,21,0,120.0,1.0909090909090908,0.7745454545454544
S2324-G0654,1,OKC,31.0,20,0,104.0,1.4761904761904763,0.9897142857142858
S2324-G0654,2,DET,46.0,26,0,120.0,1.7037037037037037,1.1422222222222222
S2324-G0654,2,OKC,30.0,27,0,104.0,1.0714285714285714,0.7468571428571428
S2324-G0654,3,DET,30.0,21,0,120.0,1.3636363636363635,0.9381818181818181
S2324-G0654,3,OKC,25.0,23,0,104.0,1.0416666666666667,0.729
S2324-G0654,4,DET,20.0,20,0,120.0,0.9523809523809523,0.6914285714285714
S2324-G0654,4,OKC,18.0,19,0,104.0,0.9,0.644
S2324-G0655,1,ORL,26.0,25,0,113.0,1.0,0.713
S2324-G0655,1,PHX,37.0,24,0,98.0,1.48,0.986
S2324-G0655,2,ORL,25.0,27,0,113.0,0.8928571428571429,0.6487142857142857
S2324-G0655,2,PHX,19.0,25,0,98.0,0.7307692307692307,0.5364615384615384
S2324-G0655,3,ORL,31.0,24,0,113.0,1.24,0.857
S2324-G0655,3,PHX,29.0,21,0,98.0,1.3181818181818181,0.8889090909090909
S2324-G0655,4,ORL,31.0,21,0,113.0,1.4090909090909092,0.9584545454545454
S2324-G0655,4,PHX,13.0,17,0,98.0,0.7222222222222222,0.5313333333333333
S2324-G0656,1,CHI,26.0,20,0,104.0,1.2380952380952381,0.8468571428571429
S2324-G0656,1,POR,23.0,19,0,96.0,1.15,0.7859999999999999
S2324-G0656,2,CHI,27.0,20,0,104.0,1.2857142857142858,0.8754285714285714
S2324-G0656,2,POR,19.0,16,0,96.0,1.1176470588235294,0.7665882352941176
S2324-G0656,3,CHI,23.0,18,0,104.0,1.2105263157894737,0.8303157894736841
S2324-G0656,3,POR,33.0,21,0,96.0,1.5,0.9959999999999999
S2324-G0656,4,CHI,28.0,17,0,104.0,1.5555555555555556,1.0373333333333334
S2324-G0656,4,POR,21.0,19,0,96.0,1.05,0.726
S2324-G0657,1,CHA,25.0,23,0,92.0,1.0416666666666667,0.717
S2324-G0657,1,NYK,26.0,22,0,113.0,1.1304347826086956,0.7912608695652174
S2324-G0657,2,CHA,18.0,18,0,92.0,0.9473684210526315,0.6604210526315789
S2324-G0657,2,NYK,20.0,18,0,113.0,1.0526315789473684,0.744578947368421
S2324-G0657,3,CHA,24.0,24,0,92.0,0.96,0.6679999999999999
S2324-G0657,3,NYK,44.0,26,0,113.0,1.6296296296296295,1.0907777777777776
S2324-G0657,4,CHA,25.0,20,0,92.0,1.1904761904761905,0.8062857142857143
S2324-G0657,4,NYK,23.0,21,0,113.0,1.0454545454545454,0.7402727272727272
S2324-G0658,1,CLE,28.0,22,0,118.0,1.2173913043478262,0.8484347826086956
S2324-G0658,1,LAC,25.0,22,0,108.0,1.0869565217391304,0.7601739130434781
S2324-G0658,2,CLE,28.0,21,0,118.0,1.2727272727272727,0.8816363636363636
S2324-G0658,2,LAC,27.0,20,0,108.0,1.2857142857142858,0.8794285714285714
S2324-G0658,3,CLE,32.0,24,0,118.0,1.28,0.886
S2324-G0658,3,LAC,29.0,25,0,108.0,1.1153846153846154,0.7772307692307692
S2324-G0658,4,CLE,30.0,21,0,118.0,1.3636363636363635,0.9361818181818181
S2324-G0658,4,LAC,27.0,24,0,108.0,1.08,0.756
S2324-G0659,1,BOS,25.0,25,0,118.0,0.9615384615384616,0.6949230769230769
S2324-G0659,1,NOP,36.0,26,0,112.0,1.3333333333333333,0.9119999999999999
S2324-G0659,2,BOS,25.0,19,0,118.0,1.25,0.868
S2324-G0659,2,NOP,24.0,20,0,112.0,1.1428571428571428,0.7977142857142856
S2324-G0659,3,BOS,31.0,21,0,118.0,1.4090909090909092,0.9634545454545455
S2324-G0659,3,NOP,27.0,21,0,112.0,1.2272727272727273,0.8483636363636363
S2324-G0659,4,BOS,37.0,26,0,118.0,1.3703703703703705,0.9402222222222223
S2324-G0659,4,NOP,25.0,25,0,112.0,0.9615384615384616,0.6889230769230769
S2324-G0660,1,BKN,43.0,31,0,147.0,1.34375,0.95325
S2324-G0660,1,UTA,28.0,28,0,114.0,0.9655172413793104,0.6933103448275862
S2324-G0660,2,BKN,28.0,19,0,147.0,1.4,0.987
S2324-G0660,2,UTA,29.0,18,0,114.0,1.5263157894736843,1.0297894736842106
S2324-G0660,3,BKN,33.0,26,0,147.0,1.2222222222222223,0.8803333333333334
S2324-G0660,3,UTA,30.0,22,0,114.0,1.3043478260869565,0.8966086956521739
S2324-G0660,4,BKN,43.0,25,0,147.0,1.6538461538461537,1.1393076923076921
S2324-G0660,4,UTA,27.0,22,0,114.0,1.173913043478261,0.8183478260869566
S2324-G0661,1,MIA,25.0,21,0,105.0,1.1363636363636365,0.7868181818181819
S2324-G0661,1,PHX,33.0,24,0,118.0,1.32,0.91
S2324-G0661,2,MIA,24.0,26,0,105.0,0.8888888888888888,0.6383333333333333
S2324-G0661,2,PHX,29.0,24,0,118.0,1.16,0.814
S2324-G0661,3,MIA,25.0,20,0,105.0,1.1904761904761905,0.8192857142857143
S2324-G0661,3,PHX,38.0,23,0,118.0,1.5833333333333333,1.068
S2324-G0661,4,MIA,31.0,19,0,105.0,1.55,1.035
S2324-G0661,4,PHX,18.0,20,0,118.0,0.8571428571428571,0.6322857142857142
S2324-G0662,1,HOU,42.0,30,0,135.0,1.3548387096774193,0.9479032258064516
S2324-G0662,1,LAL,31.0,27,0,119.0,1.1071428571428572,0.7832857142857143
S2324-G0662,2,HOU,36.0,27,0,135.0,1.2857142857142858,0.9064285714285715
S2324-G0662,2,LAL,29.0,23,0,119.0,1.2083333333333333,0.844
S2324-G0662,3,HOU,30.0,26,0,135.0,1.1111111111111112,0.8016666666666666
S2324-G0662,3,LAL,24.0,29,0,119.0,0.8,0.599
S2324-G0662,4,HOU,27.0,25,0,135.0,1.0384615384615385,0.7580769230769231
S2324-G0662,4,LAL,35.0,24,0,119.0,1.4,0.959
S2324-G0663,1,MEM,33.0,26,0,94.0,1.2222222222222223,0.8273333333333334
S2324-G0663,1,SAC,18.0,24,0,103.0,0.72,0.535
S2324-G0663,2,MEM,17.0,21,0,94.0,0.7727272727272727,0.5576363636363636
S2324-G0663,2,SAC,29.0,20,0,103.0,1.380952380952381,0.9315714285714285
S2324-G0663,3,MEM,21.0,22,0,94.0,0.9130434782608695,0.6418260869565217
S2324-G0663,3,SAC,28.0,22,0,103.0,1.2173913043478262,0.8334347826086956
S2324-G0663,4,MEM,23.0,24,0,94.0,0.92,0.646
S2324-G0663,4,SAC,28.0,27,0,103.0,1.0,0.703
S2324-G0664,1,MIN,29.0,20,0,107.0,1.380952380952381,0.9355714285714285
S2324-G0664,1,OKC,28.0,21,0,101.0,1.2727272727272727,0.8646363636363635
S2324-G0664,2,MIN,20.0,23,0,107.0,0.8333333333333334,0.607
S2324-G0664,2,OKC,19.0,20,0,101.0,0.9047619047619048,0.6438571428571428
S2324-G0664,3,MIN,24.0,25,0,107.0,0.9230769230769231,0.6608461538461539
S2324-G0664,3,OKC,30.0,25,0,101.0,1.1538461538461537,0.7933076923076922
S2324-G0664,4,MIN,34.0,18,0,107.0,1.7894736842105263,1.1806842105263158
S2324-G0664,4,OKC,24.0,19,0,101.0,1.2,0.821
S2324-G0665,1,SAS,35.0,29,0,113.0,1.1666666666666667,0.8130000000000001
S2324-G0665,1,WAS,25.0,27,0,118.0,0.8928571428571429,0.6537142857142857
S2324-G0665,2,SAS,23.0,24,0,113.0,0.92,0.665
S2324-G0665,2,WAS,29.0,23,0,118.0,1.2083333333333333,0.843
S2324-G0665,3,SAS,35.0,29,0,113.0,1.1666666666666667,0.8130000000000001
S2324-G0665,3,WAS,33.0,28,0,118.0,1.1379310344827587,0.8007586206896552
S2324-G0665,4,SAS,20.0,25,0,113.0,0.7692307692307693,0.5745384615384616
S2324-G0665,4,WAS,31.0,25,0,118.0,1.1923076923076923,0.8333846153846154
S2324-G0666,1,DAL,26.0,29,0,131.0,0.8666666666666667,0.651
S2324-G0666,1,ORL,35.0,30,0,129.0,1.1290322580645162,0.8064193548387097
S2324-G0666,2,DAL,35.0,26,0,131.0,1.2962962962962963,0.9087777777777778
S2324-G0666,2,ORL,42.0,24,0,129.0,1.68,1.137
S2324-G0666,3,DAL,35.0,23,0,131.0,1.4583333333333333,1.0059999999999998
S2324-G0666,3,ORL,12.0,22,0,129.0,0.5217391304347826,0.44204347826086954
S2324-G0666,4,DAL,35.0,20,0,131.0,1.6666666666666667,1.131
S2324-G0666,4,ORL,40.0,22,0,129.0,1.7391304347826086,1.1724782608695652
S2324-G0667,1,DEN,25.0,22,0,113.0,1.0869565217391304,0.7651739130434781
S2324-G0667,1,MIL,26.0,20,0,107.0,1.2380952380952381,0.8498571428571429
S2324-G0667,2,DEN,31.0,24,0,113.0,1.24,0.857
S2324-G0667,2,MIL,30.0,23,0,107.0,1.25,0.857
S2324-G0667,3,DEN,26.0,21,0,113.0,1.1818181818181819,0.8220909090909091
S2324-G0667,3,MIL,19.0,22,0,107.0,0.8260869565217391,0.6026521739130435
S2324-G0667,4,DEN,31.0,19,0,113.0,1.55,1.043
S2324-G0667,4,MIL,32.0,21,0,107.0,1.4545454545454546,0.9797272727272727
S2324-G0668,1,PHI,28.0,22,0,104.0,1.2173913043478262,0.8344347826086956
S2324-G0668,1,POR,20.0,21,0,130.0,0.9090909090909091,0.6754545454545454
S2324-G0668,2,PHI,27.0,24,0,104.0,1.08,0.752
S2324-G0668,2,POR,38.0,23,0,130.0,1.5833333333333333,1.08
S2324-G0668,3,PHI,22.0,20,0,104.0,1.0476190476190477,0.7325714285714285
S2324-G0668,3,POR,36.0,22,0,130.0,1.565217391304348,1.0691304347826087
S2324-G0668,4,PHI,27.0,32,0,104.0,0.8181818181818182,0.5949090909090909
S2324-G0668,4,POR,36.0,30,0,130.0,1.1612903225806452,0.8267741935483871
S2324-G0669,1,ATL,36.0,30,0,138.0,1.1612903225806452,0.8347741935483871
S2324-G0669,1,LAL,29.0,30,0,122.0,0.9354838709677419,0.6832903225806451
S2324-G0669,2,ATL,31.0,22,0,138.0,1.3478260869565217,0.946695652173913
S2324-G0669,2,LAL,27.0,24,0,122.0,1.08,0.77
S2324-G0669,3,ATL,36.0,29,0,138.0,1.2,0.858
S2324-G0669,3,LAL,32.0,25,0,122.0,1.2307692307692308,0.8604615384615385
S2324-G0669,4,ATL,35.0,26,0,138.0,1.2962962962962963,0.9157777777777778
S2324-G0669,4,LAL,34.0,23,0,122.0,1.4166666666666667,0.972
S2324-G0670,1,BOS,36.0,23,0,129.0,1.5,1.029
S2324-G0670,1,IND,26.0,25,0,124.0,1.0,0.724
S2324-G0670,2,BOS,45.0,26,0,129.0,1.6666666666666667,1.129
S2324-G0670,2,IND,40.0,28,0,124.0,1.3793103448275863,0.9515862068965517
S2324-G0670,3,BOS,25.0,25,0,129.0,0.9615384615384616,0.7059230769230769
S2324-G0670,3,IND,37.0,26,0,124.0,1.3703703703703705,0.9462222222222223
S2324-G0670,4,BOS,23.0,21,0,129.0,1.0454545454545454,0.7562727272727272
S2324-G0670,4,IND,21.0,22,0,124.0,0.9130434782608695,0.6718260869565217
S2324-G0671,1,NYK,29.0,23,0,118.0,1.2083333333333333,0.843
S2324-G0671,1,UTA,22.0,23,0,103.0,0.9166666666666666,0.6529999999999999
S2324-G0671,2,NYK,28.0,20,0,118.0,1.3333333333333333,0.9179999999999999
S2324-G0671,2,UTA,27.0,20,0,103.0,1.2857142857142858,0.8744285714285714
S2324-G0671,3,NYK,36.0,23,0,118.0,1.5,1.0179999999999998
S2324-G0671,3,UTA,24.0,24,0,103.0,0.96,0.6789999999999999
S2324-G0671,4,NYK,25.0,24,0,118.0,1.0,0.718
S2324-G0671,4,UTA,30.0,21,0,103.0,1.3636363636363635,0.9211818181818181
S2324-G0672,1,CHI,31.0,30,0,107.0,1.0,0.707
S2324-G0672,1,TOR,27.0,30,0,118.0,0.8709677419354839,0.6405806451612903
S2324-G0672,2,CHI,32.0,26,0,107.0,1.1851851851851851,0.818111111111111
S2324-G0672,2,TOR,26.0,24,0,118.0,1.04,0.742
S2324-G0672,3,CHI,26.0,21,0,107.0,1.1818181818181819,0.8160909090909091
S2324-G0672,3,TOR,37.0,23,0,118.0,1.5416666666666667,1.0430000000000001
S2324-G0672,4,CHI,18.0,24,0,107.0,0.72,0.539
S2324-G0672,4,TOR,28.0,26,0,118.0,1.037037037037037,0.7402222222222221
S2324-G0673,1,GSW,23.0,26,0,119.0,0.8518518518518519,0.6301111111111111
S2324-G0673,1,PHI,28.0,27,0,107.0,1.0,0.707
S2324-G0673,2,GSW,29.0,24,0,119.0,1.16,0.815
S2324-G0673,2,PHI,22.0,25,0,107.0,0.8461538461538461,0.6146923076923076
S2324-G0673,3,GSW,34.0,24,0,119.0,1.36,0.935
S2324-G0673,3,PHI,27.0,24,0,107.0,1.08,0.755
S2324-G0673,4,GSW,33.0,24,0,119.0,1.32,0.911
S2324-G0673,4,PHI,30.0,24,0,107.0,1.2,0.827
S2324-G0674,1,CHA,27.0,22,0,110.0,1.173913043478261,0.8143478260869565
S2324-G0674,1,CHI,28.0,15,0,117.0,1.75,1.167
S2324-G0674,2,CHA,32.0,26,0,110.0,1.1851851851851851,0.821111111111111
S2324-G0674,2,CHI,29.0,24,0,117.0,1.16,0.813
S2324-G0674,3,CHA,27.0,21,0,110.0,1.2272727272727273,0.8463636363636363
S2324-G0674,3,CHI,29.0,18,0,117.0,1.5263157894736843,1.0327894736842105
S2324-G0674,4,CHA,24.0,24,0,110.0,0.96,0.6859999999999999
S2324-G0674,4,CHI,31.0,23,0,117.0,1.2916666666666667,0.892
S2324-G0675,1,CLE,30.0,26,0,128.0,1.1111111111111112,0.7946666666666666
S2324-G0675,1,DET,23.0,26,0,121.0,0.8518518518518519,0.6321111111111111
S2324-G0675,2,CLE,34.0,29,0,128.0,1.1333333333333333,0.8079999999999999
S2324-G0675,2,DET,34.0,25,0,121.0,1.3076923076923077,0.9056153846153846
S2324-G0675,3,CLE,32.0,22,0,128.0,1.391304347826087,0.9627826086956521
S2324-G0675,3,DET,34.0,26,0,121.0,1.2592592592592593,0.8765555555555555
S2324-G0675,4,CLE,32.0,23,0,128.0,1.3333333333333333,0.9279999999999999
S2324-G0675,4,DET,30.0,21,0,121.0,1.3636363636363635,0.9391818181818181
S2324-G0676,1,LAC,37.0,27,0,125.0,1.3214285714285714,0.9178571428571428
S2324-G0676,1,WAS,35.0,26,0,109.0,1.2962962962962963,0.8867777777777778
S2324-G0676,2,LAC,29.0,20,0,125.0,1.380952380952381,0.9535714285714285
S2324-G0676,2,WAS,25.0,18,0,109.0,1.3157894736842106,0.8984736842105263
S2324-G0676,3,LAC,40.0,28,0,125.0,1.3793103448275863,0.9525862068965517
S2324-G0676,3,WAS,19.0,28,0,109.0,0.6551724137931034,0.5021034482758621
S2324-G0676,4,LAC,19.0,23,0,125.0,0.7916666666666666,0.6
S2324-G0676,4,WAS,30.0,21,0,109.0,1.3636363636363635,0.9271818181818181
S2324-G0677,1,BKN,30.0,22,0,120.0,1.3043478260869565,0.9026086956521739
S2324-G0677,1,PHX,30.0,23,0,136.0,1.25,0.886
S2324-G0677,2,BKN,31.0,25,0,120.0,1.1923076923076923,0.8353846153846154
S2324-G0677,2,PHX,34.0,26,0,136.0,1.2592592592592593,0.8915555555555555
S2324-G0677,3,BKN,26.0,33,0,120.0,0.7647058823529411,0.5788235294117646
S2324-G0677,3,PHX,42.0,27,0,136.0,1.5,1.036
S2324-G0677,4,BKN,33.0,25,0,120.0,1.2692307692307692,0.8815384615384615
S2324-G0677,4,PHX,30.0,22,0,136.0,1.3043478260869565,0.918608695652174
S2324-G0678,1,MIA,28.0,24,0,115.0,1.12,0.787
S2324-G0678,1,SAC,22.0,21,0,106.0,1.0,0.706
S2324-G0678,2,MIA,31.0,21,0,115.0,1.4090909090909092,0.9604545454545454
S2324-G0678,2,SAC,33.0,23,0,106.0,1.375,0.9309999999999999
S2324-G0678,3,MIA,31.0,18,0,115.0,1.631578947368421,1.0939473684210526
S2324-G0678,3,SAC,29.0,22,0,106.0,1.2608695652173914,0.8625217391304347
S2324-G0678,4,MIA,25.0,20,0,115.0,1.1904761904761905,0.8292857142857143
S2324-G0678,4,SAC,22.0,19,0,106.0,1.1,0.766
S2324-G0679,1,HOU,25.0,27,0,99.0,0.8928571428571429,0.6347142857142857
S2324-G0679,1,NOP,33.0,23,0,110.0,1.375,0.9349999999999999
S2324-G0679,2,HOU,29.0,22,0,99.0,1.2608695652173914,0.8555217391304347
S2324-G0679,2,NOP,28.0,22,0,110.0,1.2173913043478262,0.8404347826086956
S2324-G0679,3,HOU,25.0,17,0,99.0,1.3888888888888888,0.9323333333333332
S2324-G0679,3,NOP,23.0,18,0,110.0,1.2105263157894737,0.8363157894736841
S2324-G0679,4,HOU,20.0,19,0,99.0,1.0,0.699
S2324-G0679,4,NOP,26.0,19,0,110.0,1.3,0.89
S2324-G0680,1,DAL,21.0,15,0,87.0,1.3125,0.8744999999999999
S2324-G0680,1,MIN,24.0,18,0,121.0,1.263157894736842,0.8788947368421052
S2324-G0680,2,DAL,27.0,22,0,87.0,1.173913043478261,0.7913478260869565
S2324-G0680,2,MIN,28.0,24,0,121.0,1.12,0.793
S2324-G0680,3,DAL,22.0,23,0,87.0,0.9166666666666666,0.6369999999999999
S2324-G0680,3,MIN,31.0,22,0,121.0,1.3478260869565217,0.929695652173913
S2324-G0680,4,DAL,17.0,21,0,87.0,0.7727272727272727,0.5506363636363636
S2324-G0680,4,MIN,38.0,24,0,121.0,1.52,1.033
S2324-G0681,1,ORL,27.0,25,0,108.0,1.0384615384615385,0.7310769230769231
S2324-G0681,1,SAS,30.0,24,0,98.0,1.2,0.818
S2324-G0681,2,ORL,30.0,22,0,108.0,1.3043478260869565,0.8906086956521739
S2324-G0681,2,SAS,21.0,22,0,98.0,0.9130434782608695,0.6458260869565217
S2324-G0681,3,ORL,34.0,29,0,108.0,1.1333333333333333,0.7879999999999999
S2324-G0681,3,SAS,21.0,26,0,98.0,0.7777777777777778,0.5646666666666667
S2324-G0681,4,ORL,17.0,23,0,108.0,0.7083333333333334,0.533
S2324-G0681,4,SAS,26.0,20,0,98.0,1.2380952380952381,0.8408571428571429
S2324-G0682,1,DEN,28.0,19,0,100.0,1.4,0.94
S2324-G0682,1,OKC,19.0,18,0,105.0,1.0,0.705
S2324-G0682,2,DEN,23.0,21,0,100.0,1.0454545454545454,0.7272727272727272
S2324-G0682,2,OKC,28.0,21,0,105.0,1.2727272727272727,0.8686363636363635
S2324-G0682,3,DEN,21.0,19,0,100.0,1.05,0.73
S2324-G0682,3,OKC,26.0,18,0,105.0,1.368421052631579,0.9260526315789473
S2324-G0682,4,DEN,28.0,26,0,100.0,1.037037037037037,0.7222222222222221
S2324-G0682,4,OKC,32.0,25,0,105.0,1.2307692307692308,0.8434615384615385
S2324-G0683,1,MIL,38.0,24,0,116.0,1.52,1.028
S2324-G0683,1,POR,37.0,24,0,119.0,1.48,1.0070000000000001
S2324-G0683,2,MIL,27.0,21,0,116.0,1.2272727272727273,0.8523636363636363
S2324-G0683,2,POR,30.0,18,0,119.0,1.5789473684210527,1.0663684210526316
S2324-G0683,3,MIL,26.0,24,0,116.0,1.04,0.74
S2324-G0683,3,POR,29.0,26,0,119.0,1.0740740740740742,0.7634444444444445
S2324-G0683,4,MIL,25.0,29,0,116.0,0.8333333333333334,0.616
S2324-G0683,4,POR,23.0,28,0,119.0,0.7931034482758621,0.5948620689655173
S2324-G0684,1,BOS,25.0,26,0,105.0,0.9259259259259259,0.6605555555555556
S2324-G0684,1,LAL,28.0,28,0,114.0,0.9655172413793104,0.6933103448275862
S2324-G0684,2,BOS,21.0,23,0,105.0,0.875,0.63
S2324-G0684,2,LAL,32.0,23,0,114.0,1.3333333333333333,0.9139999999999999
S2324-G0684,3,BOS,32.0,21,0,105.0,1.4545454545454546,0.9777272727272727
S2324-G0684,3,LAL,28.0,19,0,114.0,1.4,0.954
S2324-G0684,4,BOS,27.0,18,0,105.0,1.4210526315789473,0.9576315789473684
S2324-G0684,4,LAL,26.0,16,0,114.0,1.5294117647058822,1.0316470588235291
S2324-G0685,1,IND,36.0,24,0,105.0,1.44,0.969
S2324-G0685,1,NYK,26.0,26,0,109.0,0.9629629629629629,0.6867777777777777
S2324-G0685,2,IND,22.0,21,0,105.0,1.0,0.705
S2324-G0685,2,NYK,25.0,22,0,109.0,1.0869565217391304,0.7611739130434781
S2324-G0685,3,IND,26.0,25,0,105.0,1.0,0.705
S2324-G0685,3,NYK,28.0,25,0,109.0,1.0769230769230769,0.7551538461538461
S2324-G0685,4,IND,21.0,24,0,105.0,0.84,0.609
S2324-G0685,4,NYK,30.0,20,0,109.0,1.4285714285714286,0.9661428571428571
S2324-G0686,1,PHI,39.0,28,0,127.0,1.3448275862068966,0.9338965517241379
S2324-G0686,1,UTA,32.0,24,0,124.0,1.28,0.892
S2324-G0686,2,PHI,32.0,23,0,127.0,1.3333333333333333,0.9269999999999999
S2324-G0686,2,UTA,29.0,23,0,124.0,1.2083333333333333,0.849
S2324-G0686,3,PHI,22.0,20,0,127.0,1.0476190476190477,0.7555714285714286
S2324-G0686,3,UTA,32.0,21,0,124.0,1.4545454545454546,0.9967272727272727
S2324-G0686,4,PHI,34.0,21,0,127.0,1.5454545454545454,1.0542727272727273
S2324-G0686,4,UTA,31.0,19,0,124.0,1.55,1.0539999999999998
S2324-G0687,1,CLE,27.0,27,0,108.0,0.9642857142857143,0.6865714285714285
S2324-G0687,1,MEM,27.0,25,0,101.0,1.0384615384615385,0.7240769230769231
S2324-G0687,2,CLE,24.0,23,0,108.0,1.0,0.708
S2324-G0687,2,MEM,31.0,23,0,101.0,1.2916666666666667,0.876
S2324-G0687,3,CLE,30.0,21,0,108.0,1.3636363636363635,0.9261818181818181
S2324-G0687,3,MEM,22.0,24,0,101.0,0.88,0.629
S2324-G0687,4,CLE,27.0,20,0,108.0,1.2857142857142858,0.8794285714285714
S2324-G0687,4,MEM,21.0,19,0,101.0,1.05,0.731
S2324-G0688,1,DET,33.0,26,0,125.0,1.2222222222222223,0.8583333333333334
S2324-G0688,1,LAC,27.0,27,0,136.0,0.9642857142857143,0.7145714285714285
S2324-G0688,2,DET,26.0,22,0,125.0,1.1304347826086956,0.8032608695652174
S2324-G0688,2,LAC,38.0,22,0,136.0,1.6521739130434783,1.127304347826087
S2324-G0688,3,DET,31.0,24,0,125.0,1.24,0.869
S2324-G0688,3,LAC,36.0,26,0,136.0,1.3333333333333333,0.9359999999999999
S2324-G0688,4,DET,35.0,30,0,125.0,1.1290322580645162,0.8024193548387097
S2324-G0688,4,LAC,35.0,31,0,136.0,1.09375,0.79225
S2324-G0689,1,MIA,31.0,25,0,110.0,1.1923076923076923,0.8253846153846154
S2324-G0689,1,WAS,33.0,26,0,102.0,1.2222222222222223,0.8353333333333334
S2324-G0689,2,MIA,25.0,19,0,110.0,1.25,0.86
S2324-G0689,2,WAS,26.0,16,0,102.0,1.5294117647058822,1.0196470588235294
S2324-G0689,3,MIA,31.0,21,0,110.0,1.4090909090909092,0.9554545454545454
S2324-G0689,3,WAS,15.0,22,0,102.0,0.6521739130434783,0.493304347826087
S2324-G0689,4,MIA,23.0,20,0,110.0,1.0952380952380953,0.7671428571428571
S2324-G0689,4,WAS,28.0,21,0,102.0,1.2727272727272727,0.8656363636363635
S2324-G0690,1,ATL,33.0,27,0,129.0,1.1785714285714286,0.8361428571428572
S2324-G0690,1,PHX,30.0,25,0,120.0,1.1538461538461537,0.8123076923076922
S2324-G0690,2,ATL,33.0,22,0,129.0,1.434782608695652,0.9898695652173912
S2324-G0690,2,PHX,33.0,24,0,120.0,1.32,0.912
S2324-G0690,3,ATL,34.0,22,0,129.0,1.4782608695652173,1.0159565217391302
S2324-G0690,3,PHX,32.0,24,0,120.0,1.28,0.888
S2324-G0690,4,ATL,29.0,27,0,129.0,1.0357142857142858,0.7504285714285714
S2324-G0690,4,PHX,25.0,24,0,120.0,1.0,0.72
S2324-G0691,1,IND,39.0,27,0,122.0,1.3928571428571428,0.9577142857142856
S2324-G0691,1,SAC,38.0,28,0,133.0,1.3103448275862069,0.919206896551724
S2324-G0691,2,IND,25.0,29,0,122.0,0.8333333333333334,0.622
S2324-G0691,2,SAC,33.0,28,0,133.0,1.1379310344827587,0.8157586206896552
S2324-G0691,3,IND,24.0,25,0,122.0,0.9230769230769231,0.6758461538461539
S2324-G0691,3,SAC,28.0,27,0,133.0,1.0,0.733
S2324-G0691,4,IND,34.0,24,0,122.0,1.36,0.9380000000000001
S2324-G0691,4,SAC,34.0,24,0,133.0,1.36,0.9490000000000001
S2324-G0692,1,HOU,37.0,22,0,135.0,1.608695652173913,1.1002173913043478
S2324-G0692,1,TOR,23.0,20,0,106.0,1.0952380952380953,0.7631428571428571
S2324-G0692,2,HOU,29.0,23,0,135.0,1.2083333333333333,0.86
S2324-G0692,2,TOR,24.0,23,0,106.0,1.0,0.706
S2324-G0692,3,HOU,36.0,26,0,135.0,1.3333333333333333,0.9349999999999999
S2324-G0692,3,TOR,25.0,29,0,106.0,0.8333333333333334,0.606
S2324-G0692,4,HOU,33.0,31,0,135.0,1.03125,0.75375
S2324-G0692,4,TOR,34.0,29,0,106.0,1.1333333333333333,0.7859999999999999
S2324-G0693,1,GSW,24.0,23,0,121.0,1.0,0.721
S2324-G0693,1,MEM,23.0,24,0,101.0,0.92,0.653
S2324-G0693,2,GSW,33.0,21,0,121.0,1.5,1.021
S2324-G0693,2,MEM,24.0,23,0,101.0,1.0,0.701
S2324-G0693,3,GSW,28.0,26,0,121.0,1.037037037037037,0.7432222222222221
S2324-G0693,3,MEM,26.0,25,0,101.0,1.0,0.701
S2324-G0693,4,GSW,36.0,25,0,121.0,1.3846153846153846,0.9517692307692307
S2324-G0693,4,MEM,28.0,21,0,101.0,1.2727272727272727,0.8646363636363635
S2324-G0694,1,MIN,38.0,24,0,106.0,1.52,1.018
S2324-G0694,1,ORL,26.0,29,0,108.0,0.8666666666666667,0.628
S2324-G0694,2,MIN,21.0,22,0,106.0,0.9130434782608695,0.6538260869565217
S2324-G0694,2,ORL,28.0,24,0,108.0,1.12,0.78
S2324-G0694,3,MIN,29.0,27,0,106.0,1.0357142857142858,0.7274285714285714
S2324-G0694,3,ORL,26.0,24,0,108.0,1.04,0.732
S2324-G0694,4,MIN,18.0,14,0,106.0,1.2,0.826
S2324-G0694,4,ORL,28.0,16,0,108.0,1.6470588235294117,1.096235294117647
S2324-G0695,1,CHA,19.0,24,0,106.0,0.76,0.5619999999999999
S2324-G0695,1,OKC,39.0,26,0,126.0,1.4444444444444444,0.9926666666666666
S2324-G0695,2,CHA,23.0,27,0,106.0,0.8214285714285714,0.5988571428571429
S2324-G0695,2,OKC,34.0,28,0,126.0,1.1724137931034482,0.8294482758620689
S2324-G0695,3,CHA,30.0,21,0,106.0,1.3636363636363635,0.9241818181818181
S2324-G0695,3,OKC,32.0,19,0,126.0,1.6,1.0859999999999999
S2324-G0695,4,CHA,34.0,26,0,106.0,1.2592592592592593,0.8615555555555555
S2324-G0695,4,OKC,21.0,24,0,126.0,0.84,0.63
S2324-G0696,1,NOP,24.0,26,0,114.0,0.8888888888888888,0.6473333333333333
S2324-G0696,1,SAS,33.0,28,0,113.0,1.1379310344827587,0.7957586206896552
S2324-G0696,2,NOP,34.0,29,0,114.0,1.1333333333333333,0.7939999999999999
S2324-G0696,2,SAS,32.0,28,0,113.0,1.103448275862069,0.7750689655172414
S2324-G0696,3,NOP,30.0,23,0,114.0,1.25,0.864
S2324-G0696,3,SAS,23.0,22,0,113.0,1.0,0.713
S2324-G0696,4,NOP,26.0,19,0,114.0,1.3,0.894
S2324-G0696,4,SAS,25.0,21,0,113.0,1.1363636363636365,0.7948181818181819
S2324-G0697,1,DEN,33.0,20,0,120.0,1.5714285714285714,1.0628571428571427
S2324-G0697,1,POR,20.0,20,0,108.0,0.9523809523809523,0.6794285714285714
S2324-G0697,2,DEN,26.0,25,0,120.0,1.0,0.72
S2324-G0697,2,POR,35.0,23,0,108.0,1.4583333333333333,0.9829999999999999
S2324-G0697,3,DEN,33.0,19,0,120.0,1.65,1.1099999999999999
S2324-G0697,3,POR,29.0,21,0,108.0,1.3181818181818181,0.8989090909090909
S2324-G0697,4,DEN,28.0,20,0,120.0,1.3333333333333333,0.9199999999999999
S2324-G0697,4,POR,24.0,18,0,108.0,1.263157894736842,0.8658947368421052
S2324-G0698,1,BKN,38.0,22,0,136.0,1.6521739130434783,1.127304347826087
S2324-G0698,1,PHI,22.0,24,0,121.0,0.88,0.649
S2324-G0698,2,BKN,29.0,21,0,136.0,1.3181818181818181,0.9269090909090909
S2324-G0698,2,PHI,29.0,22,0,121.0,1.2608695652173914,0.8775217391304347
S2324-G0698,3,BKN,38.0,23,0,136.0,1.5833333333333333,1.0859999999999999
S2324-G0698,3,PHI,31.0,26,0,121.0,1.1481481481481481,0.8098888888888889
S2324-G0698,4,BKN,31.0,23,0,136.0,1.2916666666666667,0.911
S2324-G0698,4,PHI,39.0,24,0,121.0,1.56,1.057
S2324-G0699,1,ATL,28.0,28,0,141.0,0.9655172413793104,0.7203103448275863
S2324-G0699,1,GSW,33.0,22,0,134.0,1.434782608695652,0.9948695652173912
S2324-G0699,2,ATL,36.0,25,0,141.0,1.3846153846153846,0.9717692307692307
S2324-G0699,2,GSW,31.0,25,0,134.0,1.1923076923076923,0.8493846153846154
S2324-G0699,3,ATL,25.0,25,0,141.0,0.9615384615384616,0.7179230769230769
S2324-G0699,3,GSW,25.0,22,0,134.0,1.0869565217391304,0.7861739130434782
S2324-G0699,4,ATL,34.0,24,0,141.0,1.36,0.9570000000000001
S2324-G0699,4,GSW,34.0,26,0,134.0,1.2592592592592593,0.8895555555555555
S2324-G0699,5,ATL,18.0,11,0,141.0,1.5,1.041
S2324-G0699,5,GSW,11.0,13,0,134.0,0.7857142857142857,0.6054285714285714
S2324-G0700,1,CHI,25.0,30,0,115.0,0.8064516129032258,0.5988709677419355
S2324-G0700,1,SAC,32.0,27,0,123.0,1.1428571428571428,0.8087142857142856
S2324-G0700,2,CHI,27.0,21,0,115.0,1.2272727272727273,0.8513636363636363
S2324-G0700,2,SAC,39.0,24,0,123.0,1.56,1.059
S2324-G0700,3,CHI,29.0,26,0,115.0,1.0740740740740742,0.7594444444444445
S2324-G0700,3,SAC,20.0,25,0,123.0,0.7692307692307693,0.5845384615384616
S2324-G0700,4,CHI,34.0,22,0,115.0,1.4782608695652173,1.0019565217391304
S2324-G0700,4,SAC,32.0,22,0,123.0,1.391304347826087,0.9577826086956521
S2324-G0701,1,LAL,27.0,21,0,113.0,1.2272727272727273,0.8493636363636363
S2324-G0701,1,NYK,25.0,21,0,105.0,1.1363636363636365,0.7868181818181819
S2324-G0701,2,LAL,32.0,17,0,113.0,1.7777777777777777,1.1796666666666666
S2324-G0701,2,NYK,34.0,22,0,105.0,1.4782608695652173,0.9919565217391303
S2324-G0701,3,LAL,21.0,19,0,113.0,1.05,0.743
S2324-G0701,3,NYK,27.0,18,0,105.0,1.4210526315789473,0.9576315789473684
S2324-G0701,4,LAL,33.0,20,0,113.0,1.5714285714285714,1.0558571428571428
S2324-G0701,4,NYK,19.0,17,0,105.0,1.0555555555555556,0.7383333333333333
S2324-G0702,1,DAL,44.0,20,0,117.0,2.0952380952380953,1.374142857142857
S2324-G0702,1,MIL,20.0,22,0,129.0,0.8695652173913043,0.6507391304347826
S2324-G0702,2,DAL,21.0,26,0,117.0,0.7777777777777778,0.5836666666666667
S2324-G0702,2,MIL,40.0,25,0,129.0,1.5384615384615385,1.0520769230769231
S2324-G0702,3,DAL,27.0,28,0,117.0,0.9310344827586207,0.6756206896551724
S2324-G0702,3,MIL,33.0,28,0,129.0,1.1379310344827587,0.8117586206896552
S2324-G0702,4,DAL,25.0,22,0,117.0,1.0869565217391304,0.7691739130434782
S2324-G0702,4,MIL,36.0,22,0,129.0,1.565217391304348,1.0681304347826086
S2324-G0703,1,CLE,30.0,23,0,117.0,1.25,0.867
S2324-G0703,1,SAS,25.0,22,0,101.0,1.0869565217391304,0.7531739130434781
S2324-G0703,2,CLE,37.0,22,0,117.0,1.608695652173913,1.0822173913043478
S2324-G0703,2,SAS,20.0,25,0,101.0,0.7692307692307693,0.5625384615384615
S2324-G0703,3,CLE,25.0,24,0,117.0,1.0,0.717
S2324-G0703,3,SAS,26.0,19,0,101.0,1.3,0.881
S2324-G0703,4,CLE,25.0,21,0,117.0,1.1363636363636365,0.7988181818181819
S2324-G0703,4,SAS,30.0,22,0,101.0,1.3043478260869565,0.8836086956521739
S2324-G0704,1,DET,29.0,25,0,99.0,1.1153846153846154,0.7682307692307692
S2324-G0704,1,ORL,24.0,26,0,111.0,0.8888888888888888,0.6443333333333333
S2324-G0704,2,DET,18.0,25,0,99.0,0.6923076923076923,0.5143846153846153
S2324-G0704,2,ORL,26.0,21,0,111.0,1.1818181818181819,0.8200909090909091
S2324-G0704,3,DET,28.0,20,0,99.0,1.3333333333333333,0.8989999999999999
S2324-G0704,3,ORL,28.0,19,0,111.0,1.4,0.951
S2324-G0704,4,DET,24.0,21,0,99.0,1.0909090909090908,0.7535454545454544
S2324-G0704,4,ORL,33.0,19,0,111.0,1.65,1.101
S2324-G0705,1,PHX,42.0,25,0,140.0,1.6153846153846154,1.1092307692307692
S2324-G0705,1,WAS,28.0,23,0,112.0,1.1666666666666667,0.812
S2324-G0705,2,PHX,37.0,27,0,140.0,1.3214285714285714,0.9328571428571428
S2324-G0705,2,WAS,30.0,28,0,112.0,1.0344827586206897,0.7326896551724138
S2324-G0705,3,PHX,37.0,26,0,140.0,1.3703703703703705,0.9622222222222223
S2324-G0705,3,WAS,28.0,24,0,112.0,1.12,0.784
S2324-G0705,4,PHX,24.0,32,0,140.0,0.7272727272727273,0.5763636363636363
S2324-G0705,4,WAS,26.0,33,0,112.0,0.7647058823529411,0.5708235294117646
S2324-G0706,1,BOS,29.0,22,0,131.0,1.2608695652173914,0.8875217391304348
S2324-G0706,1,MEM,20.0,22,0,91.0,0.8695652173913043,0.6127391304347826
S2324-G0706,2,BOS,41.0,26,0,131.0,1.5185185185185186,1.0421111111111112
S2324-G0706,2,MEM,30.0,26,0,91.0,1.1111111111111112,0.7576666666666666
S2324-G0706,3,BOS,29.0,29,0,131.0,0.9666666666666667,0.711
S2324-G0706,3,MEM,26.0,26,0,91.0,0.9629629629629629,0.6687777777777777
S2324-G0706,4,BOS,32.0,23,0,131.0,1.3333333333333333,0.9309999999999999
S2324-G0706,4,MEM,15.0,18,0,91.0,0.7894736842105263,0.5646842105263158
S2324-G0707,1,CHA,13.0,20,0,99.0,0.6190476190476191,0.4704285714285714
S2324-G0707,1,IND,26.0,18,0,115.0,1.368421052631579,0.9360526315789474
S2324-G0707,2,CHA,31.0,20,0,99.0,1.4761904761904763,0.9847142857142858
S2324-G0707,2,IND,29.0,22,0,115.0,1.2608695652173914,0.8715217391304347
S2324-G0707,3,CHA,32.0,26,0,99.0,1.1851851851851851,0.810111111111111
S2324-G0707,3,IND,36.0,23,0,115.0,1.5,1.015
S2324-G0707,4,CHA,23.0,24,0,99.0,0.92,0.651
S2324-G0707,4,IND,24.0,25,0,115.0,0.9230769230769231,0.6688461538461539
S2324-G0708,1,LAC,19.0,22,0,103.0,0.8260869565217391,0.5986521739130435
S2324-G0708,1,MIA,22.0,20,0,95.0,1.0476190476190477,0.7235714285714285
S2324-G0708,2,LAC,24.0,17,0,103.0,1.3333333333333333,0.9029999999999999
S2324-G0708,2,MIA,21.0,22,0,95.0,0.9130434782608695,0.6428260869565217
S2324-G0708,3,LAC,26.0,19,0,103.0,1.3,0.883
S2324-G0708,3,MIA,24.0,21,0,95.0,1.0909090909090908,0.7495454545454544
S2324-G0708,4,LAC,34.0,24,0,103.0,1.36,0.919
S2324-G0708,4,MIA,28.0,25,0,95.0,1.0769230769230769,0.741153846153846
S2324-G0709,1,HOU,23.0,20,0,90.0,1.0952380952380953,0.7471428571428571
S2324-G0709,1,MIN,31.0,20,0,111.0,1.4761904761904763,0.9967142857142858
S2324-G0709,2,HOU,21.0,21,0,90.0,0.9545454545454546,0.6627272727272727
S2324-G0709,2,MIN,17.0,23,0,111.0,0.7083333333333334,0.536
S2324-G0709,3,HOU,20.0,23,0,90.0,0.8333333333333334,0.59
S2324-G0709,3,MIN,32.0,24,0,111.0,1.28,0.879
S2324-G0709,4,HOU,26.0,22,0,90.0,1.1304347826086956,0.7682608695652173
S2324-G0709,4,MIN,31.0,22,0,111.0,1.3478260869565217,0.919695652173913
S2324-G0710,1,OKC,23.0,22,0,135.0,1.0,0.735
S2324-G0710,1,TOR,33.0,24,0,127.0,1.32,0.919
S2324-G0710,2,OKC,24.0,19,0,135.0,1.2,0.855
S2324-G0710,2,TOR,30.0,21,0,127.0,1.3636363636363635,0.9451818181818181
S2324-G0710,3,OKC,34.0,24,0,135.0,1.36,0.9510000000000001
S2324-G0710,3,TOR,24.0,22,0,127.0,1.0434782608695652,0.7530869565217391
S2324-G0710,4,OKC,29.0,19,0,135.0,1.45,1.005
S2324-G0710,4,TOR,23.0,22,0,127.0,1.0,0.727
S2324-G0710,5,OKC,8.0,10,0,135.0,0.7272727272727273,0.5713636363636363
S2324-G0710,5,TOR,8.0,9,0,127.0,0.8,0.607
S2324-G0710,6,OKC,17.0,9,0,135.0,1.7,1.155
S2324-G0710,6,TOR,9.0,10,0,127.0,0.8181818181818182,0.617909090909091
S2324-G0711,1,MIL,26.0,20,0,108.0,1.2380952380952381,0.8508571428571429
S2324-G0711,1,UTA,32.0,18,0,123.0,1.6842105263157894,1.1335263157894735
S2324-G0711,2,MIL,37.0,27,0,108.0,1.3214285714285714,0.9008571428571428
S2324-G0711,2,UTA,21.0,31,0,123.0,0.65625,0.51675
S2324-G0711,3,MIL,32.0,24,0,108.0,1.28,0.876
S2324-G0711,3,UTA,30.0,25,0,123.0,1.1538461538461537,0.8153076923076922
S2324-G0711,4,MIL,13.0,18,0,108.0,0.6842105263157895,0.5185263157894737
S2324-G0711,4,UTA,40.0,20,0,123.0,1.9047619047619047,1.2658571428571428
S2324-G0712,1,DEN,25.0,22,0,112.0,1.0869565217391304,0.7641739130434781
S2324-G0712,1,POR,37.0,20,0,103.0,1.7619047619047619,1.1601428571428571
S2324-G0712,2,DEN,35.0,22,0,112.0,1.5217391304347827,1.0250434782608697
S2324-G0712,2,POR,26.0,21,0,103.0,1.1818181818181819,0.8120909090909091
S2324-G0712,3,DEN,26.0,23,0,112.0,1.0833333333333333,0.7619999999999999
S2324-G0712,3,POR,21.0,21,0,103.0,0.9545454545454546,0.6757272727272727
S2324-G0712,4,DEN,26.0,19,0,112.0,1.3,0.892
S2324-G0712,4,POR,19.0,20,0,103.0,0.9047619047619048,0.6458571428571428
S2324-G0713,1,CHA,29.0,30,0,118.0,0.9354838709677419,0.6792903225806451
S2324-G0713,1,LAL,37.0,27,0,124.0,1.3214285714285714,0.9168571428571428
S2324-G0713,2,CHA,29.0,29,0,118.0,0.9666666666666667,0.698
S2324-G0713,2,LAL,37.0,29,0,124.0,1.2333333333333334,0.864
S2324-G0713,3,CHA,28.0,23,0,118.0,1.1666666666666667,0.8180000000000001
S2324-G0713,3,LAL,26.0,24,0,124.0,1.04,0.748
S2324-G0713,4,CHA,32.0,18,0,118.0,1.6842105263157894,1.1285263157894736
S2324-G0713,4,LAL,24.0,19,0,124.0,1.2,0.844
S2324-G0714,1,CLE,39.0,22,0,136.0,1.6956521739130435,1.153391304347826
S2324-G0714,1,SAC,34.0,25,0,110.0,1.3076923076923077,0.8946153846153846
S2324-G0714,2,CLE,35.0,23,0,136.0,1.4583333333333333,1.011
S2324-G0714,2,SAC,25.0,24,0,110.0,1.0,0.71
S2324-G0714,3,CLE,32.0,27,0,136.0,1.1428571428571428,0.8217142857142856
S2324-G0714,3,SAC,33.0,24,0,110.0,1.32,0.902
S2324-G0714,4,CLE,30.0,20,0,136.0,1.4285714285714286,0.9931428571428571
S2324-G0714,4,SAC,18.0,22,0,110.0,0.782608695652174,0.5795652173913044
S2324-G0715,1,DAL,26.0,24,0,118.0,1.04,0.742
S2324-G0715,1,PHI,33.0,26,0,102.0,1.2222222222222223,0.8353333333333334
S2324-G0715,2,DAL,27.0,20,0,118.0,1.2857142857142858,0.8894285714285715
S2324-G0715,2,PHI,24.0,23,0,102.0,1.0,0.702
S2324-G0715,3,DAL,24.0,20,0,118.0,1.1428571428571428,0.8037142857142856
S2324-G0715,3,PHI,17.0,19,0,102.0,0.85,0.612
S2324-G0715,4,DAL,41.0,21,0,118.0,1.8636363636363635,1.236181818181818
S2324-G0715,4,PHI,28.0,24,0,102.0,1.12,0.774
S2324-G0716,1,ATL,28.0,26,0,144.0,1.037037037037037,0.7662222222222221
S2324-G0716,1,LAC,37.0,24,0,149.0,1.48,1.037
S2324-G0716,2,ATL,38.0,25,0,144.0,1.4615384615384615,1.0209230769230768
S2324-G0716,2,LAC,29.0,25,0,149.0,1.1153846153846154,0.8182307692307692
S2324-G0716,3,ATL,35.0,25,0,144.0,1.3461538461538463,0.9516923076923077
S2324-G0716,3,LAC,36.0,23,0,149.0,1.5,1.049
S2324-G0716,4,ATL,43.0,24,0,144.0,1.72,1.176
S2324-G0716,4,LAC,47.0,25,0,149.0,1.8076923076923077,1.2336153846153846
S2324-G0717,1,BKN,23.0,24,0,98.0,0.92,0.65
S2324-G0717,1,GSW,20.0,23,0,109.0,0.8333333333333334,0.609
S2324-G0717,2,BKN,26.0,22,0,98.0,1.1304347826086956,0.7762608695652173
S2324-G0717,2,GSW,23.0,22,0,109.0,1.0,0.709
S2324-G0717,3,BKN,21.0,20,0,98.0,1.0,0.698
S2324-G0717,3,GSW,32.0,19,0,109.0,1.6,1.069
S2324-G0717,4,BKN,28.0,24,0,98.0,1.12,0.77
S2324-G0717,4,GSW,34.0,23,0,109.0,1.4166666666666667,0.959
S2324-G0718,1,NOP,36.0,21,0,138.0,1.6363636363636365,1.1198181818181818
S2324-G0718,1,TOR,19.0,22,0,100.0,0.8260869565217391,0.5956521739130435
S2324-G0718,2,NOP,31.0,25,0,138.0,1.1923076923076923,0.8533846153846154
S2324-G0718,2,TOR,31.0,24,0,100.0,1.24,0.844
S2324-G0718,3,NOP,38.0,20,0,138.0,1.8095238095238095,1.2237142857142855
S2324-G0718,3,TOR,21.0,18,0,100.0,1.105263157894737,0.7631578947368421
S2324-G0718,4,NOP,33.0,32,0,138.0,1.0,0.738
S2324-G0718,4,TOR,29.0,28,0,100.0,1.0,0.7
S2324-G0719,1,HOU,39.0,28,0,129.0,1.3448275862068966,0.9358965517241379
S2324-G0719,1,IND,41.0,26,0,132.0,1.5185185185185186,1.043111111111111
S2324-G0719,2,HOU,36.0,27,0,129.0,1.2857142857142858,0.9004285714285715
S2324-G0719,2,IND,27.0,26,0,132.0,1.0,0.732
S2324-G0719,3,HOU,24.0,26,0,129.0,0.8888888888888888,0.6623333333333333
S2324-G0719,3,IND,38.0,25,0,132.0,1.4615384615384615,1.0089230769230768
S2324-G0719,4,HOU,30.0,27,0,129.0,1.0714285714285714,0.7718571428571428
S2324-G0719,4,IND,26.0,23,0,132.0,1.0833333333333333,0.7819999999999999
S2324-G0720,1,BKN,24.0,25,0,107.0,0.9230769230769231,0.6608461538461539
S2324-G0720,1,DAL,31.0,23,0,119.0,1.2916666666666667,0.894
S2324-G0720,2,BKN,23.0,22,0,107.0,1.0,0.707
S2324-G0720,2,DAL,34.0,21,0,119.0,1.5454545454545454,1.0462727272727272
S2324-G0720,3,BKN,30.0,22,0,107.0,1.3043478260869565,0.8896086956521739
S2324-G0720,3,DAL,30.0,22,0,119.0,1.3043478260869565,0.9016086956521739
S2324-G0720,4,BKN,30.0,20,0,107.0,1.4285714285714286,0.9641428571428571
S2324-G0720,4,DAL,24.0,22,0,119.0,1.0434782608695652,0.7450869565217391
S2324-G0721,1,MIA,26.0,24,0,121.0,1.04,0.745
S2324-G0721,1,ORL,19.0,26,0,95.0,0.7037037037037037,0.5172222222222222
S2324-G0721,2,MIA,30.0,26,0,121.0,1.1111111111111112,0.7876666666666666
S2324-G0721,2,ORL,30.0,25,0,95.0,1.1538461538461537,0.7873076923076922
S2324-G0721,3,MIA,40.0,25,0,121.0,1.5384615384615385,1.0440769230769231
S2324-G0721,3,ORL,26.0,24,0,95.0,1.04,0.719
S2324-G0721,4,MIA,25.0,19,0,121.0,1.25,0.871
S2324-G0721,4,ORL,20.0,22,0,95.0,0.8695652173913043,0.6167391304347826
S2324-G0722,1,MEM,24.0,22,0,113.0,1.0434782608695652,0.7390869565217391
S2324-G0722,1,NYK,33.0,24,0,123.0,1.32,0.915
S2324-G0722,2,MEM,22.0,24,0,113.0,0.88,0.641
S2324-G0722,2,NYK,37.0,27,0,123.0,1.3214285714285714,0.9158571428571428
S2324-G0722,3,MEM,28.0,22,0,113.0,1.2173913043478262,0.8434347826086956
S2324-G0722,3,NYK,27.0,21,0,123.0,1.2272727272727273,0.8593636363636363
S2324-G0722,4,MEM,39.0,23,0,113.0,1.625,1.088
S2324-G0722,4,NYK,26.0,25,0,123.0,1.0,0.723
S2324-G0723,1,CHI,22.0,27,0,129.0,0.7857142857142857,0.6004285714285714
S2324-G0723,1,MIN,33.0,24,0,123.0,1.32,0.915
S2324-G0723,2,CHI,25.0,24,0,129.0,1.0,0.729
S2324-G0723,2,MIN,36.0,25,0,123.0,1.3846153846153846,0.9537692307692307
S2324-G0723,3,CHI,36.0,19,0,129.0,1.8,1.209
S2324-G0723,3,MIN,23.0,18,0,123.0,1.2105263157894737,0.8493157894736841
S2324-G0723,4,CHI,32.0,20,0,129.0,1.5238095238095237,1.0432857142857141
S2324-G0723,4,MIN,23.0,20,0,123.0,1.0952380952380953,0.7801428571428571
S2324-G0723,5,CHI,14.0,9,0,129.0,1.4,0.969
S2324-G0723,5,MIN,8.0,9,0,123.0,0.8,0.603
S2324-G0724,1,OKC,33.0,25,0,117.0,1.2692307692307692,0.8785384615384615
S2324-G0724,1,UTA,28.0,25,0,124.0,1.0769230769230769,0.7701538461538461
S2324-G0724,2,OKC,35.0,28,0,117.0,1.206896551724138,0.8411379310344828
S2324-G0724,2,UTA,33.0,27,0,124.0,1.1785714285714286,0.8311428571428572
S2324-G0724,3,OKC,24.0,22,0,117.0,1.0434782608695652,0.7430869565217391
S2324-G0724,3,UTA,35.0,24,0,124.0,1.4,0.964
S2324-G0724,4,OKC,25.0,23,0,117.0,1.0416666666666667,0.742
S2324-G0724,4,UTA,28.0,23,0,124.0,1.1666666666666667,0.8240000000000001
S2324-G0725,1,MIL,23.0,20,0,106.0,1.0952380952380953,0.7631428571428571
S2324-G0725,1,PHX,22.0,19,0,114.0,1.1,0.774
S2324-G0725,2,MIL,26.0,24,0,106.0,1.04,0.73
S2324-G0725,2,PHX,26.0,27,0,114.0,0.9285714285714286,0.6711428571428572
S2324-G0725,3,MIL,24.0,26,0,106.0,0.8888888888888888,0.6393333333333333
S2324-G0725,3,PHX,31.0,23,0,114.0,1.2916666666666667,0.889
S2324-G0725,4,MIL,33.0,30,0,106.0,1.064516129032258,0.7447096774193548
S2324-G0725,4,PHX,35.0,26,0,114.0,1.2962962962962963,0.8917777777777778
S2324-G0726,1,CHA,36.0,23,0,117.0,1.5,1.017
S2324-G0726,1,TOR,27.0,20,0,123.0,1.2857142857142858,0.8944285714285715
S2324-G0726,2,CHA,24.0,19,0,117.0,1.2,0.837
S2324-G0726,2,TOR,27.0,19,0,123.0,1.35,0.933
S2324-G0726,3,CHA,37.0,30,0,117.0,1.1935483870967742,0.8331290322580646
S2324-G0726,3,TOR,37.0,31,0,123.0,1.15625,0.81675
S2324-G0726,4,CHA,20.0,21,0,117.0,0.9090909090909091,0.6624545454545454
S2324-G0726,4,TOR,32.0,20,0,123.0,1.5238095238095237,1.0372857142857141
S2324-G0727,1,GSW,15.0,23,0,127.0,0.625,0.502
S2324-G0727,1,PHI,22.0,22,0,104.0,0.9565217391304348,0.6779130434782609
S2324-G0727,2,GSW,33.0,26,0,127.0,1.2222222222222223,0.8603333333333334
S2324-G0727,2,PHI,23.0,25,0,104.0,0.8846153846153846,0.6347692307692308
S2324-G0727,3,GSW,43.0,22,0,127.0,1.8695652173913044,1.2487391304347826
S2324-G0727,3,PHI,23.0,24,0,104.0,0.92,0.656
S2324-G0727,4,GSW,36.0,28,0,127.0,1.2413793103448276,0.8718275862068966
S2324-G0727,4,PHI,36.0,25,0,104.0,1.3846153846153846,0.9347692307692307
S2324-G0728,1,CLE,27.0,24,0,114.0,1.08,0.762
S2324-G0728,1,WAS,27.0,23,0,106.0,1.125,0.7809999999999999
S2324-G0728,2,CLE,30.0,25,0,114.0,1.1538461538461537,0.8063076923076922
S2324-G0728,2,WAS,30.0,23,0,106.0,1.25,0.856
S2324-G0728,3,CLE,23.0,23,0,114.0,0.9583333333333334,0.689
S2324-G0728,3,WAS,22.0,24,0,106.0,0.88,0.634
S2324-G0728,4,CLE,34.0,24,0,114.0,1.36,0.93
S2324-G0728,4,WAS,27.0,25,0,106.0,1.0384615384615385,0.7290769230769231
S2324-G0729,1,ATL,37.0,26,0,117.0,1.3703703703703705,0.9392222222222223
S2324-G0729,1,BOS,35.0,27,0,125.0,1.25,0.875
S2324-G0729,2,ATL,30.0,25,0,117.0,1.1538461538461537,0.8093076923076922
S2324-G0729,2,BOS,36.0,24,0,125.0,1.44,0.989
S2324-G0729,3,ATL,23.0,27,0,117.0,0.8214285714285714,0.6098571428571429
S2324-G0729,3,BOS,24.0,23,0,125.0,1.0,0.725
S2324-G0729,4,ATL,27.0,24,0,117.0,1.08,0.765
S2324-G0729,4,BOS,30.0,22,0,125.0,1.3043478260869565,0.907608695652174
S2324-G0730,1,MIA,32.0,27,0,116.0,1.1428571428571428,0.8017142857142856
S2324-G0730,1,SAS,31.0,27,0,104.0,1.1071428571428572,0.7682857142857142
S2324-G0730,2,MIA,21.0,20,0,116.0,1.0,0.716
S2324-G0730,2,SAS,20.0,22,0,104.0,0.8695652173913043,0.6257391304347826
S2324-G0730,3,MIA,25.0,23,0,116.0,1.0416666666666667,0.741
S2324-G0730,3,SAS,26.0,24,0,104.0,1.04,0.728
S2324-G0730,4,MIA,38.0,24,0,116.0,1.52,1.028
S2324-G0730,4,SAS,27.0,24,0,104.0,1.08,0.752
S2324-G0731,1,LAC,19.0,27,0,106.0,0.6785714285714286,0.5131428571428571
S2324-G0731,1,NOP,36.0,27,0,117.0,1.2857142857142858,0.8884285714285715
S2324-G0731,2,LAC,28.0,21,0,106.0,1.2727272727272727,0.8696363636363635
S2324-G0731,2,NOP,19.0,20,0,117.0,0.9047619047619048,0.6598571428571428
S2324-G0731,3,LAC,22.0,21,0,106.0,1.0,0.706
S2324-G0731,3,NOP,24.0,23,0,117.0,1.0,0.717
S2324-G0731,4,LAC,37.0,24,0,106.0,1.48,0.994
S2324-G0731,4,NOP,38.0,29,0,117.0,1.2666666666666666,0.8769999999999999
S2324-G0732,1,DET,31.0,26,0,133.0,1.1481481481481481,0.8218888888888889
S2324-G0732,1,SAC,36.0,26,0,120.0,1.3333333333333333,0.9199999999999999
S2324-G0732,2,DET,39.0,21,0,133.0,1.7727272727272727,1.1966363636363635
S2324-G0732,2,SAC,27.0,17,0,120.0,1.5,1.02
S2324-G0732,3,DET,27.0,19,0,133.0,1.35,0.9430000000000001
S2324-G0732,3,SAC,36.0,23,0,120.0,1.5,1.02
S2324-G0732,4,DET,36.0,18,0,133.0,1.894736842105263,1.2698421052631579
S2324-G0732,4,SAC,21.0,21,0,120.0,0.9545454545454546,0.6927272727272727
S2324-G0733,1,GSW,45.0,27,0,131.0,1.6071428571428572,1.0952857142857142
S2324-G0733,1,IND,34.0,28,0,109.0,1.1724137931034482,0.8124482758620689
S2324-G0733,2,GSW,25.0,26,0,131.0,0.9259259259259259,0.6865555555555556
S2324-G0733,2,IND,24.0,22,0,109.0,1.0434782608695652,0.735086956521739
S2324-G0733,3,GSW,25.0,22,0,131.0,1.0869565217391304,0.7831739130434782
S2324-G0733,3,IND,18.0,21,0,109.0,0.8181818181818182,0.599909090909091
S2324-G0733,4,GSW,36.0,28,0,131.0,1.2413793103448276,0.8758275862068966
S2324-G0733,4,IND,33.0,26,0,109.0,1.2222222222222223,0.8423333333333334
S2324-G0734,1,ORL,23.0,19,0,127.0,1.15,0.817
S2324-G0734,1,SAS,20.0,18,0,111.0,1.0526315789473684,0.742578947368421
S2324-G0734,2,ORL,38.0,26,0,127.0,1.4074074074074074,0.9714444444444444
S2324-G0734,2,SAS,24.0,23,0,111.0,1.0,0.711
S2324-G0734,3,ORL,37.0,26,0,127.0,1.3703703703703705,0.9492222222222223
S2324-G0734,3,SAS,41.0,25,0,111.0,1.5769230769230769,1.057153846153846
S2324-G0734,4,ORL,29.0,27,0,127.0,1.0357142857142858,0.7484285714285714
S2324-G0734,4,SAS,26.0,27,0,111.0,0.9285714285714286,0.6681428571428571
S2324-G0735,1,BKN,21.0,24,0,95.0,0.84,0.599
S2324-G0735,1,CLE,32.0,23,0,118.0,1.3333333333333333,0.9179999999999999
S2324-G0735,2,BKN,30.0,26,0,95.0,1.1111111111111112,0.7616666666666666
S2324-G0735,2,CLE,27.0,22,0,118.0,1.173913043478261,0.8223478260869566
S2324-G0735,3,BKN,18.0,23,0,95.0,0.75,0.5449999999999999
S2324-G0735,3,CLE,31.0,23,0,118.0,1.2916666666666667,0.893
S2324-G0735,4,BKN,26.0,21,0,95.0,1.1818181818181819,0.8040909090909091
S2324-G0735,4,CLE,28.0,24,0,118.0,1.12,0.79
S2324-G0736,1,DAL,28.0,27,0,122.0,1.0,0.722
S2324-G0736,1,NYK,22.0,27,0,108.0,0.7857142857142857,0.5794285714285714
S2324-G0736,2,DAL,31.0,18,0,122.0,1.631578947368421,1.1009473684210525
S2324-G0736,2,NYK,26.0,19,0,108.0,1.3,0.888
S2324-G0736,3,DAL,28.0,22,0,122.0,1.2173913043478262,0.8524347826086957
S2324-G0736,3,NYK,23.0,22,0,108.0,1.0,0.708
S2324-G0736,4,DAL,35.0,20,0,122.0,1.6666666666666667,1.1219999999999999
S2324-G0736,4,NYK,37.0,24,0,108.0,1.48,0.996
S2324-G0737,1,CHI,27.0,21,0,118.0,1.2272727272727273,0.8543636363636363
S2324-G0737,1,MEM,31.0,25,0,110.0,1.1923076923076923,0.8253846153846154
S2324-G0737,2,CHI,25.0,23,0,118.0,1.0416666666666667,0.743
S2324-G0737,2,MEM,25.0,25,0,110.0,0.9615384615384616,0.6869230769230769
S2324-G0737,3,CHI,28.0,21,0,118.0,1.2727272727272727,0.8816363636363636
S2324-G0737,3,MEM,25.0,19,0,110.0,1.25,0.86
S2324-G0737,4,CHI,38.0,24,0,118.0,1.52,1.0299999999999998
S2324-G0737,4,MEM,29.0,26,0,110.0,1.0740740740740742,0.7544444444444445
S2324-G0738,1,MIL,26.0,24,0,105.0,1.04,0.729
S2324-G0738,1,MIN,30.0,23,0,129.0,1.25,0.879
S2324-G0738,2,MIL,27.0,22,0,105.0,1.173913043478261,0.8093478260869565
S2324-G0738,2,MIN,33.0,23,0,129.0,1.375,0.954
S2324-G0738,3,MIL,22.0,20,0,105.0,1.0476190476190477,0.7335714285714285
S2324-G0738,3,MIN,39.0,20,0,129.0,1.8571428571428572,1.2432857142857143
S2324-G0738,4,MIL,30.0,24,0,105.0,1.2,0.825
S2324-G0738,4,MIN,27.0,25,0,129.0,1.0384615384615385,0.7520769230769231
S2324-G0739,1,PHX,40.0,26,0,129.0,1.4814814814814814,1.0178888888888888
S2324-G0739,1,UTA,28.0,24,0,115.0,1.12,0.787
S2324-G0739,2,PHX,35.0,24,0,129.0,1.4,0.969
S2324-G0739,2,UTA,38.0,25,0,115.0,1.4615384615384615,0.9919230769230768
S2324-G0739,3,PHX,34.0,28,0,129.0,1.1724137931034482,0.8324482758620689
S2324-G0739,3,UTA,24.0,27,0,115.0,0.8571428571428571,0.6292857142857142
S2324-G0739,4,PHX,20.0,24,0,129.0,0.8,0.609
S2324-G0739,4,UTA,25.0,23,0,115.0,1.0416666666666667,0.74
S2324-G0740,1,DEN,29.0,23,0,114.0,1.2083333333333333,0.839
S2324-G0740,1,LAL,23.0,28,0,106.0,0.7931034482758621,0.5818620689655173
S2324-G0740,2,DEN,30.0,24,0,114.0,1.2,0.834
S2324-G0740,2,LAL,26.0,24,0,106.0,1.04,0.73
S2324-G0740,3,DEN,24.0,23,0,114.0,1.0,0.714
S2324-G0740,3,LAL,30.0,21,0,106.0,1.3636363636363635,0.9241818181818181
S2324-G0740,4,DEN,31.0,20,0,114.0,1.4761904761904763,0.9997142857142858
S2324-G0740,4,LAL,27.0,23,0,106.0,1.125,0.7809999999999999
S2324-G0741,1,DET,25.0,25,0,128.0,0.9615384615384616,0.7049230769230769
S2324-G0741,1,POR,30.0,24,0,122.0,1.2,0.842
S2324-G0741,2,DET,31.0,26,0,128.0,1.1481481481481481,0.8168888888888889
S2324-G0741,2,POR,41.0,25,0,122.0,1.5769230769230769,1.0681538461538462
S2324-G0741,3,DET,28.0,23,0,128.0,1.1666666666666667,0.8280000000000001
S2324-G0741,3,POR,26.0,25,0,122.0,1.0,0.722
S2324-G0741,4,DET,36.0,20,0,128.0,1.7142857142857142,1.1565714285714286
S2324-G0741,4,POR,23.0,18,0,122.0,1.2105263157894737,0.8483157894736841
S2324-G0741,5,DET,8.0,6,0,128.0,1.1428571428571428,0.8137142857142856
S2324-G0741,5,POR,2.0,7,0,122.0,0.25,0.272
S2324-G0742,1,ATL,37.0,25,0,127.0,1.4230769230769231,0.9808461538461538
S2324-G0742,1,PHI,26.0,26,0,121.0,0.9629629629629629,0.6987777777777777
S2324-G0742,2,ATL,36.0,24,0,127.0,1.44,0.991
S2324-G0742,2,PHI,30.0,26,0,121.0,1.1111111111111112,0.7876666666666666
S2324-G0742,3,ATL,30.0,23,0,127.0,1.25,0.877
S2324-G0742,3,PHI,30.0,24,0,121.0,1.2,0.841
S2324-G0742,4,ATL,24.0,17,0,127.0,1.3333333333333333,0.9269999999999999
S2324-G0742,4,PHI,35.0,17,0,121.0,1.9444444444444444,1.2876666666666665
S2324-G0743,1,BOS,31.0,29,0,133.0,1.0333333333333334,0.753
S2324-G0743,1,WAS,35.0,27,0,129.0,1.25,0.879
S2324-G0743,2,BOS,33.0,24,0,133.0,1.32,0.925
S2324-G0743,2,WAS,36.0,25,0,129.0,1.3846153846153846,0.9597692307692307
S2324-G0743,3,BOS,36.0,28,0,133.0,1.2413793103448276,0.8778275862068966
S2324-G0743,3,WAS,16.0,27,0,129.0,0.5714285714285714,0.4718571428571428
S2324-G0743,4,BOS,33.0,22,0,133.0,1.434782608695652,0.9938695652173912
S2324-G0743,4,WAS,42.0,23,0,129.0,1.75,1.179
S2324-G0744,1,HOU,20.0,27,0,104.0,0.7142857142857143,0.5325714285714286
S2324-G0744,1,TOR,34.0,30,0,107.0,1.096774193548387,0.7650645161290321
S2324-G0744,2,HOU,29.0,25,0,104.0,1.1153846153846154,0.7732307692307692
S2324-G0744,2,TOR,27.0,24,0,107.0,1.08,0.755
S2324-G0744,3,HOU,22.0,22,0,104.0,0.9565217391304348,0.6779130434782609
S2324-G0744,3,TOR,27.0,23,0,107.0,1.125,0.7819999999999999
S2324-G0744,4,HOU,33.0,25,0,104.0,1.2692307692307692,0.8655384615384615
S2324-G0744,4,TOR,19.0,24,0,107.0,0.76,0.563
S2324-G0745,1,CHA,17.0,19,0,84.0,0.85,0.594
S2324-G0745,1,MIL,31.0,21,0,120.0,1.4090909090909092,0.9654545454545455
S2324-G0745,2,CHA,21.0,20,0,84.0,1.0,0.6839999999999999
S2324-G0745,2,MIL,35.0,22,0,120.0,1.5217391304347827,1.0330434782608697
S2324-G0745,3,CHA,25.0,24,0,84.0,1.0,0.6839999999999999
S2324-G0745,3,MIL,33.0,22,0,120.0,1.434782608695652,0.9808695652173912
S2324-G0745,4,CHA,21.0,14,0,84.0,1.4,0.9239999999999999
S2324-G0745,4,MIL,21.0,13,0,120.0,1.5,1.02
S2324-G0746,1,DEN,35.0,28,0,106.0,1.206896551724138,0.8301379310344827
S2324-G0746,1,SAC,32.0,28,0,135.0,1.103448275862069,0.7970689655172414
S2324-G0746,2,DEN,22.0,28,0,106.0,0.7586206896551724,0.5611724137931035
S2324-G0746,2,SAC,35.0,28,0,135.0,1.206896551724138,0.8591379310344828
S2324-G0746,3,DEN,29.0,28,0,106.0,1.0,0.706
S2324-G0746,3,SAC,39.0,31,0,135.0,1.21875,0.86625
S2324-G0746,4,DEN,20.0,16,0,106.0,1.1764705882352942,0.8118823529411765
S2324-G0746,4,SAC,29.0,19,0,135.0,1.45,1.005
S2324-G0747,1,LAL,36.0,26,0,139.0,1.3333333333333333,0.939
S2324-G0747,1,NOP,39.0,25,0,122.0,1.5,1.0219999999999998
S2324-G0747,2,LAL,51.0,24,0,139.0,2.04,1.363
S2324-G0747,2,NOP,35.0,24,0,122.0,1.4,0.962
S2324-G0747,3,LAL,28.0,22,0,139.0,1.2173913043478262,0.8694347826086957
S2324-G0747,3,NOP,28.0,25,0,122.0,1.0769230769230769,0.7681538461538461
S2324-G0747,4,LAL,24.0,20,0,139.0,1.1428571428571428,0.8247142857142856
S2324-G0747,4,NOP,20.0,20,0,122.0,0.9523809523809523,0.6934285714285714
S2324-G0748,1,DAL,47.0,29,0,146.0,1.5666666666666667,1.0859999999999999
S2324-G0748,1,OKC,30.0,26,0,111.0,1.1111111111111112,0.7776666666666666
S2324-G0748,2,DAL,24.0,27,0,146.0,0.8571428571428571,0.6602857142857143
S2324-G0748,2,OKC,32.0,24,0,111.0,1.28,0.879
S2324-G0748,3,DAL,39.0,22,0,146.0,1.6956521739130435,1.163391304347826
S2324-G0748,3,OKC,27.0,22,0,111.0,1.173913043478261,0.8153478260869566
S2324-G0748,4,DAL,36.0,22,0,146.0,1.565217391304348,1.0851304347826087
S2324-G0748,4,OKC,22.0,24,0,111.0,0.88,0.639
S2324-G0749,1,DET,30.0,23,0,106.0,1.25,0.856
S2324-G0749,1,LAC,31.0,25,0,112.0,1.1923076923076923,0.8273846153846154
S2324-G0749,2,DET,28.0,25,0,106.0,1.0769230769230769,0.7521538461538461
S2324-G0749,2,LAC,18.0,26,0,112.0,0.6666666666666666,0.512
S2324-G0749,3,DET,23.0,20,0,106.0,1.0952380952380953,0.7631428571428571
S2324-G0749,3,LAC,27.0,20,0,112.0,1.2857142857142858,0.8834285714285715
S2324-G0749,4,DET,25.0,19,0,106.0,1.25,0.856
S2324-G0749,4,LAC,36.0,19,0,112.0,1.8,1.1920000000000002
S2324-G0750,1,BKN,33.0,25,0,123.0,1.2692307692307692,0.8845384615384615
S2324-G0750,1,SAS,30.0,25,0,103.0,1.1538461538461537,0.7953076923076922
S2324-G0750,2,BKN,27.0,26,0,123.0,1.0,0.723
S2324-G0750,2,SAS,18.0,25,0,103.0,0.6923076923076923,0.5183846153846153
S2324-G0750,3,BKN,33.0,17,0,123.0,1.8333333333333333,1.2229999999999999
S2324-G0750,3,SAS,27.0,20,0,103.0,1.2857142857142858,0.8744285714285714
S2324-G0750,4,BKN,30.0,24,0,123.0,1.2,0.843
S2324-G0750,4,SAS,28.0,26,0,103.0,1.037037037037037,0.7252222222222221
S2324-G0751,1,CHA,25.0,26,0,115.0,0.9259259259259259,0.6705555555555556
S2324-G0751,1,MEM,28.0,26,0,106.0,1.037037037037037,0.7282222222222221
S2324-G0751,2,CHA,33.0,25,0,115.0,1.2692307692307692,0.8765384615384615
S2324-G0751,2,MEM,21.0,25,0,106.0,0.8076923076923077,0.5906153846153847
S2324-G0751,3,CHA,27.0,22,0,115.0,1.173913043478261,0.8193478260869566
S2324-G0751,3,MEM,27.0,20,0,106.0,1.2857142857142858,0.8774285714285714
S2324-G0751,4,CHA,30.0,25,0,115.0,1.1538461538461537,0.8073076923076922
S2324-G0751,4,MEM,30.0,27,0,106.0,1.0714285714285714,0.7488571428571428
S2324-G0752,1,CHI,24.0,24,0,108.0,0.96,0.6839999999999999
S2324-G0752,1,ORL,26.0,23,0,114.0,1.0833333333333333,0.7639999999999999
S2324-G0752,2,CHI,26.0,21,0,108.0,1.1818181818181819,0.8170909090909091
S2324-G0752,2,ORL,26.0,21,0,114.0,1.1818181818181819,0.8230909090909091
S2324-G0752,3,CHI,36.0,26,0,108.0,1.3333333333333333,0.9079999999999999
S2324-G0752,3,ORL,28.0,23,0,114.0,1.1666666666666667,0.8140000000000001
S2324-G0752,4,CHI,15.0,17,0,108.0,0.8333333333333334,0.608
S2324-G0752,4,ORL,21.0,15,0,114.0,1.3125,0.9015
S2324-G0752,5,CHI,7.0,9,0,108.0,0.7,0.528
S2324-G0752,5,ORL,13.0,9,0,114.0,1.3,0.894
S2324-G0753,1,PHI,33.0,23,0,119.0,1.375,0.944
S2324-G0753,1,WAS,26.0,27,0,113.0,0.9285714285714286,0.6701428571428572
S2324-G0753,2,PHI,26.0,27,0,119.0,0.9285714285714286,0.6761428571428572
S2324-G0753,2,WAS,30.0,24,0,113.0,1.2,0.833
S2324-G0753,3,PHI,31.0,23,0,119.0,1.2916666666666667,0.894
S2324-G0753,3,WAS,24.0,24,0,113.0,0.96,0.689
S2324-G0753,4,PHI,29.0,24,0,119.0,1.16,0.815
S2324-G0753,4,WAS,33.0,23,0,113.0,1.375,0.938
S2324-G0754,1,ATL,19.0,25,0,122.0,0.7307692307692307,0.5604615384615383
S2324-G0754,1,HOU,31.0,21,0,113.0,1.4090909090909092,0.9584545454545454
S2324-G0754,2,ATL,38.0,19,0,122.0,1.9,1.262
S2324-G0754,2,HOU,18.0,24,0,113.0,0.72,0.5449999999999999
S2324-G0754,3,ATL,38.0,27,0,122.0,1.3571428571428572,0.9362857142857143
S2324-G0754,3,HOU,35.0,27,0,113.0,1.25,0.863
S2324-G0754,4,ATL,27.0,23,0,122.0,1.125,0.7969999999999999
S2324-G0754,4,HOU,29.0,27,0,113.0,1.0357142857142858,0.7344285714285714
S2324-G0755,1,IND,26.0,19,0,125.0,1.3,0.905
S2324-G0755,1,NYK,27.0,18,0,111.0,1.4210526315789473,0.9636315789473684
S2324-G0755,2,IND,35.0,27,0,125.0,1.25,0.875
S2324-G0755,2,NYK,31.0,24,0,111.0,1.24,0.855
S2324-G0755,3,IND,30.0,22,0,125.0,1.3043478260869565,0.907608695652174
S2324-G0755,3,NYK,24.0,20,0,111.0,1.1428571428571428,0.7967142857142856
S2324-G0755,4,IND,34.0,26,0,125.0,1.2592592592592593,0.8805555555555555
S2324-G0755,4,NYK,29.0,24,0,111.0,1.16,0.8069999999999999
S2324-G0756,1,CLE,30.0,23,0,119.0,1.25,0.869
S2324-G0756,1,TOR,24.0,24,0,95.0,0.96,0.6709999999999999
S2324-G0756,2,CLE,37.0,24,0,119.0,1.48,1.0070000000000001
S2324-G0756,2,TOR,23.0,21,0,95.0,1.0454545454545454,0.7222727272727272
S2324-G0756,3,CLE,28.0,17,0,119.0,1.5555555555555556,1.0523333333333333
S2324-G0756,3,TOR,26.0,19,0,95.0,1.3,0.875
S2324-G0756,4,CLE,24.0,23,0,119.0,1.0,0.719
S2324-G0756,4,TOR,22.0,24,0,95.0,0.88,0.623
S2324-G0757,1,GSW,33.0,26,0,113.0,1.2222222222222223,0.8463333333333334
S2324-G0757,1,PHX,28.0,24,0,112.0,1.12,0.784
S2324-G0757,2,GSW,26.0,24,0,113.0,1.04,0.737
S2324-G0757,2,PHX,30.0,22,0,112.0,1.3043478260869565,0.8946086956521739
S2324-G0757,3,GSW,25.0,24,0,113.0,1.0,0.713
S2324-G0757,3,PHX,24.0,25,0,112.0,0.9230769230769231,0.6658461538461539
S2324-G0757,4,GSW,29.0,24,0,113.0,1.16,0.8089999999999999
S2324-G0757,4,PHX,30.0,25,0,112.0,1.1538461538461537,0.8043076923076922
S2324-G0758,1,NOP,29.0,23,0,93.0,1.2083333333333333,0.818
S2324-G0758,1,POR,24.0,24,0,84.0,0.96,0.6599999999999999
S2324-G0758,2,NOP,18.0,20,0,93.0,0.8571428571428571,0.6072857142857142
S2324-G0758,2,POR,16.0,21,0,84.0,0.7272727272727273,0.5203636363636364
S2324-G0758,3,NOP,17.0,21,0,93.0,0.7727272727272727,0.5566363636363636
S2324-G0758,3,POR,23.0,22,0,84.0,1.0,0.6839999999999999
S2324-G0758,4,NOP,29.0,20,0,93.0,1.380952380952381,0.9215714285714285
S2324-G0758,4,POR,21.0,19,0,84.0,1.05,0.714
S2324-G0759,1,BOS,26.0,19,0,110.0,1.3,0.89
S2324-G0759,1,MIA,22.0,20,0,106.0,1.0476190476190477,0.7345714285714285
S2324-G0759,2,BOS,33.0,20,0,110.0,1.5714285714285714,1.052857142857143
S2324-G0759,2,MIA,28.0,20,0,106.0,1.3333333333333333,0.9059999999999999
S2324-G0759,3,BOS,27.0,19,0,110.0,1.35,0.92
S2324-G0759,3,MIA,29.0,22,0,106.0,1.2608695652173914,0.8625217391304347
S2324-G0759,4,BOS,24.0,20,0,110.0,1.1428571428571428,0.7957142857142856
S2324-G0759,4,MIA,27.0,19,0,106.0,1.35,0.916
S2324-G0760,1,OKC,29.0,24,0,127.0,1.16,0.823
S2324-G0760,1,SAC,27.0,26,0,113.0,1.0,0.713
S2324-G0760,2,OKC,38.0,31,0,127.0,1.1875,0.8395
S2324-G0760,2,SAC,30.0,30,0,113.0,0.967741935483871,0.6936451612903226
S2324-G0760,3,OKC,33.0,23,0,127.0,1.375,0.952
S2324-G0760,3,SAC,26.0,21,0,113.0,1.1818181818181819,0.8220909090909091
S2324-G0760,4,OKC,27.0,21,0,127.0,1.2272727272727273,0.8633636363636363
S2324-G0760,4,SAC,30.0,23,0,113.0,1.25,0.863
S2324-G0761,1,CHA,25.0,28,0,111.0,0.8620689655172413,0.6282413793103447
S2324-G0761,1,IND,24.0,29,0,102.0,0.8,0.582
S2324-G0761,2,CHA,23.0,20,0,111.0,1.0952380952380953,0.7681428571428571
S2324-G0761,2,IND,25.0,24,0,102.0,1.0,0.702
S2324-G0761,3,CHA,33.0,25,0,111.0,1.2692307692307692,0.8725384615384615
S2324-G0761,3,IND,31.0,26,0,102.0,1.1481481481481481,0.7908888888888889
S2324-G0761,4,CHA,30.0,19,0,111.0,1.5,1.011
S2324-G0761,4,IND,22.0,23,0,102.0,0.9166666666666666,0.6519999999999999
S2324-G0762,1,CLE,33.0,27,0,121.0,1.1785714285714286,0.8281428571428572
S2324-G0762,1,PHI,34.0,27,0,123.0,1.2142857142857142,0.8515714285714285
S2324-G0762,2,CLE,29.0,21,0,121.0,1.3181818181818181,0.9119090909090909
S2324-G0762,2,PHI,32.0,23,0,123.0,1.3333333333333333,0.9229999999999999
S2324-G0762,3,CLE,30.0,21,0,121.0,1.3636363636363635,0.9391818181818181
S2324-G0762,3,PHI,25.0,19,0,123.0,1.25,0.873
S2324-G0762,4,CLE,29.0,25,0,121.0,1.1153846153846154,0.7902307692307692
S2324-G0762,4,PHI,32.0,24,0,123.0,1.28,0.891
S2324-G0763,1,ATL,33.0,23,0,126.0,1.375,0.951
S2324-G0763,1,CHI,26.0,20,0,136.0,1.2380952380952381,0.8788571428571429
S2324-G0763,2,ATL,26.0,24,0,126.0,1.04,0.75
S2324-G0763,2,CHI,34.0,24,0,136.0,1.36,0.9520000000000001
S2324-G0763,3,ATL,33.0,23,0,126.0,1.375,0.951
S2324-G0763,3,CHI,37.0,25,0,136.0,1.4230769230769231,0.9898461538461538
S2324-G0763,4,ATL,34.0,29,0,126.0,1.1333333333333333,0.8059999999999999
S2324-G0763,4,CHI,39.0,24,0,136.0,1.56,1.072
S2324-G0764,1,SAS,34.0,27,0,122.0,1.2142857142857142,0.8505714285714285
S2324-G0764,1,TOR,28.0,29,0,99.0,0.9333333333333333,0.6589999999999999
S2324-G0764,2,SAS,33.0,29,0,122.0,1.1,0.782
S2324-G0764,2,TOR,22.0,31,0,99.0,0.6875,0.5115
S2324-G0764,3,SAS,36.0,24,0,122.0,1.44,0.986
S2324-G0764,3,TOR,25.0,26,0,99.0,0.9259259259259259,0.6545555555555556
S2324-G0764,4,SAS,19.0,17,0,122.0,1.0555555555555556,0.7553333333333333
S2324-G0764,4,TOR,24.0,21,0,99.0,1.0909090909090908,0.7535454545454544
S2324-G0765,1,HOU,29.0,21,0,105.0,1.3181818181818181,0.8959090909090909
S2324-G0765,1,NYK,22.0,22,0,103.0,0.9565217391304348,0.6769130434782609
S2324-G0765,2,HOU,28.0,24,0,105.0,1.12,0.777
S2324-G0765,2,NYK,21.0,22,0,103.0,0.9130434782608695,0.6508260869565217
S2324-G0765,3,HOU,17.0,22,0,105.0,0.7391304347826086,0.5484782608695652
S2324-G0765,3,NYK,28.0,24,0,103.0,1.12,0.775
S2324-G0765,4,HOU,31.0,25,0,105.0,1.1923076923076923,0.8203846153846154
S2324-G0765,4,NYK,32.0,22,0,103.0,1.391304347826087,0.9377826086956521
S2324-G0766,1,MEM,26.0,26,0,87.0,0.9629629629629629,0.6647777777777777
S2324-G0766,1,NOP,31.0,26,0,96.0,1.1481481481481481,0.7848888888888889
S2324-G0766,2,MEM,21.0,19,0,87.0,1.05,0.717
S2324-G0766,2,NOP,30.0,19,0,96.0,1.5,0.9959999999999999
S2324-G0766,3,MEM,26.0,25,0,87.0,1.0,0.6869999999999999
S2324-G0766,3,NOP,25.0,26,0,96.0,0.9259259259259259,0.6515555555555556
S2324-G0766,4,MEM,14.0,19,0,87.0,0.7,0.507
S2324-G0766,4,NOP,10.0,19,0,96.0,0.5,0.396
S2324-G0767,1,DEN,23.0,24,0,95.0,0.92,0.647
S2324-G0767,1,MIL,28.0,23,0,112.0,1.1666666666666667,0.812
S2324-G0767,2,DEN,21.0,19,0,95.0,1.05,0.725
S2324-G0767,2,MIL,32.0,21,0,112.0,1.4545454545454546,0.9847272727272727
S2324-G0767,3,DEN,19.0,25,0,95.0,0.7307692307692307,0.5334615384615384
S2324-G0767,3,MIL,31.0,21,0,112.0,1.4090909090909092,0.9574545454545454
S2324-G0767,4,DEN,32.0,22,0,95.0,1.391304347826087,0.9297826086956521
S2324-G0767,4,MIL,21.0,20,0,112.0,1.0,0.712
S2324-G0768,1,DAL,26.0,29,0,112.0,0.8666666666666667,0.632
S2324-G0768,1,WAS,22.0,29,0,104.0,0.7333333333333333,0.5439999999999999
S2324-G0768,2,DAL,25.0,28,0,112.0,0.8620689655172413,0.6292413793103447
S2324-G0768,2,WAS,36.0,27,0,104.0,1.2857142857142858,0.8754285714285714
S2324-G0768,3,DAL,27.0,24,0,112.0,1.08,0.76
S2324-G0768,3,WAS,30.0,24,0,104.0,1.2,0.824
S2324-G0768,4,DAL,34.0,24,0,112.0,1.36,0.928
S2324-G0768,4,WAS,16.0,22,0,104.0,0.6956521739130435,0.5213913043478261
S2324-G0769,1,GSW,34.0,24,0,129.0,1.36,0.9450000000000001
S2324-G0769,1,UTA,26.0,28,0,107.0,0.896551724137931,0.6449310344827586
S2324-G0769,2,GSW,29.0,23,0,129.0,1.2083333333333333,0.854
S2324-G0769,2,UTA,29.0,23,0,107.0,1.2083333333333333,0.832
S2324-G0769,3,GSW,30.0,29,0,129.0,1.0,0.729
S2324-G0769,3,UTA,25.0,26,0,107.0,0.9259259259259259,0.6625555555555556
S2324-G0769,4,GSW,36.0,25,0,129.0,1.3846153846153846,0.9597692307692307
S2324-G0769,4,UTA,27.0,23,0,107.0,1.125,0.7819999999999999
S2324-G0770,1,LAC,24.0,20,0,100.0,1.1428571428571428,0.7857142857142856
S2324-G0770,1,MIN,28.0,23,0,121.0,1.1666666666666667,0.8210000000000001
S2324-G0770,2,LAC,29.0,21,0,100.0,1.3181818181818181,0.8909090909090909
S2324-G0770,2,MIN,21.0,20,0,121.0,1.0,0.721
S2324-G0770,3,LAC,19.0,21,0,100.0,0.8636363636363636,0.6181818181818182
S2324-G0770,3,MIN,40.0,21,0,121.0,1.8181818181818181,1.2119090909090908
S2324-G0770,4,LAC,28.0,25,0,100.0,1.0769230769230769,0.7461538461538461
S2324-G0770,4,MIN,32.0,25,0,121.0,1.2307692307692308,0.8594615384615385
S2324-G0771,1,BKN,30.0,23,0,110.0,1.25,0.86
S2324-G0771,1,BOS,36.0,21,0,118.0,1.6363636363636365,1.0998181818181818
S2324-G0771,2,BKN,27.0,23,0,110.0,1.125,0.7849999999999999
S2324-G0771,2,BOS,36.0,24,0,118.0,1.44,0.982
S2324-G0771,3,BKN,25.0,23,0,110.0,1.0416666666666667,0.735
S2324-G0771,3,BOS,26.0,24,0,118.0,1.04,0.742
S2324-G0771,4,BKN,28.0,20,0,110.0,1.3333333333333333,0.9099999999999999
S2324-G0771,4,BOS,20.0,20,0,118.0,0.9523809523809523,0.6894285714285714
S2324-G0772,1,OKC,31.0,30,0,127.0,1.0,0.727
S2324-G0772,1,ORL,32.0,29,0,113.0,1.0666666666666667,0.753
S2324-G0772,2,OKC,29.0,25,0,127.0,1.1153846153846154,0.7962307692307692
S2324-G0772,2,ORL,20.0,24,0,113.0,0.8,0.593
S2324-G0772,3,OKC,32.0,18,0,127.0,1.6842105263157894,1.1375263157894735
S2324-G0772,3,ORL,30.0,21,0,113.0,1.3636363636363635,0.9311818181818181
S2324-G0772,4,OKC,35.0,22,0,127.0,1.5217391304347827,1.0400434782608696
S2324-G0772,4,ORL,31.0,22,0,113.0,1.3478260869565217,0.921695652173913
S2324-G0773,1,MIA,40.0,25,0,123.0,1.5384615384615385,1.0460769230769231
S2324-G0773,1,MIL,28.0,24,0,97.0,1.12,0.769
S2324-G0773,2,MIA,29.0,24,0,123.0,1.16,0.819
S2324-G0773,2,MIL,24.0,24,0,97.0,0.96,0.6729999999999999
S2324-G0773,3,MIA,29.0,24,0,123.0,1.16,0.819
S2324-G0773,3,MIL,24.0,23,0,97.0,1.0,0.697
S2324-G0773,4,MIA,25.0,22,0,123.0,1.0869565217391304,0.7751739130434782
S2324-G0773,4,MIL,21.0,23,0,97.0,0.875,0.622
S2324-G0774,1,PHX,38.0,27,0,130.0,1.3571428571428572,0.9442857142857143
S2324-G0774,1,SAC,39.0,30,0,125.0,1.2580645161290323,0.8798387096774193
S2324-G0774,2,PHX,26.0,20,0,130.0,1.2380952380952381,0.8728571428571429
S2324-G0774,2,SAC,28.0,23,0,125.0,1.1666666666666667,0.8250000000000001
S2324-G0774,3,PHX,30.0,19,0,130.0,1.5,1.0299999999999998
S2324-G0774,3,SAC,25.0,22,0,125.0,1.0869565217391304,0.7771739130434782
S2324-G0774,4,PHX,36.0,27,0,130.0,1.2857142857142858,0.9014285714285715
S2324-G0774,4,SAC,33.0,26,0,125.0,1.2222222222222223,0.8583333333333334
S2324-G0775,1,MIN,37.0,28,0,121.0,1.2758620689655173,0.8865172413793104
S2324-G0775,1,POR,25.0,30,0,109.0,0.8064516129032258,0.5928709677419355
S2324-G0775,2,MIN,22.0,17,0,121.0,1.2222222222222223,0.8543333333333334
S2324-G0775,2,POR,26.0,18,0,109.0,1.368421052631579,0.9300526315789474
S2324-G0775,3,MIN,25.0,21,0,121.0,1.1363636363636365,0.8028181818181819
S2324-G0775,3,POR,32.0,21,0,109.0,1.4545454545454546,0.9817272727272727
S2324-G0775,4,MIN,37.0,25,0,121.0,1.4230769230769231,0.9748461538461538
S2324-G0775,4,POR,26.0,23,0,109.0,1.0833333333333333,0.7589999999999999
S2324-G0776,1,DET,24.0,29,0,111.0,0.8,0.591
S2324-G0776,1,LAL,34.0,27,0,125.0,1.2142857142857142,0.8535714285714285
S2324-G0776,2,DET,24.0,26,0,111.0,0.8888888888888888,0.6443333333333333
S2324-G0776,2,LAL,37.0,22,0,125.0,1.608695652173913,1.0902173913043478
S2324-G0776,3,DET,31.0,25,0,111.0,1.1923076923076923,0.8263846153846154
S2324-G0776,3,LAL,28.0,24,0,125.0,1.12,0.797
S2324-G0776,4,DET,32.0,21,0,111.0,1.4545454545454546,0.9837272727272727
S2324-G0776,4,LAL,26.0,20,0,125.0,1.2380952380952381,0.8678571428571429
S2324-G0777,1,ATL,31.0,21,0,99.0,1.4090909090909092,0.9444545454545454
S2324-G0777,1,CHA,29.0,21,0,122.0,1.3181818181818181,0.9129090909090909
S2324-G0777,2,ATL,24.0,24,0,99.0,0.96,0.6749999999999999
S2324-G0777,2,CHA,32.0,21,0,122.0,1.4545454545454546,0.9947272727272727
S2324-G0777,3,ATL,25.0,22,0,99.0,1.0869565217391304,0.7511739130434781
S2324-G0777,3,CHA,35.0,24,0,122.0,1.4,0.962
S2324-G0777,4,ATL,19.0,25,0,99.0,0.7307692307692307,0.5374615384615384
S2324-G0777,4,CHA,26.0,25,0,122.0,1.0,0.722
S2324-G0778,1,NYK,36.0,25,0,100.0,1.3846153846153846,0.9307692307692307
S2324-G0778,1,ORL,27.0,24,0,118.0,1.08,0.766
S2324-G0778,2,NYK,19.0,24,0,100.0,0.76,0.5559999999999999
S2324-G0778,2,ORL,38.0,24,0,118.0,1.52,1.0299999999999998
S2324-G0778,3,NYK,22.0,19,0,100.0,1.1,0.76
S2324-G0778,3,ORL,24.0,17,0,118.0,1.3333333333333333,0.9179999999999999
S2324-G0778,4,NYK,23.0,20,0,100.0,1.0952380952380953,0.7571428571428571
S2324-G0778,4,ORL,29.0,19,0,118.0,1.45,0.988
S2324-G0779,1,MIA,33.0,23,0,109.0,1.375,0.9339999999999999
S2324-G0779,1,PHI,33.0,21,0,104.0,1.5,1.004
S2324-G0779,2,MIA,27.0,27,0,109.0,0.9642857142857143,0.6875714285714285
S2324-G0779,2,PHI,29.0,28,0,104.0,1.0,0.704
S2324-G0779,3,MIA,23.0,23,0,109.0,0.9583333333333334,0.6839999999999999
S2324-G0779,3,PHI,20.0,22,0,104.0,0.8695652173913043,0.6257391304347826
S2324-G0779,4,MIA,26.0,22,0,109.0,1.1304347826086956,0.7872608695652173
S2324-G0779,4,PHI,22.0,21,0,104.0,1.0,0.704
S2324-G0780,1,BKN,15.0,20,0,86.0,0.7142857142857143,0.5145714285714286
S2324-G0780,1,BOS,30.0,17,0,136.0,1.6666666666666667,1.1360000000000001
S2324-G0780,2,BKN,17.0,20,0,86.0,0.8095238095238095,0.5717142857142857
S2324-G0780,2,BOS,38.0,24,0,136.0,1.52,1.048
S2324-G0780,3,BKN,23.0,21,0,86.0,1.0454545454545454,0.7132727272727272
S2324-G0780,3,BOS,33.0,21,0,136.0,1.5,1.036
S2324-G0780,4,BKN,31.0,24,0,86.0,1.24,0.83
S2324-G0780,4,BOS,35.0,22,0,136.0,1.5217391304347827,1.0490434782608697
S2324-G0781,1,CHI,32.0,22,0,105.0,1.391304347826087,0.9397826086956521
S2324-G0781,1,CLE,25.0,21,0,108.0,1.1363636363636365,0.7898181818181819
S2324-G0781,2,CHI,17.0,20,0,105.0,0.8095238095238095,0.5907142857142857
S2324-G0781,2,CLE,18.0,19,0,108.0,0.9,0.648
S2324-G0781,3,CHI,27.0,26,0,105.0,1.0,0.705
S2324-G0781,3,CLE,28.0,22,0,108.0,1.2173913043478262,0.8384347826086956
S2324-G0781,4,CHI,29.0,20,0,105.0,1.380952380952381,0.9335714285714285
S2324-G0781,4,CLE,37.0,19,0,108.0,1.85,1.2180000000000002
S2324-G0782,1,IND,31.0,28,0,127.0,1.0689655172413792,0.7683793103448275
S2324-G0782,1,TOR,35.0,28,0,125.0,1.206896551724138,0.8491379310344828
S2324-G0782,2,IND,34.0,26,0,127.0,1.2592592592592593,0.8825555555555555
S2324-G0782,2,TOR,36.0,27,0,125.0,1.2857142857142858,0.8964285714285715
S2324-G0782,3,IND,36.0,25,0,127.0,1.3846153846153846,0.9577692307692307
S2324-G0782,3,TOR,32.0,24,0,125.0,1.28,0.893
S2324-G0782,4,IND,26.0,20,0,127.0,1.2380952380952381,0.8698571428571429
S2324-G0782,4,TOR,22.0,23,0,125.0,0.9166666666666666,0.6749999999999999
S2324-G0783,1,HOU,21.0,18,0,113.0,1.105263157894737,0.7761578947368422
S2324-G0783,1,MEM,36.0,19,0,121.0,1.8,1.201
S2324-G0783,2,HOU,28.0,22,0,113.0,1.2173913043478262,0.8434347826086956
S2324-G0783,2,MEM,22.0,21,0,121.0,1.0,0.721
S2324-G0783,3,HOU,32.0,21,0,113.0,1.4545454545454546,0.9857272727272727
S2324-G0783,3,MEM,26.0,21,0,121.0,1.1818181818181819,0.8300909090909091
S2324-G0783,4,HOU,32.0,28,0,113.0,1.103448275862069,0.7750689655172414
S2324-G0783,4,MEM,37.0,23,0,121.0,1.5416666666666667,1.046
S2324-G0784,1,NOP,31.0,29,0,133.0,1.0333333333333334,0.753
S2324-G0784,1,WAS,26.0,25,0,126.0,1.0,0.726
S2324-G0784,2,NOP,37.0,28,0,133.0,1.2758620689655173,0.8985172413793104
S2324-G0784,2,WAS,34.0,25,0,126.0,1.3076923076923077,0.9106153846153846
S2324-G0784,3,NOP,31.0,25,0,133.0,1.1923076923076923,0.8483846153846154
S2324-G0784,3,WAS,38.0,27,0,126.0,1.3571428571428572,0.9402857142857143
S2324-G0784,4,NOP,34.0,24,0,133.0,1.36,0.9490000000000001
S2324-G0784,4,WAS,28.0,27,0,126.0,1.0,0.726
S2324-G0785,1,DAL,25.0,27,0,116.0,0.8928571428571429,0.6517142857142857
S2324-G0785,1,SAS,32.0,26,0,93.0,1.1851851851851851,0.804111111111111
S2324-G0785,2,DAL,31.0,23,0,116.0,1.2916666666666667,0.891
S2324-G0785,2,SAS,19.0,22,0,93.0,0.8260869565217391,0.5886521739130435
S2324-G0785,3,DAL,32.0,19,0,116.0,1.6,1.076
S2324-G0785,3,SAS,14.0,25,0,93.0,0.5384615384615384,0.41607692307692307
S2324-G0785,4,DAL,28.0,23,0,116.0,1.1666666666666667,0.8160000000000001
S2324-G0785,4,SAS,28.0,22,0,93.0,1.2173913043478262,0.8234347826086956
S2324-G0786,1,DEN,27.0,24,0,98.0,1.08,0.746
S2324-G0786,1,SAC,16.0,23,0,102.0,0.6666666666666666,0.502
S2324-G0786,2,DEN,26.0,21,0,98.0,1.1818181818181819,0.8070909090909091
S2324-G0786,2,SAC,25.0,22,0,102.0,1.0869565217391304,0.7541739130434781
S2324-G0786,3,DEN,21.0,18,0,98.0,1.105263157894737,0.7611578947368421
S2324-G0786,3,SAC,30.0,16,0,102.0,1.7647058823529411,1.1608235294117648
S2324-G0786,4,DEN,24.0,23,0,98.0,1.0,0.698
S2324-G0786,4,SAC,31.0,22,0,102.0,1.3478260869565217,0.910695652173913
S2324-G0787,1,DET,25.0,30,0,100.0,0.8064516129032258,0.5838709677419355
S2324-G0787,1,PHX,37.0,31,0,116.0,1.15625,0.80975
S2324-G0787,2,DET,16.0,30,0,100.0,0.5161290322580645,0.4096774193548387
S2324-G0787,2,PHX,33.0,30,0,116.0,1.064516129032258,0.7547096774193548
S2324-G0787,3,DET,28.0,27,0,100.0,1.0,0.7
S2324-G0787,3,PHX,29.0,24,0,116.0,1.16,0.8119999999999999
S2324-G0787,4,DET,31.0,20,0,100.0,1.4761904761904763,0.9857142857142858
S2324-G0787,4,PHX,17.0,19,0,116.0,0.85,0.626
S2324-G0788,1,LAL,34.0,25,0,138.0,1.3076923076923077,0.9226153846153846
S2324-G0788,1,UTA,28.0,27,0,122.0,1.0,0.722
S2324-G0788,2,LAL,36.0,27,0,138.0,1.2857142857142858,0.9094285714285715
S2324-G0788,2,UTA,41.0,28,0,122.0,1.4137931034482758,0.9702758620689654
S2324-G0788,3,LAL,38.0,25,0,138.0,1.4615384615384615,1.0149230769230768
S2324-G0788,3,UTA,23.0,24,0,122.0,0.92,0.674
S2324-G0788,4,LAL,30.0,23,0,138.0,1.25,0.888
S2324-G0788,4,UTA,30.0,25,0,122.0,1.1538461538461537,0.8143076923076922
S2324-G0789,1,GSW,30.0,20,0,125.0,1.4285714285714286,0.9821428571428571
S2324-G0789,1,LAC,23.0,22,0,130.0,1.0,0.73
S2324-G0789,2,GSW,29.0,24,0,125.0,1.16,0.821
S2324-G0789,2,LAC,29.0,21,0,130.0,1.3181818181818181,0.9209090909090909
S2324-G0789,3,GSW,38.0,27,0,125.0,1.3571428571428572,0.9392857142857143
S2324-G0789,3,LAC,34.0,28,0,130.0,1.1724137931034482,0.8334482758620689
S2324-G0789,4,GSW,28.0,27,0,125.0,1.0,0.725
S2324-G0789,4,LAC,44.0,27,0,130.0,1.5714285714285714,1.072857142857143
S2324-G0790,1,MEM,29.0,21,0,113.0,1.3181818181818181,0.9039090909090909
S2324-G0790,1,MIL,26.0,21,0,110.0,1.1818181818181819,0.8190909090909091
S2324-G0790,2,MEM,28.0,27,0,113.0,1.0,0.713
S2324-G0790,2,MIL,31.0,28,0,110.0,1.0689655172413792,0.7513793103448275
S2324-G0790,3,MEM,37.0,23,0,113.0,1.5416666666666667,1.038
S2324-G0790,3,MIL,28.0,26,0,110.0,1.037037037037037,0.7322222222222221
S2324-G0790,4,MEM,19.0,22,0,113.0,0.8260869565217391,0.6086521739130435
S2324-G0790,4,MIL,25.0,21,0,110.0,1.1363636363636365,0.7918181818181819
S2324-G0791,1,MIN,44.0,25,0,128.0,1.6923076923076923,1.1433846153846154
S2324-G0791,1,POR,14.0,26,0,91.0,0.5185185185185185,0.4021111111111111
S2324-G0791,2,MIN,22.0,23,0,128.0,0.9166666666666666,0.6779999999999999
S2324-G0791,2,POR,37.0,24,0,91.0,1.48,0.979
S2324-G0791,3,MIN,33.0,22,0,128.0,1.434782608695652,0.9888695652173912
S2324-G0791,3,POR,25.0,22,0,91.0,1.0869565217391304,0.7431739130434781
S2324-G0791,4,MIN,29.0,24,0,128.0,1.16,0.824
S2324-G0791,4,POR,15.0,25,0,91.0,0.5769230769230769,0.4371538461538461
S2324-G0792,1,CLE,24.0,24,0,109.0,0.96,0.6849999999999999
S2324-G0792,1,ORL,29.0,21,0,116.0,1.3181818181818181,0.9069090909090909
S2324-G0792,2,CLE,26.0,24,0,109.0,1.04,0.733
S2324-G0792,2,ORL,25.0,23,0,116.0,1.0416666666666667,0.741
S2324-G0792,3,CLE,32.0,20,0,109.0,1.5238095238095237,1.0232857142857141
S2324-G0792,3,ORL,32.0,24,0,116.0,1.28,0.884
S2324-G0792,4,CLE,27.0,25,0,109.0,1.0384615384615385,0.7320769230769231
S2324-G0792,4,ORL,30.0,21,0,116.0,1.3636363636363635,0.9341818181818181
S2324-G0793,1,DET,25.0,25,0,115.0,0.9615384615384616,0.6919230769230769
S2324-G0793,1,IND,42.0,29,0,129.0,1.4,0.969
S2324-G0793,2,DET,18.0,27,0,115.0,0.6428571428571429,0.5007142857142857
S2324-G0793,2,IND,30.0,28,0,129.0,1.0344827586206897,0.7496896551724138
S2324-G0793,3,DET,45.0,28,0,115.0,1.5517241379310345,1.0460344827586208
S2324-G0793,3,IND,30.0,28,0,129.0,1.0344827586206897,0.7496896551724138
S2324-G0793,4,DET,27.0,24,0,115.0,1.08,0.763
S2324-G0793,4,IND,27.0,21,0,129.0,1.2272727272727273,0.8653636363636363
S2324-G0794,1,NYK,32.0,26,0,110.0,1.1851851851851851,0.821111111111111
S2324-G0794,1,PHI,21.0,24,0,96.0,0.84,0.6
S2324-G0794,2,NYK,37.0,25,0,110.0,1.4230769230769231,0.9638461538461538
S2324-G0794,2,PHI,25.0,24,0,96.0,1.0,0.696
S2324-G0794,3,NYK,22.0,21,0,110.0,1.0,0.71
S2324-G0794,3,PHI,35.0,25,0,96.0,1.3461538461538463,0.9036923076923077
S2324-G0794,4,NYK,19.0,21,0,110.0,0.8636363636363636,0.6281818181818182
S2324-G0794,4,PHI,15.0,24,0,96.0,0.6,0.45599999999999996
S2324-G0795,1,BKN,21.0,20,0,93.0,1.0,0.693
S2324-G0795,1,TOR,30.0,21,0,121.0,1.3636363636363635,0.9391818181818181
S2324-G0795,2,BKN,27.0,21,0,93.0,1.2272727272727273,0.8293636363636363
S2324-G0795,2,TOR,29.0,20,0,121.0,1.380952380952381,0.9495714285714285
S2324-G0795,3,BKN,23.0,28,0,93.0,0.7931034482758621,0.5688620689655173
S2324-G0795,3,TOR,23.0,27,0,121.0,0.8214285714285714,0.6138571428571429
S2324-G0795,4,BKN,22.0,24,0,93.0,0.88,0.621
S2324-G0795,4,TOR,39.0,25,0,121.0,1.5,1.021
S2324-G0796,1,DAL,32.0,30,0,123.0,1.032258064516129,0.7423548387096773
S2324-G0796,1,PHX,33.0,28,0,113.0,1.1379310344827587,0.7957586206896552
S2324-G0796,2,DAL,28.0,17,0,123.0,1.5555555555555556,1.0563333333333333
S2324-G0796,2,PHX,30.0,20,0,113.0,1.4285714285714286,0.9701428571428571
S2324-G0796,3,DAL,36.0,21,0,123.0,1.6363636363636365,1.1048181818181817
S2324-G0796,3,PHX,28.0,21,0,113.0,1.2727272727272727,0.8766363636363635
S2324-G0796,4,DAL,27.0,25,0,123.0,1.0384615384615385,0.7460769230769231
S2324-G0796,4,PHX,22.0,23,0,113.0,0.9166666666666666,0.6629999999999999
S2324-G0797,1,BOS,31.0,23,0,129.0,1.2916666666666667,0.904
S2324-G0797,1,CHI,23.0,22,0,112.0,1.0,0.712
S2324-G0797,2,BOS,28.0,27,0,129.0,1.0,0.729
S2324-G0797,2,CHI,39.0,24,0,112.0,1.56,1.048
S2324-G0797,3,BOS,37.0,26,0,129.0,1.3703703703703705,0.9512222222222223
S2324-G0797,3,CHI,21.0,25,0,112.0,0.8076923076923077,0.5966153846153847
S2324-G0797,4,BOS,33.0,22,0,129.0,1.434782608695652,0.9898695652173912
S2324-G0797,4,CHI,29.0,25,0,112.0,1.1153846153846154,0.7812307692307692
S2324-G0798,1,HOU,27.0,25,0,105.0,1.0384615384615385,0.7280769230769231
S2324-G0798,1,NOP,31.0,30,0,127.0,1.0,0.727
S2324-G0798,2,HOU,23.0,26,0,105.0,0.8518518518518519,0.616111111111111
S2324-G0798,2,NOP,32.0,23,0,127.0,1.3333333333333333,0.9269999999999999
S2324-G0798,3,HOU,29.0,27,0,105.0,1.0357142857142858,0.7264285714285714
S2324-G0798,3,NOP,38.0,24,0,127.0,1.52,1.039
S2324-G0798,4,HOU,26.0,26,0,105.0,0.9629629629629629,0.6827777777777777
S2324-G0798,4,NOP,26.0,29,0,127.0,0.8666666666666667,0.647
S2324-G0799,1,LAC,33.0,27,0,107.0,1.1785714285714286,0.8141428571428572
S2324-G0799,1,OKC,35.0,30,0,129.0,1.1290322580645162,0.8064193548387097
S2324-G0799,2,LAC,26.0,23,0,107.0,1.0833333333333333,0.7569999999999999
S2324-G0799,2,OKC,26.0,24,0,129.0,1.04,0.753
S2324-G0799,3,LAC,23.0,27,0,107.0,0.8214285714285714,0.5998571428571429
S2324-G0799,3,OKC,35.0,25,0,129.0,1.3461538461538463,0.9366923076923077
S2324-G0799,4,LAC,25.0,23,0,107.0,1.0416666666666667,0.732
S2324-G0799,4,OKC,33.0,25,0,129.0,1.2692307692307692,0.8905384615384615
S2324-G0800,1,DEN,38.0,30,0,130.0,1.2258064516129032,0.8654838709677419
S2324-G0800,1,WAS,25.0,27,0,110.0,0.8928571428571429,0.6457142857142857
S2324-G0800,2,DEN,34.0,23,0,130.0,1.4166666666666667,0.98
S2324-G0800,2,WAS,24.0,27,0,110.0,0.8571428571428571,0.6242857142857142
S2324-G0800,3,DEN,29.0,30,0,130.0,0.9354838709677419,0.6912903225806452
S2324-G0800,3,WAS,34.0,31,0,110.0,1.0625,0.7474999999999999
S2324-G0800,4,DEN,29.0,27,0,130.0,1.0357142857142858,0.7514285714285714
S2324-G0800,4,WAS,27.0,24,0,110.0,1.08,0.758
S2324-G0801,1,CHA,34.0,21,0,115.0,1.5454545454545454,1.0422727272727272
S2324-G0801,1,UTA,26.0,22,0,107.0,1.1304347826086956,0.7852608695652173
S2324-G0801,2,CHA,22.0,21,0,115.0,1.0,0.715
S2324-G0801,2,UTA,26.0,23,0,107.0,1.0833333333333333,0.7569999999999999
S2324-G0801,3,CHA,29.0,26,0,115.0,1.0740740740740742,0.7594444444444445
S2324-G0801,3,UTA,38.0,27,0,107.0,1.3571428571428572,0.9212857142857143
S2324-G0801,4,CHA,30.0,22,0,115.0,1.3043478260869565,0.8976086956521739
S2324-G0801,4,UTA,17.0,21,0,107.0,0.7727272727272727,0.5706363636363636
S2324-G0802,1,GSW,31.0,24,0,128.0,1.24,0.872
S2324-G0802,1,LAL,28.0,26,0,110.0,1.037037037037037,0.7322222222222221
S2324-G0802,2,GSW,36.0,24,0,128.0,1.44,0.992
S2324-G0802,2,LAL,28.0,26,0,110.0,1.037037037037037,0.7322222222222221
S2324-G0802,3,GSW,31.0,22,0,128.0,1.3478260869565217,0.936695652173913
S2324-G0802,3,LAL,26.0,24,0,110.0,1.04,0.734
S2324-G0802,4,GSW,30.0,19,0,128.0,1.5,1.028
S2324-G0802,4,LAL,28.0,18,0,110.0,1.4736842105263157,0.9942105263157894
S2324-G0803,1,SAC,30.0,24,0,127.0,1.2,0.847
S2324-G0803,1,SAS,32.0,23,0,122.0,1.3333333333333333,0.9219999999999999
S2324-G0803,2,SAC,35.0,23,0,127.0,1.4583333333333333,1.0019999999999998
S2324-G0803,2,SAS,25.0,24,0,122.0,1.0,0.722
S2324-G0803,3,SAC,28.0,26,0,127.0,1.037037037037037,0.7492222222222221
S2324-G0803,3,SAS,30.0,26,0,122.0,1.1111111111111112,0.7886666666666666
S2324-G0803,4,SAC,34.0,25,0,127.0,1.3076923076923077,0.9116153846153846
S2324-G0803,4,SAS,35.0,27,0,122.0,1.25,0.872
S2324-G0804,1,ATL,22.0,27,0,121.0,0.7857142857142857,0.5924285714285714
S2324-G0804,1,TOR,33.0,22,0,123.0,1.434782608695652,0.9838695652173912
S2324-G0804,2,ATL,42.0,28,0,121.0,1.4482758620689655,0.9899655172413793
S2324-G0804,2,TOR,32.0,26,0,123.0,1.1851851851851851,0.834111111111111
S2324-G0804,3,ATL,26.0,24,0,121.0,1.04,0.745
S2324-G0804,3,TOR,31.0,24,0,123.0,1.24,0.867
S2324-G0804,4,ATL,31.0,23,0,121.0,1.2916666666666667,0.896
S2324-G0804,4,TOR,27.0,18,0,123.0,1.4210526315789473,0.9756315789473684
S2324-G0805,1,CLE,25.0,20,0,97.0,1.1904761904761905,0.8112857142857143
S2324-G0805,1,PHI,25.0,23,0,104.0,1.0416666666666667,0.729
S2324-G0805,2,CLE,25.0,21,0,97.0,1.1363636363636365,0.7788181818181819
S2324-G0805,2,PHI,28.0,21,0,104.0,1.2727272727272727,0.8676363636363635
S2324-G0805,3,CLE,20.0,21,0,97.0,0.9090909090909091,0.6424545454545454
S2324-G0805,3,PHI,21.0,19,0,104.0,1.05,0.734
S2324-G0805,4,CLE,27.0,19,0,97.0,1.35,0.907
S2324-G0805,4,PHI,30.0,19,0,104.0,1.5,1.004
S2324-G0806,1,HOU,20.0,23,0,114.0,0.8333333333333334,0.614
S2324-G0806,1,PHX,28.0,27,0,110.0,1.0,0.71
S2324-G0806,2,HOU,37.0,27,0,114.0,1.3214285714285714,0.9068571428571428
S2324-G0806,2,PHX,24.0,26,0,110.0,0.8888888888888888,0.6433333333333333
S2324-G0806,3,HOU,32.0,19,0,114.0,1.6,1.0739999999999998
S2324-G0806,3,PHX,24.0,19,0,110.0,1.2,0.83
S2324-G0806,4,HOU,25.0,19,0,114.0,1.25,0.864
S2324-G0806,4,PHX,34.0,19,0,110.0,1.7,1.1300000000000001
S2324-G0807,1,LAC,29.0,24,0,101.0,1.16,0.7969999999999999
S2324-G0807,1,MEM,29.0,28,0,95.0,1.0,0.695
S2324-G0807,2,LAC,24.0,22,0,101.0,1.0434782608695652,0.727086956521739
S2324-G0807,2,MEM,30.0,26,0,95.0,1.1111111111111112,0.7616666666666666
S2324-G0807,3,LAC,26.0,23,0,101.0,1.0833333333333333,0.7509999999999999
S2324-G0807,3,MEM,16.0,20,0,95.0,0.7619047619047619,0.552142857142857
S2324-G0807,4,LAC,22.0,23,0,101.0,0.9166666666666666,0.6509999999999999
S2324-G0807,4,MEM,20.0,20,0,95.0,0.9523809523809523,0.6664285714285714
S2324-G0808,1,MIL,31.0,23,0,112.0,1.2916666666666667,0.887
S2324-G0808,1,MIN,27.0,26,0,107.0,1.0,0.707
S2324-G0808,2,MIL,20.0,21,0,112.0,0.9090909090909091,0.6574545454545454
S2324-G0808,2,MIN,30.0,21,0,107.0,1.3636363636363635,0.9251818181818181
S2324-G0808,3,MIL,36.0,27,0,112.0,1.2857142857142858,0.8834285714285715
S2324-G0808,3,MIN,13.0,24,0,107.0,0.52,0.41900000000000004
S2324-G0808,4,MIL,25.0,22,0,112.0,1.0869565217391304,0.7641739130434781
S2324-G0808,4,MIN,37.0,23,0,107.0,1.5416666666666667,1.032
S2324-G0809,1,OKC,41.0,28,0,147.0,1.4137931034482758,0.9952758620689655
S2324-G0809,1,WAS,28.0,28,0,106.0,0.9655172413793104,0.6853103448275862
S2324-G0809,2,OKC,39.0,26,0,147.0,1.4444444444444444,1.0136666666666665
S2324-G0809,2,WAS,29.0,29,0,106.0,0.9666666666666667,0.6859999999999999
S2324-G0809,3,OKC,37.0,24,0,147.0,1.48,1.035
S2324-G0809,3,WAS,24.0,24,0,106.0,0.96,0.6819999999999999
S2324-G0809,4,OKC,30.0,24,0,147.0,1.2,0.867
S2324-G0809,4,WAS,25.0,25,0,106.0,0.9615384615384616,0.6829230769230769
S2324-G0810,1,MIA,31.0,22,0,106.0,1.3478260869565217,0.914695652173913
S2324-G0810,1,NOP,24.0,26,0,95.0,0.8888888888888888,0.6283333333333333
S2324-G0810,2,MIA,27.0,21,0,106.0,1.2272727272727273,0.8423636363636363
S2324-G0810,2,NOP,34.0,23,0,95.0,1.4166666666666667,0.945
S2324-G0810,3,MIA,26.0,22,0,106.0,1.1304347826086956,0.7842608695652173
S2324-G0810,3,NOP,22.0,24,0,95.0,0.88,0.623
S2324-G0810,4,MIA,22.0,19,0,106.0,1.1,0.766
S2324-G0810,4,NOP,15.0,20,0,95.0,0.7142857142857143,0.5235714285714286
S2324-G0811,1,CHA,15.0,24,0,84.0,0.6,0.444
S2324-G0811,1,GSW,22.0,23,0,97.0,0.9166666666666666,0.6469999999999999
S2324-G0811,2,CHA,14.0,21,0,84.0,0.6363636363636364,0.4658181818181818
S2324-G0811,2,GSW,21.0,25,0,97.0,0.8076923076923077,0.5816153846153846
S2324-G0811,3,CHA,23.0,23,0,84.0,0.9583333333333334,0.6589999999999999
S2324-G0811,3,GSW,30.0,28,0,97.0,1.0344827586206897,0.7176896551724138
S2324-G0811,4,CHA,32.0,25,0,84.0,1.2307692307692308,0.8224615384615385
S2324-G0811,4,GSW,24.0,24,0,97.0,0.96,0.6729999999999999
S2324-G0812,1,DEN,25.0,23,0,127.0,1.0416666666666667,0.752
S2324-G0812,1,POR,20.0,28,0,112.0,0.6896551724137931,0.5257931034482759
S2324-G0812,2,DEN,38.0,27,0,127.0,1.3571428571428572,0.9412857142857143
S2324-G0812,2,POR,28.0,28,0,112.0,0.9655172413793104,0.6913103448275862
S2324-G0812,3,DEN,32.0,23,0,127.0,1.3333333333333333,0.9269999999999999
S2324-G0812,3,POR,29.0,23,0,112.0,1.2083333333333333,0.837
S2324-G0812,4,DEN,32.0,26,0,127.0,1.1851851851851851,0.838111111111111
S2324-G0812,4,POR,35.0,30,0,112.0,1.1290322580645162,0.7894193548387097
S2324-G0813,1,LAL,30.0,26,0,123.0,1.1111111111111112,0.7896666666666666
S2324-G0813,1,SAS,26.0,27,0,118.0,0.9285714285714286,0.6751428571428572
S2324-G0813,2,LAL,36.0,23,0,123.0,1.5,1.023
S2324-G0813,2,SAS,33.0,22,0,118.0,1.434782608695652,0.9788695652173912
S2324-G0813,3,LAL,31.0,23,0,123.0,1.2916666666666667,0.898
S2324-G0813,3,SAS,31.0,28,0,118.0,1.0689655172413792,0.7593793103448275
S2324-G0813,4,LAL,26.0,23,0,123.0,1.0833333333333333,0.7729999999999999
S2324-G0813,4,SAS,28.0,22,0,118.0,1.2173913043478262,0.8484347826086956
S2324-G0814,1,DET,30.0,22,0,109.0,1.3043478260869565,0.8916086956521739
S2324-G0814,1,ORL,32.0,23,0,112.0,1.3333333333333333,0.9119999999999999
S2324-G0814,2,DET,25.0,26,0,109.0,0.9259259259259259,0.6645555555555556
S2324-G0814,2,ORL,33.0,23,0,112.0,1.375,0.9369999999999999
S2324-G0814,3,DET,30.0,26,0,109.0,1.1111111111111112,0.7756666666666666
S2324-G0814,3,ORL,25.0,23,0,112.0,1.0416666666666667,0.737
S2324-G0814,4,DET,24.0,20,0,109.0,1.1428571428571428,0.7947142857142856
S2324-G0814,4,ORL,22.0,18,0,112.0,1.1578947368421053,0.8067368421052632
S2324-G0815,1,BKN,22.0,20,0,86.0,1.0476190476190477,0.7145714285714285
S2324-G0815,1,MIN,23.0,21,0,101.0,1.0454545454545454,0.7282727272727272
S2324-G0815,2,BKN,23.0,23,0,86.0,0.9583333333333334,0.6609999999999999
S2324-G0815,2,MIN,19.0,23,0,101.0,0.7916666666666666,0.576
S2324-G0815,3,BKN,21.0,21,0,86.0,0.9545454545454546,0.6587272727272727
S2324-G0815,3,MIN,28.0,23,0,101.0,1.1666666666666667,0.801
S2324-G0815,4,BKN,20.0,19,0,86.0,1.0,0.6859999999999999
S2324-G0815,4,MIN,31.0,19,0,101.0,1.55,1.031
S2324-G0816,1,BOS,30.0,22,0,116.0,1.3043478260869565,0.8986086956521739
S2324-G0816,1,NYK,26.0,24,0,102.0,1.04,0.726
S2324-G0816,2,BOS,32.0,24,0,116.0,1.28,0.884
S2324-G0816,2,NYK,32.0,23,0,102.0,1.3333333333333333,0.9019999999999999
S2324-G0816,3,BOS,35.0,20,0,116.0,1.6666666666666667,1.116
S2324-G0816,3,NYK,26.0,20,0,102.0,1.2380952380952381,0.8448571428571429
S2324-G0816,4,BOS,19.0,19,0,116.0,0.95,0.6859999999999999
S2324-G0816,4,NYK,18.0,18,0,102.0,0.9473684210526315,0.6704210526315789
S2324-G0817,1,MIL,35.0,25,0,119.0,1.3461538461538463,0.9266923076923077
S2324-G0817,1,PHI,21.0,25,0,98.0,0.8076923076923077,0.5826153846153846
S2324-G0817,2,MIL,34.0,22,0,119.0,1.4782608695652173,1.0059565217391304
S2324-G0817,2,PHI,27.0,25,0,98.0,1.0384615384615385,0.7210769230769231
S2324-G0817,3,MIL,26.0,21,0,119.0,1.1818181818181819,0.8280909090909091
S2324-G0817,3,PHI,34.0,25,0,98.0,1.3076923076923077,0.8826153846153846
S2324-G0817,4,MIL,24.0,19,0,119.0,1.2,0.839
S2324-G0817,4,PHI,16.0,22,0,98.0,0.6956521739130435,0.5153913043478261
S2324-G0818,1,LAL,28.0,27,0,113.0,1.0,0.713
S2324-G0818,1,PHX,45.0,31,0,123.0,1.40625,0.96675
S2324-G0818,2,LAL,35.0,26,0,113.0,1.2962962962962963,0.8907777777777778
S2324-G0818,2,PHX,27.0,25,0,123.0,1.0384615384615385,0.7460769230769231
S2324-G0818,3,LAL,27.0,26,0,113.0,1.0,0.713
S2324-G0818,3,PHX,23.0,19,0,123.0,1.15,0.813
S2324-G0818,4,LAL,23.0,21,0,113.0,1.0454545454545454,0.7402727272727272
S2324-G0818,4,PHX,28.0,21,0,123.0,1.2727272727272727,0.8866363636363636
S2324-G0819,1,DAL,32.0,27,0,111.0,1.1428571428571428,0.7967142857142856
S2324-G0819,1,IND,32.0,29,0,133.0,1.0666666666666667,0.773
S2324-G0819,2,DAL,28.0,29,0,111.0,0.9333333333333333,0.6709999999999999
S2324-G0819,2,IND,35.0,25,0,133.0,1.3461538461538463,0.9406923076923077
S2324-G0819,3,DAL,31.0,25,0,111.0,1.1923076923076923,0.8263846153846154
S2324-G0819,3,IND,33.0,25,0,133.0,1.2692307692307692,0.8945384615384615
S2324-G0819,4,DAL,20.0,23,0,111.0,0.8333333333333334,0.611
S2324-G0819,4,IND,33.0,23,0,133.0,1.375,0.958
S2324-G0820,1,CLE,27.0,28,0,114.0,0.9310344827586207,0.6726206896551724
S2324-G0820,1,WAS,31.0,28,0,105.0,1.0689655172413792,0.7463793103448275
S2324-G0820,2,CLE,28.0,22,0,114.0,1.2173913043478262,0.8444347826086956
S2324-G0820,2,WAS,23.0,23,0,105.0,0.9583333333333334,0.6799999999999999
S2324-G0820,3,CLE,32.0,19,0,114.0,1.6,1.0739999999999998
S2324-G0820,3,WAS,26.0,22,0,105.0,1.1304347826086956,0.7832608695652173
S2324-G0820,4,CLE,27.0,22,0,114.0,1.173913043478261,0.8183478260869566
S2324-G0820,4,WAS,25.0,21,0,105.0,1.1363636363636365,0.7868181818181819
S2324-G0821,1,ATL,19.0,22,0,109.0,0.8260869565217391,0.6046521739130435
S2324-G0821,1,ORL,22.0,22,0,92.0,0.9565217391304348,0.6659130434782609
S2324-G0821,2,ATL,26.0,22,0,109.0,1.1304347826086956,0.7872608695652173
S2324-G0821,2,ORL,29.0,22,0,92.0,1.2608695652173914,0.8485217391304347
S2324-G0821,3,ATL,38.0,23,0,109.0,1.5833333333333333,1.059
S2324-G0821,3,ORL,19.0,22,0,92.0,0.8260869565217391,0.5876521739130435
S2324-G0821,4,ATL,26.0,23,0,109.0,1.0833333333333333,0.7589999999999999
S2324-G0821,4,ORL,22.0,23,0,92.0,0.9166666666666666,0.6419999999999999
S2324-G0822,1,HOU,34.0,25,0,110.0,1.3076923076923077,0.8946153846153846
S2324-G0822,1,OKC,31.0,25,0,123.0,1.1923076923076923,0.8383846153846154
S2324-G0822,2,HOU,28.0,25,0,110.0,1.0769230769230769,0.7561538461538461
S2324-G0822,2,OKC,26.0,24,0,123.0,1.04,0.747
S2324-G0822,3,HOU,21.0,28,0,110.0,0.7241379310344828,0.5444827586206896
S2324-G0822,3,OKC,30.0,29,0,123.0,1.0,0.723
S2324-G0822,4,HOU,27.0,21,0,110.0,1.2272727272727273,0.8463636363636363
S2324-G0822,4,OKC,36.0,23,0,123.0,1.5,1.023
S2324-G0823,1,CHI,28.0,24,0,114.0,1.12,0.786
S2324-G0823,1,NOP,21.0,23,0,106.0,0.875,0.631
S2324-G0823,2,CHI,29.0,24,0,114.0,1.16,0.8099999999999999
S2324-G0823,2,NOP,39.0,22,0,106.0,1.6956521739130435,1.123391304347826
S2324-G0823,3,CHI,24.0,23,0,114.0,1.0,0.714
S2324-G0823,3,NOP,22.0,21,0,106.0,1.0,0.706
S2324-G0823,4,CHI,33.0,25,0,114.0,1.2692307692307692,0.8755384615384615
S2324-G0823,4,NOP,24.0,25,0,106.0,0.9230769230769231,0.6598461538461539
S2324-G0824,1,DEN,30.0,22,0,119.0,1.3043478260869565,0.9016086956521739
S2324-G0824,1,GSW,36.0,24,0,103.0,1.44,0.967
S2324-G0824,2,DEN,31.0,19,0,119.0,1.55,1.049
S2324-G0824,2,GSW,25.0,22,0,103.0,1.0869565217391304,0.7551739130434781
S2324-G0824,3,DEN,30.0,23,0,119.0,1.25,0.869
S2324-G0824,3,GSW,26.0,23,0,103.0,1.0833333333333333,0.7529999999999999
S2324-G0824,4,DEN,28.0,22,0,119.0,1.2173913043478262,0.8494347826086956
S2324-G0824,4,GSW,16.0,23,0,103.0,0.6666666666666666,0.503
S2324-G0825,1,SAS,18.0,25,0,109.0,0.6923076923076923,0.5243846153846153
S2324-G0825,1,UTA,32.0,25,0,128.0,1.2307692307692308,0.8664615384615385
S2324-G0825,2,SAS,21.0,21,0,109.0,0.9545454545454546,0.6817272727272727
S2324-G0825,2,UTA,31.0,22,0,128.0,1.3478260869565217,0.936695652173913
S2324-G0825,3,SAS,35.0,28,0,109.0,1.206896551724138,0.8331379310344827
S2324-G0825,3,UTA,30.0,28,0,128.0,1.0344827586206897,0.7486896551724138
S2324-G0825,4,SAS,35.0,27,0,109.0,1.25,0.859
S2324-G0825,4,UTA,35.0,29,0,128.0,1.1666666666666667,0.8280000000000001
S2324-G0826,1,CHA,24.0,19,0,93.0,1.2,0.813
S2324-G0826,1,POR,18.0,19,0,80.0,0.9,0.6200000000000001
S2324-G0826,2,CHA,23.0,19,0,93.0,1.15,0.7829999999999999
S2324-G0826,2,POR,16.0,21,0,80.0,0.7272727272727273,0.5163636363636364
S2324-G0826,3,CHA,23.0,26,0,93.0,0.8518518518518519,0.604111111111111
S2324-G0826,3,POR,25.0,25,0,80.0,0.9615384615384616,0.6569230769230769
S2324-G0826,4,CHA,23.0,21,0,93.0,1.0454545454545454,0.7202727272727272
S2324-G0826,4,POR,21.0,26,0,80.0,0.7777777777777778,0.5466666666666666
S2324-G0827,1,LAC,28.0,25,0,107.0,1.0769230769230769,0.7531538461538461
S2324-G0827,1,SAC,25.0,26,0,123.0,0.9259259259259259,0.6785555555555556
S2324-G0827,2,LAC,23.0,20,0,107.0,1.0952380952380953,0.7641428571428571
S2324-G0827,2,SAC,33.0,21,0,123.0,1.5,1.023
S2324-G0827,3,LAC,29.0,23,0,107.0,1.2083333333333333,0.832
S2324-G0827,3,SAC,31.0,26,0,123.0,1.1481481481481481,0.8118888888888889
S2324-G0827,4,LAC,27.0,23,0,107.0,1.125,0.7819999999999999
S2324-G0827,4,SAC,34.0,22,0,123.0,1.4782608695652173,1.0099565217391304
S2324-G0828,1,DET,27.0,25,0,111.0,1.0384615384615385,0.7340769230769231
S2324-G0828,1,NYK,29.0,25,0,113.0,1.1153846153846154,0.7822307692307692
S2324-G0828,2,DET,31.0,25,0,111.0,1.1923076923076923,0.8263846153846154
S2324-G0828,2,NYK,33.0,27,0,113.0,1.1785714285714286,0.8201428571428572
S2324-G0828,3,DET,26.0,19,0,111.0,1.3,0.891
S2324-G0828,3,NYK,30.0,23,0,113.0,1.25,0.863
S2324-G0828,4,DET,27.0,23,0,111.0,1.125,0.7859999999999999
S2324-G0828,4,NYK,21.0,21,0,113.0,0.9545454545454546,0.6857272727272727
S2324-G0829,1,IND,28.0,21,0,122.0,1.2727272727272727,0.8856363636363636
S2324-G0829,1,TOR,30.0,22,0,130.0,1.3043478260869565,0.912608695652174
S2324-G0829,2,IND,28.0,25,0,122.0,1.0769230769230769,0.7681538461538461
S2324-G0829,2,TOR,31.0,27,0,130.0,1.1071428571428572,0.7942857142857143
S2324-G0829,3,IND,31.0,26,0,122.0,1.1481481481481481,0.8108888888888889
S2324-G0829,3,TOR,29.0,23,0,130.0,1.2083333333333333,0.855
S2324-G0829,4,IND,35.0,25,0,122.0,1.3461538461538463,0.9296923076923077
S2324-G0829,4,TOR,40.0,24,0,130.0,1.6,1.0899999999999999
S2324-G0830,1,BKN,30.0,21,0,111.0,1.3636363636363635,0.9291818181818181
S2324-G0830,1,MEM,18.0,20,0,86.0,0.8571428571428571,0.6002857142857142
S2324-G0830,2,BKN,36.0,25,0,111.0,1.3846153846153846,0.9417692307692307
S2324-G0830,2,MEM,22.0,22,0,86.0,0.9565217391304348,0.6599130434782609
S2324-G0830,3,BKN,23.0,25,0,111.0,0.8846153846153846,0.6417692307692308
S2324-G0830,3,MEM,26.0,20,0,86.0,1.2380952380952381,0.8288571428571428
S2324-G0830,4,BKN,22.0,19,0,111.0,1.1,0.771
S2324-G0830,4,MEM,20.0,18,0,86.0,1.0526315789473684,0.717578947368421
S2324-G0831,1,MIA,32.0,31,0,121.0,1.0,0.721
S2324-G0831,1,SAC,33.0,30,0,110.0,1.064516129032258,0.7487096774193548
S2324-G0831,2,MIA,33.0,21,0,121.0,1.5,1.021
S2324-G0831,2,SAC,29.0,22,0,110.0,1.2608695652173914,0.8665217391304347
S2324-G0831,3,MIA,36.0,21,0,121.0,1.6363636363636365,1.102818181818182
S2324-G0831,3,SAC,19.0,18,0,110.0,1.0,0.71
S2324-G0831,4,MIA,20.0,22,0,121.0,0.8695652173913043,0.6427391304347826
S2324-G0831,4,SAC,29.0,25,0,110.0,1.1153846153846154,0.7792307692307692
S2324-G0832,1,CLE,23.0,20,0,121.0,1.0952380952380953,0.7781428571428571
S2324-G0832,1,DAL,24.0,22,0,119.0,1.0434782608695652,0.7450869565217391
S2324-G0832,2,CLE,37.0,21,0,121.0,1.6818181818181819,1.130090909090909
S2324-G0832,2,DAL,32.0,23,0,119.0,1.3333333333333333,0.9189999999999999
S2324-G0832,3,CLE,23.0,21,0,121.0,1.0454545454545454,0.7482727272727272
S2324-G0832,3,DAL,26.0,20,0,119.0,1.2380952380952381,0.8618571428571429
S2324-G0832,4,CLE,38.0,27,0,121.0,1.3571428571428572,0.9352857142857143
S2324-G0832,4,DAL,37.0,28,0,119.0,1.2758620689655173,0.8845172413793104
S2324-G0833,1,BKN,25.0,18,0,81.0,1.3157894736842106,0.8704736842105263
S2324-G0833,1,ORL,33.0,24,0,108.0,1.32,0.9
S2324-G0833,2,BKN,19.0,24,0,81.0,0.76,0.5369999999999999
S2324-G0833,2,ORL,25.0,29,0,108.0,0.8333333333333334,0.608
S2324-G0833,3,BKN,15.0,26,0,81.0,0.5555555555555556,0.41433333333333333
S2324-G0833,3,ORL,30.0,26,0,108.0,1.1111111111111112,0.7746666666666666
S2324-G0833,4,BKN,22.0,23,0,81.0,0.9166666666666666,0.631
S2324-G0833,4,ORL,20.0,22,0,108.0,0.8695652173913043,0.6297391304347826
S2324-G0834,1,GSW,23.0,23,0,123.0,0.9583333333333334,0.698
S2324-G0834,1,WAS,25.0,25,0,112.0,0.9615384615384616,0.6889230769230769
S2324-G0834,2,GSW,37.0,31,0,123.0,1.15625,0.81675
S2324-G0834,2,WAS,33.0,26,0,112.0,1.2222222222222223,0.8453333333333334
S2324-G0834,3,GSW,38.0,29,0,123.0,1.2666666666666666,0.8829999999999999
S2324-G0834,3,WAS,17.0,23,0,112.0,0.7083333333333334,0.537
S2324-G0834,4,GSW,25.0,27,0,123.0,0.8928571428571429,0.6587142857142857
S2324-G0834,4,WAS,37.0,27,0,112.0,1.3214285714285714,0.9048571428571428
S2324-G0835,1,ATL,26.0,26,0,124.0,0.9629629629629629,0.7017777777777777
S2324-G0835,1,UTA,18.0,21,0,97.0,0.8181818181818182,0.5879090909090909
S2324-G0835,2,ATL,29.0,30,0,124.0,0.9354838709677419,0.6852903225806452
S2324-G0835,2,UTA,26.0,24,0,97.0,1.04,0.721
S2324-G0835,3,ATL,34.0,27,0,124.0,1.2142857142857142,0.8525714285714285
S2324-G0835,3,UTA,25.0,24,0,97.0,1.0,0.697
S2324-G0835,4,ATL,35.0,24,0,124.0,1.4,0.964
S2324-G0835,4,UTA,28.0,25,0,97.0,1.0769230769230769,0.743153846153846
S2324-G0836,1,BOS,30.0,23,0,117.0,1.25,0.867
S2324-G0836,1,PHI,30.0,20,0,99.0,1.4285714285714286,0.9561428571428571
S2324-G0836,2,BOS,23.0,22,0,117.0,1.0,0.717
S2324-G0836,2,PHI,21.0,21,0,99.0,0.9545454545454546,0.6717272727272727
S2324-G0836,3,BOS,33.0,23,0,117.0,1.375,0.942
S2324-G0836,3,PHI,24.0,23,0,99.0,1.0,0.699
S2324-G0836,4,BOS,31.0,22,0,117.0,1.3478260869565217,0.925695652173913
S2324-G0836,4,PHI,24.0,21,0,99.0,1.0909090909090908,0.7535454545454544
S2324-G0837,1,NOP,26.0,21,0,115.0,1.1818181818181819,0.8240909090909091
S2324-G0837,1,NYK,19.0,21,0,92.0,0.8636363636363636,0.6101818181818182
S2324-G0837,2,NOP,22.0,23,0,115.0,0.9166666666666666,0.6649999999999999
S2324-G0837,2,NYK,28.0,23,0,92.0,1.1666666666666667,0.792
S2324-G0837,3,NOP,26.0,20,0,115.0,1.2380952380952381,0.8578571428571429
S2324-G0837,3,NYK,20.0,23,0,92.0,0.8333333333333334,0.592
S2324-G0837,4,NOP,41.0,21,0,115.0,1.8636363636363635,1.2331818181818182
S2324-G0837,4,NYK,25.0,22,0,92.0,1.0869565217391304,0.7441739130434781
S2324-G0838,1,MIN,29.0,24,0,114.0,1.16,0.8099999999999999
S2324-G0838,1,SAS,21.0,17,0,105.0,1.1666666666666667,0.805
S2324-G0838,2,MIN,29.0,27,0,114.0,1.0357142857142858,0.7354285714285714
S2324-G0838,2,SAS,22.0,25,0,105.0,0.8461538461538461,0.6126923076923076
S2324-G0838,3,MIN,27.0,28,0,114.0,0.9310344827586207,0.6726206896551724
S2324-G0838,3,SAS,24.0,29,0,105.0,0.8,0.585
S2324-G0838,4,MIN,29.0,27,0,114.0,1.0357142857142858,0.7354285714285714
S2324-G0838,4,SAS,38.0,24,0,105.0,1.52,1.017
S2324-G0839,1,CHI,29.0,25,0,95.0,1.1153846153846154,0.7642307692307692
S2324-G0839,1,DET,22.0,21,0,105.0,1.0,0.705
S2324-G0839,2,CHI,26.0,24,0,95.0,1.04,0.719
S2324-G0839,2,DET,28.0,22,0,105.0,1.2173913043478262,0.8354347826086956
S2324-G0839,3,CHI,22.0,20,0,95.0,1.0476190476190477,0.7235714285714285
S2324-G0839,3,DET,29.0,19,0,105.0,1.45,0.975
S2324-G0839,4,CHI,18.0,15,0,95.0,1.125,0.7699999999999999
S2324-G0839,4,DET,26.0,17,0,105.0,1.4444444444444444,0.9716666666666666
S2324-G0840,1,CHA,16.0,22,0,85.0,0.6956521739130435,0.5023913043478261
S2324-G0840,1,MIL,32.0,23,0,123.0,1.3333333333333333,0.9229999999999999
S2324-G0840,2,CHA,10.0,14,0,85.0,0.6666666666666666,0.485
S2324-G0840,2,MIL,26.0,14,0,123.0,1.7333333333333334,1.163
S2324-G0840,3,CHA,23.0,22,0,85.0,1.0,0.6849999999999999
S2324-G0840,3,MIL,38.0,24,0,123.0,1.52,1.035
S2324-G0840,4,CHA,36.0,24,0,85.0,1.44,0.949
S2324-G0840,4,MIL,27.0,22,0,123.0,1.173913043478261,0.8273478260869566
S2324-G0841,1,HOU,29.0,29,0,95.0,0.9666666666666667,0.6749999999999999
S2324-G0841,1,OKC,28.0,25,0,112.0,1.0769230769230769,0.7581538461538461
S2324-G0841,2,HOU,21.0,27,0,95.0,0.75,0.5449999999999999
S2324-G0841,2,OKC,32.0,23,0,112.0,1.3333333333333333,0.9119999999999999
S2324-G0841,3,HOU,24.0,24,0,95.0,0.96,0.6709999999999999
S2324-G0841,3,OKC,24.0,26,0,112.0,0.8888888888888888,0.6453333333333333
S2324-G0841,4,HOU,21.0,20,0,95.0,1.0,0.695
S2324-G0841,4,OKC,28.0,22,0,112.0,1.2173913043478262,0.8424347826086956
S2324-G0842,1,MIA,15.0,25,0,106.0,0.5769230769230769,0.45215384615384613
S2324-G0842,1,POR,28.0,25,0,96.0,1.0769230769230769,0.742153846153846
S2324-G0842,2,MIA,31.0,25,0,106.0,1.1923076923076923,0.8213846153846154
S2324-G0842,2,POR,28.0,26,0,96.0,1.037037037037037,0.7182222222222221
S2324-G0842,3,MIA,34.0,22,0,106.0,1.4782608695652173,0.9929565217391303
S2324-G0842,3,POR,20.0,22,0,96.0,0.8695652173913043,0.6177391304347826
S2324-G0842,4,MIA,26.0,20,0,106.0,1.2380952380952381,0.8488571428571429
S2324-G0842,4,POR,20.0,23,0,96.0,0.8333333333333334,0.596
S2324-G0843,1,IND,40.0,25,0,123.0,1.5384615384615385,1.0460769230769231
S2324-G0843,1,NOP,24.0,26,0,114.0,0.8888888888888888,0.6473333333333333
S2324-G0843,2,IND,24.0,24,0,123.0,0.96,0.699
S2324-G0843,2,NOP,29.0,22,0,114.0,1.2608695652173914,0.8705217391304347
S2324-G0843,3,IND,32.0,27,0,123.0,1.1428571428571428,0.8087142857142856
S2324-G0843,3,NOP,33.0,20,0,114.0,1.5714285714285714,1.056857142857143
S2324-G0843,4,IND,27.0,20,0,123.0,1.2857142857142858,0.8944285714285715
S2324-G0843,4,NOP,28.0,22,0,114.0,1.2173913043478262,0.8444347826086956
S2324-G0844,1,DAL,36.0,28,0,136.0,1.2413793103448276,0.8808275862068966
S2324-G0844,1,TOR,34.0,29,0,125.0,1.1333333333333333,0.8049999999999999
S2324-G0844,2,DAL,30.0,23,0,136.0,1.25,0.886
S2324-G0844,2,TOR,33.0,25,0,125.0,1.2692307692307692,0.8865384615384615
S2324-G0844,3,DAL,40.0,29,0,136.0,1.3333333333333333,0.9359999999999999
S2324-G0844,3,TOR,25.0,22,0,125.0,1.0869565217391304,0.7771739130434782
S2324-G0844,4,DAL,30.0,25,0,136.0,1.1538461538461537,0.8283076923076922
S2324-G0844,4,TOR,33.0,26,0,125.0,1.2222222222222223,0.8583333333333334
S2324-G0845,1,MEM,26.0,21,0,101.0,1.1818181818181819,0.8100909090909091
S2324-G0845,1,MIN,24.0,19,0,110.0,1.2,0.83
S2324-G0845,2,MEM,27.0,26,0,101.0,1.0,0.701
S2324-G0845,2,MIN,26.0,20,0,110.0,1.2380952380952381,0.8528571428571429
S2324-G0845,3,MEM,32.0,28,0,101.0,1.103448275862069,0.7630689655172413
S2324-G0845,3,MIN,38.0,24,0,110.0,1.52,1.022
S2324-G0845,4,MEM,16.0,16,0,101.0,0.9411764705882353,0.6657058823529411
S2324-G0845,4,MIN,22.0,17,0,110.0,1.2222222222222223,0.8433333333333334
S2324-G0846,1,CHI,23.0,24,0,132.0,0.92,0.684
S2324-G0846,1,CLE,32.0,21,0,123.0,1.4545454545454546,0.9957272727272727
S2324-G0846,2,CHI,29.0,21,0,132.0,1.3181818181818181,0.9229090909090909
S2324-G0846,2,CLE,21.0,22,0,123.0,0.9130434782608695,0.6708260869565217
S2324-G0846,3,CHI,26.0,23,0,132.0,1.0833333333333333,0.7819999999999999
S2324-G0846,3,CLE,28.0,22,0,123.0,1.2173913043478262,0.8534347826086957
S2324-G0846,4,CHI,25.0,23,0,132.0,1.0416666666666667,0.757
S2324-G0846,4,CLE,22.0,19,0,123.0,1.1,0.783
S2324-G0846,5,CHI,12.0,8,0,132.0,1.3333333333333333,0.9319999999999999
S2324-G0846,5,CLE,12.0,9,0,123.0,1.2,0.843
S2324-G0846,6,CHI,17.0,7,0,132.0,2.125,1.407
S2324-G0846,6,CLE,8.0,6,0,123.0,1.1428571428571428,0.8087142857142856
S2324-G0847,1,DEN,28.0,22,0,117.0,1.2173913043478262,0.8474347826086956
S2324-G0847,1,SAC,35.0,25,0,96.0,1.3461538461538463,0.9036923076923077
S2324-G0847,2,DEN,37.0,25,0,117.0,1.4230769230769231,0.9708461538461538
S2324-G0847,2,SAC,20.0,27,0,96.0,0.7142857142857143,0.5245714285714286
S2324-G0847,3,DEN,35.0,28,0,117.0,1.206896551724138,0.8411379310344828
S2324-G0847,3,SAC,17.0,24,0,96.0,0.68,0.504
S2324-G0847,4,DEN,17.0,23,0,117.0,0.7083333333333334,0.542
S2324-G0847,4,SAC,24.0,24,0,96.0,0.96,0.6719999999999999
S2324-G0848,1,LAC,30.0,27,0,112.0,1.0714285714285714,0.7548571428571428
S2324-G0848,1,LAL,29.0,28,0,116.0,1.0,0.716
S2324-G0848,2,LAC,36.0,21,0,112.0,1.6363636363636365,1.0938181818181818
S2324-G0848,2,LAL,23.0,23,0,116.0,0.9583333333333334,0.691
S2324-G0848,3,LAC,30.0,27,0,112.0,1.0714285714285714,0.7548571428571428
S2324-G0848,3,LAL,25.0,26,0,116.0,0.9259259259259259,0.6715555555555556
S2324-G0848,4,LAC,16.0,21,0,112.0,0.7272727272727273,0.5483636363636364
S2324-G0848,4,LAL,39.0,24,0,116.0,1.56,1.052
S2324-G0849,1,CHA,25.0,22,0,99.0,1.0869565217391304,0.7511739130434781
S2324-G0849,1,MIL,35.0,20,0,111.0,1.6666666666666667,1.111
S2324-G0849,2,CHA,26.0,20,0,99.0,1.2380952380952381,0.8418571428571429
S2324-G0849,2,MIL,35.0,21,0,111.0,1.5909090909090908,1.0655454545454546
S2324-G0849,3,CHA,23.0,19,0,99.0,1.15,0.7889999999999999
S2324-G0849,3,MIL,22.0,22,0,111.0,0.9565217391304348,0.6849130434782609
S2324-G0849,4,CHA,25.0,19,0,99.0,1.25,0.849
S2324-G0849,4,MIL,19.0,19,0,111.0,0.95,0.6809999999999999
S2324-G0850,1,ORL,29.0,20,0,115.0,1.380952380952381,0.9435714285714285
S2324-G0850,1,UTA,21.0,21,0,107.0,0.9545454545454546,0.6797272727272727
S2324-G0850,2,ORL,24.0,25,0,115.0,0.9230769230769231,0.6688461538461539
S2324-G0850,2,UTA,30.0,24,0,107.0,1.2,0.827
S2324-G0850,3,ORL,27.0,21,0,115.0,1.2272727272727273,0.8513636363636363
S2324-G0850,3,UTA,31.0,26,0,107.0,1.1481481481481481,0.7958888888888889
S2324-G0850,4,ORL,35.0,23,0,115.0,1.4583333333333333,0.9899999999999999
S2324-G0850,4,UTA,25.0,21,0,107.0,1.1363636363636365,0.7888181818181819
S2324-G0851,1,ATL,16.0,22,0,97.0,0.6956521739130435,0.5143913043478261
S2324-G0851,1,BKN,34.0,27,0,124.0,1.2142857142857142,0.8525714285714285
S2324-G0851,2,ATL,34.0,19,0,97.0,1.7,1.117
S2324-G0851,2,BKN,22.0,22,0,124.0,0.9565217391304348,0.6979130434782609
S2324-G0851,3,ATL,25.0,24,0,97.0,1.0,0.697
S2324-G0851,3,BKN,38.0,22,0,124.0,1.6521739130434783,1.115304347826087
S2324-G0851,4,ATL,22.0,22,0,97.0,0.9565217391304348,0.6709130434782609
S2324-G0851,4,BKN,30.0,21,0,124.0,1.3636363636363635,0.9421818181818181
S2324-G0852,1,GSW,31.0,21,0,110.0,1.4090909090909092,0.9554545454545454
S2324-G0852,1,NYK,19.0,19,0,99.0,0.95,0.6689999999999999
S2324-G0852,2,GSW,24.0,22,0,110.0,1.0434782608695652,0.736086956521739
S2324-G0852,2,NYK,27.0,25,0,99.0,1.0384615384615385,0.7220769230769231
S2324-G0852,3,GSW,25.0,23,0,110.0,1.0416666666666667,0.735
S2324-G0852,3,NYK,24.0,24,0,99.0,0.96,0.6749999999999999
S2324-G0852,4,GSW,30.0,21,0,110.0,1.3636363636363635,0.9281818181818181
S2324-G0852,4,NYK,29.0,21,0,99.0,1.3181818181818181,0.8899090909090909
S2324-G0853,1,OKC,37.0,28,0,118.0,1.2758620689655173,0.8835172413793104
S2324-G0853,1,SAS,37.0,29,0,132.0,1.2333333333333334,0.872
S2324-G0853,2,OKC,27.0,23,0,118.0,1.125,0.7929999999999999
S2324-G0853,2,SAS,32.0,24,0,132.0,1.28,0.9
S2324-G0853,3,OKC,32.0,21,0,118.0,1.4545454545454546,0.9907272727272727
S2324-G0853,3,SAS,29.0,22,0,132.0,1.2608695652173914,0.8885217391304348
S2324-G0853,4,OKC,22.0,20,0,118.0,1.0476190476190477,0.7465714285714286
S2324-G0853,4,SAS,34.0,21,0,132.0,1.5454545454545454,1.0592727272727274
S2324-G0854,1,HOU,17.0,21,0,105.0,0.7727272727272727,0.5686363636363636
S2324-G0854,1,PHX,33.0,22,0,110.0,1.434782608695652,0.9708695652173912
S2324-G0854,2,HOU,36.0,26,0,105.0,1.3333333333333333,0.9049999999999999
S2324-G0854,2,PHX,31.0,24,0,110.0,1.24,0.854
S2324-G0854,3,HOU,22.0,18,0,105.0,1.1578947368421053,0.7997368421052632
S2324-G0854,3,PHX,22.0,19,0,110.0,1.1,0.77
S2324-G0854,4,HOU,30.0,15,0,105.0,1.875,1.23
S2324-G0854,4,PHX,24.0,15,0,110.0,1.5,1.01
S2324-G0855,1,DEN,36.0,25,0,103.0,1.3846153846153846,0.9337692307692307
S2324-G0855,1,MIA,20.0,18,0,97.0,1.0526315789473684,0.728578947368421
S2324-G0855,2,DEN,20.0,23,0,103.0,0.8333333333333334,0.603
S2324-G0855,2,MIA,31.0,24,0,97.0,1.24,0.841
S2324-G0855,3,DEN,27.0,19,0,103.0,1.35,0.913
S2324-G0855,3,MIA,19.0,21,0,97.0,0.8636363636363636,0.6151818181818182
S2324-G0855,4,DEN,20.0,24,0,103.0,0.8,0.583
S2324-G0855,4,MIA,27.0,23,0,97.0,1.125,0.7719999999999999
S2324-G0856,1,LAL,31.0,26,0,134.0,1.1481481481481481,0.8228888888888889
S2324-G0856,1,WAS,34.0,27,0,131.0,1.2142857142857142,0.8595714285714285
S2324-G0856,2,LAL,39.0,25,0,134.0,1.5,1.0339999999999998
S2324-G0856,2,WAS,35.0,29,0,131.0,1.1666666666666667,0.8310000000000001
S2324-G0856,3,LAL,29.0,23,0,134.0,1.2083333333333333,0.859
S2324-G0856,3,WAS,26.0,25,0,131.0,1.0,0.731
S2324-G0856,4,LAL,27.0,23,0,134.0,1.125,0.8089999999999999
S2324-G0856,4,WAS,31.0,21,0,131.0,1.4090909090909092,0.9764545454545455
S2324-G0856,5,LAL,8.0,8,0,134.0,0.8888888888888888,0.6673333333333333
S2324-G0856,5,WAS,5.0,6,0,131.0,0.7142857142857143,0.5595714285714286
S2324-G0857,1,CLE,32.0,27,0,110.0,1.1428571428571428,0.7957142857142856
S2324-G0857,1,DET,24.0,26,0,100.0,0.8888888888888888,0.6333333333333333
S2324-G0857,2,CLE,31.0,20,0,110.0,1.4761904761904763,0.9957142857142858
S2324-G0857,2,DET,24.0,22,0,100.0,1.0434782608695652,0.726086956521739
S2324-G0857,3,CLE,28.0,17,0,110.0,1.5555555555555556,1.0433333333333334
S2324-G0857,3,DET,22.0,14,0,100.0,1.4666666666666666,0.9799999999999999
S2324-G0857,4,CLE,19.0,18,0,110.0,1.0,0.71
S2324-G0857,4,DET,30.0,19,0,100.0,1.5,0.9999999999999999
S2324-G0858,1,CHA,27.0,23,0,114.0,1.125,0.7889999999999999
S2324-G0858,1,PHI,32.0,21,0,121.0,1.4545454545454546,0.9937272727272727
S2324-G0858,2,CHA,36.0,24,0,114.0,1.44,0.978
S2324-G0858,2,PHI,26.0,21,0,121.0,1.1818181818181819,0.8300909090909091
S2324-G0858,3,CHA,21.0,21,0,114.0,0.9545454545454546,0.6867272727272727
S2324-G0858,3,PHI,30.0,22,0,121.0,1.3043478260869565,0.9036086956521739
S2324-G0858,4,CHA,30.0,16,0,114.0,1.7647058823529411,1.1728235294117648
S2324-G0858,4,PHI,33.0,19,0,121.0,1.65,1.1109999999999998
S2324-G0859,1,BOS,38.0,24,0,138.0,1.52,1.0499999999999998
S2324-G0859,1,DAL,32.0,25,0,110.0,1.2307692307692308,0.8484615384615385
S2324-G0859,2,BOS,28.0,28,0,138.0,0.9655172413793104,0.7173103448275863
S2324-G0859,2,DAL,27.0,24,0,110.0,1.08,0.758
S2324-G0859,3,BOS,36.0,18,0,138.0,1.894736842105263,1.2748421052631578
S2324-G0859,3,DAL,31.0,19,0,110.0,1.55,1.04
S2324-G0859,4,BOS,36.0,25,0,138.0,1.3846153846153846,0.9687692307692307
S2324-G0859,4,DAL,20.0,22,0,110.0,0.8695652173913043,0.6317391304347826
S2324-G0860,1,GSW,28.0,28,0,120.0,0.9655172413793104,0.6993103448275862
S2324-G0860,1,TOR,31.0,26,0,105.0,1.1481481481481481,0.7938888888888889
S2324-G0860,2,GSW,33.0,24,0,120.0,1.32,0.912
S2324-G0860,2,TOR,33.0,30,0,105.0,1.064516129032258,0.7437096774193548
S2324-G0860,3,GSW,32.0,22,0,120.0,1.391304347826087,0.9547826086956521
S2324-G0860,3,TOR,19.0,21,0,105.0,0.8636363636363636,0.6231818181818182
S2324-G0860,4,GSW,27.0,21,0,120.0,1.2272727272727273,0.8563636363636363
S2324-G0860,4,TOR,22.0,24,0,105.0,0.88,0.633
S2324-G0861,1,MEM,21.0,22,0,92.0,0.9130434782608695,0.6398260869565217
S2324-G0861,1,POR,17.0,21,0,122.0,0.7727272727272727,0.5856363636363636
S2324-G0861,2,MEM,24.0,28,0,92.0,0.8275862068965517,0.588551724137931
S2324-G0861,2,POR,34.0,30,0,122.0,1.096774193548387,0.7800645161290322
S2324-G0861,3,MEM,27.0,25,0,92.0,1.0384615384615385,0.715076923076923
S2324-G0861,3,POR,40.0,27,0,122.0,1.4285714285714286,0.9791428571428571
S2324-G0861,4,MEM,20.0,23,0,92.0,0.8333333333333334,0.592
S2324-G0861,4,POR,31.0,24,0,122.0,1.24,0.866
S2324-G0862,1,MIN,22.0,20,0,120.0,1.0476190476190477,0.7485714285714286
S2324-G0862,1,SAC,30.0,21,0,124.0,1.3636363636363635,0.9421818181818181
S2324-G0862,2,MIN,37.0,24,0,120.0,1.48,1.008
S2324-G0862,2,SAC,30.0,24,0,124.0,1.2,0.844
S2324-G0862,3,MIN,23.0,23,0,120.0,0.9583333333333334,0.695
S2324-G0862,3,SAC,31.0,23,0,124.0,1.2916666666666667,0.899
S2324-G0862,4,MIN,33.0,23,0,120.0,1.375,0.945
S2324-G0862,4,SAC,24.0,24,0,124.0,0.96,0.7
S2324-G0862,5,MIN,5.0,6,0,120.0,0.7142857142857143,0.5485714285714285
S2324-G0862,5,SAC,9.0,6,0,124.0,1.2857142857142858,0.8954285714285715
S2324-G0863,1,IND,26.0,26,0,102.0,0.9629629629629629,0.6797777777777777
S2324-G0863,1,NOP,48.0,28,0,129.0,1.6551724137931034,1.122103448275862
S2324-G0863,2,IND,30.0,24,0,102.0,1.2,0.822
S2324-G0863,2,NOP,29.0,26,0,129.0,1.0740740740740742,0.7734444444444445
S2324-G0863,3,IND,16.0,20,0,102.0,0.7619047619047619,0.559142857142857
S2324-G0863,3,NOP,31.0,22,0,129.0,1.3478260869565217,0.937695652173913
S2324-G0863,4,IND,30.0,30,0,102.0,0.967741935483871,0.6826451612903226
S2324-G0863,4,NOP,21.0,29,0,129.0,0.7,0.5489999999999999
S2324-G0864,1,CHI,24.0,20,0,97.0,1.1428571428571428,0.7827142857142856
S2324-G0864,1,MIL,33.0,23,0,113.0,1.375,0.938
S2324-G0864,2,CHI,20.0,16,0,97.0,1.1764705882352942,0.8028823529411765
S2324-G0864,2,MIL,25.0,16,0,113.0,1.4705882352941178,0.9953529411764707
S2324-G0864,3,CHI,28.0,22,0,97.0,1.2173913043478262,0.8274347826086956
S2324-G0864,3,MIL,24.0,21,0,113.0,1.0909090909090908,0.7675454545454544
S2324-G0864,4,CHI,25.0,18,0,97.0,1.3157894736842106,0.8864736842105263
S2324-G0864,4,MIL,31.0,21,0,113.0,1.4090909090909092,0.9584545454545454
S2324-G0865,1,LAC,33.0,25,0,140.0,1.2692307692307692,0.9015384615384615
S2324-G0865,1,WAS,30.0,23,0,115.0,1.25,0.865
S2324-G0865,2,LAC,46.0,28,0,140.0,1.5862068965517242,1.0917241379310345
S2324-G0865,2,WAS,34.0,27,0,115.0,1.2142857142857142,0.8435714285714285
S2324-G0865,3,LAC,31.0,20,0,140.0,1.4761904761904763,1.0257142857142858
S2324-G0865,3,WAS,21.0,21,0,115.0,0.9545454545454546,0.6877272727272727
S2324-G0865,4,LAC,30.0,26,0,140.0,1.1111111111111112,0.8066666666666666
S2324-G0865,4,WAS,30.0,27,0,115.0,1.0714285714285714,0.7578571428571428
S2324-G0866,1,ATL,28.0,20,0,102.0,1.3333333333333333,0.9019999999999999
S2324-G0866,1,BKN,21.0,19,0,114.0,1.05,0.744
S2324-G0866,2,ATL,34.0,22,0,102.0,1.4782608695652173,0.9889565217391303
S2324-G0866,2,BKN,39.0,25,0,114.0,1.5,1.0139999999999998
S2324-G0866,3,ATL,18.0,18,0,102.0,0.9473684210526315,0.6704210526315789
S2324-G0866,3,BKN,30.0,21,0,114.0,1.3636363636363635,0.9321818181818181
S2324-G0866,4,ATL,22.0,20,0,102.0,1.0476190476190477,0.7305714285714285
S2324-G0866,4,BKN,24.0,20,0,114.0,1.1428571428571428,0.7997142857142856
S2324-G0867,1,MIA,30.0,21,0,126.0,1.3636363636363635,0.9441818181818181
S2324-G0867,1,UTA,34.0,23,0,120.0,1.4166666666666667,0.97
S2324-G0867,2,MIA,28.0,22,0,126.0,1.2173913043478262,0.8564347826086957
S2324-G0867,2,UTA,28.0,18,0,120.0,1.4736842105263157,1.0042105263157894
S2324-G0867,3,MIA,32.0,22,0,126.0,1.391304347826087,0.9607826086956521
S2324-G0867,3,UTA,28.0,19,0,120.0,1.4,0.96
S2324-G0867,4,MIA,36.0,23,0,126.0,1.5,1.0259999999999998
S2324-G0867,4,UTA,30.0,24,0,120.0,1.2,0.84
S2324-G0868,1,MEM,20.0,20,0,100.0,0.9523809523809523,0.6714285714285714
S2324-G0868,1,POR,25.0,20,0,107.0,1.1904761904761905,0.8212857142857143
S2324-G0868,2,MEM,31.0,33,0,100.0,0.9117647058823529,0.6470588235294117
S2324-G0868,2,POR,22.0,32,0,107.0,0.6666666666666666,0.507
S2324-G0868,3,MEM,27.0,21,0,100.0,1.2272727272727273,0.8363636363636363
S2324-G0868,3,POR,14.0,18,0,107.0,0.7368421052631579,0.5491052631578948
S2324-G0868,4,MEM,17.0,22,0,100.0,0.7391304347826086,0.5434782608695652
S2324-G0868,4,POR,34.0,22,0,107.0,1.4782608695652173,0.9939565217391303
S2324-G0868,5,MEM,5.0,9,0,100.0,0.5,0.4
S2324-G0868,5,POR,12.0,9,0,107.0,1.2,0.827
S2324-G0869,1,DEN,27.0,24,0,124.0,1.08,0.772
S2324-G0869,1,LAL,33.0,23,0,114.0,1.375,0.939
S2324-G0869,2,DEN,31.0,27,0,124.0,1.1071428571428572,0.7882857142857143
S2324-G0869,2,LAL,33.0,25,0,114.0,1.2692307692307692,0.8755384615384615
S2324-G0869,3,DEN,31.0,20,0,124.0,1.4761904761904763,1.0097142857142858
S2324-G0869,3,LAL,23.0,22,0,114.0,1.0,0.714
S2324-G0869,4,DEN,35.0,22,0,124.0,1.5217391304347827,1.0370434782608697
S2324-G0869,4,LAL,25.0,22,0,114.0,1.0869565217391304,0.7661739130434781
S2324-G0870,1,HOU,38.0,27,0,118.0,1.3571428571428572,0.9322857142857143
S2324-G0870,1,PHX,19.0,28,0,109.0,0.6551724137931034,0.5021034482758621
S2324-G0870,2,HOU,16.0,24,0,118.0,0.64,0.502
S2324-G0870,2,PHX,25.0,22,0,109.0,1.0869565217391304,0.7611739130434781
S2324-G0870,3,HOU,35.0,22,0,118.0,1.5217391304347827,1.0310434782608695
S2324-G0870,3,PHX,35.0,20,0,109.0,1.6666666666666667,1.109
S2324-G0870,4,HOU,29.0,27,0,118.0,1.0357142857142858,0.7394285714285714
S2324-G0870,4,PHX,30.0,27,0,109.0,1.0714285714285714,0.7518571428571428
S2324-G0871,1,DAL,22.0,25,0,116.0,0.8461538461538461,0.6236923076923077
S2324-G0871,1,PHI,32.0,24,0,120.0,1.28,0.888
S2324-G0871,2,DAL,29.0,21,0,116.0,1.3181818181818181,0.9069090909090909
S2324-G0871,2,PHI,24.0,23,0,120.0,1.0,0.72
S2324-G0871,3,DAL,25.0,25,0,116.0,0.9615384615384616,0.6929230769230769
S2324-G0871,3,PHI,34.0,21,0,120.0,1.5454545454545454,1.0472727272727274
S2324-G0871,4,DAL,40.0,25,0,116.0,1.5384615384615385,1.039076923076923
S2324-G0871,4,PHI,30.0,23,0,120.0,1.25,0.87
S2324-G0872,1,BOS,44.0,24,0,140.0,1.76,1.196
S2324-G0872,1,GSW,22.0,22,0,88.0,0.9565217391304348,0.6619130434782609
S2324-G0872,2,BOS,38.0,22,0,140.0,1.6521739130434783,1.131304347826087
S2324-G0872,2,GSW,16.0,22,0,88.0,0.6956521739130435,0.5053913043478261
S2324-G0872,3,BOS,33.0,26,0,140.0,1.2222222222222223,0.8733333333333334
S2324-G0872,3,GSW,24.0,24,0,88.0,0.96,0.6639999999999999
S2324-G0872,4,BOS,25.0,27,0,140.0,0.8928571428571429,0.6757142857142857
S2324-G0872,4,GSW,26.0,21,0,88.0,1.1818181818181819,0.7970909090909091
S2324-G0873,1,LAC,18.0,18,0,89.0,0.9473684210526315,0.6574210526315789
S2324-G0873,1,MIN,30.0,18,0,88.0,1.5789473684210527,1.0353684210526315
S2324-G0873,2,LAC,31.0,24,0,89.0,1.24,0.833
S2324-G0873,2,MIN,16.0,22,0,88.0,0.6956521739130435,0.5053913043478261
S2324-G0873,3,LAC,18.0,14,0,89.0,1.2,0.8089999999999999
S2324-G0873,3,MIN,22.0,12,0,88.0,1.6923076923076923,1.1033846153846154
S2324-G0873,4,LAC,22.0,20,0,89.0,1.0476190476190477,0.7175714285714285
S2324-G0873,4,MIN,20.0,21,0,88.0,0.9090909090909091,0.6334545454545454
S2324-G0874,1,DET,27.0,20,0,91.0,1.2857142857142858,0.8624285714285714
S2324-G0874,1,ORL,31.0,20,0,113.0,1.4761904761904763,0.9987142857142858
S2324-G0874,2,DET,23.0,23,0,91.0,0.9583333333333334,0.6659999999999999
S2324-G0874,2,ORL,28.0,22,0,113.0,1.2173913043478262,0.8434347826086956
S2324-G0874,3,DET,21.0,25,0,91.0,0.8076923076923077,0.5756153846153846
S2324-G0874,3,ORL,30.0,28,0,113.0,1.0344827586206897,0.7336896551724138
S2324-G0874,4,DET,20.0,26,0,91.0,0.7407407407407407,0.5354444444444444
S2324-G0874,4,ORL,24.0,24,0,113.0,0.96,0.689
S2324-G0875,1,CHA,29.0,26,0,106.0,1.0740740740740742,0.7504444444444445
S2324-G0875,1,TOR,27.0,29,0,111.0,0.9,0.651
S2324-G0875,2,CHA,19.0,25,0,106.0,0.7307692307692307,0.5444615384615384
S2324-G0875,2,TOR,25.0,24,0,111.0,1.0,0.711
S2324-G0875,3,CHA,27.0,22,0,106.0,1.173913043478261,0.8103478260869565
S2324-G0875,3,TOR,30.0,22,0,111.0,1.3043478260869565,0.8936086956521739
S2324-G0875,4,CHA,31.0,24,0,106.0,1.24,0.85
S2324-G0875,4,TOR,29.0,22,0,111.0,1.2608695652173914,0.8675217391304347
S2324-G0876,1,CLE,19.0,23,0,98.0,0.7916666666666666,0.573
S2324-G0876,1,NYK,28.0,24,0,107.0,1.12,0.779
S2324-G0876,2,CLE,34.0,22,0,98.0,1.4782608695652173,0.9849565217391303
S2324-G0876,2,NYK,23.0,22,0,107.0,1.0,0.707
S2324-G0876,3,CLE,25.0,24,0,98.0,1.0,0.698
S2324-G0876,3,NYK,36.0,26,0,107.0,1.3333333333333333,0.9069999999999999
S2324-G0876,4,CLE,20.0,15,0,98.0,1.25,0.848
S2324-G0876,4,NYK,20.0,15,0,107.0,1.25,0.857
S2324-G0877,1,IND,16.0,20,0,105.0,0.7619047619047619,0.562142857142857
S2324-G0877,1,SAS,26.0,25,0,117.0,1.0,0.717
S2324-G0877,2,IND,32.0,29,0,105.0,1.0666666666666667,0.745
S2324-G0877,2,SAS,26.0,26,0,117.0,0.9629629629629629,0.6947777777777777
S2324-G0877,3,IND,29.0,25,0,105.0,1.1153846153846154,0.7742307692307692
S2324-G0877,3,SAS,34.0,23,0,117.0,1.4166666666666667,0.967
S2324-G0877,4,IND,28.0,22,0,105.0,1.2173913043478262,0.8354347826086956
S2324-G0877,4,SAS,31.0,22,0,117.0,1.3478260869565217,0.925695652173913
S2324-G0878,1,OKC,28.0,20,0,118.0,1.3333333333333333,0.9179999999999999
S2324-G0878,1,PHX,24.0,21,0,110.0,1.0909090909090908,0.7645454545454544
S2324-G0878,2,OKC,38.0,31,0,118.0,1.1875,0.8305
S2324-G0878,2,PHX,28.0,29,0,110.0,0.9333333333333333,0.6699999999999999
S2324-G0878,3,OKC,23.0,24,0,118.0,0.92,0.67
S2324-G0878,3,PHX,33.0,21,0,110.0,1.5,1.01
S2324-G0878,4,OKC,29.0,24,0,118.0,1.16,0.814
S2324-G0878,4,PHX,25.0,25,0,110.0,0.9615384615384616,0.6869230769230769
S2324-G0879,1,BKN,31.0,19,0,102.0,1.55,1.032
S2324-G0879,1,MEM,29.0,18,0,106.0,1.5263157894736843,1.0217894736842106
S2324-G0879,2,BKN,21.0,21,0,102.0,0.9545454545454546,0.6747272727272727
S2324-G0879,2,MEM,24.0,21,0,106.0,1.0909090909090908,0.7605454545454544
S2324-G0879,3,BKN,25.0,27,0,102.0,0.8928571428571429,0.6377142857142857
S2324-G0879,3,MEM,27.0,27,0,106.0,0.9642857142857143,0.6845714285714285
S2324-G0879,4,BKN,25.0,22,0,102.0,1.0869565217391304,0.7541739130434781
S2324-G0879,4,MEM,26.0,20,0,106.0,1.2380952380952381,0.8488571428571429
S2324-G0880,1,LAC,35.0,22,0,106.0,1.5217391304347827,1.0190434782608697
S2324-G0880,1,MIL,25.0,21,0,113.0,1.1363636363636365,0.7948181818181819
S2324-G0880,2,LAC,20.0,22,0,106.0,0.8695652173913043,0.6277391304347826
S2324-G0880,2,MIL,23.0,20,0,113.0,1.0952380952380953,0.7701428571428571
S2324-G0880,3,LAC,26.0,22,0,106.0,1.1304347826086956,0.7842608695652173
S2324-G0880,3,MIL,25.0,19,0,113.0,1.25,0.863
S2324-G0880,4,LAC,25.0,24,0,106.0,1.0,0.706
S2324-G0880,4,MIL,40.0,22,0,113.0,1.7391304347826086,1.1564782608695652
S2324-G0881,1,MIN,28.0,22,0,119.0,1.2173913043478262,0.8494347826086956
S2324-G0881,1,POR,26.0,20,0,114.0,1.2380952380952381,0.8568571428571429
S2324-G0881,2,MIN,27.0,17,0,119.0,1.5,1.019
S2324-G0881,2,POR,22.0,19,0,114.0,1.1,0.774
S2324-G0881,3,MIN,33.0,27,0,119.0,1.1785714285714286,0.8261428571428572
S2324-G0881,3,POR,34.0,26,0,114.0,1.2592592592592593,0.8695555555555555
S2324-G0881,4,MIN,31.0,27,0,119.0,1.1071428571428572,0.7832857142857143
S2324-G0881,4,POR,32.0,24,0,114.0,1.28,0.882
S2324-G0882,1,UTA,35.0,32,0,127.0,1.0606060606060606,0.7633636363636364
S2324-G0882,1,WAS,41.0,29,0,115.0,1.3666666666666667,0.9349999999999999
S2324-G0882,2,UTA,39.0,30,0,127.0,1.2580645161290323,0.8818387096774193
S2324-G0882,2,WAS,34.0,29,0,115.0,1.1333333333333333,0.7949999999999999
S2324-G0882,3,UTA,28.0,25,0,127.0,1.0769230769230769,0.7731538461538461
S2324-G0882,3,WAS,26.0,23,0,115.0,1.0833333333333333,0.7649999999999999
S2324-G0882,4,UTA,25.0,18,0,127.0,1.3157894736842106,0.9164736842105263
S2324-G0882,4,WAS,14.0,20,0,115.0,0.6666666666666666,0.5149999999999999
S2324-G0883,1,CHI,22.0,23,0,113.0,0.9166666666666666,0.6629999999999999
S2324-G0883,1,SAC,36.0,25,0,109.0,1.3846153846153846,0.9397692307692307
S2324-G0883,2,CHI,27.0,26,0,113.0,1.0,0.713
S2324-G0883,2,SAC,20.0,25,0,109.0,0.7692307692307693,0.5705384615384615
S2324-G0883,3,CHI,28.0,22,0,113.0,1.2173913043478262,0.8434347826086956
S2324-G0883,3,SAC,35.0,25,0,109.0,1.3461538461538463,0.9166923076923077
S2324-G0883,4,CHI,36.0,21,0,113.0,1.6363636363636365,1.094818181818182
S2324-G0883,4,SAC,18.0,25,0,109.0,0.6923076923076923,0.5243846153846153
S2324-G0884,1,LAL,25.0,25,0,116.0,0.9615384615384616,0.6929230769230769
S2324-G0884,1,OKC,25.0,22,0,104.0,1.0869565217391304,0.7561739130434781
S2324-G0884,2,LAL,27.0,26,0,116.0,1.0,0.716
S2324-G0884,2,OKC,18.0,22,0,104.0,0.782608695652174,0.5735652173913044
S2324-G0884,3,LAL,37.0,26,0,116.0,1.3703703703703705,0.9382222222222223
S2324-G0884,3,OKC,29.0,22,0,104.0,1.2608695652173914,0.8605217391304347
S2324-G0884,4,LAL,27.0,23,0,116.0,1.125,0.7909999999999999
S2324-G0884,4,OKC,32.0,23,0,104.0,1.3333333333333333,0.9039999999999999
S2324-G0885,1,CHA,20.0,25,1,89.0,0.7692307692307693,0.8505384615384615
S2324-G0885,1,ORL,25.0,28,0,101.0,0.8620689655172413,0.6182413793103447
S2324-G0885,2,CHA,23.0,20,1,89.0,1.0952380952380953,1.046142857142857
S2324-G0885,2,ORL,20.0,20,0,101.0,0.9523809523809523,0.6724285714285714
S2324-G0885,3,CHA,23.0,28,1,89.0,0.7931034482758621,0.8648620689655172
S2324-G0885,3,ORL,30.0,26,0,101.0,1.1111111111111112,0.7676666666666666
S2324-G0885,4,CHA,23.0,20,1,89.0,1.0952380952380953,1.046142857142857
S2324-G0885,4,ORL,26.0,19,0,101.0,1.3,0.881
S2324-G0886,1,BOS,33.0,22,0,104.0,1.434782608695652,0.9648695652173912
S2324-G0886,1,CLE,25.0,22,0,105.0,1.0869565217391304,0.7571739130434781
S2324-G0886,2,BOS,22.0,19,0,104.0,1.1,0.764
S2324-G0886,2,CLE,20.0,18,0,105.0,1.0526315789473684,0.736578947368421
S2324-G0886,3,BOS,32.0,26,0,104.0,1.1851851851851851,0.815111111111111
S2324-G0886,3,CLE,26.0,27,0,105.0,0.9285714285714286,0.6621428571428571
S2324-G0886,4,BOS,17.0,22,0,104.0,0.7391304347826086,0.5474782608695652
S2324-G0886,4,CLE,34.0,21,0,105.0,1.5454545454545454,1.0322727272727272
S2324-G0887,1,BKN,23.0,23,0,112.0,0.9583333333333334,0.6869999999999999
S2324-G0887,1,PHI,30.0,23,0,107.0,1.25,0.857
S2324-G0887,2,BKN,33.0,24,0,112.0,1.32,0.904
S2324-G0887,2,PHI,27.0,26,0,107.0,1.0,0.707
S2324-G0887,3,BKN,24.0,20,0,112.0,1.1428571428571428,0.7977142857142856
S2324-G0887,3,PHI,26.0,22,0,107.0,1.1304347826086956,0.7852608695652173
S2324-G0887,4,BKN,32.0,24,0,112.0,1.28,0.88
S2324-G0887,4,PHI,24.0,20,0,107.0,1.1428571428571428,0.7927142857142856
S2324-G0888,1,DET,26.0,22,0,110.0,1.1304347826086956,0.7882608695652173
S2324-G0888,1,MIA,36.0,21,0,118.0,1.6363636363636365,1.0998181818181818
S2324-G0888,2,DET,34.0,20,0,110.0,1.619047619047619,1.0814285714285714
S2324-G0888,2,MIA,25.0,22,0,118.0,1.0869565217391304,0.7701739130434782
S2324-G0888,3,DET,28.0,24,0,110.0,1.12,0.782
S2324-G0888,3,MIA,32.0,24,0,118.0,1.28,0.886
S2324-G0888,4,DET,22.0,18,0,110.0,1.1578947368421053,0.8047368421052632
S2324-G0888,4,MIA,25.0,19,0,118.0,1.25,0.868
S2324-G0889,1,ATL,33.0,21,0,116.0,1.5,1.016
S2324-G0889,1,NYK,15.0,24,0,100.0,0.6,0.45999999999999996
S2324-G0889,2,ATL,28.0,22,0,116.0,1.2173913043478262,0.8464347826086956
S2324-G0889,2,NYK,35.0,26,0,100.0,1.2962962962962963,0.8777777777777778
S2324-G0889,3,ATL,22.0,24,0,116.0,0.88,0.644
S2324-G0889,3,NYK,28.0,23,0,100.0,1.1666666666666667,0.8
S2324-G0889,4,ATL,33.0,23,0,116.0,1.375,0.941
S2324-G0889,4,NYK,22.0,24,0,100.0,0.88,0.628
S2324-G0890,1,NOP,42.0,27,0,139.0,1.5,1.039
S2324-G0890,1,TOR,28.0,26,0,98.0,1.037037037037037,0.7202222222222221
S2324-G0890,2,NOP,26.0,23,0,139.0,1.0833333333333333,0.7889999999999999
S2324-G0890,2,TOR,17.0,20,0,98.0,0.8095238095238095,0.5837142857142857
S2324-G0890,3,NOP,38.0,27,0,139.0,1.3571428571428572,0.9532857142857143
S2324-G0890,3,TOR,31.0,28,0,98.0,1.0689655172413792,0.7393793103448275
S2324-G0890,4,NOP,33.0,19,0,139.0,1.65,1.1289999999999998
S2324-G0890,4,TOR,22.0,19,0,98.0,1.1,0.758
S2324-G0891,1,HOU,26.0,20,0,114.0,1.2380952380952381,0.8568571428571429
S2324-G0891,1,SAS,21.0,19,0,101.0,1.05,0.731
S2324-G0891,2,HOU,21.0,26,0,114.0,0.7777777777777778,0.5806666666666667
S2324-G0891,2,SAS,32.0,22,0,101.0,1.391304347826087,0.9357826086956521
S2324-G0891,3,HOU,33.0,26,0,114.0,1.2222222222222223,0.8473333333333334
S2324-G0891,3,SAS,24.0,26,0,101.0,0.8888888888888888,0.6343333333333333
S2324-G0891,4,HOU,34.0,30,0,114.0,1.096774193548387,0.7720645161290322
S2324-G0891,4,SAS,24.0,25,0,101.0,0.9230769230769231,0.6548461538461539
S2324-G0892,1,DAL,32.0,25,0,120.0,1.2307692307692308,0.8584615384615385
S2324-G0892,1,IND,35.0,20,0,137.0,1.6666666666666667,1.137
S2324-G0892,2,DAL,38.0,25,0,120.0,1.4615384615384615,0.9969230769230768
S2324-G0892,2,IND,39.0,26,0,137.0,1.4444444444444444,1.0036666666666667
S2324-G0892,3,DAL,18.0,22,0,120.0,0.782608695652174,0.5895652173913044
S2324-G0892,3,IND,32.0,19,0,137.0,1.6,1.097
S2324-G0892,4,DAL,32.0,25,0,120.0,1.2307692307692308,0.8584615384615385
S2324-G0892,4,IND,31.0,25,0,137.0,1.1923076923076923,0.8523846153846154
S2324-G0893,1,DEN,32.0,23,0,107.0,1.3333333333333333,0.9069999999999999
S2324-G0893,1,PHX,28.0,26,0,117.0,1.037037037037037,0.7392222222222221
S2324-G0893,2,DEN,18.0,20,0,107.0,0.8571428571428571,0.6212857142857142
S2324-G0893,2,PHX,37.0,20,0,117.0,1.7619047619047619,1.1741428571428572
S2324-G0893,3,DEN,31.0,19,0,107.0,1.55,1.037
S2324-G0893,3,PHX,25.0,20,0,117.0,1.1904761904761905,0.8312857142857143
S2324-G0893,4,DEN,21.0,19,0,107.0,1.05,0.737
S2324-G0893,4,PHX,12.0,17,0,117.0,0.6666666666666666,0.5169999999999999
S2324-G0893,5,DEN,5.0,8,0,107.0,0.5555555555555556,0.44033333333333335
S2324-G0893,5,PHX,15.0,9,0,117.0,1.5,1.017
S2324-G0894,1,ORL,23.0,21,0,119.0,1.0454545454545454,0.7462727272727272
S2324-G0894,1,WAS,34.0,25,0,109.0,1.3076923076923077,0.8936153846153846
S2324-G0894,2,ORL,30.0,22,0,119.0,1.3043478260869565,0.9016086956521739
S2324-G0894,2,WAS,31.0,20,0,109.0,1.4761904761904763,0.9947142857142858
S2324-G0894,3,ORL,31.0,26,0,119.0,1.1481481481481481,0.8078888888888889
S2324-G0894,3,WAS,18.0,21,0,109.0,0.8181818181818182,0.599909090909091
S2324-G0894,4,ORL,35.0,20,0,119.0,1.6666666666666667,1.119
S2324-G0894,4,WAS,26.0,22,0,109.0,1.1304347826086956,0.7872608695652173
S2324-G0895,1,ATL,31.0,21,0,112.0,1.4090909090909092,0.9574545454545454
S2324-G0895,1,CLE,28.0,23,0,101.0,1.1666666666666667,0.801
S2324-G0895,2,ATL,33.0,22,0,112.0,1.434782608695652,0.9728695652173912
S2324-G0895,2,CLE,21.0,23,0,101.0,0.875,0.626
S2324-G0895,3,ATL,23.0,25,0,112.0,0.8846153846153846,0.6427692307692308
S2324-G0895,3,CLE,40.0,22,0,101.0,1.7391304347826086,1.1444782608695652
S2324-G0895,4,ATL,25.0,20,0,112.0,1.1904761904761905,0.8262857142857143
S2324-G0895,4,CLE,12.0,21,0,101.0,0.5454545454545454,0.42827272727272725
S2324-G0896,1,MEM,37.0,25,0,115.0,1.4230769230769231,0.9688461538461538
S2324-G0896,1,PHI,31.0,29,0,109.0,1.0333333333333334,0.729
S2324-G0896,2,MEM,19.0,26,0,115.0,0.7037037037037037,0.5372222222222223
S2324-G0896,2,PHI,33.0,29,0,109.0,1.1,0.769
S2324-G0896,3,MEM,25.0,16,0,115.0,1.4705882352941178,0.9973529411764707
S2324-G0896,3,PHI,29.0,20,0,109.0,1.380952380952381,0.9375714285714285
S2324-G0896,4,MEM,34.0,21,0,115.0,1.5454545454545454,1.0422727272727272
S2324-G0896,4,PHI,16.0,19,0,109.0,0.8,0.589
S2324-G0897,1,HOU,27.0,22,0,116.0,1.173913043478261,0.8203478260869566
S2324-G0897,1,LAC,19.0,17,0,122.0,1.0555555555555556,0.7553333333333333
S2324-G0897,2,HOU,30.0,28,0,116.0,1.0344827586206897,0.7366896551724138
S2324-G0897,2,LAC,25.0,24,0,122.0,1.0,0.722
S2324-G0897,3,HOU,29.0,21,0,116.0,1.3181818181818181,0.9069090909090909
S2324-G0897,3,LAC,36.0,20,0,122.0,1.7142857142857142,1.1505714285714284
S2324-G0897,4,HOU,30.0,23,0,116.0,1.25,0.866
S2324-G0897,4,LAC,42.0,22,0,122.0,1.826086956521739,1.2176521739130433
S2324-G0898,1,CHI,33.0,19,0,119.0,1.65,1.109
S2324-G0898,1,UTA,29.0,20,0,117.0,1.380952380952381,0.9455714285714285
S2324-G0898,2,CHI,30.0,20,0,119.0,1.4285714285714286,0.9761428571428571
S2324-G0898,2,UTA,25.0,20,0,117.0,1.1904761904761905,0.8312857142857143
S2324-G0898,3,CHI,30.0,19,0,119.0,1.5,1.019
S2324-G0898,3,UTA,29.0,20,0,117.0,1.380952380952381,0.9455714285714285
S2324-G0898,4,CHI,26.0,27,0,119.0,0.9285714285714286,0.6761428571428572
S2324-G0898,4,UTA,34.0,26,0,117.0,1.2592592592592593,0.8725555555555555
S2324-G0899,1,GSW,40.0,27,0,125.0,1.4285714285714286,0.9821428571428571
S2324-G0899,1,MIL,32.0,26,0,90.0,1.1851851851851851,0.801111111111111
S2324-G0899,2,GSW,38.0,26,0,125.0,1.4074074074074074,0.9694444444444444
S2324-G0899,2,MIL,26.0,24,0,90.0,1.04,0.714
S2324-G0899,3,GSW,15.0,24,0,125.0,0.6,0.485
S2324-G0899,3,MIL,23.0,20,0,90.0,1.0952380952380953,0.7471428571428571
S2324-G0899,4,GSW,32.0,24,0,125.0,1.28,0.893
S2324-G0899,4,MIL,9.0,24,0,90.0,0.36,0.306
S2324-G0900,1,OKC,32.0,23,0,128.0,1.3333333333333333,0.9279999999999999
S2324-G0900,1,POR,27.0,24,0,120.0,1.08,0.768
S2324-G0900,2,OKC,33.0,21,0,128.0,1.5,1.028
S2324-G0900,2,POR,30.0,22,0,120.0,1.3043478260869565,0.9026086956521739
S2324-G0900,3,OKC,32.0,25,0,128.0,1.2307692307692308,0.8664615384615385
S2324-G0900,3,POR,30.0,28,0,120.0,1.0344827586206897,0.7406896551724138
S2324-G0900,4,OKC,31.0,26,0,128.0,1.1481481481481481,0.8168888888888889
S2324-G0900,4,POR,33.0,29,0,120.0,1.1,0.78
S2324-G0901,1,LAL,37.0,24,0,120.0,1.48,1.008
S2324-G0901,1,SAC,28.0,25,0,130.0,1.0769230769230769,0.7761538461538461
S2324-G0901,2,LAL,20.0,23,0,120.0,0.8333333333333334,0.62
S2324-G0901,2,SAC,44.0,26,0,130.0,1.6296296296296295,1.1077777777777778
S2324-G0901,3,LAL,35.0,29,0,120.0,1.1666666666666667,0.8200000000000001
S2324-G0901,3,SAC,32.0,27,0,130.0,1.1428571428571428,0.8157142857142856
S2324-G0901,4,LAL,28.0,23,0,120.0,1.1666666666666667,0.8200000000000001
S2324-G0901,4,SAC,26.0,27,0,130.0,0.9285714285714286,0.6871428571428572
S2324-G0902,1,BKN,16.0,22,0,112.0,0.6956521739130435,0.5293913043478261
S2324-G0902,1,DET,26.0,24,0,118.0,1.04,0.742
S2324-G0902,2,BKN,41.0,29,0,112.0,1.3666666666666667,0.9319999999999999
S2324-G0902,2,DET,28.0,27,0,118.0,1.0,0.718
S2324-G0902,3,BKN,24.0,23,0,112.0,1.0,0.712
S2324-G0902,3,DET,31.0,25,0,118.0,1.1923076923076923,0.8333846153846154
S2324-G0902,4,BKN,31.0,24,0,112.0,1.24,0.856
S2324-G0902,4,DET,33.0,24,0,118.0,1.32,0.91
S2324-G0903,1,IND,23.0,25,0,111.0,0.8846153846153846,0.6417692307692308
S2324-G0903,1,MIN,33.0,26,0,113.0,1.2222222222222223,0.8463333333333334
S2324-G0903,2,IND,26.0,27,0,111.0,0.9285714285714286,0.6681428571428571
S2324-G0903,2,MIN,27.0,27,0,113.0,0.9642857142857143,0.6915714285714285
S2324-G0903,3,IND,34.0,23,0,111.0,1.4166666666666667,0.961
S2324-G0903,3,MIN,23.0,22,0,113.0,1.0,0.713
S2324-G0903,4,IND,28.0,22,0,111.0,1.2173913043478262,0.8414347826086956
S2324-G0903,4,MIN,30.0,23,0,113.0,1.25,0.863
S2324-G0904,1,DAL,28.0,24,0,114.0,1.12,0.786
S2324-G0904,1,MIA,36.0,27,0,108.0,1.2857142857142858,0.8794285714285714
S2324-G0904,2,DAL,26.0,19,0,114.0,1.3,0.894
S2324-G0904,2,MIA,22.0,18,0,108.0,1.1578947368421053,0.8027368421052632
S2324-G0904,3,DAL,37.0,21,0,114.0,1.6818181818181819,1.1230909090909091
S2324-G0904,3,MIA,25.0,18,0,108.0,1.3157894736842106,0.8974736842105263
S2324-G0904,4,DAL,23.0,18,0,114.0,1.2105263157894737,0.8403157894736841
S2324-G0904,4,MIA,25.0,18,0,108.0,1.3157894736842106,0.8974736842105263
S2324-G0905,1,PHX,39.0,25,0,120.0,1.5,1.02
S2324-G0905,1,TOR,25.0,21,0,113.0,1.1363636363636365,0.7948181818181819
S2324-G0905,2,PHX,28.0,22,0,120.0,1.2173913043478262,0.8504347826086956
S2324-G0905,2,TOR,28.0,20,0,113.0,1.3333333333333333,0.9129999999999999
S2324-G0905,3,PHX,22.0,25,0,120.0,0.8461538461538461,0.6276923076923077
S2324-G0905,3,TOR,29.0,26,0,113.0,1.0740740740740742,0.7574444444444445
S2324-G0905,4,PHX,31.0,23,0,120.0,1.2916666666666667,0.895
S2324-G0905,4,TOR,31.0,23,0,113.0,1.2916666666666667,0.888
S2324-G0906,1,BOS,28.0,21,0,109.0,1.2727272727272727,0.8726363636363635
S2324-G0906,1,DEN,30.0,25,0,115.0,1.1538461538461537,0.8073076923076922
S2324-G0906,2,BOS,26.0,19,0,109.0,1.3,0.889
S2324-G0906,2,DEN,32.0,22,0,115.0,1.391304347826087,0.9497826086956521
S2324-G0906,3,BOS,26.0,21,0,109.0,1.1818181818181819,0.8180909090909091
S2324-G0906,3,DEN,28.0,22,0,115.0,1.2173913043478262,0.8454347826086956
S2324-G0906,4,BOS,29.0,23,0,109.0,1.2083333333333333,0.834
S2324-G0906,4,DEN,25.0,22,0,115.0,1.0869565217391304,0.7671739130434782
S2324-G0907,1,CHI,25.0,23,0,125.0,1.0416666666666667,0.75
S2324-G0907,1,GSW,31.0,24,0,122.0,1.24,0.866
S2324-G0907,2,CHI,38.0,24,0,125.0,1.52,1.037
S2324-G0907,2,GSW,28.0,27,0,122.0,1.0,0.722
S2324-G0907,3,CHI,36.0,26,0,125.0,1.3333333333333333,0.9249999999999999
S2324-G0907,3,GSW,30.0,32,0,122.0,0.9090909090909091,0.6674545454545454
S2324-G0907,4,CHI,26.0,27,0,125.0,0.9285714285714286,0.6821428571428572
S2324-G0907,4,GSW,33.0,28,0,122.0,1.1379310344827587,0.8047586206896552
S2324-G0908,1,SAC,30.0,26,0,131.0,1.1111111111111112,0.7976666666666666
S2324-G0908,1,SAS,31.0,24,0,129.0,1.24,0.873
S2324-G0908,2,SAC,41.0,28,0,131.0,1.4137931034482758,0.9792758620689654
S2324-G0908,2,SAS,28.0,26,0,129.0,1.037037037037037,0.7512222222222221
S2324-G0908,3,SAC,29.0,31,0,131.0,0.90625,0.67475
S2324-G0908,3,SAS,36.0,24,0,129.0,1.44,0.993
S2324-G0908,4,SAC,31.0,26,0,131.0,1.1481481481481481,0.8198888888888889
S2324-G0908,4,SAS,34.0,29,0,129.0,1.1333333333333333,0.8089999999999999
S2324-G0909,1,NOP,36.0,20,0,103.0,1.7142857142857142,1.1315714285714285
S2324-G0909,1,PHI,15.0,21,0,95.0,0.6818181818181818,0.504090909090909
S2324-G0909,2,NOP,27.0,20,0,103.0,1.2857142857142858,0.8744285714285714
S2324-G0909,2,PHI,19.0,17,0,95.0,1.0555555555555556,0.7283333333333333
S2324-G0909,3,NOP,21.0,21,0,103.0,0.9545454545454546,0.6757272727272727
S2324-G0909,3,PHI,27.0,21,0,95.0,1.2272727272727273,0.8313636363636363
S2324-G0909,4,NOP,19.0,19,0,103.0,0.95,0.6729999999999999
S2324-G0909,4,PHI,34.0,18,0,95.0,1.7894736842105263,1.1686842105263158
S2324-G0910,1,CHA,16.0,18,0,100.0,0.8421052631578947,0.6052631578947367
S2324-G0910,1,WAS,24.0,20,0,112.0,1.1428571428571428,0.7977142857142856
S2324-G0910,2,CHA,29.0,26,0,100.0,1.0740740740740742,0.7444444444444445
S2324-G0910,2,WAS,24.0,26,0,112.0,0.8888888888888888,0.6453333333333333
S2324-G0910,3,CHA,31.0,21,0,100.0,1.4090909090909092,0.9454545454545454
S2324-G0910,3,WAS,20.0,17,0,112.0,1.1111111111111112,0.7786666666666666
S2324-G0910,4,CHA,24.0,22,0,100.0,1.0434782608695652,0.726086956521739
S2324-G0910,4,WAS,44.0,25,0,112.0,1.6923076923076923,1.1273846153846154
S2324-G0911,1,CLE,25.0,24,0,113.0,1.0,0.713
S2324-G0911,1,MIN,23.0,28,0,104.0,0.7931034482758621,0.5798620689655173
S2324-G0911,2,CLE,29.0,22,0,113.0,1.2608695652173914,0.8695217391304347
S2324-G0911,2,MIN,27.0,22,0,104.0,1.173913043478261,0.8083478260869565
S2324-G0911,3,CLE,25.0,19,0,113.0,1.25,0.863
S2324-G0911,3,MIN,30.0,17,0,104.0,1.6666666666666667,1.104
S2324-G0911,4,CLE,18.0,20,0,113.0,0.8571428571428571,0.6272857142857142
S2324-G0911,4,MIN,17.0,19,0,104.0,0.85,0.614
S2324-G0911,5,CLE,16.0,8,0,113.0,1.7777777777777777,1.1796666666666666
S2324-G0911,5,MIN,7.0,5,0,104.0,1.1666666666666667,0.804
S2324-G0912,1,NYK,31.0,21,0,98.0,1.4090909090909092,0.9434545454545454
S2324-G0912,1,ORL,23.0,22,0,74.0,1.0,0.6739999999999999
S2324-G0912,2,NYK,24.0,20,0,98.0,1.1428571428571428,0.7837142857142856
S2324-G0912,2,ORL,16.0,20,0,74.0,0.7619047619047619,0.531142857142857
S2324-G0912,3,NYK,25.0,23,0,98.0,1.0416666666666667,0.723
S2324-G0912,3,ORL,15.0,18,0,74.0,0.7894736842105263,0.5476842105263158
S2324-G0912,4,NYK,18.0,17,0,98.0,1.0,0.698
S2324-G0912,4,ORL,20.0,20,0,74.0,0.9523809523809523,0.6454285714285714
S2324-G0913,1,ATL,20.0,23,0,99.0,0.8333333333333334,0.599
S2324-G0913,1,MEM,31.0,26,0,92.0,1.1481481481481481,0.7808888888888889
S2324-G0913,2,ATL,26.0,19,0,99.0,1.3,0.879
S2324-G0913,2,MEM,15.0,19,0,92.0,0.75,0.5419999999999999
S2324-G0913,3,ATL,34.0,24,0,99.0,1.36,0.915
S2324-G0913,3,MEM,26.0,27,0,92.0,0.9285714285714286,0.6491428571428571
S2324-G0913,4,ATL,19.0,17,0,99.0,1.0555555555555556,0.7323333333333333
S2324-G0913,4,MEM,20.0,15,0,92.0,1.25,0.842
S2324-G0914,1,MIA,29.0,21,0,100.0,1.3181818181818181,0.8909090909090909
S2324-G0914,1,OKC,27.0,24,0,107.0,1.08,0.755
S2324-G0914,2,MIA,28.0,21,0,100.0,1.2727272727272727,0.8636363636363635
S2324-G0914,2,OKC,20.0,23,0,107.0,0.8333333333333334,0.607
S2324-G0914,3,MIA,16.0,19,0,100.0,0.8,0.58
S2324-G0914,3,OKC,30.0,19,0,107.0,1.5,1.007
S2324-G0914,4,MIA,27.0,20,0,100.0,1.2857142857142858,0.8714285714285714
S2324-G0914,4,OKC,30.0,22,0,107.0,1.3043478260869565,0.8896086956521739
S2324-G0915,1,LAL,27.0,22,0,123.0,1.173913043478261,0.8273478260869566
S2324-G0915,1,MIL,30.0,24,0,122.0,1.2,0.842
S2324-G0915,2,LAL,40.0,24,0,123.0,1.6,1.083
S2324-G0915,2,MIL,33.0,22,0,122.0,1.434782608695652,0.9828695652173912
S2324-G0915,3,LAL,29.0,23,0,123.0,1.2083333333333333,0.848
S2324-G0915,3,MIL,27.0,21,0,122.0,1.2272727272727273,0.8583636363636363
S2324-G0915,4,LAL,27.0,17,0,123.0,1.5,1.023
S2324-G0915,4,MIL,32.0,19,0,122.0,1.6,1.0819999999999999
S2324-G0916,1,HOU,28.0,20,0,123.0,1.3333333333333333,0.9229999999999999
S2324-G0916,1,POR,31.0,26,0,107.0,1.1481481481481481,0.7958888888888889
S2324-G0916,2,HOU,27.0,25,0,123.0,1.0384615384615385,0.7460769230769231
S2324-G0916,2,POR,32.0,24,0,107.0,1.28,0.875
S2324-G0916,3,HOU,37.0,25,0,123.0,1.4230769230769231,0.9768461538461538
S2324-G0916,3,POR,24.0,25,0,107.0,0.9230769230769231,0.6608461538461539
S2324-G0916,4,HOU,31.0,20,0,123.0,1.4761904761904763,1.008714285714286
S2324-G0916,4,POR,20.0,21,0,107.0,0.9090909090909091,0.6524545454545454
S2324-G0917,1,CHI,29.0,25,0,102.0,1.1153846153846154,0.7712307692307692
S2324-G0917,1,LAC,23.0,25,0,112.0,0.8846153846153846,0.6427692307692308
S2324-G0917,2,CHI,28.0,24,0,102.0,1.12,0.774
S2324-G0917,2,LAC,23.0,25,0,112.0,0.8846153846153846,0.6427692307692308
S2324-G0917,3,CHI,28.0,25,0,102.0,1.0769230769230769,0.7481538461538461
S2324-G0917,3,LAC,37.0,26,0,112.0,1.3703703703703705,0.9342222222222223
S2324-G0917,4,CHI,17.0,18,0,102.0,0.8947368421052632,0.6388421052631579
S2324-G0917,4,LAC,29.0,20,0,112.0,1.380952380952381,0.9405714285714285
S2324-G0918,1,BKN,35.0,26,0,99.0,1.2962962962962963,0.8767777777777778
S2324-G0918,1,CHA,31.0,29,0,110.0,1.0333333333333334,0.73
S2324-G0918,2,BKN,17.0,23,0,99.0,0.7083333333333334,0.524
S2324-G0918,2,CHA,32.0,24,0,110.0,1.28,0.878
S2324-G0918,3,BKN,30.0,26,0,99.0,1.1111111111111112,0.7656666666666666
S2324-G0918,3,CHA,27.0,24,0,110.0,1.08,0.758
S2324-G0918,4,BKN,17.0,22,0,99.0,0.7391304347826086,0.5424782608695652
S2324-G0918,4,CHA,20.0,21,0,110.0,0.9090909090909091,0.6554545454545454
S2324-G0919,1,DAL,35.0,29,0,142.0,1.1666666666666667,0.8420000000000001
S2324-G0919,1,DET,33.0,32,0,124.0,1.0,0.724
S2324-G0919,2,DAL,34.0,25,0,142.0,1.3076923076923077,0.9266153846153846
S2324-G0919,2,DET,32.0,26,0,124.0,1.1851851851851851,0.835111111111111
S2324-G0919,3,DAL,35.0,24,0,142.0,1.4,0.982
S2324-G0919,3,DET,23.0,23,0,124.0,0.9583333333333334,0.699
S2324-G0919,4,DAL,38.0,30,0,142.0,1.2258064516129032,0.8774838709677419
S2324-G0919,4,DET,36.0,31,0,124.0,1.125,0.7989999999999999
S2324-G0920,1,BOS,31.0,22,0,117.0,1.3478260869565217,0.925695652173913
S2324-G0920,1,PHX,26.0,23,0,107.0,1.0833333333333333,0.7569999999999999
S2324-G0920,2,BOS,31.0,23,0,117.0,1.2916666666666667,0.892
S2324-G0920,2,PHX,24.0,22,0,107.0,1.0434782608695652,0.733086956521739
S2324-G0920,3,BOS,25.0,25,0,117.0,0.9615384615384616,0.6939230769230769
S2324-G0920,3,PHX,28.0,27,0,107.0,1.0,0.707
S2324-G0920,4,BOS,30.0,21,0,117.0,1.3636363636363635,0.9351818181818181
S2324-G0920,4,PHX,29.0,20,0,107.0,1.380952380952381,0.9355714285714285
S2324-G0921,1,GSW,27.0,25,0,113.0,1.0384615384615385,0.7360769230769231
S2324-G0921,1,SAS,32.0,19,0,126.0,1.6,1.0859999999999999
S2324-G0921,2,GSW,16.0,24,0,113.0,0.64,0.497
S2324-G0921,2,SAS,30.0,23,0,126.0,1.25,0.876
S2324-G0921,3,GSW,36.0,21,0,113.0,1.6363636363636365,1.094818181818182
S2324-G0921,3,SAS,34.0,23,0,126.0,1.4166666666666667,0.976
S2324-G0921,4,GSW,34.0,26,0,113.0,1.2592592592592593,0.8685555555555555
S2324-G0921,4,SAS,30.0,26,0,126.0,1.1111111111111112,0.7926666666666666
S2324-G0922,1,DEN,38.0,25,0,142.0,1.4615384615384615,1.0189230769230768
S2324-G0922,1,UTA,22.0,25,0,121.0,0.8461538461538461,0.6286923076923077
S2324-G0922,2,DEN,40.0,24,0,142.0,1.6,1.1019999999999999
S2324-G0922,2,UTA,22.0,27,0,121.0,0.7857142857142857,0.5924285714285714
S2324-G0922,3,DEN,24.0,32,0,142.0,0.7272727272727273,0.5783636363636363
S2324-G0922,3,UTA,44.0,29,0,121.0,1.4666666666666666,1.001
S2324-G0922,4,DEN,40.0,24,0,142.0,1.6,1.1019999999999999
S2324-G0922,4,UTA,33.0,22,0,121.0,1.434782608695652,0.9818695652173912
S2324-G0923,1,POR,33.0,25,0,128.0,1.2692307692307692,0.8895384615384615
S2324-G0923,1,TOR,16.0,22,0,118.0,0.6956521739130435,0.535391304347826
S2324-G0923,2,POR,30.0,26,0,128.0,1.1111111111111112,0.7946666666666666
S2324-G0923,2,TOR,30.0,23,0,118.0,1.25,0.868
S2324-G0923,3,POR,29.0,25,0,128.0,1.1153846153846154,0.7972307692307692
S2324-G0923,3,TOR,35.0,24,0,118.0,1.4,0.958
S2324-G0923,4,POR,21.0,22,0,128.0,0.9130434782608695,0.6758260869565217
S2324-G0923,4,TOR,32.0,24,0,118.0,1.28,0.886
S2324-G0923,5,POR,15.0,10,0,128.0,1.3636363636363635,0.9461818181818181
S2324-G0923,5,TOR,5.0,9,0,118.0,0.5,0.418
S2324-G0924,1,LAC,33.0,22,0,117.0,1.434782608695652,0.9778695652173912
S2324-G0924,1,MIL,29.0,23,0,124.0,1.2083333333333333,0.849
S2324-G0924,2,LAC,29.0,22,0,117.0,1.2608695652173914,0.8735217391304347
S2324-G0924,2,MIL,30.0,24,0,124.0,1.2,0.844
S2324-G0924,3,LAC,23.0,22,0,117.0,1.0,0.717
S2324-G0924,3,MIL,32.0,21,0,124.0,1.4545454545454546,0.9967272727272727
S2324-G0924,4,LAC,32.0,24,0,117.0,1.28,0.885
S2324-G0924,4,MIL,33.0,24,0,124.0,1.32,0.916
S2324-G0925,1,ATL,20.0,23,0,103.0,0.8333333333333334,0.603
S2324-G0925,1,NOP,26.0,18,0,116.0,1.368421052631579,0.9370526315789474
S2324-G0925,2,ATL,22.0,20,0,103.0,1.0476190476190477,0.7315714285714285
S2324-G0925,2,NOP,27.0,22,0,116.0,1.173913043478261,0.8203478260869566
S2324-G0925,3,ATL,23.0,17,0,103.0,1.2777777777777777,0.8696666666666666
S2324-G0925,3,NOP,27.0,16,0,116.0,1.588235294117647,1.068941176470588
S2324-G0925,4,ATL,38.0,23,0,103.0,1.5833333333333333,1.053
S2324-G0925,4,NOP,36.0,25,0,116.0,1.3846153846153846,0.9467692307692307
S2324-G0926,1,MIA,27.0,26,0,108.0,1.0,0.708
S2324-G0926,1,WAS,25.0,22,0,110.0,1.0869565217391304,0.7621739130434781
S2324-G0926,2,MIA,27.0,29,0,108.0,0.9,0.648
S2324-G0926,2,WAS,23.0,27,0,110.0,0.8214285714285714,0.6028571428571429
S2324-G0926,3,MIA,28.0,20,0,108.0,1.3333333333333333,0.9079999999999999
S2324-G0926,3,WAS,33.0,18,0,110.0,1.736842105263158,1.1521052631578947
S2324-G0926,4,MIA,26.0,20,0,108.0,1.2380952380952381,0.8508571428571429
S2324-G0926,4,WAS,29.0,22,0,110.0,1.2608695652173914,0.8665217391304347
S2324-G0927,1,NYK,15.0,17,0,73.0,0.8333333333333334,0.573
S2324-G0927,1,PHI,15.0,20,0,79.0,0.7142857142857143,0.5075714285714286
S2324-G0927,2,NYK,16.0,22,0,73.0,0.6956521739130435,0.4903913043478261
S2324-G0927,2,PHI,22.0,23,0,79.0,0.9166666666666666,0.629
S2324-G0927,3,NYK,25.0,25,0,73.0,0.9615384615384616,0.6499230769230768
S2324-G0927,3,PHI,26.0,21,0,79.0,1.1818181818181819,0.7880909090909092
S2324-G0927,4,NYK,17.0,17,0,73.0,0.9444444444444444,0.6396666666666666
S2324-G0927,4,PHI,16.0,17,0,79.0,0.8888888888888888,0.6123333333333334
S2324-G0928,1,IND,18.0,20,0,111.0,0.8571428571428571,0.6252857142857142
S2324-G0928,1,ORL,24.0,22,0,97.0,1.0434782608695652,0.723086956521739
S2324-G0928,2,IND,29.0,23,0,111.0,1.2083333333333333,0.836
S2324-G0928,2,ORL,26.0,21,0,97.0,1.1818181818181819,0.8060909090909091
S2324-G0928,3,IND,39.0,26,0,111.0,1.4444444444444444,0.9776666666666666
S2324-G0928,3,ORL,21.0,22,0,97.0,0.9130434782608695,0.6448260869565217
S2324-G0928,4,IND,25.0,16,0,111.0,1.4705882352941178,0.9933529411764707
S2324-G0928,4,ORL,26.0,18,0,97.0,1.368421052631579,0.9180526315789473
S2324-G0929,1,HOU,23.0,23,0,112.0,0.9583333333333334,0.6869999999999999
S2324-G0929,1,SAC,30.0,26,0,104.0,1.1111111111111112,0.7706666666666666
S2324-G0929,2,HOU,31.0,20,0,112.0,1.4761904761904763,0.9977142857142858
S2324-G0929,2,SAC,29.0,23,0,104.0,1.2083333333333333,0.829
S2324-G0929,3,HOU,32.0,22,0,112.0,1.391304347826087,0.9467826086956521
S2324-G0929,3,SAC,14.0,21,0,104.0,0.6363636363636364,0.4858181818181818
S2324-G0929,4,HOU,26.0,18,0,112.0,1.368421052631579,0.9330526315789474
S2324-G0929,4,SAC,31.0,20,0,104.0,1.4761904761904763,0.9897142857142858
S2324-G0930,1,BKN,29.0,24,0,120.0,1.16,0.816
S2324-G0930,1,CLE,28.0,23,0,101.0,1.1666666666666667,0.801
S2324-G0930,2,BKN,23.0,21,0,120.0,1.0454545454545454,0.7472727272727272
S2324-G0930,2,CLE,23.0,20,0,101.0,1.0952380952380953,0.7581428571428571
S2324-G0930,3,BKN,44.0,23,0,120.0,1.8333333333333333,1.2199999999999998
S2324-G0930,3,CLE,29.0,24,0,101.0,1.16,0.7969999999999999
S2324-G0930,4,BKN,24.0,20,0,120.0,1.1428571428571428,0.8057142857142856
S2324-G0930,4,CLE,21.0,20,0,101.0,1.0,0.701
S2324-G0931,1,MEM,24.0,23,0,93.0,1.0,0.693
S2324-G0931,1,OKC,38.0,22,0,124.0,1.6521739130434783,1.115304347826087
S2324-G0931,2,MEM,19.0,22,0,93.0,0.8260869565217391,0.5886521739130435
S2324-G0931,2,OKC,26.0,24,0,124.0,1.04,0.748
S2324-G0931,3,MEM,25.0,27,0,93.0,0.8928571428571429,0.6287142857142857
S2324-G0931,3,OKC,38.0,25,0,124.0,1.4615384615384615,1.0009230769230768
S2324-G0931,4,MEM,25.0,20,0,93.0,1.1904761904761905,0.8072857142857143
S2324-G0931,4,OKC,22.0,17,0,124.0,1.2222222222222223,0.8573333333333334
S2324-G0932,1,LAL,32.0,28,0,120.0,1.103448275862069,0.7820689655172414
S2324-G0932,1,MIN,28.0,24,0,109.0,1.12,0.781
S2324-G0932,2,LAL,37.0,24,0,120.0,1.48,1.008
S2324-G0932,2,MIN,40.0,29,0,109.0,1.3333333333333333,0.9089999999999999
S2324-G0932,3,LAL,22.0,24,0,120.0,0.88,0.648
S2324-G0932,3,MIN,24.0,26,0,109.0,0.8888888888888888,0.6423333333333333
S2324-G0932,4,LAL,29.0,19,0,120.0,1.45,0.99
S2324-G0932,4,MIN,17.0,19,0,109.0,0.85,0.619
S2324-G0933,1,CHA,23.0,24,0,97.0,0.92,0.649
S2324-G0933,1,DET,34.0,26,0,114.0,1.2592592592592593,0.8695555555555555
S2324-G0933,2,CHA,23.0,21,0,97.0,1.0454545454545454,0.7242727272727272
S2324-G0933,2,DET,19.0,20,0,114.0,0.9047619047619048,0.6568571428571428
S2324-G0933,3,CHA,21.0,21,0,97.0,0.9545454545454546,0.6697272727272727
S2324-G0933,3,DET,33.0,22,0,114.0,1.434782608695652,0.9748695652173912
S2324-G0933,4,CHA,30.0,19,0,97.0,1.5,0.9969999999999999
S2324-G0933,4,DET,28.0,21,0,114.0,1.2727272727272727,0.8776363636363635
S2324-G0934,1,CLE,41.0,26,0,111.0,1.5185185185185186,1.0221111111111112
S2324-G0934,1,PHX,32.0,25,0,117.0,1.2307692307692308,0.8554615384615385
S2324-G0934,2,CLE,29.0,24,0,111.0,1.16,0.8069999999999999
S2324-G0934,2,PHX,31.0,25,0,117.0,1.1923076923076923,0.8323846153846154
S2324-G0934,3,CLE,21.0,23,0,111.0,0.875,0.636
S2324-G0934,3,PHX,34.0,23,0,117.0,1.4166666666666667,0.967
S2324-G0934,4,CLE,20.0,17,0,111.0,1.1111111111111112,0.7776666666666666
S2324-G0934,4,PHX,20.0,18,0,117.0,1.0526315789473684,0.748578947368421
S2324-G0935,1,CHI,16.0,22,0,92.0,0.6956521739130435,0.5093913043478261
S2324-G0935,1,DAL,44.0,24,0,127.0,1.76,1.183
S2324-G0935,2,CHI,26.0,19,0,92.0,1.3,0.872
S2324-G0935,2,DAL,18.0,21,0,127.0,0.8181818181818182,0.617909090909091
S2324-G0935,3,CHI,22.0,21,0,92.0,1.0,0.692
S2324-G0935,3,DAL,36.0,23,0,127.0,1.5,1.027
S2324-G0935,4,CHI,28.0,25,0,92.0,1.0769230769230769,0.738153846153846
S2324-G0935,4,DAL,29.0,22,0,127.0,1.2608695652173914,0.8835217391304347
S2324-G0936,1,GSW,29.0,24,0,112.0,1.16,0.8079999999999999
S2324-G0936,1,SAS,37.0,24,0,102.0,1.48,0.99
S2324-G0936,2,GSW,29.0,26,0,112.0,1.0740740740740742,0.7564444444444445
S2324-G0936,2,SAS,23.0,25,0,102.0,0.8846153846153846,0.6327692307692308
S2324-G0936,3,GSW,32.0,26,0,112.0,1.1851851851851851,0.823111111111111
S2324-G0936,3,SAS,18.0,25,0,102.0,0.6923076923076923,0.5173846153846153
S2324-G0936,4,GSW,22.0,18,0,112.0,1.1578947368421053,0.8067368421052632
S2324-G0936,4,SAS,24.0,18,0,102.0,1.263157894736842,0.8598947368421052
S2324-G0937,1,DEN,32.0,28,0,125.0,1.103448275862069,0.7870689655172414
S2324-G0937,1,TOR,34.0,30,0,119.0,1.096774193548387,0.7770645161290322
S2324-G0937,2,DEN,19.0,21,0,125.0,0.8636363636363636,0.6431818181818182
S2324-G0937,2,TOR,34.0,21,0,119.0,1.5454545454545454,1.0462727272727272
S2324-G0937,3,DEN,42.0,30,0,125.0,1.3548387096774193,0.9379032258064516
S2324-G0937,3,TOR,30.0,26,0,119.0,1.1111111111111112,0.7856666666666666
S2324-G0937,4,DEN,32.0,19,0,125.0,1.6,1.085
S2324-G0937,4,TOR,21.0,18,0,119.0,1.105263157894737,0.7821578947368422
S2324-G0938,1,BOS,37.0,22,0,121.0,1.608695652173913,1.0862173913043478
S2324-G0938,1,POR,28.0,21,0,99.0,1.2727272727272727,0.8626363636363635
S2324-G0938,2,BOS,29.0,21,0,121.0,1.3181818181818181,0.9119090909090909
S2324-G0938,2,POR,24.0,19,0,99.0,1.2,0.819
S2324-G0938,3,BOS,22.0,24,0,121.0,0.88,0.649
S2324-G0938,3,POR,23.0,22,0,99.0,1.0,0.699
S2324-G0938,4,BOS,33.0,19,0,121.0,1.65,1.1109999999999998
S2324-G0938,4,POR,24.0,22,0,99.0,1.0434782608695652,0.725086956521739
S2324-G0939,1,NYK,26.0,18,0,106.0,1.368421052631579,0.9270526315789474
S2324-G0939,1,PHI,14.0,18,0,79.0,0.7368421052631579,0.5211052631578947
S2324-G0939,2,NYK,33.0,24,0,106.0,1.32,0.898
S2324-G0939,2,PHI,27.0,23,0,79.0,1.125,0.754
S2324-G0939,3,NYK,28.0,20,0,106.0,1.3333333333333333,0.9059999999999999
S2324-G0939,3,PHI,20.0,21,0,79.0,0.9090909090909091,0.6244545454545454
S2324-G0939,4,NYK,19.0,16,0,106.0,1.1176470588235294,0.7765882352941176
S2324-G0939,4,PHI,18.0,17,0,79.0,1.0,0.679
S2324-G0940,1,MEM,29.0,22,0,109.0,1.2608695652173914,0.8655217391304347
S2324-G0940,1,WAS,21.0,22,0,97.0,0.9130434782608695,0.6448260869565217
S2324-G0940,2,MEM,38.0,24,0,109.0,1.52,1.021
S2324-G0940,2,WAS,21.0,25,0,97.0,0.8076923076923077,0.5816153846153846
S2324-G0940,3,MEM,25.0,25,0,109.0,0.9615384615384616,0.6859230769230769
S2324-G0940,3,WAS,33.0,25,0,97.0,1.2692307692307692,0.8585384615384615
S2324-G0940,4,MEM,17.0,23,0,109.0,0.7083333333333334,0.534
S2324-G0940,4,WAS,22.0,22,0,97.0,0.9565217391304348,0.6709130434782609
S2324-G0941,1,IND,22.0,19,0,121.0,1.1,0.781
S2324-G0941,1,OKC,17.0,20,0,111.0,0.8095238095238095,0.5967142857142858
S2324-G0941,2,IND,36.0,26,0,121.0,1.3333333333333333,0.9209999999999999
S2324-G0941,2,OKC,29.0,24,0,111.0,1.16,0.8069999999999999
S2324-G0941,3,IND,36.0,27,0,121.0,1.2857142857142858,0.8924285714285715
S2324-G0941,3,OKC,41.0,27,0,111.0,1.4642857142857142,0.9895714285714284
S2324-G0941,4,IND,27.0,21,0,121.0,1.2272727272727273,0.8573636363636363
S2324-G0941,4,OKC,24.0,20,0,111.0,1.1428571428571428,0.7967142857142856
S2324-G0942,1,HOU,24.0,22,0,103.0,1.0434782608695652,0.729086956521739
S2324-G0942,1,SAS,30.0,20,0,101.0,1.4285714285714286,0.9581428571428571
S2324-G0942,2,HOU,20.0,28,0,103.0,0.6896551724137931,0.5167931034482759
S2324-G0942,2,SAS,17.0,22,0,101.0,0.7391304347826086,0.5444782608695652
S2324-G0942,3,HOU,32.0,22,0,103.0,1.391304347826087,0.9377826086956521
S2324-G0942,3,SAS,25.0,24,0,101.0,1.0,0.701
S2324-G0942,4,HOU,27.0,21,0,103.0,1.2272727272727273,0.8393636363636363
S2324-G0942,4,SAS,29.0,20,0,101.0,1.380952380952381,0.9295714285714285
S2324-G0943,1,BOS,44.0,24,0,123.0,1.76,1.179
S2324-G0943,1,UTA,33.0,25,0,107.0,1.2692307692307692,0.8685384615384615
S2324-G0943,2,BOS,28.0,23,0,123.0,1.1666666666666667,0.8230000000000001
S2324-G0943,2,UTA,24.0,26,0,107.0,0.8888888888888888,0.6403333333333333
S2324-G0943,3,BOS,26.0,23,0,123.0,1.0833333333333333,0.7729999999999999
S2324-G0943,3,UTA,34.0,21,0,107.0,1.5454545454545454,1.0342727272727272
S2324-G0943,4,BOS,25.0,16,0,123.0,1.4705882352941178,1.0053529411764708
S2324-G0943,4,UTA,16.0,15,0,107.0,1.0,0.707
S2324-G0944,1,LAC,34.0,24,0,100.0,1.36,0.916
S2324-G0944,1,MIN,21.0,22,0,118.0,0.9130434782608695,0.6658260869565217
S2324-G0944,2,LAC,29.0,23,0,100.0,1.2083333333333333,0.825
S2324-G0944,2,MIN,34.0,22,0,118.0,1.4782608695652173,1.0049565217391303
S2324-G0944,3,LAC,15.0,21,0,100.0,0.6818181818181818,0.509090909090909
S2324-G0944,3,MIN,29.0,25,0,118.0,1.1153846153846154,0.7872307692307692
S2324-G0944,4,LAC,22.0,20,0,100.0,1.0476190476190477,0.7285714285714285
S2324-G0944,4,MIN,34.0,22,0,118.0,1.4782608695652173,1.0049565217391303
S2324-G0945,1,MIL,30.0,27,0,94.0,1.0714285714285714,0.7368571428571428
S2324-G0945,1,SAC,38.0,24,0,129.0,1.52,1.041
S2324-G0945,2,MIL,26.0,23,0,94.0,1.0833333333333333,0.7439999999999999
S2324-G0945,2,SAC,37.0,27,0,129.0,1.3214285714285714,0.9218571428571428
S2324-G0945,3,MIL,22.0,18,0,94.0,1.1578947368421053,0.7887368421052632
S2324-G0945,3,SAC,20.0,18,0,129.0,1.0526315789473684,0.760578947368421
S2324-G0945,4,MIL,16.0,18,0,94.0,0.8421052631578947,0.5992631578947367
S2324-G0945,4,SAC,34.0,21,0,129.0,1.5454545454545454,1.0562727272727273
S2324-G0946,1,DET,32.0,25,0,113.0,1.2307692307692308,0.8514615384615385
S2324-G0946,1,TOR,27.0,22,0,104.0,1.173913043478261,0.8083478260869565
S2324-G0946,2,DET,20.0,24,0,113.0,0.8,0.593
S2324-G0946,2,TOR,30.0,26,0,104.0,1.1111111111111112,0.7706666666666666
S2324-G0946,3,DET,31.0,24,0,113.0,1.24,0.857
S2324-G0946,3,TOR,22.0,25,0,104.0,0.8461538461538461,0.6116923076923076
S2324-G0946,4,DET,30.0,24,0,113.0,1.2,0.833
S2324-G0946,4,TOR,25.0,24,0,104.0,1.0,0.704
S2324-G0947,1,BKN,16.0,20,0,106.0,0.7619047619047619,0.5631428571428571
S2324-G0947,1,ORL,33.0,21,0,114.0,1.5,1.0139999999999998
S2324-G0947,2,BKN,38.0,26,0,106.0,1.4074074074074074,0.9504444444444444
S2324-G0947,2,ORL,28.0,26,0,114.0,1.037037037037037,0.7362222222222221
S2324-G0947,3,BKN,23.0,24,0,106.0,0.92,0.658
S2324-G0947,3,ORL,32.0,25,0,114.0,1.2307692307692308,0.8524615384615385
S2324-G0947,4,BKN,29.0,20,0,106.0,1.380952380952381,0.9345714285714285
S2324-G0947,4,ORL,21.0,17,0,114.0,1.1666666666666667,0.8140000000000001
S2324-G0948,1,CHI,30.0,20,0,132.0,1.4285714285714286,0.9891428571428571
S2324-G0948,1,IND,28.0,21,0,129.0,1.2727272727272727,0.8926363636363636
S2324-G0948,2,CHI,28.0,20,0,132.0,1.3333333333333333,0.9319999999999999
S2324-G0948,2,IND,34.0,23,0,129.0,1.4166666666666667,0.979
S2324-G0948,3,CHI,35.0,19,0,132.0,1.75,1.182
S2324-G0948,3,IND,23.0,23,0,129.0,0.9583333333333334,0.704
S2324-G0948,4,CHI,24.0,20,0,132.0,1.1428571428571428,0.8177142857142856
S2324-G0948,4,IND,32.0,18,0,129.0,1.6842105263157894,1.1395263157894735
S2324-G0948,5,CHI,15.0,9,0,132.0,1.5,1.032
S2324-G0948,5,IND,12.0,11,0,129.0,1.0,0.729
S2324-G0949,1,DEN,26.0,23,0,100.0,1.0833333333333333,0.7499999999999999
S2324-G0949,1,MIA,19.0,23,0,88.0,0.7916666666666666,0.563
S2324-G0949,2,DEN,24.0,15,0,100.0,1.5,0.9999999999999999
S2324-G0949,2,MIA,25.0,19,0,88.0,1.25,0.838
S2324-G0949,3,DEN,22.0,19,0,100.0,1.1,0.76
S2324-G0949,3,MIA,27.0,19,0,88.0,1.35,0.898
S2324-G0949,4,DEN,28.0,18,0,100.0,1.4736842105263157,0.9842105263157894
S2324-G0949,4,MIA,17.0,18,0,88.0,0.8947368421052632,0.6248421052631579
S2324-G0950,1,CHA,31.0,26,0,110.0,1.1481481481481481,0.7988888888888889
S2324-G0950,1,MEM,19.0,25,0,98.0,0.7307692307692307,0.5364615384615384
S2324-G0950,2,CHA,25.0,27,0,110.0,0.8928571428571429,0.6457142857142857
S2324-G0950,2,MEM,27.0,32,0,98.0,0.8181818181818182,0.5889090909090909
S2324-G0950,3,CHA,24.0,24,0,110.0,0.96,0.6859999999999999
S2324-G0950,3,MEM,24.0,21,0,98.0,1.0909090909090908,0.7525454545454544
S2324-G0950,4,CHA,30.0,24,0,110.0,1.2,0.83
S2324-G0950,4,MEM,28.0,30,0,98.0,0.9032258064516129,0.6399354838709677
S2324-G0951,1,CLE,30.0,24,0,116.0,1.2,0.836
S2324-G0951,1,NOP,22.0,25,0,95.0,0.8461538461538461,0.6026923076923076
S2324-G0951,2,CLE,23.0,22,0,116.0,1.0,0.716
S2324-G0951,2,NOP,23.0,22,0,95.0,1.0,0.695
S2324-G0951,3,CLE,34.0,24,0,116.0,1.36,0.932
S2324-G0951,3,NOP,23.0,22,0,95.0,1.0,0.695
S2324-G0951,4,CLE,29.0,21,0,116.0,1.3181818181818181,0.9069090909090909
S2324-G0951,4,NOP,27.0,24,0,95.0,1.08,0.743
S2324-G0952,1,DAL,27.0,20,0,109.0,1.2857142857142858,0.8804285714285714
S2324-G0952,1,GSW,27.0,22,0,99.0,1.173913043478261,0.8033478260869565
S2324-G0952,2,DAL,21.0,25,0,109.0,0.8076923076923077,0.5936153846153847
S2324-G0952,2,GSW,15.0,28,0,99.0,0.5172413793103449,0.40934482758620694
S2324-G0952,3,DAL,28.0,27,0,109.0,1.0,0.709
S2324-G0952,3,GSW,28.0,25,0,99.0,1.0769230769230769,0.7451538461538461
S2324-G0952,4,DAL,33.0,26,0,109.0,1.2222222222222223,0.8423333333333334
S2324-G0952,4,GSW,29.0,25,0,99.0,1.1153846153846154,0.7682307692307692
S2324-G0953,1,ATL,24.0,25,0,102.0,0.9230769230769231,0.6558461538461539
S2324-G0953,1,POR,17.0,24,0,106.0,0.68,0.514
S2324-G0953,2,ATL,28.0,29,0,102.0,0.9333333333333333,0.6619999999999999
S2324-G0953,2,POR,30.0,27,0,106.0,1.0714285714285714,0.7488571428571428
S2324-G0953,3,ATL,23.0,25,0,102.0,0.8846153846153846,0.6327692307692308
S2324-G0953,3,POR,35.0,25,0,106.0,1.3461538461538463,0.9136923076923077
S2324-G0953,4,ATL,27.0,19,0,102.0,1.35,0.912
S2324-G0953,4,POR,24.0,20,0,106.0,1.1428571428571428,0.7917142857142856
S2324-G0954,1,LAL,29.0,22,0,107.0,1.2608695652173914,0.8635217391304347
S2324-G0954,1,SAC,29.0,24,0,120.0,1.16,0.816
S2324-G0954,2,LAL,27.0,19,0,107.0,1.35,0.917
S2324-G0954,2,SAC,31.0,19,0,120.0,1.55,1.0499999999999998
S2324-G0954,3,LAL,17.0,22,0,107.0,0.7391304347826086,0.5504782608695652
S2324-G0954,3,SAC,28.0,24,0,120.0,1.12,0.792
S2324-G0954,4,LAL,34.0,26,0,107.0,1.2592592592592593,0.8625555555555555
S2324-G0954,4,SAC,32.0,25,0,120.0,1.2307692307692308,0.8584615384615385
S2324-G0955,1,BOS,35.0,26,0,127.0,1.2962962962962963,0.9047777777777778
S2324-G0955,1,PHX,32.0,27,0,112.0,1.1428571428571428,0.7977142857142856
S2324-G0955,2,BOS,30.0,22,0,127.0,1.3043478260869565,0.909608695652174
S2324-G0955,2,PHX,28.0,24,0,112.0,1.12,0.784
S2324-G0955,3,BOS,37.0,24,0,127.0,1.48,1.0150000000000001
S2324-G0955,3,PHX,25.0,20,0,112.0,1.1904761904761905,0.8262857142857143
S2324-G0955,4,BOS,25.0,19,0,127.0,1.25,0.877
S2324-G0955,4,PHX,27.0,24,0,112.0,1.08,0.76
S2324-G0956,1,CHI,26.0,22,0,111.0,1.1304347826086956,0.7892608695652173
S2324-G0956,1,LAC,37.0,25,0,126.0,1.4230769230769231,0.9798461538461538
S2324-G0956,2,CHI,27.0,22,0,111.0,1.173913043478261,0.8153478260869566
S2324-G0956,2,LAC,27.0,21,0,126.0,1.2272727272727273,0.8623636363636363
S2324-G0956,3,CHI,27.0,23,0,111.0,1.125,0.7859999999999999
S2324-G0956,3,LAC,28.0,22,0,126.0,1.2173913043478262,0.8564347826086957
S2324-G0956,4,CHI,31.0,23,0,111.0,1.2916666666666667,0.886
S2324-G0956,4,LAC,34.0,21,0,126.0,1.5454545454545454,1.0532727272727271
S2324-G0957,1,HOU,33.0,28,0,135.0,1.1379310344827587,0.8177586206896552
S2324-G0957,1,WAS,31.0,26,0,119.0,1.1481481481481481,0.8078888888888889
S2324-G0957,2,HOU,42.0,27,0,135.0,1.5,1.035
S2324-G0957,2,WAS,25.0,26,0,119.0,0.9259259259259259,0.6745555555555556
S2324-G0957,3,HOU,35.0,31,0,135.0,1.09375,0.79125
S2324-G0957,3,WAS,39.0,27,0,119.0,1.3928571428571428,0.9547142857142856
S2324-G0957,4,HOU,25.0,21,0,135.0,1.1363636363636365,0.8168181818181819
S2324-G0957,4,WAS,24.0,20,0,119.0,1.1428571428571428,0.8047142857142856
S2324-G0958,1,MIL,24.0,25,0,114.0,0.9230769230769231,0.6678461538461539
S2324-G0958,1,PHI,29.0,26,0,105.0,1.0740740740740742,0.7494444444444445
S2324-G0958,2,MIL,29.0,24,0,114.0,1.16,0.8099999999999999
S2324-G0958,2,PHI,32.0,25,0,105.0,1.2307692307692308,0.8434615384615385
S2324-G0958,3,MIL,27.0,19,0,114.0,1.35,0.924
S2324-G0958,3,PHI,22.0,20,0,105.0,1.0476190476190477,0.7335714285714285
S2324-G0958,4,MIL,34.0,18,0,114.0,1.7894736842105263,1.187684210526316
S2324-G0958,4,PHI,22.0,18,0,105.0,1.1578947368421053,0.7997368421052632
S2324-G0959,1,DAL,27.0,24,0,119.0,1.08,0.767
S2324-G0959,1,OKC,33.0,28,0,126.0,1.1379310344827587,0.8087586206896552
S2324-G0959,2,DAL,36.0,22,0,119.0,1.565217391304348,1.0581304347826088
S2324-G0959,2,OKC,32.0,22,0,126.0,1.391304347826087,0.9607826086956521
S2324-G0959,3,DAL,24.0,30,0,119.0,0.7741935483870968,0.583516129032258
S2324-G0959,3,OKC,30.0,30,0,126.0,0.967741935483871,0.7066451612903226
S2324-G0959,4,DAL,32.0,24,0,119.0,1.28,0.887
S2324-G0959,4,OKC,31.0,25,0,126.0,1.1923076923076923,0.8413846153846154
S2324-G0960,1,NYK,26.0,21,0,105.0,1.1818181818181819,0.8140909090909091
S2324-G0960,1,POR,25.0,24,0,93.0,1.0,0.693
S2324-G0960,2,NYK,29.0,26,0,105.0,1.0740740740740742,0.7494444444444445
S2324-G0960,2,POR,16.0,20,0,93.0,0.7619047619047619,0.550142857142857
S2324-G0960,3,NYK,30.0,24,0,105.0,1.2,0.825
S2324-G0960,3,POR,27.0,23,0,93.0,1.125,0.7679999999999999
S2324-G0960,4,NYK,20.0,24,0,105.0,0.8,0.585
S2324-G0960,4,POR,25.0,22,0,93.0,1.0869565217391304,0.7451739130434781
S2324-G0961,1,CHA,26.0,24,0,96.0,1.04,0.72
S2324-G0961,1,PHX,28.0,20,0,107.0,1.3333333333333333,0.9069999999999999
S2324-G0961,2,CHA,19.0,23,0,96.0,0.7916666666666666,0.571
S2324-G0961,2,PHX,26.0,22,0,107.0,1.1304347826086956,0.7852608695652173
S2324-G0961,3,CHA,22.0,16,0,96.0,1.2941176470588236,0.8724705882352941
S2324-G0961,3,PHX,38.0,20,0,107.0,1.8095238095238095,1.1927142857142856
S2324-G0961,4,CHA,29.0,19,0,96.0,1.45,0.966
S2324-G0961,4,PHX,15.0,17,0,107.0,0.8333333333333334,0.607
S2324-G0962,1,DET,28.0,23,0,95.0,1.1666666666666667,0.795
S2324-G0962,1,MIA,27.0,25,0,108.0,1.0384615384615385,0.7310769230769231
S2324-G0962,2,DET,26.0,25,0,95.0,1.0,0.695
S2324-G0962,2,MIA,29.0,26,0,108.0,1.0740740740740742,0.7524444444444445
S2324-G0962,3,DET,18.0,19,0,95.0,0.9,0.635
S2324-G0962,3,MIA,28.0,24,0,108.0,1.12,0.78
S2324-G0962,4,DET,23.0,17,0,95.0,1.2777777777777777,0.8616666666666666
S2324-G0962,4,MIA,24.0,17,0,108.0,1.3333333333333333,0.9079999999999999
S2324-G0963,1,ORL,24.0,22,0,113.0,1.0434782608695652,0.7390869565217391
S2324-G0963,1,TOR,27.0,22,0,103.0,1.173913043478261,0.8073478260869565
S2324-G0963,2,ORL,26.0,22,0,113.0,1.1304347826086956,0.7912608695652174
S2324-G0963,2,TOR,21.0,24,0,103.0,0.84,0.607
S2324-G0963,3,ORL,34.0,25,0,113.0,1.3076923076923077,0.8976153846153846
S2324-G0963,3,TOR,25.0,27,0,103.0,0.8928571428571429,0.6387142857142857
S2324-G0963,4,ORL,29.0,22,0,113.0,1.2608695652173914,0.8695217391304347
S2324-G0963,4,TOR,30.0,27,0,103.0,1.0714285714285714,0.7458571428571428
S2324-G0964,1,LAC,22.0,19,0,104.0,1.1,0.764
S2324-G0964,1,NOP,20.0,19,0,112.0,1.0,0.712
S2324-G0964,2,LAC,22.0,20,0,104.0,1.0476190476190477,0.7325714285714285
S2324-G0964,2,NOP,30.0,23,0,112.0,1.25,0.862
S2324-G0964,3,LAC,36.0,24,0,104.0,1.44,0.968
S2324-G0964,3,NOP,32.0,24,0,112.0,1.28,0.88
S2324-G0964,4,LAC,24.0,20,0,104.0,1.1428571428571428,0.7897142857142856
S2324-G0964,4,NOP,30.0,23,0,112.0,1.25,0.862
S2324-G0965,1,DEN,37.0,22,0,117.0,1.608695652173913,1.0822173913043478
S2324-G0965,1,SAS,18.0,23,0,106.0,0.75,0.5559999999999999
S2324-G0965,2,DEN,21.0,20,0,117.0,1.0,0.717
S2324-G0965,2,SAS,31.0,24,0,106.0,1.24,0.85
S2324-G0965,3,DEN,28.0,26,0,117.0,1.037037037037037,0.7392222222222221
S2324-G0965,3,SAS,30.0,24,0,106.0,1.2,0.826
S2324-G0965,4,DEN,31.0,25,0,117.0,1.1923076923076923,0.8323846153846154
S2324-G0965,4,SAS,27.0,24,0,106.0,1.08,0.754
S2324-G0966,1,ATL,28.0,26,0,122.0,1.037037037037037,0.7442222222222221
S2324-G0966,1,UTA,34.0,25,0,124.0,1.3076923076923077,0.9086153846153846
S2324-G0966,2,ATL,34.0,22,0,122.0,1.4782608695652173,1.0089565217391303
S2324-G0966,2,UTA,27.0,20,0,124.0,1.2857142857142858,0.8954285714285715
S2324-G0966,3,ATL,34.0,26,0,122.0,1.2592592592592593,0.8775555555555555
S2324-G0966,3,UTA,37.0,26,0,124.0,1.3703703703703705,0.9462222222222223
S2324-G0966,4,ATL,26.0,22,0,122.0,1.1304347826086956,0.8002608695652174
S2324-G0966,4,UTA,26.0,22,0,124.0,1.1304347826086956,0.8022608695652174
S2324-G0967,1,CLE,29.0,25,0,103.0,1.1153846153846154,0.7722307692307692
S2324-G0967,1,HOU,34.0,25,0,117.0,1.3076923076923077,0.9016153846153846
S2324-G0967,2,CLE,25.0,22,0,103.0,1.0869565217391304,0.7551739130434781
S2324-G0967,2,HOU,36.0,26,0,117.0,1.3333333333333333,0.9169999999999999
S2324-G0967,3,CLE,19.0,24,0,103.0,0.76,0.5589999999999999
S2324-G0967,3,HOU,28.0,20,0,117.0,1.3333333333333333,0.9169999999999999
S2324-G0967,4,CLE,30.0,23,0,103.0,1.25,0.853
S2324-G0967,4,HOU,19.0,20,0,117.0,0.9047619047619048,0.6598571428571428
S2324-G0968,1,BKN,30.0,24,0,100.0,1.2,0.82
S2324-G0968,1,IND,25.0,25,0,121.0,0.9615384615384616,0.6979230769230769
S2324-G0968,2,BKN,27.0,25,0,100.0,1.0384615384615385,0.7230769230769231
S2324-G0968,2,IND,34.0,24,0,121.0,1.36,0.937
S2324-G0968,3,BKN,21.0,24,0,100.0,0.84,0.604
S2324-G0968,3,IND,27.0,24,0,121.0,1.08,0.769
S2324-G0968,4,BKN,22.0,25,0,100.0,0.8461538461538461,0.6076923076923076
S2324-G0968,4,IND,35.0,26,0,121.0,1.2962962962962963,0.8987777777777778
S2324-G0969,1,CHA,24.0,24,0,98.0,0.96,0.6739999999999999
S2324-G0969,1,PHI,27.0,22,0,109.0,1.173913043478261,0.8133478260869565
S2324-G0969,2,CHA,23.0,25,0,98.0,0.8846153846153846,0.6287692307692307
S2324-G0969,2,PHI,26.0,24,0,109.0,1.04,0.733
S2324-G0969,3,CHA,24.0,20,0,98.0,1.1428571428571428,0.7837142857142856
S2324-G0969,3,PHI,26.0,22,0,109.0,1.1304347826086956,0.7872608695652173
S2324-G0969,4,CHA,27.0,19,0,98.0,1.35,0.908
S2324-G0969,4,PHI,30.0,20,0,109.0,1.4285714285714286,0.9661428571428571
S2324-G0970,1,NOP,36.0,29,0,126.0,1.2,0.846
S2324-G0970,1,POR,33.0,25,0,107.0,1.2692307692307692,0.8685384615384615
S2324-G0970,2,NOP,37.0,29,0,126.0,1.2333333333333334,0.866
S2324-G0970,2,POR,35.0,25,0,107.0,1.3461538461538463,0.9146923076923077
S2324-G0970,3,NOP,29.0,21,0,126.0,1.3181818181818181,0.9169090909090909
S2324-G0970,3,POR,24.0,22,0,107.0,1.0434782608695652,0.733086956521739
S2324-G0970,4,NOP,24.0,19,0,126.0,1.2,0.846
S2324-G0970,4,POR,15.0,24,0,107.0,0.6,0.46699999999999997
S2324-G0971,1,CHI,32.0,21,0,127.0,1.4545454545454546,0.9997272727272727
S2324-G0971,1,WAS,19.0,24,0,98.0,0.76,0.5539999999999999
S2324-G0971,2,CHI,35.0,25,0,127.0,1.3461538461538463,0.9346923076923077
S2324-G0971,2,WAS,26.0,28,0,98.0,0.896551724137931,0.6359310344827586
S2324-G0971,3,CHI,28.0,22,0,127.0,1.2173913043478262,0.8574347826086957
S2324-G0971,3,WAS,24.0,21,0,98.0,1.0909090909090908,0.7525454545454544
S2324-G0971,4,CHI,32.0,23,0,127.0,1.3333333333333333,0.9269999999999999
S2324-G0971,4,WAS,29.0,26,0,98.0,1.0740740740740742,0.7424444444444445
S2324-G0972,1,MEM,27.0,23,0,112.0,1.125,0.7869999999999999
S2324-G0972,1,OKC,29.0,18,0,118.0,1.5263157894736843,1.0337894736842106
S2324-G0972,2,MEM,27.0,25,0,112.0,1.0384615384615385,0.7350769230769231
S2324-G0972,2,OKC,27.0,28,0,118.0,0.9310344827586207,0.6766206896551724
S2324-G0972,3,MEM,24.0,24,0,112.0,0.96,0.688
S2324-G0972,3,OKC,35.0,18,0,118.0,1.8421052631578947,1.2232631578947366
S2324-G0972,4,MEM,34.0,20,0,112.0,1.619047619047619,1.0834285714285714
S2324-G0972,4,OKC,27.0,24,0,118.0,1.08,0.766
S2324-G0973,1,GSW,30.0,24,0,128.0,1.2,0.848
S2324-G0973,1,LAL,36.0,27,0,121.0,1.2857142857142858,0.8924285714285715
S2324-G0973,2,GSW,37.0,22,0,128.0,1.608695652173913,1.0932173913043477
S2324-G0973,2,LAL,30.0,23,0,121.0,1.25,0.871
S2324-G0973,3,GSW,35.0,21,0,128.0,1.5909090909090908,1.0825454545454545
S2324-G0973,3,LAL,27.0,23,0,121.0,1.125,0.7959999999999999
S2324-G0973,4,GSW,26.0,23,0,128.0,1.0833333333333333,0.7779999999999999
S2324-G0973,4,LAL,28.0,23,0,121.0,1.1666666666666667,0.8210000000000001
S2324-G0974,1,MIN,19.0,20,0,119.0,0.9047619047619048,0.6618571428571428
S2324-G0974,1,UTA,19.0,20,0,100.0,0.9047619047619048,0.6428571428571428
S2324-G0974,2,MIN,29.0,25,0,119.0,1.1153846153846154,0.7882307692307692
S2324-G0974,2,UTA,29.0,28,0,100.0,1.0,0.7
S2324-G0974,3,MIN,34.0,24,0,119.0,1.36,0.935
S2324-G0974,3,UTA,24.0,23,0,100.0,1.0,0.7
S2324-G0974,4,MIN,37.0,19,0,119.0,1.85,1.229
S2324-G0974,4,UTA,28.0,21,0,100.0,1.2727272727272727,0.8636363636363635
S2324-G0975,1,NYK,21.0,22,0,98.0,0.9130434782608695,0.6458260869565217
S2324-G0975,1,SAC,22.0,22,0,91.0,0.9565217391304348,0.6649130434782609
S2324-G0975,2,NYK,32.0,21,0,98.0,1.4545454545454546,0.9707272727272727
S2324-G0975,2,SAC,26.0,19,0,91.0,1.3,0.871
S2324-G0975,3,NYK,22.0,21,0,98.0,1.0,0.698
S2324-G0975,3,SAC,26.0,21,0,91.0,1.1818181818181819,0.8000909090909091
S2324-G0975,4,NYK,23.0,19,0,98.0,1.15,0.7879999999999999
S2324-G0975,4,SAC,17.0,20,0,91.0,0.8095238095238095,0.5767142857142857
S2324-G0976,1,MIL,39.0,28,0,140.0,1.3448275862068966,0.9468965517241379
S2324-G0976,1,PHX,36.0,25,0,129.0,1.3846153846153846,0.9597692307692307
S2324-G0976,2,MIL,43.0,28,0,140.0,1.4827586206896552,1.029655172413793
S2324-G0976,2,PHX,24.0,23,0,129.0,1.0,0.729
S2324-G0976,3,MIL,27.0,26,0,140.0,1.0,0.74
S2324-G0976,3,PHX,34.0,28,0,129.0,1.1724137931034482,0.8324482758620689
S2324-G0976,4,MIL,31.0,22,0,140.0,1.3478260869565217,0.948695652173913
S2324-G0976,4,PHX,35.0,22,0,129.0,1.5217391304347827,1.0420434782608696
S2324-G0977,1,DET,23.0,21,0,101.0,1.0454545454545454,0.7282727272727272
S2324-G0977,1,MIA,21.0,22,0,104.0,0.9130434782608695,0.6518260869565217
S2324-G0977,2,DET,27.0,22,0,101.0,1.173913043478261,0.8053478260869565
S2324-G0977,2,MIA,39.0,24,0,104.0,1.56,1.04
S2324-G0977,3,DET,26.0,22,0,101.0,1.1304347826086956,0.7792608695652173
S2324-G0977,3,MIA,19.0,21,0,104.0,0.8636363636363636,0.6221818181818182
S2324-G0977,4,DET,25.0,16,0,101.0,1.4705882352941178,0.9833529411764707
S2324-G0977,4,MIA,25.0,17,0,104.0,1.3888888888888888,0.9373333333333332
S2324-G0978,1,DAL,30.0,27,0,107.0,1.0714285714285714,0.7498571428571428
S2324-G0978,1,DEN,34.0,21,0,105.0,1.5454545454545454,1.0322727272727272
S2324-G0978,2,DAL,28.0,20,0,107.0,1.3333333333333333,0.9069999999999999
S2324-G0978,2,DEN,27.0,22,0,105.0,1.173913043478261,0.8093478260869565
S2324-G0978,3,DAL,26.0,21,0,107.0,1.1818181818181819,0.8160909090909091
S2324-G0978,3,DEN,18.0,22,0,105.0,0.782608695652174,0.5745652173913044
S2324-G0978,4,DAL,23.0,21,0,107.0,1.0454545454545454,0.7342727272727272
S2324-G0978,4,DEN,26.0,20,0,105.0,1.2380952380952381,0.8478571428571429
S2324-G0979,1,ORL,26.0,25,0,111.0,1.0,0.711
S2324-G0979,1,TOR,24.0,27,0,96.0,0.8571428571428571,0.6102857142857142
S2324-G0979,2,ORL,26.0,21,0,111.0,1.1818181818181819,0.8200909090909091
S2324-G0979,2,TOR,23.0,20,0,96.0,1.0952380952380953,0.7531428571428571
S2324-G0979,3,ORL,35.0,27,0,111.0,1.25,0.861
S2324-G0979,3,TOR,26.0,26,0,96.0,0.9629629629629629,0.6737777777777777
S2324-G0979,4,ORL,24.0,20,0,111.0,1.1428571428571428,0.7967142857142856
S2324-G0979,4,TOR,23.0,20,0,96.0,1.0952380952380953,0.7531428571428571
S2324-G0980,1,BOS,45.0,25,0,130.0,1.7307692307692308,1.1684615384615387
S2324-G0980,1,WAS,27.0,22,0,104.0,1.173913043478261,0.8083478260869565
S2324-G0980,2,BOS,36.0,23,0,130.0,1.5,1.0299999999999998
S2324-G0980,2,WAS,26.0,24,0,104.0,1.04,0.728
S2324-G0980,3,BOS,27.0,24,0,130.0,1.08,0.778
S2324-G0980,3,WAS,25.0,23,0,104.0,1.0416666666666667,0.729
S2324-G0980,4,BOS,22.0,25,0,130.0,0.8461538461538461,0.6376923076923077
S2324-G0980,4,WAS,26.0,24,0,104.0,1.04,0.728
S2324-G0981,1,BKN,29.0,29,0,115.0,0.9666666666666667,0.695
S2324-G0981,1,SAS,25.0,28,0,122.0,0.8620689655172413,0.6392413793103447
S2324-G0981,2,BKN,27.0,27,0,115.0,0.9642857142857143,0.6935714285714285
S2324-G0981,2,SAS,30.0,29,0,122.0,1.0,0.722
S2324-G0981,3,BKN,27.0,20,0,115.0,1.2857142857142858,0.8864285714285715
S2324-G0981,3,SAS,25.0,21,0,122.0,1.1363636363636365,0.8038181818181819
S2324-G0981,4,BKN,27.0,21,0,115.0,1.2272727272727273,0.8513636363636363
S2324-G0981,4,SAS,30.0,19,0,122.0,1.5,1.0219999999999998
S2324-G0981,5,BKN,5.0,9,0,115.0,0.5,0.415
S2324-G0981,5,SAS,12.0,8,0,122.0,1.3333333333333333,0.9219999999999999
S2324-G0982,1,ATL,31.0,23,0,110.0,1.2916666666666667,0.885
S2324-G0982,1,LAC,29.0,26,0,93.0,1.0740740740740742,0.7374444444444445
S2324-G0982,2,ATL,30.0,24,0,110.0,1.2,0.83
S2324-G0982,2,LAC,15.0,23,0,93.0,0.625,0.468
S2324-G0982,3,ATL,27.0,22,0,110.0,1.173913043478261,0.8143478260869565
S2324-G0982,3,LAC,18.0,19,0,93.0,0.9,0.633
S2324-G0982,4,ATL,22.0,18,0,110.0,1.1578947368421053,0.8047368421052632
S2324-G0982,4,LAC,31.0,17,0,93.0,1.7222222222222223,1.1263333333333334
S2324-G0983,1,CLE,25.0,21,0,108.0,1.1363636363636365,0.7898181818181819
S2324-G0983,1,IND,34.0,26,0,103.0,1.2592592592592593,0.8585555555555555
S2324-G0983,2,CLE,29.0,25,0,108.0,1.1153846153846154,0.7772307692307692
S2324-G0983,2,IND,20.0,25,0,103.0,0.7692307692307693,0.5645384615384615
S2324-G0983,3,CLE,36.0,24,0,108.0,1.44,0.972
S2324-G0983,3,IND,29.0,19,0,103.0,1.45,0.973
S2324-G0983,4,CLE,18.0,17,0,108.0,1.0,0.708
S2324-G0983,4,IND,20.0,18,0,103.0,1.0526315789473684,0.734578947368421
S2324-G0984,1,BOS,31.0,26,0,119.0,1.1481481481481481,0.8078888888888889
S2324-G0984,1,DET,28.0,22,0,94.0,1.2173913043478262,0.8244347826086956
S2324-G0984,2,BOS,28.0,18,0,119.0,1.4736842105263157,1.0032105263157893
S2324-G0984,2,DET,18.0,18,0,94.0,0.9473684210526315,0.6624210526315789
S2324-G0984,3,BOS,33.0,22,0,119.0,1.434782608695652,0.9798695652173912
S2324-G0984,3,DET,20.0,21,0,94.0,0.9090909090909091,0.6394545454545454
S2324-G0984,4,BOS,27.0,23,0,119.0,1.125,0.7939999999999999
S2324-G0984,4,DET,28.0,23,0,94.0,1.1666666666666667,0.794
S2324-G0985,1,MIA,23.0,22,0,91.0,1.0,0.691
S2324-G0985,1,PHI,31.0,24,0,98.0,1.24,0.842
S2324-G0985,2,MIA,26.0,20,0,91.0,1.2380952380952381,0.8338571428571429
S2324-G0985,2,PHI,20.0,23,0,98.0,0.8333333333333334,0.598
S2324-G0985,3,MIA,16.0,20,0,91.0,0.7619047619047619,0.548142857142857
S2324-G0985,3,PHI,28.0,24,0,98.0,1.12,0.77
S2324-G0985,4,MIA,26.0,24,0,91.0,1.04,0.715
S2324-G0985,4,PHI,19.0,24,0,98.0,0.76,0.5539999999999999
S2324-G0986,1,CHI,29.0,23,0,110.0,1.2083333333333333,0.835
S2324-G0986,1,POR,27.0,24,0,107.0,1.08,0.755
S2324-G0986,2,CHI,25.0,20,0,110.0,1.1904761904761905,0.8242857142857143
S2324-G0986,2,POR,22.0,21,0,107.0,1.0,0.707
S2324-G0986,3,CHI,35.0,27,0,110.0,1.25,0.86
S2324-G0986,3,POR,26.0,25,0,107.0,1.0,0.707
S2324-G0986,4,CHI,21.0,20,0,110.0,1.0,0.71
S2324-G0986,4,POR,32.0,23,0,107.0,1.3333333333333333,0.9069999999999999
S2324-G0987,1,MIN,25.0,27,0,114.0,0.8928571428571429,0.6497142857142857
S2324-G0987,1,UTA,37.0,31,0,104.0,1.15625,0.79775
S2324-G0987,2,MIN,28.0,19,0,114.0,1.4,0.954
S2324-G0987,2,UTA,22.0,21,0,104.0,1.0,0.704
S2324-G0987,3,MIN,30.0,21,0,114.0,1.3636363636363635,0.9321818181818181
S2324-G0987,3,UTA,24.0,24,0,104.0,0.96,0.6799999999999999
S2324-G0987,4,MIN,31.0,19,0,114.0,1.55,1.044
S2324-G0987,4,UTA,21.0,19,0,104.0,1.05,0.734
S2324-G0988,1,GSW,22.0,20,0,112.0,1.0476190476190477,0.7405714285714285
S2324-G0988,1,NYK,30.0,21,0,119.0,1.3636363636363635,0.9371818181818181
S2324-G0988,2,GSW,34.0,24,0,112.0,1.36,0.928
S2324-G0988,2,NYK,32.0,25,0,119.0,1.2307692307692308,0.8574615384615385
S2324-G0988,3,GSW,32.0,22,0,112.0,1.391304347826087,0.9467826086956521
S2324-G0988,3,NYK,37.0,23,0,119.0,1.5416666666666667,1.044
S2324-G0988,4,GSW,24.0,26,0,112.0,0.8888888888888888,0.6453333333333333
S2324-G0988,4,NYK,20.0,22,0,119.0,0.8695652173913043,0.6407391304347826
S2324-G0989,1,MEM,32.0,21,0,111.0,1.4545454545454546,0.9837272727272727
S2324-G0989,1,SAC,28.0,20,0,121.0,1.3333333333333333,0.9209999999999999
S2324-G0989,2,MEM,15.0,24,0,111.0,0.6,0.471
S2324-G0989,2,SAC,29.0,22,0,121.0,1.2608695652173914,0.8775217391304347
S2324-G0989,3,MEM,29.0,25,0,111.0,1.1153846153846154,0.7802307692307692
S2324-G0989,3,SAC,27.0,21,0,121.0,1.2272727272727273,0.8573636363636363
S2324-G0989,4,MEM,29.0,22,0,111.0,1.2608695652173914,0.8675217391304347
S2324-G0989,4,SAC,21.0,22,0,121.0,0.9130434782608695,0.6688260869565217
S2324-G0989,5,MEM,6.0,10,0,111.0,0.5454545454545454,0.43827272727272726
S2324-G0989,5,SAC,16.0,9,0,121.0,1.6,1.081
S2324-G0990,1,ATL,28.0,28,0,105.0,0.9655172413793104,0.6843103448275862
S2324-G0990,1,LAL,38.0,28,0,136.0,1.3103448275862069,0.922206896551724
S2324-G0990,2,ATL,31.0,22,0,105.0,1.3478260869565217,0.913695652173913
S2324-G0990,2,LAL,35.0,22,0,136.0,1.5217391304347827,1.0490434782608697
S2324-G0990,3,ATL,27.0,23,0,105.0,1.125,0.7799999999999999
S2324-G0990,3,LAL,38.0,23,0,136.0,1.5833333333333333,1.0859999999999999
S2324-G0990,4,ATL,19.0,20,0,105.0,0.9047619047619048,0.6478571428571428
S2324-G0990,4,LAL,25.0,22,0,136.0,1.0869565217391304,0.7881739130434782
S2324-G0991,1,CHA,17.0,20,0,92.0,0.8095238095238095,0.5777142857142857
S2324-G0991,1,ORL,27.0,22,0,112.0,1.173913043478261,0.8163478260869566
S2324-G0991,2,CHA,15.0,30,0,92.0,0.4838709677419355,0.38232258064516134
S2324-G0991,2,ORL,40.0,30,0,112.0,1.2903225806451613,0.8861935483870967
S2324-G0991,3,CHA,33.0,21,0,92.0,1.5,0.9919999999999999
S2324-G0991,3,ORL,24.0,22,0,112.0,1.0434782608695652,0.7380869565217391
S2324-G0991,4,CHA,27.0,22,0,92.0,1.173913043478261,0.7963478260869565
S2324-G0991,4,ORL,21.0,22,0,112.0,0.9130434782608695,0.6598260869565217
S2324-G0992,1,HOU,39.0,23,0,137.0,1.625,1.112
S2324-G0992,1,WAS,36.0,29,0,114.0,1.2,0.834
S2324-G0992,2,HOU,21.0,18,0,137.0,1.105263157894737,0.8001578947368422
S2324-G0992,2,WAS,21.0,19,0,114.0,1.05,0.744
S2324-G0992,3,HOU,41.0,24,0,137.0,1.64,1.121
S2324-G0992,3,WAS,25.0,25,0,114.0,0.9615384615384616,0.6909230769230769
S2324-G0992,4,HOU,36.0,20,0,137.0,1.7142857142857142,1.1655714285714285
S2324-G0992,4,WAS,32.0,22,0,114.0,1.391304347826087,0.9487826086956521
S2324-G0993,1,BKN,21.0,23,0,91.0,0.875,0.616
S2324-G0993,1,NOP,27.0,21,0,104.0,1.2272727272727273,0.8403636363636363
S2324-G0993,2,BKN,24.0,26,0,91.0,0.8888888888888888,0.6243333333333333
S2324-G0993,2,NOP,37.0,25,0,104.0,1.4230769230769231,0.9578461538461538
S2324-G0993,3,BKN,24.0,19,0,91.0,1.2,0.8109999999999999
S2324-G0993,3,NOP,21.0,22,0,104.0,0.9130434782608695,0.6518260869565217
S2324-G0993,4,BKN,22.0,21,0,91.0,1.0,0.691
S2324-G0993,4,NOP,19.0,21,0,104.0,0.8636363636363636,0.6221818181818182
S2324-G0994,1,DAL,38.0,23,0,113.0,1.5833333333333333,1.063
S2324-G0994,1,SAS,30.0,22,0,107.0,1.3043478260869565,0.8896086956521739
S2324-G0994,2,DAL,27.0,24,0,113.0,1.08,0.761
S2324-G0994,2,SAS,26.0,24,0,107.0,1.04,0.731
S2324-G0994,3,DAL,26.0,25,0,113.0,1.0,0.713
S2324-G0994,3,SAS,28.0,27,0,107.0,1.0,0.707
S2324-G0994,4,DAL,22.0,16,0,113.0,1.2941176470588236,0.8894705882352941
S2324-G0994,4,SAS,23.0,18,0,107.0,1.2105263157894737,0.8333157894736841
S2324-G0995,1,DEN,35.0,25,0,115.0,1.3461538461538463,0.9226923076923077
S2324-G0995,1,MIN,28.0,29,0,112.0,0.9333333333333333,0.6719999999999999
S2324-G0995,2,DEN,35.0,27,0,115.0,1.25,0.865
S2324-G0995,2,MIN,27.0,27,0,112.0,0.9642857142857143,0.6905714285714285
S2324-G0995,3,DEN,17.0,22,0,115.0,0.7391304347826086,0.5584782608695651
S2324-G0995,3,MIN,29.0,20,0,112.0,1.380952380952381,0.9405714285714285
S2324-G0995,4,DEN,28.0,21,0,115.0,1.2727272727272727,0.8786363636363635
S2324-G0995,4,MIN,28.0,19,0,112.0,1.4,0.952
S2324-G0996,1,CLE,30.0,24,0,104.0,1.2,0.824
S2324-G0996,1,MIA,31.0,22,0,107.0,1.3478260869565217,0.915695652173913
S2324-G0996,2,CLE,27.0,22,0,104.0,1.173913043478261,0.8083478260869565
S2324-G0996,2,MIA,30.0,21,0,107.0,1.3636363636363635,0.9251818181818181
S2324-G0996,3,CLE,18.0,18,0,104.0,0.9473684210526315,0.6724210526315789
S2324-G0996,3,MIA,22.0,19,0,107.0,1.1,0.767
S2324-G0996,4,CLE,29.0,18,0,104.0,1.5263157894736843,1.0197894736842106
S2324-G0996,4,MIA,24.0,18,0,107.0,1.263157894736842,0.8648947368421052
S2324-G0997,1,DET,24.0,28,0,103.0,0.8275862068965517,0.599551724137931
S2324-G0997,1,IND,29.0,25,0,122.0,1.1153846153846154,0.7912307692307692
S2324-G0997,2,DET,28.0,23,0,103.0,1.1666666666666667,0.803
S2324-G0997,2,IND,34.0,19,0,122.0,1.7,1.142
S2324-G0997,3,DET,26.0,25,0,103.0,1.0,0.703
S2324-G0997,3,IND,35.0,24,0,122.0,1.4,0.962
S2324-G0997,4,DET,25.0,23,0,103.0,1.0416666666666667,0.728
S2324-G0997,4,IND,24.0,24,0,122.0,0.96,0.698
S2324-G0998,1,BOS,33.0,26,0,122.0,1.2222222222222223,0.8553333333333334
S2324-G0998,1,MIL,28.0,23,0,119.0,1.1666666666666667,0.8190000000000001
S2324-G0998,2,BOS,36.0,21,0,122.0,1.6363636363636365,1.1038181818181818
S2324-G0998,2,MIL,28.0,20,0,119.0,1.3333333333333333,0.9189999999999999
S2324-G0998,3,BOS,32.0,25,0,122.0,1.2307692307692308,0.8604615384615385
S2324-G0998,3,MIL,27.0,24,0,119.0,1.08,0.767
S2324-G0998,4,BOS,21.0,19,0,122.0,1.05,0.752
S2324-G0998,4,MIL,36.0,20,0,119.0,1.7142857142857142,1.1475714285714285
S2324-G0999,1,SAC,32.0,26,0,123.0,1.1851851851851851,0.834111111111111
S2324-G0999,1,TOR,27.0,25,0,89.0,1.0384615384615385,0.712076923076923
S2324-G0999,2,SAC,36.0,26,0,123.0,1.3333333333333333,0.9229999999999999
S2324-G0999,2,TOR,18.0,25,0,89.0,0.6923076923076923,0.5043846153846153
S2324-G0999,3,SAC,31.0,25,0,123.0,1.1923076923076923,0.8383846153846154
S2324-G0999,3,TOR,20.0,23,0,89.0,0.8333333333333334,0.589
S2324-G0999,4,SAC,24.0,24,0,123.0,0.96,0.699
S2324-G0999,4,TOR,24.0,27,0,89.0,0.8571428571428571,0.6032857142857142
S2324-G1000,1,OKC,31.0,24,0,119.0,1.24,0.863
S2324-G1000,1,UTA,25.0,22,0,107.0,1.0869565217391304,0.7591739130434781
S2324-G1000,2,OKC,22.0,24,0,119.0,0.88,0.647
S2324-G1000,2,UTA,29.0,22,0,107.0,1.2608695652173914,0.8635217391304347
S2324-G1000,3,OKC,29.0,26,0,119.0,1.0740740740740742,0.7634444444444445
S2324-G1000,3,UTA,26.0,25,0,107.0,1.0,0.707
S2324-G1000,4,OKC,37.0,22,0,119.0,1.608695652173913,1.0842173913043478
S2324-G1000,4,UTA,27.0,24,0,107.0,1.08,0.755
S2324-G1001,1,GSW,33.0,25,0,137.0,1.2692307692307692,0.8985384615384615
S2324-G1001,1,MEM,32.0,25,0,116.0,1.2307692307692308,0.8544615384615385
S2324-G1001,2,GSW,35.0,23,0,137.0,1.4583333333333333,1.012
S2324-G1001,2,MEM,26.0,24,0,116.0,1.04,0.74
S2324-G1001,3,GSW,40.0,29,0,137.0,1.3333333333333333,0.9369999999999999
S2324-G1001,3,MEM,32.0,29,0,116.0,1.0666666666666667,0.756
S2324-G1001,4,GSW,29.0,21,0,137.0,1.3181818181818181,0.9279090909090909
S2324-G1001,4,MEM,26.0,19,0,116.0,1.3,0.896
S2324-G1002,1,PHI,23.0,24,0,102.0,0.92,0.654
S2324-G1002,1,PHX,21.0,27,0,115.0,0.75,0.565
S2324-G1002,2,PHI,24.0,24,0,102.0,0.96,0.6779999999999999
S2324-G1002,2,PHX,39.0,25,0,115.0,1.5,1.015
S2324-G1002,3,PHI,19.0,23,0,102.0,0.7916666666666666,0.577
S2324-G1002,3,PHX,30.0,23,0,115.0,1.25,0.865
S2324-G1002,4,PHI,36.0,26,0,102.0,1.3333333333333333,0.9019999999999999
S2324-G1002,4,PHX,25.0,25,0,115.0,0.9615384615384616,0.6919230769230769
S2324-G1003,1,LAC,27.0,21,0,116.0,1.2272727272727273,0.8523636363636363
S2324-G1003,1,POR,28.0,20,0,103.0,1.3333333333333333,0.9029999999999999
S2324-G1003,2,LAC,33.0,24,0,116.0,1.32,0.908
S2324-G1003,2,POR,22.0,22,0,103.0,0.9565217391304348,0.6769130434782609
S2324-G1003,3,LAC,34.0,30,0,116.0,1.096774193548387,0.7740645161290322
S2324-G1003,3,POR,20.0,28,0,103.0,0.6896551724137931,0.5167931034482759
S2324-G1003,4,LAC,22.0,20,0,116.0,1.0476190476190477,0.7445714285714286
S2324-G1003,4,POR,33.0,21,0,103.0,1.5,1.003
S2324-G1004,1,NOP,28.0,26,0,106.0,1.037037037037037,0.7282222222222221
S2324-G1004,1,ORL,23.0,26,0,121.0,0.8518518518518519,0.6321111111111111
S2324-G1004,2,NOP,20.0,25,0,106.0,0.7692307692307693,0.5675384615384615
S2324-G1004,2,ORL,34.0,28,0,121.0,1.1724137931034482,0.8244482758620689
S2324-G1004,3,NOP,27.0,25,0,106.0,1.0384615384615385,0.7290769230769231
S2324-G1004,3,ORL,38.0,25,0,121.0,1.4615384615384615,0.9979230769230768
S2324-G1004,4,NOP,31.0,28,0,106.0,1.0689655172413792,0.7473793103448275
S2324-G1004,4,ORL,26.0,25,0,121.0,1.0,0.721
S2324-G1005,1,SAC,27.0,22,0,102.0,1.173913043478261,0.8063478260869565
S2324-G1005,1,WAS,35.0,20,0,109.0,1.6666666666666667,1.109
S2324-G1005,2,SAC,27.0,27,0,102.0,0.9642857142857143,0.6805714285714285
S2324-G1005,2,WAS,21.0,25,0,109.0,0.8076923076923077,0.5936153846153847
S2324-G1005,3,SAC,22.0,24,0,102.0,0.88,0.63
S2324-G1005,3,WAS,28.0,24,0,109.0,1.12,0.781
S2324-G1005,4,SAC,26.0,24,0,102.0,1.04,0.726
S2324-G1005,4,WAS,25.0,24,0,109.0,1.0,0.709
S2324-G1006,1,CHI,28.0,30,0,117.0,0.9032258064516129,0.6589354838709677
S2324-G1006,1,HOU,42.0,27,0,127.0,1.5,1.027
S2324-G1006,2,CHI,33.0,21,0,117.0,1.5,1.017
S2324-G1006,2,HOU,26.0,22,0,127.0,1.1304347826086956,0.8052608695652174
S2324-G1006,3,CHI,33.0,24,0,117.0,1.32,0.909
S2324-G1006,3,HOU,37.0,21,0,127.0,1.6818181818181819,1.136090909090909
S2324-G1006,4,CHI,23.0,22,0,117.0,1.0,0.717
S2324-G1006,4,HOU,22.0,24,0,127.0,0.88,0.655
S2324-G1007,1,BKN,19.0,23,0,108.0,0.7916666666666666,0.583
S2324-G1007,1,MIL,26.0,21,0,115.0,1.1818181818181819,0.8240909090909091
S2324-G1007,2,BKN,25.0,26,0,108.0,0.9259259259259259,0.6635555555555556
S2324-G1007,2,MIL,34.0,25,0,115.0,1.3076923076923077,0.8996153846153846
S2324-G1007,3,BKN,25.0,20,0,108.0,1.1904761904761905,0.8222857142857143
S2324-G1007,3,MIL,21.0,18,0,115.0,1.105263157894737,0.7781578947368422
S2324-G1007,4,BKN,39.0,24,0,108.0,1.56,1.044
S2324-G1007,4,MIL,34.0,25,0,115.0,1.3076923076923077,0.8996153846153846
S2324-G1008,1,DAL,26.0,25,0,113.0,1.0,0.713
S2324-G1008,1,UTA,27.0,23,0,97.0,1.125,0.7719999999999999
S2324-G1008,2,DAL,27.0,22,0,113.0,1.173913043478261,0.8173478260869566
S2324-G1008,2,UTA,15.0,19,0,97.0,0.75,0.5469999999999999
S2324-G1008,3,DAL,30.0,29,0,113.0,1.0,0.713
S2324-G1008,3,UTA,31.0,27,0,97.0,1.1071428571428572,0.7612857142857142
S2324-G1008,4,DAL,30.0,21,0,113.0,1.3636363636363635,0.9311818181818181
S2324-G1008,4,UTA,24.0,22,0,97.0,1.0434782608695652,0.723086956521739
S2324-G1009,1,DEN,32.0,25,0,113.0,1.2307692307692308,0.8514615384615385
S2324-G1009,1,NYK,30.0,20,0,100.0,1.4285714285714286,0.9571428571428571
S2324-G1009,2,DEN,29.0,22,0,113.0,1.2608695652173914,0.8695217391304347
S2324-G1009,2,NYK,26.0,21,0,100.0,1.1818181818181819,0.8090909090909091
S2324-G1009,3,DEN,27.0,18,0,113.0,1.4210526315789473,0.9656315789473684
S2324-G1009,3,NYK,20.0,18,0,100.0,1.0526315789473684,0.731578947368421
S2324-G1009,4,DEN,25.0,23,0,113.0,1.0416666666666667,0.738
S2324-G1009,4,NYK,24.0,21,0,100.0,1.0909090909090908,0.7545454545454544
S2324-G1010,1,ATL,37.0,28,0,115.0,1.2758620689655173,0.8805172413793104
S2324-G1010,1,PHX,30.0,29,0,128.0,1.0,0.728
S2324-G1010,2,ATL,23.0,24,0,115.0,0.92,0.667
S2324-G1010,2,PHX,35.0,25,0,128.0,1.3461538461538463,0.9356923076923077
S2324-G1010,3,ATL,33.0,26,0,115.0,1.2222222222222223,0.8483333333333334
S2324-G1010,3,PHX,31.0,20,0,128.0,1.4761904761904763,1.0137142857142858
S2324-G1010,4,ATL,22.0,16,0,115.0,1.2941176470588236,0.8914705882352941
S2324-G1010,4,PHX,32.0,18,0,128.0,1.6842105263157894,1.1385263157894734
S2324-G1011,1,BOS,32.0,26,0,129.0,1.1851851851851851,0.840111111111111
S2324-G1011,1,DET,34.0,25,0,102.0,1.3076923076923077,0.8866153846153846
S2324-G1011,2,BOS,37.0,24,0,129.0,1.48,1.017
S2324-G1011,2,DET,19.0,21,0,102.0,0.8636363636363636,0.6201818181818182
S2324-G1011,3,BOS,35.0,25,0,129.0,1.3461538461538463,0.9366923076923077
S2324-G1011,3,DET,30.0,29,0,102.0,1.0,0.702
S2324-G1011,4,BOS,25.0,22,0,129.0,1.0869565217391304,0.7811739130434782
S2324-G1011,4,DET,19.0,20,0,102.0,0.9047619047619048,0.6448571428571428
S2324-G1012,1,OKC,28.0,27,0,123.0,1.0,0.723
S2324-G1012,1,TOR,35.0,25,0,103.0,1.3461538461538463,0.9106923076923077
S2324-G1012,2,OKC,35.0,31,0,123.0,1.09375,0.77925
S2324-G1012,2,TOR,21.0,27,0,103.0,0.75,0.5529999999999999
S2324-G1012,3,OKC,26.0,26,0,123.0,0.9629629629629629,0.7007777777777777
S2324-G1012,3,TOR,22.0,25,0,103.0,0.8461538461538461,0.6106923076923076
S2324-G1012,4,OKC,34.0,27,0,123.0,1.2142857142857142,0.8515714285714285
S2324-G1012,4,TOR,25.0,26,0,103.0,0.9259259259259259,0.6585555555555556
S2324-G1013,1,MIA,20.0,20,0,88.0,0.9523809523809523,0.6594285714285714
S2324-G1013,1,NOP,21.0,21,0,111.0,0.9545454545454546,0.6837272727272727
S2324-G1013,2,MIA,22.0,19,0,88.0,1.1,0.748
S2324-G1013,2,NOP,25.0,20,0,111.0,1.1904761904761905,0.8252857142857143
S2324-G1013,3,MIA,24.0,16,0,88.0,1.411764705882353,0.9350588235294117
S2324-G1013,3,NOP,30.0,19,0,111.0,1.5,1.011
S2324-G1013,4,MIA,22.0,19,0,88.0,1.1,0.748
S2324-G1013,4,NOP,35.0,20,0,111.0,1.6666666666666667,1.111
S2324-G1014,1,CLE,20.0,18,0,91.0,1.0526315789473684,0.722578947368421
S2324-G1014,1,MIN,25.0,19,0,104.0,1.25,0.854
S2324-G1014,2,CLE,29.0,22,0,91.0,1.2608695652173914,0.8475217391304347
S2324-G1014,2,MIN,21.0,23,0,104.0,0.875,0.629
S2324-G1014,3,CLE,17.0,19,0,91.0,0.85,0.601
S2324-G1014,3,MIN,26.0,22,0,104.0,1.1304347826086956,0.7822608695652173
S2324-G1014,4,CLE,25.0,22,0,91.0,1.0869565217391304,0.7431739130434781
S2324-G1014,4,MIN,32.0,23,0,104.0,1.3333333333333333,0.9039999999999999
S2324-G1015,1,MEM,18.0,22,0,99.0,0.782608695652174,0.5685652173913044
S2324-G1015,1,SAS,30.0,24,0,97.0,1.2,0.817
S2324-G1015,2,MEM,25.0,22,0,99.0,1.0869565217391304,0.7511739130434781
S2324-G1015,2,SAS,14.0,23,0,97.0,0.5833333333333334,0.44700000000000006
S2324-G1015,3,MEM,28.0,19,0,99.0,1.4,0.939
S2324-G1015,3,SAS,24.0,22,0,97.0,1.0434782608695652,0.723086956521739
S2324-G1015,4,MEM,28.0,24,0,99.0,1.12,0.771
S2324-G1015,4,SAS,29.0,24,0,97.0,1.16,0.7929999999999999
S2324-G1016,1,GSW,38.0,28,0,111.0,1.3103448275862069,0.897206896551724
S2324-G1016,1,IND,38.0,26,0,123.0,1.4074074074074074,0.9674444444444444
S2324-G1016,2,GSW,29.0,21,0,111.0,1.3181818181818181,0.9019090909090909
S2324-G1016,2,IND,28.0,22,0,123.0,1.2173913043478262,0.8534347826086957
S2324-G1016,3,GSW,21.0,24,0,111.0,0.84,0.615
S2324-G1016,3,IND,36.0,28,0,123.0,1.2413793103448276,0.8678275862068966
S2324-G1016,4,GSW,23.0,21,0,111.0,1.0454545454545454,0.7382727272727272
S2324-G1016,4,IND,21.0,22,0,123.0,0.9130434782608695,0.6708260869565217
S2324-G1017,1,LAC,42.0,25,0,125.0,1.6153846153846154,1.0942307692307693
S2324-G1017,1,POR,27.0,25,0,117.0,1.0384615384615385,0.7400769230769231
S2324-G1017,2,LAC,28.0,17,0,125.0,1.5555555555555556,1.0583333333333333
S2324-G1017,2,POR,26.0,21,0,117.0,1.1818181818181819,0.8260909090909091
S2324-G1017,3,LAC,31.0,27,0,125.0,1.1071428571428572,0.7892857142857143
S2324-G1017,3,POR,27.0,24,0,117.0,1.08,0.765
S2324-G1017,4,LAC,24.0,27,0,125.0,0.8571428571428571,0.6392857142857142
S2324-G1017,4,POR,37.0,24,0,117.0,1.48,1.005
S2324-G1018,1,LAL,24.0,19,0,101.0,1.2,0.821
S2324-G1018,1,PHI,23.0,18,0,94.0,1.2105263157894737,0.8203157894736841
S2324-G1018,2,LAL,26.0,23,0,101.0,1.0833333333333333,0.7509999999999999
S2324-G1018,2,PHI,29.0,22,0,94.0,1.2608695652173914,0.8505217391304347
S2324-G1018,3,LAL,25.0,21,0,101.0,1.1363636363636365,0.7828181818181819
S2324-G1018,3,PHI,24.0,25,0,94.0,0.9230769230769231,0.6478461538461538
S2324-G1018,4,LAL,26.0,21,0,101.0,1.1818181818181819,0.8100909090909091
S2324-G1018,4,PHI,18.0,23,0,94.0,0.75,0.5439999999999999
S2324-G1019,1,BKN,30.0,19,0,93.0,1.5,0.9929999999999999
S2324-G1019,1,NYK,28.0,19,0,105.0,1.4,0.945
S2324-G1019,2,BKN,27.0,23,0,93.0,1.125,0.7679999999999999
S2324-G1019,2,NYK,28.0,24,0,105.0,1.12,0.777
S2324-G1019,3,BKN,20.0,19,0,93.0,1.0,0.693
S2324-G1019,3,NYK,24.0,24,0,105.0,0.96,0.6809999999999999
S2324-G1019,4,BKN,16.0,21,0,93.0,0.7272727272727273,0.5293636363636364
S2324-G1019,4,NYK,25.0,17,0,105.0,1.3888888888888888,0.9383333333333332
S2324-G1020,1,ORL,26.0,24,0,107.0,1.04,0.731
S2324-G1020,1,SAC,27.0,21,0,109.0,1.2272727272727273,0.8453636363636363
S2324-G1020,2,ORL,30.0,22,0,107.0,1.3043478260869565,0.8896086956521739
S2324-G1020,2,SAC,27.0,22,0,109.0,1.173913043478261,0.8133478260869565
S2324-G1020,3,ORL,25.0,23,0,107.0,1.0416666666666667,0.732
S2324-G1020,3,SAC,27.0,23,0,109.0,1.125,0.7839999999999999
S2324-G1020,4,ORL,26.0,20,0,107.0,1.2380952380952381,0.8498571428571429
S2324-G1020,4,SAC,28.0,18,0,109.0,1.4736842105263157,0.9932105263157894
S2324-G1021,1,ATL,30.0,20,0,132.0,1.4285714285714286,0.9891428571428571
S2324-G1021,1,CHA,28.0,19,0,91.0,1.4,0.9309999999999999
S2324-G1021,2,ATL,36.0,21,0,132.0,1.6363636363636365,1.1138181818181818
S2324-G1021,2,CHA,20.0,24,0,91.0,0.8,0.571
S2324-G1021,3,ATL,33.0,22,0,132.0,1.434782608695652,0.9928695652173912
S2324-G1021,3,CHA,26.0,19,0,91.0,1.3,0.871
S2324-G1021,4,ATL,33.0,25,0,132.0,1.2692307692307692,0.8935384615384615
S2324-G1021,4,CHA,17.0,22,0,91.0,0.7391304347826086,0.5344782608695652
S2324-G1022,1,TOR,25.0,23,0,109.0,1.0416666666666667,0.734
S2324-G1022,1,WAS,23.0,21,0,112.0,1.0454545454545454,0.7392727272727272
S2324-G1022,2,TOR,23.0,25,0,109.0,0.8846153846153846,0.6397692307692308
S2324-G1022,2,WAS,28.0,27,0,112.0,1.0,0.712
S2324-G1022,3,TOR,33.0,22,0,109.0,1.434782608695652,0.9698695652173912
S2324-G1022,3,WAS,26.0,24,0,112.0,1.04,0.736
S2324-G1022,4,TOR,28.0,22,0,109.0,1.2173913043478262,0.8394347826086956
S2324-G1022,4,WAS,35.0,23,0,112.0,1.4583333333333333,0.9869999999999999
S2324-G1023,1,BOS,31.0,23,0,124.0,1.2916666666666667,0.899
S2324-G1023,1,CHI,31.0,24,0,113.0,1.24,0.857
S2324-G1023,2,BOS,35.0,23,0,124.0,1.4583333333333333,0.9989999999999999
S2324-G1023,2,CHI,29.0,25,0,113.0,1.1153846153846154,0.7822307692307692
S2324-G1023,3,BOS,29.0,24,0,124.0,1.16,0.82
S2324-G1023,3,CHI,32.0,24,0,113.0,1.28,0.881
S2324-G1023,4,BOS,29.0,18,0,124.0,1.5263157894736843,1.0397894736842104
S2324-G1023,4,CHI,21.0,17,0,113.0,1.1666666666666667,0.8130000000000001
S2324-G1024,1,HOU,47.0,26,0,147.0,1.7407407407407407,1.1914444444444443
S2324-G1024,1,UTA,21.0,29,0,119.0,0.7,0.5389999999999999
S2324-G1024,2,HOU,38.0,26,0,147.0,1.4074074074074074,0.9914444444444445
S2324-G1024,2,UTA,34.0,25,0,119.0,1.3076923076923077,0.9036153846153846
S2324-G1024,3,HOU,37.0,23,0,147.0,1.5416666666666667,1.072
S2324-G1024,3,UTA,36.0,24,0,119.0,1.44,0.983
S2324-G1024,4,HOU,25.0,22,0,147.0,1.0869565217391304,0.7991739130434782
S2324-G1024,4,UTA,28.0,22,0,119.0,1.2173913043478262,0.8494347826086956
S2324-G1025,1,PHX,26.0,21,0,131.0,1.1818181818181819,0.8400909090909091
S2324-G1025,1,SAS,17.0,20,0,106.0,0.8095238095238095,0.5917142857142857
S2324-G1025,2,PHX,39.0,22,0,131.0,1.6956521739130435,1.148391304347826
S2324-G1025,2,SAS,30.0,23,0,106.0,1.25,0.856
S2324-G1025,3,PHX,38.0,30,0,131.0,1.2258064516129032,0.8664838709677419
S2324-G1025,3,SAS,24.0,26,0,106.0,0.8888888888888888,0.6393333333333333
S2324-G1025,4,PHX,28.0,23,0,131.0,1.1666666666666667,0.8310000000000001
S2324-G1025,4,SAS,35.0,25,0,106.0,1.3461538461538463,0.9136923076923077
S2324-G1026,1,DEN,26.0,22,0,114.0,1.1304347826086956,0.7922608695652174
S2324-G1026,1,POR,22.0,24,0,111.0,0.88,0.639
S2324-G1026,2,DEN,31.0,22,0,114.0,1.3478260869565217,0.922695652173913
S2324-G1026,2,POR,25.0,23,0,111.0,1.0416666666666667,0.736
S2324-G1026,3,DEN,28.0,23,0,114.0,1.1666666666666667,0.8140000000000001
S2324-G1026,3,POR,36.0,23,0,111.0,1.5,1.011
S2324-G1026,4,DEN,29.0,27,0,114.0,1.0357142857142858,0.7354285714285714
S2324-G1026,4,POR,28.0,29,0,111.0,0.9333333333333333,0.6709999999999999
S2324-G1027,1,DET,10.0,24,0,101.0,0.4,0.34099999999999997
S2324-G1027,1,NOP,29.0,24,0,114.0,1.16,0.8099999999999999
S2324-G1027,2,DET,31.0,20,0,101.0,1.4761904761904763,0.9867142857142858
S2324-G1027,2,NOP,28.0,21,0,114.0,1.2727272727272727,0.8776363636363635
S2324-G1027,3,DET,25.0,20,0,101.0,1.1904761904761905,0.8152857142857143
S2324-G1027,3,NOP,26.0,18,0,114.0,1.368421052631579,0.9350526315789474
S2324-G1027,4,DET,35.0,24,0,101.0,1.4,0.941
S2324-G1027,4,NOP,31.0,22,0,114.0,1.3478260869565217,0.922695652173913
S2324-G1028,1,LAC,29.0,21,0,107.0,1.3181818181818181,0.8979090909090909
S2324-G1028,1,PHI,41.0,27,0,121.0,1.4642857142857142,0.9995714285714284
S2324-G1028,2,LAC,27.0,20,0,107.0,1.2857142857142858,0.8784285714285714
S2324-G1028,2,PHI,22.0,19,0,121.0,1.1,0.781
S2324-G1028,3,LAC,27.0,21,0,107.0,1.2272727272727273,0.8433636363636363
S2324-G1028,3,PHI,25.0,23,0,121.0,1.0416666666666667,0.746
S2324-G1028,4,LAC,24.0,23,0,107.0,1.0,0.707
S2324-G1028,4,PHI,33.0,26,0,121.0,1.2222222222222223,0.8543333333333334
S2324-G1029,1,CLE,22.0,20,0,84.0,1.0476190476190477,0.7125714285714285
S2324-G1029,1,MIA,32.0,21,0,121.0,1.4545454545454546,0.9937272727272727
S2324-G1029,2,CLE,17.0,18,0,84.0,0.8947368421052632,0.6208421052631579
S2324-G1029,2,MIA,28.0,20,0,121.0,1.3333333333333333,0.9209999999999999
S2324-G1029,3,CLE,18.0,24,0,84.0,0.72,0.516
S2324-G1029,3,MIA,30.0,26,0,121.0,1.1111111111111112,0.7876666666666666
S2324-G1029,4,CLE,27.0,19,0,84.0,1.35,0.894
S2324-G1029,4,MIA,31.0,21,0,121.0,1.4090909090909092,0.9664545454545455
S2324-G1030,1,MIL,25.0,23,0,118.0,1.0416666666666667,0.743
S2324-G1030,1,OKC,22.0,22,0,93.0,0.9565217391304348,0.6669130434782609
S2324-G1030,2,MIL,23.0,19,0,118.0,1.15,0.8079999999999999
S2324-G1030,2,OKC,25.0,22,0,93.0,1.0869565217391304,0.7451739130434781
S2324-G1030,3,MIL,34.0,25,0,118.0,1.3076923076923077,0.9026153846153846
S2324-G1030,3,OKC,17.0,25,0,93.0,0.6538461538461539,0.48530769230769233
S2324-G1030,4,MIL,36.0,28,0,118.0,1.2413793103448276,0.8628275862068966
S2324-G1030,4,OKC,29.0,28,0,93.0,1.0,0.693
S2324-G1031,1,GSW,27.0,23,0,110.0,1.125,0.7849999999999999
S2324-G1031,1,MIN,18.0,21,0,114.0,0.8181818181818182,0.6049090909090908
S2324-G1031,2,GSW,27.0,23,0,110.0,1.125,0.7849999999999999
S2324-G1031,2,MIN,28.0,23,0,114.0,1.1666666666666667,0.8140000000000001
S2324-G1031,3,GSW,27.0,24,0,110.0,1.08,0.758
S2324-G1031,3,MIN,32.0,22,0,114.0,1.391304347826087,0.9487826086956521
S2324-G1031,4,GSW,29.0,23,0,110.0,1.2083333333333333,0.835
S2324-G1031,4,MIN,36.0,25,0,114.0,1.3846153846153846,0.9447692307692307
S2324-G1032,1,IND,36.0,28,0,145.0,1.2413793103448276,0.8898275862068966
S2324-G1032,1,LAL,30.0,26,0,150.0,1.1111111111111112,0.8166666666666667
S2324-G1032,2,IND,32.0,26,0,145.0,1.1851851851851851,0.856111111111111
S2324-G1032,2,LAL,42.0,25,0,150.0,1.6153846153846154,1.1192307692307693
S2324-G1032,3,IND,31.0,26,0,145.0,1.1481481481481481,0.8338888888888889
S2324-G1032,3,LAL,44.0,26,0,150.0,1.6296296296296295,1.1277777777777778
S2324-G1032,4,IND,46.0,28,0,145.0,1.5862068965517242,1.0967241379310344
S2324-G1032,4,LAL,34.0,28,0,150.0,1.1724137931034482,0.853448275862069
S2324-G1033,1,CHA,20.0,20,0,92.0,0.9523809523809523,0.6634285714285714
S2324-G1033,1,CLE,20.0,22,0,115.0,0.8695652173913043,0.6367391304347826
S2324-G1033,2,CHA,17.0,23,0,92.0,0.7083333333333334,0.517
S2324-G1033,2,CLE,31.0,19,0,115.0,1.55,1.045
S2324-G1033,3,CHA,29.0,23,0,92.0,1.2083333333333333,0.817
S2324-G1033,3,CLE,27.0,26,0,115.0,1.0,0.715
S2324-G1033,4,CHA,26.0,20,0,92.0,1.2380952380952381,0.8348571428571429
S2324-G1033,4,CLE,37.0,20,0,115.0,1.7619047619047619,1.1721428571428572
S2324-G1034,1,ATL,22.0,21,0,120.0,1.0,0.72
S2324-G1034,1,BOS,44.0,26,0,118.0,1.6296296296296295,1.0957777777777777
S2324-G1034,2,ATL,34.0,24,0,120.0,1.36,0.936
S2324-G1034,2,BOS,30.0,27,0,118.0,1.0714285714285714,0.7608571428571428
S2324-G1034,3,ATL,34.0,28,0,120.0,1.1724137931034482,0.8234482758620689
S2324-G1034,3,BOS,22.0,26,0,118.0,0.8148148148148148,0.6068888888888888
S2324-G1034,4,ATL,30.0,21,0,120.0,1.3636363636363635,0.9381818181818181
S2324-G1034,4,BOS,22.0,20,0,118.0,1.0476190476190477,0.7465714285714286
S2324-G1035,1,DET,17.0,23,0,99.0,0.7083333333333334,0.524
S2324-G1035,1,NYK,36.0,21,0,124.0,1.6363636363636365,1.1058181818181818
S2324-G1035,2,DET,25.0,19,0,99.0,1.25,0.849
S2324-G1035,2,NYK,23.0,19,0,124.0,1.15,0.814
S2324-G1035,3,DET,24.0,28,0,99.0,0.8275862068965517,0.595551724137931
S2324-G1035,3,NYK,36.0,25,0,124.0,1.3846153846153846,0.9547692307692307
S2324-G1035,4,DET,33.0,19,0,99.0,1.65,1.089
S2324-G1035,4,NYK,29.0,19,0,124.0,1.45,0.994
S2324-G1036,1,BKN,22.0,19,0,96.0,1.1,0.756
S2324-G1036,1,TOR,20.0,21,0,88.0,0.9090909090909091,0.6334545454545454
S2324-G1036,2,BKN,27.0,24,0,96.0,1.08,0.744
S2324-G1036,2,TOR,25.0,24,0,88.0,1.0,0.688
S2324-G1036,3,BKN,19.0,23,0,96.0,0.7916666666666666,0.571
S2324-G1036,3,TOR,24.0,24,0,88.0,0.96,0.6639999999999999
S2324-G1036,4,BKN,28.0,22,0,96.0,1.2173913043478262,0.8264347826086956
S2324-G1036,4,TOR,19.0,20,0,88.0,0.9047619047619048,0.6308571428571428
S2324-G1037,1,CHI,17.0,19,0,105.0,0.85,0.615
S2324-G1037,1,WAS,31.0,22,0,107.0,1.3478260869565217,0.915695652173913
S2324-G1037,2,CHI,32.0,24,0,105.0,1.28,0.873
S2324-G1037,2,WAS,22.0,24,0,107.0,0.88,0.635
S2324-G1037,3,CHI,33.0,25,0,105.0,1.2692307692307692,0.8665384615384615
S2324-G1037,3,WAS,29.0,26,0,107.0,1.0740740740740742,0.7514444444444445
S2324-G1037,4,CHI,23.0,18,0,105.0,1.2105263157894737,0.8313157894736841
S2324-G1037,4,WAS,25.0,19,0,107.0,1.25,0.857
S2324-G1038,1,HOU,28.0,20,0,110.0,1.3333333333333333,0.9099999999999999
S2324-G1038,1,POR,25.0,20,0,92.0,1.1904761904761905,0.8062857142857143
S2324-G1038,2,HOU,19.0,25,0,110.0,0.7307692307692307,0.5484615384615384
S2324-G1038,2,POR,26.0,23,0,92.0,1.0833333333333333,0.7419999999999999
S2324-G1038,3,HOU,33.0,24,0,110.0,1.32,0.902
S2324-G1038,3,POR,20.0,22,0,92.0,0.8695652173913043,0.6137391304347826
S2324-G1038,4,HOU,30.0,15,0,110.0,1.875,1.235
S2324-G1038,4,POR,21.0,20,0,92.0,1.0,0.692
S2324-G1039,1,PHX,22.0,23,0,102.0,0.9166666666666666,0.6519999999999999
S2324-G1039,1,SAS,29.0,23,0,104.0,1.2083333333333333,0.829
S2324-G1039,2,PHX,28.0,19,0,102.0,1.4,0.942
S2324-G1039,2,SAS,18.0,20,0,104.0,0.8571428571428571,0.6182857142857142
S2324-G1039,3,PHX,24.0,26,0,102.0,0.8888888888888888,0.6353333333333333
S2324-G1039,3,SAS,28.0,26,0,104.0,1.037037037037037,0.7262222222222221
S2324-G1039,4,PHX,28.0,23,0,102.0,1.1666666666666667,0.802
S2324-G1039,4,SAS,29.0,22,0,104.0,1.2608695652173914,0.8605217391304347
S2324-G1040,1,DEN,39.0,25,0,128.0,1.5,1.028
S2324-G1040,1,MEM,24.0,27,0,103.0,0.8571428571428571,0.6172857142857142
S2324-G1040,2,DEN,30.0,23,0,128.0,1.25,0.878
S2324-G1040,2,MEM,20.0,23,0,103.0,0.8333333333333334,0.603
S2324-G1040,3,DEN,30.0,29,0,128.0,1.0,0.728
S2324-G1040,3,MEM,32.0,26,0,103.0,1.1851851851851851,0.814111111111111
S2324-G1040,4,DEN,29.0,22,0,128.0,1.2608695652173914,0.8845217391304347
S2324-G1040,4,MEM,27.0,21,0,103.0,1.2272727272727273,0.8393636363636363
S2324-G1041,1,DAL,37.0,27,0,115.0,1.3214285714285714,0.9078571428571428
S2324-G1041,1,UTA,41.0,27,0,105.0,1.4642857142857142,0.9835714285714284
S2324-G1041,2,DAL,24.0,18,0,115.0,1.263157894736842,0.8728947368421052
S2324-G1041,2,UTA,25.0,20,0,105.0,1.1904761904761905,0.8192857142857143
S2324-G1041,3,DAL,27.0,18,0,115.0,1.4210526315789473,0.9676315789473684
S2324-G1041,3,UTA,22.0,17,0,105.0,1.2222222222222223,0.8383333333333334
S2324-G1041,4,DAL,27.0,19,0,115.0,1.35,0.925
S2324-G1041,4,UTA,17.0,18,0,105.0,0.8947368421052632,0.6418421052631579
S2324-G1042,1,PHI,25.0,18,0,96.0,1.3157894736842106,0.8854736842105263
S2324-G1042,1,SAC,31.0,22,0,108.0,1.3478260869565217,0.916695652173913
S2324-G1042,2,PHI,23.0,24,0,96.0,0.92,0.648
S2324-G1042,2,SAC,29.0,23,0,108.0,1.2083333333333333,0.833
S2324-G1042,3,PHI,20.0,21,0,96.0,0.9090909090909091,0.6414545454545454
S2324-G1042,3,SAC,23.0,22,0,108.0,1.0,0.708
S2324-G1042,4,PHI,28.0,22,0,96.0,1.2173913043478262,0.8264347826086956
S2324-G1042,4,SAC,25.0,20,0,108.0,1.1904761904761905,0.8222857142857143
S2324-G1043,1,IND,29.0,20,0,133.0,1.380952380952381,0.9615714285714285
S2324-G1043,1,LAC,34.0,21,0,116.0,1.5454545454545454,1.0432727272727274
S2324-G1043,2,IND,36.0,24,0,133.0,1.44,0.997
S2324-G1043,2,LAC,28.0,24,0,116.0,1.12,0.788
S2324-G1043,3,IND,32.0,27,0,133.0,1.1428571428571428,0.8187142857142856
S2324-G1043,3,LAC,27.0,24,0,116.0,1.08,0.764
S2324-G1043,4,IND,36.0,21,0,133.0,1.6363636363636365,1.114818181818182
S2324-G1043,4,LAC,27.0,24,0,116.0,1.08,0.764
S2324-G1044,1,GSW,24.0,20,0,113.0,1.1428571428571428,0.7987142857142856
S2324-G1044,1,MIA,26.0,19,0,92.0,1.3,0.872
S2324-G1044,2,GSW,29.0,26,0,113.0,1.0740740740740742,0.7574444444444445
S2324-G1044,2,MIA,29.0,24,0,92.0,1.16,0.7879999999999999
S2324-G1044,3,GSW,32.0,20,0,113.0,1.5238095238095237,1.0272857142857141
S2324-G1044,3,MIA,20.0,19,0,92.0,1.0,0.692
S2324-G1044,4,GSW,28.0,20,0,113.0,1.3333333333333333,0.9129999999999999
S2324-G1044,4,MIA,17.0,18,0,92.0,0.8947368421052632,0.6288421052631579
S2324-G1045,1,LAL,16.0,20,0,128.0,0.7619047619047619,0.5851428571428571
S2324-G1045,1,MIL,32.0,20,0,124.0,1.5238095238095237,1.0382857142857143
S2324-G1045,2,LAL,26.0,22,0,128.0,1.1304347826086956,0.8062608695652174
S2324-G1045,2,MIL,26.0,20,0,124.0,1.2380952380952381,0.8668571428571429
S2324-G1045,3,LAL,32.0,24,0,128.0,1.28,0.896
S2324-G1045,3,MIL,30.0,26,0,124.0,1.1111111111111112,0.7906666666666666
S2324-G1045,4,LAL,27.0,21,0,128.0,1.2272727272727273,0.8643636363636363
S2324-G1045,4,MIL,13.0,23,0,124.0,0.5416666666666666,0.44899999999999995
S2324-G1045,5,LAL,16.0,10,0,128.0,1.4545454545454546,1.0007272727272727
S2324-G1045,5,MIL,16.0,11,0,124.0,1.3333333333333333,0.9239999999999999
S2324-G1045,6,LAL,11.0,7,0,128.0,1.375,0.953
S2324-G1045,6,MIL,7.0,8,0,124.0,0.7777777777777778,0.5906666666666667
S2324-G1046,1,NOP,34.0,27,0,112.0,1.2142857142857142,0.8405714285714285
S2324-G1046,1,OKC,33.0,25,0,119.0,1.2692307692307692,0.8805384615384615
S2324-G1046,2,NOP,24.0,25,0,112.0,0.9230769230769231,0.6658461538461539
S2324-G1046,2,OKC,40.0,26,0,119.0,1.4814814814814814,1.0078888888888888
S2324-G1046,3,NOP,32.0,23,0,112.0,1.3333333333333333,0.9119999999999999
S2324-G1046,3,OKC,23.0,21,0,119.0,1.0454545454545454,0.7462727272727272
S2324-G1046,4,NOP,22.0,18,0,112.0,1.1578947368421053,0.8067368421052632
S2324-G1046,4,OKC,23.0,19,0,119.0,1.15,0.8089999999999999
S2324-G1047,1,DAL,31.0,23,0,132.0,1.2916666666666667,0.907
S2324-G1047,1,SAC,28.0,22,0,96.0,1.2173913043478262,0.8264347826086956
S2324-G1047,2,DAL,27.0,23,0,132.0,1.125,0.8069999999999999
S2324-G1047,2,SAC,25.0,25,0,96.0,0.9615384615384616,0.6729230769230768
S2324-G1047,3,DAL,38.0,23,0,132.0,1.5833333333333333,1.0819999999999999
S2324-G1047,3,SAC,23.0,26,0,96.0,0.8518518518518519,0.607111111111111
S2324-G1047,4,DAL,36.0,23,0,132.0,1.5,1.032
S2324-G1047,4,SAC,20.0,22,0,96.0,0.8695652173913043,0.6177391304347826
S2324-G1048,1,CHA,33.0,33,0,118.0,0.9705882352941176,0.7003529411764705
S2324-G1048,1,CLE,43.0,26,0,111.0,1.5925925925925926,1.0665555555555555
S2324-G1048,2,CHA,36.0,26,0,118.0,1.3333333333333333,0.9179999999999999
S2324-G1048,2,CLE,27.0,23,0,111.0,1.125,0.7859999999999999
S2324-G1048,3,CHA,31.0,20,0,118.0,1.4761904761904763,1.0037142857142858
S2324-G1048,3,CLE,26.0,25,0,111.0,1.0,0.711
S2324-G1048,4,CHA,18.0,18,0,118.0,0.9473684210526315,0.6864210526315789
S2324-G1048,4,CLE,15.0,17,0,111.0,0.8333333333333334,0.611
S2324-G1049,1,GSW,27.0,19,0,101.0,1.35,0.911
S2324-G1049,1,ORL,11.0,17,0,93.0,0.6111111111111112,0.4596666666666667
S2324-G1049,2,GSW,18.0,21,0,101.0,0.8181818181818182,0.5919090909090909
S2324-G1049,2,ORL,26.0,22,0,93.0,1.1304347826086956,0.7712608695652173
S2324-G1049,3,GSW,27.0,27,0,101.0,0.9642857142857143,0.6795714285714285
S2324-G1049,3,ORL,29.0,24,0,93.0,1.16,0.7889999999999999
S2324-G1049,4,GSW,29.0,20,0,101.0,1.380952380952381,0.9295714285714285
S2324-G1049,4,ORL,27.0,22,0,93.0,1.173913043478261,0.7973478260869565
S2324-G1050,1,BKN,31.0,24,0,122.0,1.24,0.866
S2324-G1050,1,WAS,33.0,23,0,119.0,1.375,0.944
S2324-G1050,2,BKN,30.0,21,0,122.0,1.3636363636363635,0.9401818181818181
S2324-G1050,2,WAS,21.0,23,0,119.0,0.875,0.644
S2324-G1050,3,BKN,31.0,25,0,122.0,1.1923076923076923,0.8373846153846154
S2324-G1050,3,WAS,37.0,23,0,119.0,1.5416666666666667,1.044
S2324-G1050,4,BKN,20.0,18,0,122.0,1.0526315789473684,0.753578947368421
S2324-G1050,4,WAS,21.0,17,0,119.0,1.1666666666666667,0.8190000000000001
S2324-G1050,5,BKN,10.0,8,0,122.0,1.1111111111111112,0.7886666666666666
S2324-G1050,5,WAS,7.0,8,0,119.0,0.7777777777777778,0.5856666666666667
S2324-G1051,1,ATL,26.0,29,0,120.0,0.8666666666666667,0.64
S2324-G1051,1,POR,29.0,24,0,106.0,1.16,0.8019999999999999
S2324-G1051,2,ATL,39.0,30,0,120.0,1.2580645161290323,0.8748387096774193
S2324-G1051,2,POR,29.0,27,0,106.0,1.0357142857142858,0.7274285714285714
S2324-G1051,3,ATL,35.0,25,0,120.0,1.3461538461538463,0.9276923076923077
S2324-G1051,3,POR,28.0,26,0,106.0,1.037037037037037,0.7282222222222221
S2324-G1051,4,ATL,20.0,20,0,120.0,0.9523809523809523,0.6914285714285714
S2324-G1051,4,POR,20.0,21,0,106.0,0.9090909090909091,0.6514545454545454
S2324-G1052,1,LAC,18.0,21,0,108.0,0.8181818181818182,0.598909090909091
S2324-G1052,1,PHI,30.0,24,0,107.0,1.2,0.827
S2324-G1052,2,LAC,28.0,21,0,108.0,1.2727272727272727,0.8716363636363635
S2324-G1052,2,PHI,20.0,21,0,107.0,0.9090909090909091,0.6524545454545454
S2324-G1052,3,LAC,29.0,19,0,108.0,1.45,0.978
S2324-G1052,3,PHI,29.0,20,0,107.0,1.380952380952381,0.9355714285714285
S2324-G1052,4,LAC,33.0,17,0,108.0,1.8333333333333333,1.208
S2324-G1052,4,PHI,28.0,22,0,107.0,1.2173913043478262,0.8374347826086956
S2324-G1053,1,NYK,45.0,29,0,145.0,1.5,1.045
S2324-G1053,1,TOR,33.0,29,0,101.0,1.1,0.761
S2324-G1053,2,NYK,35.0,23,0,145.0,1.4583333333333333,1.0199999999999998
S2324-G1053,2,TOR,26.0,25,0,101.0,1.0,0.701
S2324-G1053,3,NYK,31.0,25,0,145.0,1.1923076923076923,0.8603846153846154
S2324-G1053,3,TOR,21.0,24,0,101.0,0.84,0.605
S2324-G1053,4,NYK,34.0,26,0,145.0,1.2592592592592593,0.9005555555555556
S2324-G1053,4,TOR,21.0,21,0,101.0,0.9545454545454546,0.6737272727272727
S2324-G1054,1,CHI,27.0,20,0,125.0,1.2857142857142858,0.8964285714285715
S2324-G1054,1,IND,23.0,23,0,99.0,0.9583333333333334,0.6739999999999999
S2324-G1054,2,CHI,37.0,23,0,125.0,1.5416666666666667,1.05
S2324-G1054,2,IND,20.0,19,0,99.0,1.0,0.699
S2324-G1054,3,CHI,23.0,21,0,125.0,1.0454545454545454,0.7522727272727272
S2324-G1054,3,IND,31.0,20,0,99.0,1.4761904761904763,0.9847142857142858
S2324-G1054,4,CHI,38.0,25,0,125.0,1.4615384615384615,1.001923076923077
S2324-G1054,4,IND,25.0,29,0,99.0,0.8333333333333334,0.599
S2324-G1055,1,LAL,37.0,27,0,136.0,1.3214285714285714,0.9288571428571428
S2324-G1055,1,MEM,36.0,28,0,124.0,1.2413793103448276,0.8688275862068966
S2324-G1055,2,LAL,32.0,20,0,136.0,1.5238095238095237,1.0502857142857143
S2324-G1055,2,MEM,25.0,20,0,124.0,1.1904761904761905,0.8382857142857143
S2324-G1055,3,LAL,33.0,26,0,136.0,1.2222222222222223,0.8693333333333334
S2324-G1055,3,MEM,31.0,27,0,124.0,1.1071428571428572,0.7882857142857143
S2324-G1055,4,LAL,34.0,20,0,136.0,1.619047619047619,1.1074285714285714
S2324-G1055,4,MEM,32.0,22,0,124.0,1.391304347826087,0.9587826086956521
S2324-G1056,1,DET,25.0,20,0,91.0,1.1904761904761905,0.8052857142857143
S2324-G1056,1,MIN,30.0,22,0,106.0,1.3043478260869565,0.8886086956521739
S2324-G1056,2,DET,20.0,18,0,91.0,1.0526315789473684,0.722578947368421
S2324-G1056,2,MIN,17.0,18,0,106.0,0.8947368421052632,0.6428421052631579
S2324-G1056,3,DET,21.0,24,0,91.0,0.84,0.595
S2324-G1056,3,MIN,31.0,24,0,106.0,1.24,0.85
S2324-G1056,4,DET,25.0,23,0,91.0,1.0416666666666667,0.716
S2324-G1056,4,MIN,28.0,20,0,106.0,1.3333333333333333,0.9059999999999999
S2324-G1057,1,HOU,28.0,24,0,132.0,1.12,0.804
S2324-G1057,1,OKC,17.0,21,0,126.0,0.7727272727272727,0.5896363636363636
S2324-G1057,2,HOU,21.0,27,0,132.0,0.75,0.582
S2324-G1057,2,OKC,33.0,25,0,126.0,1.2692307692307692,0.8875384615384615
S2324-G1057,3,HOU,31.0,28,0,132.0,1.0689655172413792,0.7733793103448275
S2324-G1057,3,OKC,35.0,31,0,126.0,1.09375,0.78225
S2324-G1057,4,HOU,32.0,21,0,132.0,1.4545454545454546,1.0047272727272727
S2324-G1057,4,OKC,27.0,22,0,126.0,1.173913043478261,0.8303478260869566
S2324-G1057,5,HOU,20.0,10,0,132.0,1.8181818181818181,1.222909090909091
S2324-G1057,5,OKC,14.0,13,0,126.0,1.0,0.726
S2324-G1058,1,SAS,29.0,28,0,118.0,1.0,0.718
S2324-G1058,1,UTA,15.0,28,0,111.0,0.5172413793103449,0.42134482758620695
S2324-G1058,2,SAS,30.0,29,0,118.0,1.0,0.718
S2324-G1058,2,UTA,33.0,27,0,111.0,1.1785714285714286,0.8181428571428572
S2324-G1058,3,SAS,29.0,26,0,118.0,1.0740740740740742,0.7624444444444445
S2324-G1058,3,UTA,31.0,29,0,111.0,1.0333333333333334,0.731
S2324-G1058,4,SAS,30.0,21,0,118.0,1.3636363636363635,0.9361818181818181
S2324-G1058,4,UTA,32.0,23,0,111.0,1.3333333333333333,0.9109999999999999
S2324-G1059,1,DEN,29.0,22,0,97.0,1.2608695652173914,0.8535217391304347
S2324-G1059,1,PHX,29.0,20,0,104.0,1.380952380952381,0.9325714285714285
S2324-G1059,2,DEN,23.0,23,0,97.0,0.9583333333333334,0.6719999999999999
S2324-G1059,2,PHX,30.0,21,0,104.0,1.3636363636363635,0.9221818181818181
S2324-G1059,3,DEN,21.0,23,0,97.0,0.875,0.622
S2324-G1059,3,PHX,24.0,21,0,104.0,1.0909090909090908,0.7585454545454544
S2324-G1059,4,DEN,24.0,22,0,97.0,1.0434782608695652,0.723086956521739
S2324-G1059,4,PHX,21.0,18,0,104.0,1.105263157894737,0.7671578947368421
S2324-G1060,1,ATL,28.0,24,0,123.0,1.12,0.795
S2324-G1060,1,BOS,29.0,24,0,122.0,1.16,0.818
S2324-G1060,2,ATL,31.0,31,0,123.0,0.96875,0.7042499999999999
S2324-G1060,2,BOS,34.0,29,0,122.0,1.1333333333333333,0.8019999999999999
S2324-G1060,3,ATL,30.0,24,0,123.0,1.2,0.843
S2324-G1060,3,BOS,27.0,25,0,122.0,1.0384615384615385,0.7450769230769231
S2324-G1060,4,ATL,23.0,17,0,123.0,1.2777777777777777,0.8896666666666666
S2324-G1060,4,BOS,22.0,16,0,122.0,1.2941176470588236,0.8984705882352941
S2324-G1060,5,ATL,11.0,7,0,123.0,1.375,0.948
S2324-G1060,5,BOS,10.0,9,0,122.0,1.0,0.722
S2324-G1061,1,MIL,25.0,22,0,100.0,1.0869565217391304,0.7521739130434781
S2324-G1061,1,NOP,26.0,26,0,107.0,0.9629629629629629,0.6847777777777777
S2324-G1061,2,MIL,20.0,20,0,100.0,0.9523809523809523,0.6714285714285714
S2324-G1061,2,NOP,35.0,22,0,107.0,1.5217391304347827,1.0200434782608696
S2324-G1061,3,MIL,28.0,20,0,100.0,1.3333333333333333,0.8999999999999999
S2324-G1061,3,NOP,24.0,20,0,107.0,1.1428571428571428,0.7927142857142856
S2324-G1061,4,MIL,27.0,16,0,100.0,1.588235294117647,1.0529411764705883
S2324-G1061,4,NOP,22.0,17,0,107.0,1.2222222222222223,0.8403333333333334
S2324-G1062,1,CHA,17.0,17,0,97.0,0.9444444444444444,0.6636666666666666
S2324-G1062,1,GSW,26.0,19,0,115.0,1.3,0.895
S2324-G1062,2,CHA,28.0,23,0,97.0,1.1666666666666667,0.797
S2324-G1062,2,GSW,24.0,25,0,115.0,0.9230769230769231,0.6688461538461539
S2324-G1062,3,CHA,26.0,28,0,97.0,0.896551724137931,0.6349310344827586
S2324-G1062,3,GSW,39.0,24,0,115.0,1.56,1.051
S2324-G1062,4,CHA,26.0,20,0,97.0,1.2380952380952381,0.8398571428571429
S2324-G1062,4,GSW,26.0,19,0,115.0,1.3,0.895
S2324-G1063,1,IND,27.0,26,0,109.0,1.0,0.709
S2324-G1063,1,LAL,24.0,24,0,90.0,0.96,0.6659999999999999
S2324-G1063,2,IND,27.0,25,0,109.0,1.0384615384615385,0.7320769230769231
S2324-G1063,2,LAL,25.0,27,0,90.0,0.8928571428571429,0.6257142857142857
S2324-G1063,3,IND,32.0,19,0,109.0,1.6,1.069
S2324-G1063,3,LAL,23.0,19,0,90.0,1.15,0.7799999999999999
S2324-G1063,4,IND,23.0,19,0,109.0,1.15,0.7989999999999999
S2324-G1063,4,LAL,18.0,19,0,90.0,0.9,0.63
S2324-G1064,1,LAC,23.0,27,0,100.0,0.8214285714285714,0.5928571428571429
S2324-G1064,1,ORL,19.0,27,0,97.0,0.6785714285714286,0.5041428571428571
S2324-G1064,2,LAC,29.0,22,0,100.0,1.2608695652173914,0.8565217391304347
S2324-G1064,2,ORL,31.0,21,0,97.0,1.4090909090909092,0.9424545454545454
S2324-G1064,3,LAC,33.0,26,0,100.0,1.2222222222222223,0.8333333333333334
S2324-G1064,3,ORL,27.0,25,0,97.0,1.0384615384615385,0.7200769230769231
S2324-G1064,4,LAC,15.0,24,0,100.0,0.6,0.45999999999999996
S2324-G1064,4,ORL,20.0,25,0,97.0,0.7692307692307693,0.5585384615384615
S2324-G1065,1,DET,23.0,20,0,96.0,1.0952380952380953,0.7531428571428571
S2324-G1065,1,WAS,20.0,19,0,87.0,1.0,0.6869999999999999
S2324-G1065,2,DET,36.0,20,0,96.0,1.7142857142857142,1.1245714285714286
S2324-G1065,2,WAS,20.0,20,0,87.0,0.9523809523809523,0.6584285714285714
S2324-G1065,3,DET,21.0,27,0,96.0,0.75,0.5459999999999999
S2324-G1065,3,WAS,35.0,26,0,87.0,1.2962962962962963,0.8647777777777778
S2324-G1065,4,DET,16.0,20,0,96.0,0.7619047619047619,0.553142857142857
S2324-G1065,4,WAS,12.0,19,0,87.0,0.6,0.447
S2324-G1066,1,BKN,27.0,19,0,125.0,1.35,0.935
S2324-G1066,1,CHI,21.0,18,0,108.0,1.105263157894737,0.7711578947368422
S2324-G1066,2,BKN,20.0,22,0,125.0,0.8695652173913043,0.6467391304347826
S2324-G1066,2,CHI,31.0,23,0,108.0,1.2916666666666667,0.883
S2324-G1066,3,BKN,39.0,26,0,125.0,1.4444444444444444,0.9916666666666666
S2324-G1066,3,CHI,33.0,23,0,108.0,1.375,0.9329999999999999
S2324-G1066,4,BKN,39.0,17,0,125.0,2.1666666666666665,1.4249999999999998
S2324-G1066,4,CHI,23.0,18,0,108.0,1.2105263157894737,0.8343157894736841
S2324-G1067,1,CLE,28.0,27,0,117.0,1.0,0.717
S2324-G1067,1,PHI,25.0,24,0,114.0,1.0,0.714
S2324-G1067,2,CLE,29.0,20,0,117.0,1.380952380952381,0.9455714285714285
S2324-G1067,2,PHI,30.0,19,0,114.0,1.5,1.0139999999999998
S2324-G1067,3,CLE,28.0,25,0,117.0,1.0769230769230769,0.7631538461538461
S2324-G1067,3,PHI,32.0,28,0,114.0,1.103448275862069,0.7760689655172414
S2324-G1067,4,CLE,32.0,20,0,117.0,1.5238095238095237,1.0312857142857141
S2324-G1067,4,PHI,27.0,21,0,114.0,1.2272727272727273,0.8503636363636363
S2324-G1068,1,MIA,29.0,25,0,142.0,1.1153846153846154,0.8112307692307692
S2324-G1068,1,POR,19.0,24,0,82.0,0.76,0.5379999999999999
S2324-G1068,2,MIA,45.0,30,0,142.0,1.4516129032258065,1.012967741935484
S2324-G1068,2,POR,21.0,26,0,82.0,0.7777777777777778,0.5486666666666666
S2324-G1068,3,MIA,33.0,24,0,142.0,1.32,0.934
S2324-G1068,3,POR,23.0,24,0,82.0,0.92,0.634
S2324-G1068,4,MIA,35.0,26,0,142.0,1.2962962962962963,0.9197777777777778
S2324-G1068,4,POR,19.0,24,0,82.0,0.76,0.5379999999999999
S2324-G1069,1,OKC,34.0,23,0,128.0,1.4166666666666667,0.978
S2324-G1069,1,PHX,32.0,24,0,103.0,1.28,0.871
S2324-G1069,2,OKC,36.0,25,0,128.0,1.3846153846153846,0.9587692307692307
S2324-G1069,2,PHX,27.0,25,0,103.0,1.0384615384615385,0.7260769230769231
S2324-G1069,3,OKC,31.0,21,0,128.0,1.4090909090909092,0.9734545454545455
S2324-G1069,3,PHX,21.0,23,0,103.0,0.875,0.628
S2324-G1069,4,OKC,27.0,22,0,128.0,1.173913043478261,0.8323478260869566
S2324-G1069,4,PHX,23.0,20,0,103.0,1.0952380952380953,0.7601428571428571
S2324-G1070,1,NYK,27.0,24,0,126.0,1.08,0.774
S2324-G1070,1,SAS,38.0,28,0,130.0,1.3103448275862069,0.916206896551724
S2324-G1070,2,NYK,30.0,25,0,126.0,1.1538461538461537,0.8183076923076922
S2324-G1070,2,SAS,36.0,22,0,130.0,1.565217391304348,1.0691304347826087
S2324-G1070,3,NYK,34.0,24,0,126.0,1.36,0.9420000000000001
S2324-G1070,3,SAS,20.0,23,0,130.0,0.8333333333333334,0.63
S2324-G1070,4,NYK,30.0,21,0,126.0,1.3636363636363635,0.9441818181818181
S2324-G1070,4,SAS,27.0,22,0,130.0,1.173913043478261,0.8343478260869566
S2324-G1070,5,NYK,5.0,11,0,126.0,0.4166666666666667,0.376
S2324-G1070,5,SAS,9.0,10,0,130.0,0.8181818181818182,0.6209090909090909
S2324-G1071,1,DEN,26.0,18,0,98.0,1.368421052631579,0.9190526315789473
S2324-G1071,1,MIN,33.0,18,0,111.0,1.736842105263158,1.1531052631578946
S2324-G1071,2,DEN,17.0,17,0,98.0,0.9444444444444444,0.6646666666666666
S2324-G1071,2,MIN,29.0,19,0,111.0,1.45,0.981
S2324-G1071,3,DEN,21.0,17,0,98.0,1.1666666666666667,0.798
S2324-G1071,3,MIN,25.0,17,0,111.0,1.3888888888888888,0.9443333333333332
S2324-G1071,4,DEN,34.0,25,0,98.0,1.3076923076923077,0.8826153846153846
S2324-G1071,4,MIN,24.0,22,0,111.0,1.0434782608695652,0.7370869565217391
S2324-G1072,1,HOU,13.0,14,0,101.0,0.8666666666666667,0.621
S2324-G1072,1,UTA,23.0,15,0,100.0,1.4375,0.9624999999999999
S2324-G1072,2,HOU,28.0,27,0,101.0,1.0,0.701
S2324-G1072,2,UTA,24.0,30,0,100.0,0.7741935483870968,0.564516129032258
S2324-G1072,3,HOU,28.0,20,0,101.0,1.3333333333333333,0.9009999999999999
S2324-G1072,3,UTA,25.0,21,0,100.0,1.1363636363636365,0.7818181818181819
S2324-G1072,4,HOU,32.0,24,0,101.0,1.28,0.869
S2324-G1072,4,UTA,28.0,23,0,100.0,1.1666666666666667,0.8
S2324-G1073,1,DAL,26.0,17,0,107.0,1.4444444444444444,0.9736666666666666
S2324-G1073,1,SAC,34.0,24,0,103.0,1.36,0.919
S2324-G1073,2,DAL,25.0,21,0,107.0,1.1363636363636365,0.7888181818181819
S2324-G1073,2,SAC,26.0,22,0,103.0,1.1304347826086956,0.7812608695652173
S2324-G1073,3,DAL,22.0,21,0,107.0,1.0,0.707
S2324-G1073,3,SAC,22.0,23,0,103.0,0.9166666666666666,0.6529999999999999
S2324-G1073,4,DAL,34.0,16,0,107.0,2.0,1.307
S2324-G1073,4,SAC,21.0,15,0,103.0,1.3125,0.8905
S2324-G1074,1,BOS,28.0,23,0,104.0,1.1666666666666667,0.804
S2324-G1074,1,NOP,37.0,28,0,92.0,1.2758620689655173,0.8575172413793104
S2324-G1074,2,BOS,31.0,23,0,104.0,1.2916666666666667,0.879
S2324-G1074,2,NOP,20.0,22,0,92.0,0.8695652173913043,0.6137391304347826
S2324-G1074,3,BOS,24.0,15,0,104.0,1.5,1.004
S2324-G1074,3,NOP,11.0,16,0,92.0,0.6470588235294118,0.4802352941176471
S2324-G1074,4,BOS,21.0,20,0,104.0,1.0,0.704
S2324-G1074,4,NOP,24.0,17,0,92.0,1.3333333333333333,0.8919999999999999
S2324-G1075,1,MEM,13.0,18,0,88.0,0.6842105263157895,0.4985263157894737
S2324-G1075,1,ORL,33.0,20,0,118.0,1.5714285714285714,1.060857142857143
S2324-G1075,2,MEM,21.0,24,0,88.0,0.84,0.592
S2324-G1075,2,ORL,25.0,20,0,118.0,1.1904761904761905,0.8322857142857143
S2324-G1075,3,MEM,21.0,25,0,88.0,0.8076923076923077,0.5726153846153846
S2324-G1075,3,ORL,32.0,23,0,118.0,1.3333333333333333,0.9179999999999999
S2324-G1075,4,MEM,33.0,27,0,88.0,1.1785714285714286,0.7951428571428572
S2324-G1075,4,ORL,28.0,24,0,118.0,1.12,0.79
S2324-G1076,1,ATL,28.0,22,0,113.0,1.2173913043478262,0.8434347826086956
S2324-G1076,1,MIL,33.0,24,0,122.0,1.32,0.914
S2324-G1076,2,ATL,17.0,21,0,113.0,0.7727272727272727,0.5766363636363636
S2324-G1076,2,MIL,26.0,20,0,122.0,1.2380952380952381,0.8648571428571429
S2324-G1076,3,ATL,29.0,25,0,113.0,1.1153846153846154,0.7822307692307692
S2324-G1076,3,MIL,30.0,25,0,122.0,1.1538461538461537,0.8143076923076922
S2324-G1076,4,ATL,39.0,25,0,113.0,1.5,1.013
S2324-G1076,4,MIL,33.0,22,0,122.0,1.434782608695652,0.9828695652173912
S2324-G1077,1,CLE,26.0,27,0,101.0,0.9285714285714286,0.6581428571428571
S2324-G1077,1,DEN,30.0,23,0,130.0,1.25,0.88
S2324-G1077,2,CLE,30.0,29,0,101.0,1.0,0.701
S2324-G1077,2,DEN,35.0,28,0,130.0,1.206896551724138,0.8541379310344828
S2324-G1077,3,CLE,21.0,24,0,101.0,0.84,0.605
S2324-G1077,3,DEN,36.0,24,0,130.0,1.44,0.994
S2324-G1077,4,CLE,24.0,20,0,101.0,1.1428571428571428,0.7867142857142856
S2324-G1077,4,DEN,29.0,21,0,130.0,1.3181818181818181,0.9209090909090909
S2324-G1078,1,BKN,11.0,18,0,104.0,0.5789473684210527,0.45136842105263164
S2324-G1078,1,LAL,31.0,18,0,116.0,1.631578947368421,1.0949473684210527
S2324-G1078,2,BKN,33.0,28,0,104.0,1.1379310344827587,0.7867586206896552
S2324-G1078,2,LAL,36.0,27,0,116.0,1.2857142857142858,0.8874285714285715
S2324-G1078,3,BKN,35.0,31,0,104.0,1.09375,0.76025
S2324-G1078,3,LAL,23.0,31,0,116.0,0.71875,0.54725
S2324-G1078,4,BKN,25.0,21,0,104.0,1.1363636363636365,0.7858181818181819
S2324-G1078,4,LAL,26.0,18,0,116.0,1.368421052631579,0.9370526315789474
S2324-G1079,1,CHA,25.0,22,0,118.0,1.0869565217391304,0.7701739130434782
S2324-G1079,1,LAC,31.0,20,0,130.0,1.4761904761904763,1.0157142857142858
S2324-G1079,2,CHA,30.0,21,0,118.0,1.3636363636363635,0.9361818181818181
S2324-G1079,2,LAC,36.0,18,0,130.0,1.894736842105263,1.2668421052631578
S2324-G1079,3,CHA,27.0,18,0,118.0,1.4210526315789473,0.9706315789473684
S2324-G1079,3,LAC,26.0,20,0,130.0,1.2380952380952381,0.8728571428571429
S2324-G1079,4,CHA,36.0,23,0,118.0,1.5,1.0179999999999998
S2324-G1079,4,LAC,37.0,25,0,130.0,1.4230769230769231,0.9838461538461538
S2324-G1080,1,PHI,35.0,28,0,135.0,1.206896551724138,0.8591379310344828
S2324-G1080,1,TOR,27.0,28,0,120.0,0.9310344827586207,0.6786206896551724
S2324-G1080,2,PHI,36.0,25,0,135.0,1.3846153846153846,0.9657692307692307
S2324-G1080,2,TOR,28.0,23,0,120.0,1.1666666666666667,0.8200000000000001
S2324-G1080,3,PHI,30.0,25,0,135.0,1.1538461538461537,0.8273076923076922
S2324-G1080,3,TOR,38.0,23,0,120.0,1.5833333333333333,1.0699999999999998
S2324-G1080,4,PHI,34.0,19,0,135.0,1.7,1.155
S2324-G1080,4,TOR,27.0,23,0,120.0,1.125,0.7949999999999999
S2324-G1081,1,MIA,29.0,24,0,119.0,1.16,0.815
S2324-G1081,1,WAS,29.0,25,0,107.0,1.1153846153846154,0.7762307692307692
S2324-G1081,2,MIA,37.0,21,0,119.0,1.6818181818181819,1.128090909090909
S2324-G1081,2,WAS,30.0,22,0,107.0,1.3043478260869565,0.8896086956521739
S2324-G1081,3,MIA,29.0,24,0,119.0,1.16,0.815
S2324-G1081,3,WAS,21.0,24,0,107.0,0.84,0.611
S2324-G1081,4,MIA,24.0,23,0,119.0,1.0,0.719
S2324-G1081,4,WAS,27.0,23,0,107.0,1.125,0.7819999999999999
S2324-G1082,1,NYK,22.0,19,0,112.0,1.1,0.772
S2324-G1082,1,OKC,17.0,16,0,113.0,1.0,0.713
S2324-G1082,2,NYK,24.0,23,0,112.0,1.0,0.712
S2324-G1082,2,OKC,33.0,23,0,113.0,1.375,0.938
S2324-G1082,3,NYK,39.0,25,0,112.0,1.5,1.012
S2324-G1082,3,OKC,25.0,26,0,113.0,0.9259259259259259,0.6685555555555556
S2324-G1082,4,NYK,27.0,27,0,112.0,0.9642857142857143,0.6905714285714285
S2324-G1082,4,OKC,38.0,23,0,113.0,1.5833333333333333,1.063
S2324-G1083,1,DAL,36.0,24,0,125.0,1.44,0.989
S2324-G1083,1,HOU,24.0,24,0,107.0,0.96,0.6829999999999999
S2324-G1083,2,DAL,30.0,17,0,125.0,1.6666666666666667,1.125
S2324-G1083,2,HOU,21.0,20,0,107.0,1.0,0.707
S2324-G1083,3,DAL,25.0,27,0,125.0,0.8928571428571429,0.6607142857142857
S2324-G1083,3,HOU,28.0,27,0,107.0,1.0,0.707
S2324-G1083,4,DAL,34.0,23,0,125.0,1.4166666666666667,0.975
S2324-G1083,4,HOU,34.0,24,0,107.0,1.36,0.923
S2324-G1084,1,CHI,33.0,23,0,109.0,1.375,0.9339999999999999
S2324-G1084,1,MIN,22.0,22,0,101.0,0.9565217391304348,0.6749130434782609
S2324-G1084,2,CHI,31.0,26,0,109.0,1.1481481481481481,0.7978888888888889
S2324-G1084,2,MIN,32.0,26,0,101.0,1.1851851851851851,0.812111111111111
S2324-G1084,3,CHI,20.0,23,0,109.0,0.8333333333333334,0.609
S2324-G1084,3,MIN,25.0,20,0,101.0,1.1904761904761905,0.8152857142857143
S2324-G1084,4,CHI,25.0,21,0,109.0,1.1363636363636365,0.7908181818181819
S2324-G1084,4,MIN,22.0,18,0,101.0,1.1578947368421053,0.7957368421052632
S2324-G1085,1,GSW,27.0,27,0,117.0,0.9642857142857143,0.6955714285714285
S2324-G1085,1,SAS,34.0,25,0,113.0,1.3076923076923077,0.8976153846153846
S2324-G1085,2,GSW,25.0,27,0,117.0,0.8928571428571429,0.6527142857142857
S2324-G1085,2,SAS,26.0,26,0,113.0,0.9629629629629629,0.6907777777777777
S2324-G1085,3,GSW,37.0,24,0,117.0,1.48,1.005
S2324-G1085,3,SAS,21.0,24,0,113.0,0.84,0.617
S2324-G1085,4,GSW,28.0,25,0,117.0,1.0769230769230769,0.7631538461538461
S2324-G1085,4,SAS,32.0,22,0,113.0,1.391304347826087,0.9477826086956521
S2324-G1086,1,SAC,27.0,20,0,127.0,1.2857142857142858,0.8984285714285715
S2324-G1086,1,UTA,23.0,22,0,106.0,1.0,0.706
S2324-G1086,2,SAC,29.0,26,0,127.0,1.0740740740740742,0.7714444444444445
S2324-G1086,2,UTA,29.0,24,0,106.0,1.16,0.8019999999999999
S2324-G1086,3,SAC,39.0,26,0,127.0,1.4444444444444444,0.9936666666666666
S2324-G1086,3,UTA,25.0,29,0,106.0,0.8333333333333334,0.606
S2324-G1086,4,SAC,32.0,20,0,127.0,1.5238095238095237,1.0412857142857141
S2324-G1086,4,UTA,29.0,19,0,106.0,1.45,0.976
S2324-G1087,1,BOS,30.0,24,0,118.0,1.2,0.838
S2324-G1087,1,CHA,32.0,25,0,104.0,1.2307692307692308,0.8424615384615385
S2324-G1087,2,BOS,29.0,25,0,118.0,1.1153846153846154,0.7872307692307692
S2324-G1087,2,CHA,21.0,22,0,104.0,0.9130434782608695,0.6518260869565217
S2324-G1087,3,BOS,36.0,18,0,118.0,1.894736842105263,1.2548421052631578
S2324-G1087,3,CHA,26.0,21,0,104.0,1.1818181818181819,0.8130909090909091
S2324-G1087,4,BOS,23.0,17,0,118.0,1.2777777777777777,0.8846666666666666
S2324-G1087,4,CHA,25.0,18,0,104.0,1.3157894736842106,0.8934736842105263
S2324-G1088,1,DET,29.0,26,0,108.0,1.0740740740740742,0.7524444444444445
S2324-G1088,1,MEM,22.0,25,0,110.0,0.8461538461538461,0.6176923076923077
S2324-G1088,2,DET,28.0,21,0,108.0,1.2727272727272727,0.8716363636363635
S2324-G1088,2,MEM,22.0,24,0,110.0,0.88,0.638
S2324-G1088,3,DET,33.0,22,0,108.0,1.434782608695652,0.9688695652173912
S2324-G1088,3,MEM,41.0,26,0,110.0,1.5185185185185186,1.021111111111111
S2324-G1088,4,DET,18.0,15,0,108.0,1.125,0.7829999999999999
S2324-G1088,4,MEM,25.0,17,0,110.0,1.3888888888888888,0.9433333333333332
S2324-G1089,1,BKN,27.0,24,0,111.0,1.08,0.759
S2324-G1089,1,IND,43.0,27,0,133.0,1.5357142857142858,1.0544285714285715
S2324-G1089,2,BKN,20.0,24,0,111.0,0.8,0.591
S2324-G1089,2,IND,32.0,26,0,133.0,1.1851851851851851,0.844111111111111
S2324-G1089,3,BKN,30.0,25,0,111.0,1.1538461538461537,0.8033076923076922
S2324-G1089,3,IND,33.0,26,0,133.0,1.2222222222222223,0.8663333333333334
S2324-G1089,4,BKN,34.0,21,0,111.0,1.5454545454545454,1.0382727272727272
S2324-G1089,4,IND,25.0,19,0,133.0,1.25,0.883
S2324-G1090,1,ORL,22.0,20,0,104.0,1.0476190476190477,0.7325714285714285
S2324-G1090,1,POR,23.0,17,0,103.0,1.2777777777777777,0.8696666666666666
S2324-G1090,2,ORL,33.0,25,0,104.0,1.2692307692307692,0.8655384615384615
S2324-G1090,2,POR,25.0,28,0,103.0,0.8620689655172413,0.6202413793103447
S2324-G1090,3,ORL,28.0,19,0,104.0,1.4,0.944
S2324-G1090,3,POR,25.0,18,0,103.0,1.3157894736842106,0.8924736842105263
S2324-G1090,4,ORL,21.0,20,0,104.0,1.0,0.704
S2324-G1090,4,POR,30.0,25,0,103.0,1.1538461538461537,0.7953076923076922
S2324-G1091,1,ATL,32.0,20,0,113.0,1.5238095238095237,1.0272857142857141
S2324-G1091,1,CHI,30.0,29,0,101.0,1.0,0.701
S2324-G1091,2,ATL,29.0,19,0,113.0,1.45,0.983
S2324-G1091,2,CHI,23.0,25,0,101.0,0.8846153846153846,0.6317692307692307
S2324-G1091,3,ATL,29.0,18,0,113.0,1.5263157894736843,1.0287894736842105
S2324-G1091,3,CHI,21.0,19,0,101.0,1.05,0.731
S2324-G1091,4,ATL,23.0,19,0,113.0,1.15,0.8029999999999999
S2324-G1091,4,CHI,27.0,20,0,101.0,1.2857142857142858,0.8724285714285714
S2324-G1092,1,NOP,28.0,24,0,111.0,1.12,0.783
S2324-G1092,1,PHX,46.0,21,0,124.0,2.090909090909091,1.3785454545454545
S2324-G1092,2,NOP,26.0,25,0,111.0,1.0,0.711
S2324-G1092,2,PHX,28.0,23,0,124.0,1.1666666666666667,0.8240000000000001
S2324-G1092,3,NOP,36.0,31,0,111.0,1.125,0.7859999999999999
S2324-G1092,3,PHX,29.0,23,0,124.0,1.2083333333333333,0.849
S2324-G1092,4,NOP,21.0,16,0,111.0,1.2352941176470589,0.8521764705882353
S2324-G1092,4,PHX,21.0,17,0,124.0,1.1666666666666667,0.8240000000000001
S2324-G1093,1,OKC,22.0,23,0,105.0,0.9166666666666666,0.6549999999999999
S2324-G1093,1,PHI,25.0,25,0,109.0,0.9615384615384616,0.6859230769230769
S2324-G1093,2,OKC,32.0,15,0,105.0,2.0,1.305
S2324-G1093,2,PHI,19.0,16,0,109.0,1.1176470588235294,0.7795882352941176
S2324-G1093,3,OKC,26.0,23,0,105.0,1.0833333333333333,0.7549999999999999
S2324-G1093,3,PHI,29.0,22,0,109.0,1.2608695652173914,0.8655217391304347
S2324-G1093,4,OKC,25.0,23,0,105.0,1.0416666666666667,0.73
S2324-G1093,4,PHI,36.0,27,0,109.0,1.2857142857142858,0.8804285714285714
S2324-G1094,1,LAL,34.0,23,0,128.0,1.4166666666666667,0.978
S2324-G1094,1,TOR,25.0,26,0,111.0,0.9259259259259259,0.6665555555555556
S2324-G1094,2,LAL,30.0,25,0,128.0,1.1538461538461537,0.8203076923076922
S2324-G1094,2,TOR,33.0,26,0,111.0,1.2222222222222223,0.8443333333333334
S2324-G1094,3,LAL,36.0,22,0,128.0,1.565217391304348,1.0671304347826087
S2324-G1094,3,TOR,21.0,25,0,111.0,0.8076923076923077,0.5956153846153847
S2324-G1094,4,LAL,28.0,31,0,128.0,0.875,0.653
S2324-G1094,4,TOR,32.0,28,0,111.0,1.103448275862069,0.7730689655172414
S2324-G1095,1,MIL,28.0,21,0,113.0,1.2727272727272727,0.8766363636363635
S2324-G1095,1,WAS,27.0,23,0,117.0,1.125,0.7919999999999999
S2324-G1095,2,MIL,26.0,25,0,113.0,1.0,0.713
S2324-G1095,2,WAS,31.0,27,0,117.0,1.1071428571428572,0.7812857142857143
S2324-G1095,3,MIL,32.0,24,0,113.0,1.28,0.881
S2324-G1095,3,WAS,33.0,23,0,117.0,1.375,0.942
S2324-G1095,4,MIL,27.0,24,0,113.0,1.08,0.761
S2324-G1095,4,WAS,26.0,22,0,117.0,1.1304347826086956,0.7952608695652174
S2324-G1096,1,MIA,34.0,21,0,109.0,1.5454545454545454,1.0362727272727272
S2324-G1096,1,NYK,22.0,21,0,99.0,1.0,0.699
S2324-G1096,2,MIA,24.0,20,0,109.0,1.1428571428571428,0.7947142857142856
S2324-G1096,2,NYK,21.0,23,0,99.0,0.875,0.624
S2324-G1096,3,MIA,25.0,22,0,109.0,1.0869565217391304,0.7611739130434781
S2324-G1096,3,NYK,30.0,20,0,99.0,1.4285714285714286,0.9561428571428571
S2324-G1096,4,MIA,26.0,19,0,109.0,1.3,0.889
S2324-G1096,4,NYK,26.0,19,0,99.0,1.3,0.879
S2324-G1097,1,DAL,31.0,27,0,108.0,1.1071428571428572,0.7722857142857142
S2324-G1097,1,GSW,32.0,27,0,106.0,1.1428571428571428,0.7917142857142856
S2324-G1097,2,DAL,21.0,24,0,108.0,0.84,0.612
S2324-G1097,2,GSW,22.0,26,0,106.0,0.8148148148148148,0.5948888888888888
S2324-G1097,3,DAL,27.0,18,0,108.0,1.4210526315789473,0.9606315789473684
S2324-G1097,3,GSW,22.0,21,0,106.0,1.0,0.706
S2324-G1097,4,DAL,29.0,28,0,108.0,1.0,0.708
S2324-G1097,4,GSW,30.0,31,0,106.0,0.9375,0.6685
S2324-G1098,1,HOU,23.0,21,0,106.0,1.0454545454545454,0.7332727272727272
S2324-G1098,1,MIN,16.0,20,0,113.0,0.7619047619047619,0.5701428571428571
S2324-G1098,2,HOU,22.0,24,0,106.0,0.88,0.634
S2324-G1098,2,MIN,38.0,24,0,113.0,1.52,1.025
S2324-G1098,3,HOU,27.0,25,0,106.0,1.0384615384615385,0.7290769230769231
S2324-G1098,3,MIN,27.0,26,0,113.0,1.0,0.713
S2324-G1098,4,HOU,34.0,28,0,106.0,1.1724137931034482,0.8094482758620689
S2324-G1098,4,MIN,32.0,32,0,113.0,0.9696969696969697,0.6948181818181818
S2324-G1099,1,DEN,30.0,23,0,110.0,1.25,0.86
S2324-G1099,1,SAS,23.0,25,0,105.0,0.8846153846153846,0.6357692307692308
S2324-G1099,2,DEN,25.0,21,0,110.0,1.1363636363636365,0.7918181818181819
S2324-G1099,2,SAS,31.0,21,0,105.0,1.4090909090909092,0.9504545454545454
S2324-G1099,3,DEN,31.0,25,0,110.0,1.1923076923076923,0.8253846153846154
S2324-G1099,3,SAS,31.0,25,0,105.0,1.1923076923076923,0.8203846153846154
S2324-G1099,4,DEN,24.0,21,0,110.0,1.0909090909090908,0.7645454545454544
S2324-G1099,4,SAS,20.0,20,0,105.0,0.9523809523809523,0.6764285714285714
S2324-G1100,1,CLE,40.0,25,0,129.0,1.5384615384615385,1.0520769230769231
S2324-G1100,1,UTA,25.0,25,0,113.0,0.9615384615384616,0.6899230769230769
S2324-G1100,2,CLE,27.0,24,0,129.0,1.08,0.777
S2324-G1100,2,UTA,22.0,26,0,113.0,0.8148148148148148,0.6018888888888888
S2324-G1100,3,CLE,30.0,23,0,129.0,1.25,0.879
S2324-G1100,3,UTA,34.0,25,0,113.0,1.3076923076923077,0.8976153846153846
S2324-G1100,4,CLE,32.0,23,0,129.0,1.3333333333333333,0.9289999999999999
S2324-G1100,4,UTA,32.0,27,0,113.0,1.1428571428571428,0.7987142857142856
S2324-G1101,1,LAC,24.0,19,0,95.0,1.2,0.815
S2324-G1101,1,SAC,24.0,22,0,109.0,1.0434782608695652,0.735086956521739
S2324-G1101,2,LAC,27.0,18,0,95.0,1.4210526315789473,0.9476315789473684
S2324-G1101,2,SAC,32.0,18,0,109.0,1.6842105263157894,1.1195263157894735
S2324-G1101,3,LAC,19.0,24,0,95.0,0.76,0.5509999999999999
S2324-G1101,3,SAC,35.0,24,0,109.0,1.4,0.949
S2324-G1101,4,LAC,25.0,17,0,95.0,1.3888888888888888,0.9283333333333332
S2324-G1101,4,SAC,18.0,20,0,109.0,0.8571428571428571,0.6232857142857142
S2324-G1102,1,CHA,21.0,20,0,86.0,1.0,0.6859999999999999
S2324-G1102,1,POR,30.0,23,0,89.0,1.25,0.839
S2324-G1102,2,CHA,23.0,21,0,86.0,1.0454545454545454,0.7132727272727272
S2324-G1102,2,POR,15.0,21,0,89.0,0.6818181818181818,0.4980909090909091
S2324-G1102,3,CHA,22.0,20,0,86.0,1.0476190476190477,0.7145714285714285
S2324-G1102,3,POR,22.0,22,0,89.0,0.9565217391304348,0.6629130434782609
S2324-G1102,4,CHA,20.0,21,0,86.0,0.9090909090909091,0.6314545454545454
S2324-G1102,4,POR,22.0,21,0,89.0,1.0,0.689
S2324-G1103,1,LAL,39.0,28,0,125.0,1.3448275862068966,0.9318965517241379
S2324-G1103,1,WAS,29.0,26,0,120.0,1.0740740740740742,0.7644444444444445
S2324-G1103,2,LAL,28.0,29,0,125.0,0.9333333333333333,0.6849999999999999
S2324-G1103,2,WAS,31.0,27,0,120.0,1.1071428571428572,0.7842857142857143
S2324-G1103,3,LAL,34.0,30,0,125.0,1.096774193548387,0.7830645161290322
S2324-G1103,3,WAS,26.0,25,0,120.0,1.0,0.72
S2324-G1103,4,LAL,24.0,23,0,125.0,1.0,0.725
S2324-G1103,4,WAS,34.0,25,0,120.0,1.3076923076923077,0.9046153846153846
S2324-G1104,1,ATL,28.0,25,0,121.0,1.0769230769230769,0.7671538461538461
S2324-G1104,1,DET,23.0,23,0,113.0,0.9583333333333334,0.688
S2324-G1104,2,ATL,31.0,27,0,121.0,1.1071428571428572,0.7852857142857143
S2324-G1104,2,DET,27.0,24,0,113.0,1.08,0.761
S2324-G1104,3,ATL,33.0,19,0,121.0,1.65,1.1109999999999998
S2324-G1104,3,DET,29.0,21,0,113.0,1.3181818181818181,0.9039090909090909
S2324-G1104,4,ATL,29.0,27,0,121.0,1.0357142857142858,0.7424285714285714
S2324-G1104,4,DET,34.0,28,0,113.0,1.1724137931034482,0.8164482758620689
S2324-G1105,1,BOS,30.0,24,0,135.0,1.2,0.855
S2324-G1105,1,OKC,23.0,22,0,100.0,1.0,0.7
S2324-G1105,2,BOS,31.0,25,0,135.0,1.1923076923076923,0.8503846153846154
S2324-G1105,2,OKC,24.0,23,0,100.0,1.0,0.7
S2324-G1105,3,BOS,32.0,20,0,135.0,1.5238095238095237,1.0492857142857142
S2324-G1105,3,OKC,36.0,22,0,100.0,1.565217391304348,1.0391304347826087
S2324-G1105,4,BOS,42.0,25,0,135.0,1.6153846153846154,1.1042307692307691
S2324-G1105,4,OKC,17.0,24,0,100.0,0.68,0.508
S2324-G1106,1,BKN,19.0,26,0,115.0,0.7037037037037037,0.5372222222222223
S2324-G1106,1,IND,31.0,22,0,111.0,1.3478260869565217,0.919695652173913
S2324-G1106,2,BKN,42.0,27,0,115.0,1.5,1.015
S2324-G1106,2,IND,31.0,24,0,111.0,1.24,0.855
S2324-G1106,3,BKN,27.0,26,0,115.0,1.0,0.715
S2324-G1106,3,IND,25.0,26,0,111.0,0.9259259259259259,0.6665555555555556
S2324-G1106,4,BKN,27.0,21,0,115.0,1.2272727272727273,0.8513636363636363
S2324-G1106,4,IND,24.0,23,0,111.0,1.0,0.711
S2324-G1107,1,MEM,26.0,19,0,111.0,1.3,0.891
S2324-G1107,1,MIL,22.0,18,0,101.0,1.1578947368421053,0.7957368421052632
S2324-G1107,2,MEM,27.0,24,0,111.0,1.08,0.759
S2324-G1107,2,MIL,27.0,22,0,101.0,1.173913043478261,0.8053478260869565
S2324-G1107,3,MEM,26.0,24,0,111.0,1.04,0.735
S2324-G1107,3,MIL,29.0,23,0,101.0,1.2083333333333333,0.826
S2324-G1107,4,MEM,32.0,23,0,111.0,1.3333333333333333,0.9109999999999999
S2324-G1107,4,MIL,23.0,23,0,101.0,0.9583333333333334,0.6759999999999999
S2324-G1108,1,MIN,23.0,22,0,133.0,1.0,0.733
S2324-G1108,1,TOR,19.0,21,0,85.0,0.8636363636363636,0.6031818181818182
S2324-G1108,2,MIN,35.0,23,0,133.0,1.4583333333333333,1.008
S2324-G1108,2,TOR,23.0,23,0,85.0,0.9583333333333334,0.6599999999999999
S2324-G1108,3,MIN,33.0,23,0,133.0,1.375,0.958
S2324-G1108,3,TOR,18.0,23,0,85.0,0.75,0.5349999999999999
S2324-G1108,4,MIN,42.0,31,0,133.0,1.3125,0.9205
S2324-G1108,4,TOR,25.0,27,0,85.0,0.8928571428571429,0.6207142857142857
S2324-G1109,1,NOP,26.0,21,0,108.0,1.1818181818181819,0.8170909090909091
S2324-G1109,1,ORL,24.0,20,0,117.0,1.1428571428571428,0.8027142857142856
S2324-G1109,2,NOP,29.0,26,0,108.0,1.0740740740740742,0.7524444444444445
S2324-G1109,2,ORL,34.0,25,0,117.0,1.3076923076923077,0.9016153846153846
S2324-G1109,3,NOP,21.0,23,0,108.0,0.875,0.633
S2324-G1109,3,ORL,33.0,20,0,117.0,1.5714285714285714,1.0598571428571428
S2324-G1109,4,NOP,32.0,22,0,108.0,1.391304347826087,0.9427826086956521
S2324-G1109,4,ORL,26.0,23,0,117.0,1.0833333333333333,0.7669999999999999
S2324-G1110,1,CLE,20.0,24,0,101.0,0.8,0.581
S2324-G1110,1,PHX,34.0,29,0,122.0,1.1333333333333333,0.8019999999999999
S2324-G1110,2,CLE,27.0,27,0,101.0,0.9642857142857143,0.6795714285714285
S2324-G1110,2,PHX,38.0,28,0,122.0,1.3103448275862069,0.908206896551724
S2324-G1110,3,CLE,30.0,22,0,101.0,1.3043478260869565,0.8836086956521739
S2324-G1110,3,PHX,26.0,23,0,122.0,1.0833333333333333,0.7719999999999999
S2324-G1110,4,CLE,24.0,21,0,101.0,1.0909090909090908,0.7555454545454544
S2324-G1110,4,PHX,24.0,19,0,122.0,1.2,0.842
S2324-G1111,1,MIA,29.0,26,0,105.0,1.0740740740740742,0.7494444444444445
S2324-G1111,1,PHI,39.0,28,0,109.0,1.3448275862068966,0.9158965517241379
S2324-G1111,2,MIA,26.0,24,0,105.0,1.04,0.729
S2324-G1111,2,PHI,24.0,24,0,109.0,0.96,0.6849999999999999
S2324-G1111,3,MIA,33.0,26,0,105.0,1.2222222222222223,0.8383333333333334
S2324-G1111,3,PHI,24.0,25,0,109.0,0.9230769230769231,0.6628461538461539
S2324-G1111,4,MIA,17.0,22,0,105.0,0.7391304347826086,0.5484782608695652
S2324-G1111,4,PHI,22.0,20,0,109.0,1.0476190476190477,0.7375714285714285
S2324-G1112,1,NYK,20.0,19,0,120.0,1.0,0.72
S2324-G1112,1,SAC,35.0,25,0,109.0,1.3461538461538463,0.9166923076923077
S2324-G1112,2,NYK,32.0,25,0,120.0,1.2307692307692308,0.8584615384615385
S2324-G1112,2,SAC,25.0,22,0,109.0,1.0869565217391304,0.7611739130434781
S2324-G1112,3,NYK,35.0,26,0,120.0,1.2962962962962963,0.8977777777777778
S2324-G1112,3,SAC,27.0,29,0,109.0,0.9,0.649
S2324-G1112,4,NYK,33.0,20,0,120.0,1.5714285714285714,1.0628571428571427
S2324-G1112,4,SAC,22.0,22,0,109.0,0.9565217391304348,0.6829130434782609
S2324-G1113,1,GSW,33.0,27,0,133.0,1.1785714285714286,0.8401428571428572
S2324-G1113,1,HOU,24.0,29,0,110.0,0.8,0.59
S2324-G1113,2,GSW,32.0,24,0,133.0,1.28,0.901
S2324-G1113,2,HOU,26.0,26,0,110.0,0.9629629629629629,0.6877777777777777
S2324-G1113,3,GSW,34.0,23,0,133.0,1.4166666666666667,0.983
S2324-G1113,3,HOU,33.0,23,0,110.0,1.375,0.9349999999999999
S2324-G1113,4,GSW,34.0,20,0,133.0,1.619047619047619,1.1044285714285715
S2324-G1113,4,HOU,27.0,20,0,110.0,1.2857142857142858,0.8814285714285715
S2324-G1114,1,DEN,31.0,23,0,100.0,1.2916666666666667,0.875
S2324-G1114,1,LAC,20.0,26,0,102.0,0.7407407407407407,0.5464444444444444
S2324-G1114,2,DEN,18.0,24,0,100.0,0.72,0.532
S2324-G1114,2,LAC,33.0,21,0,102.0,1.5,1.002
S2324-G1114,3,DEN,21.0,17,0,100.0,1.1666666666666667,0.8
S2324-G1114,3,LAC,22.0,17,0,102.0,1.2222222222222223,0.8353333333333334
S2324-G1114,4,DEN,30.0,17,0,100.0,1.6666666666666667,1.1
S2324-G1114,4,LAC,27.0,18,0,102.0,1.4210526315789473,0.9546315789473684
S2324-G1115,1,CHA,38.0,23,0,124.0,1.5833333333333333,1.0739999999999998
S2324-G1115,1,ORL,23.0,24,0,115.0,0.92,0.667
S2324-G1115,2,CHA,29.0,27,0,124.0,1.0357142857142858,0.7454285714285714
S2324-G1115,2,ORL,29.0,24,0,115.0,1.16,0.8109999999999999
S2324-G1115,3,CHA,27.0,27,0,124.0,0.9642857142857143,0.7025714285714285
S2324-G1115,3,ORL,27.0,24,0,115.0,1.08,0.763
S2324-G1115,4,CHA,30.0,23,0,124.0,1.25,0.874
S2324-G1115,4,ORL,36.0,27,0,115.0,1.2857142857142858,0.8864285714285715
S2324-G1116,1,IND,31.0,26,0,126.0,1.1481481481481481,0.8148888888888889
S2324-G1116,1,OKC,32.0,28,0,112.0,1.103448275862069,0.7740689655172414
S2324-G1116,2,IND,38.0,29,0,126.0,1.2666666666666666,0.8859999999999999
S2324-G1116,2,OKC,27.0,34,0,112.0,0.7714285714285715,0.5748571428571428
S2324-G1116,3,IND,31.0,23,0,126.0,1.2916666666666667,0.901
S2324-G1116,3,OKC,30.0,19,0,112.0,1.5,1.012
S2324-G1116,4,IND,26.0,22,0,126.0,1.1304347826086956,0.8042608695652174
S2324-G1116,4,OKC,23.0,22,0,112.0,1.0,0.712
S2324-G1117,1,POR,32.0,24,0,108.0,1.28,0.876
S2324-G1117,1,WAS,27.0,25,0,102.0,1.0384615384615385,0.7250769230769231
S2324-G1117,2,POR,27.0,22,0,108.0,1.173913043478261,0.8123478260869565
S2324-G1117,2,WAS,24.0,20,0,102.0,1.1428571428571428,0.7877142857142856
S2324-G1117,3,POR,27.0,19,0,108.0,1.35,0.918
S2324-G1117,3,WAS,30.0,21,0,102.0,1.3636363636363635,0.9201818181818181
S2324-G1117,4,POR,22.0,19,0,108.0,1.1,0.768
S2324-G1117,4,WAS,21.0,20,0,102.0,1.0,0.702
S2324-G1118,1,BOS,27.0,20,0,101.0,1.2857142857142858,0.8724285714285714
S2324-G1118,1,SAC,15.0,20,0,100.0,0.7142857142857143,0.5285714285714286
S2324-G1118,2,BOS,27.0,20,0,101.0,1.2857142857142858,0.8724285714285714
S2324-G1118,2,SAC,35.0,21,0,100.0,1.5909090909090908,1.0545454545454545
S2324-G1118,3,BOS,30.0,16,0,101.0,1.7647058823529411,1.1598235294117647
S2324-G1118,3,SAC,22.0,20,0,100.0,1.0476190476190477,0.7285714285714285
S2324-G1118,4,BOS,17.0,18,0,101.0,0.8947368421052632,0.6378421052631579
S2324-G1118,4,SAC,28.0,19,0,100.0,1.4,0.94
S2324-G1119,1,CHI,29.0,19,0,108.0,1.45,0.978
S2324-G1119,1,NYK,17.0,21,0,100.0,0.7727272727272727,0.5636363636363636
S2324-G1119,2,CHI,32.0,28,0,108.0,1.103448275862069,0.7700689655172414
S2324-G1119,2,NYK,28.0,25,0,100.0,1.0769230769230769,0.7461538461538461
S2324-G1119,3,CHI,20.0,24,0,108.0,0.8,0.588
S2324-G1119,3,NYK,31.0,21,0,100.0,1.4090909090909092,0.9454545454545454
S2324-G1119,4,CHI,27.0,24,0,108.0,1.08,0.756
S2324-G1119,4,NYK,24.0,25,0,100.0,0.9230769230769231,0.6538461538461539
S2324-G1120,1,HOU,27.0,25,0,104.0,1.0384615384615385,0.7270769230769231
S2324-G1120,1,MIA,27.0,23,0,119.0,1.125,0.7939999999999999
S2324-G1120,2,HOU,32.0,19,0,104.0,1.6,1.064
S2324-G1120,2,MIA,37.0,22,0,119.0,1.608695652173913,1.0842173913043478
S2324-G1120,3,HOU,24.0,21,0,104.0,1.0909090909090908,0.7585454545454544
S2324-G1120,3,MIA,29.0,18,0,119.0,1.5263157894736843,1.0347894736842105
S2324-G1120,4,HOU,21.0,17,0,104.0,1.1666666666666667,0.804
S2324-G1120,4,MIA,26.0,17,0,119.0,1.4444444444444444,0.9856666666666666
S2324-G1121,1,DET,22.0,28,0,90.0,0.7586206896551724,0.5451724137931034
S2324-G1121,1,MEM,32.0,29,0,108.0,1.0666666666666667,0.748
S2324-G1121,2,DET,16.0,21,0,90.0,0.7272727272727273,0.5263636363636364
S2324-G1121,2,MEM,25.0,21,0,108.0,1.1363636363636365,0.7898181818181819
S2324-G1121,3,DET,32.0,24,0,90.0,1.28,0.858
S2324-G1121,3,MEM,32.0,25,0,108.0,1.2307692307692308,0.8464615384615385
S2324-G1121,4,DET,20.0,23,0,90.0,0.8333333333333334,0.59
S2324-G1121,4,MEM,19.0,20,0,108.0,0.9047619047619048,0.6508571428571428
S2324-G1122,1,MIL,27.0,22,0,111.0,1.173913043478261,0.8153478260869566
S2324-G1122,1,TOR,21.0,24,0,117.0,0.84,0.621
S2324-G1122,2,MIL,27.0,25,0,111.0,1.0384615384615385,0.7340769230769231
S2324-G1122,2,TOR,37.0,28,0,117.0,1.2758620689655173,0.8825172413793104
S2324-G1122,3,MIL,31.0,22,0,111.0,1.3478260869565217,0.919695652173913
S2324-G1122,3,TOR,32.0,22,0,117.0,1.391304347826087,0.9517826086956521
S2324-G1122,4,MIL,26.0,23,0,111.0,1.0833333333333333,0.7609999999999999
S2324-G1122,4,TOR,27.0,21,0,117.0,1.2272727272727273,0.8533636363636363
S2324-G1123,1,NOP,27.0,24,0,109.0,1.08,0.757
S2324-G1123,1,SAS,18.0,24,0,111.0,0.72,0.543
S2324-G1123,2,NOP,34.0,23,0,109.0,1.4166666666666667,0.959
S2324-G1123,2,SAS,33.0,28,0,111.0,1.1379310344827587,0.7937586206896552
S2324-G1123,3,NOP,25.0,29,0,109.0,0.8333333333333334,0.609
S2324-G1123,3,SAS,35.0,27,0,111.0,1.25,0.861
S2324-G1123,4,NOP,23.0,21,0,109.0,1.0454545454545454,0.7362727272727272
S2324-G1123,4,SAS,25.0,22,0,111.0,1.0869565217391304,0.7631739130434781
S2324-G1124,1,ATL,31.0,26,0,95.0,1.1481481481481481,0.7838888888888889
S2324-G1124,1,DAL,25.0,27,0,109.0,0.8928571428571429,0.6447142857142857
S2324-G1124,2,ATL,26.0,25,0,95.0,1.0,0.695
S2324-G1124,2,DAL,40.0,22,0,109.0,1.7391304347826086,1.1524782608695652
S2324-G1124,3,ATL,24.0,24,0,95.0,0.96,0.6709999999999999
S2324-G1124,3,DAL,28.0,24,0,109.0,1.12,0.781
S2324-G1124,4,ATL,14.0,20,0,95.0,0.6666666666666666,0.495
S2324-G1124,4,DAL,16.0,20,0,109.0,0.7619047619047619,0.5661428571428571
S2324-G1125,1,MIN,20.0,23,0,87.0,0.8333333333333334,0.587
S2324-G1125,1,PHX,32.0,31,0,97.0,1.0,0.697
S2324-G1125,2,MIN,21.0,20,0,87.0,1.0,0.6869999999999999
S2324-G1125,2,PHX,25.0,22,0,97.0,1.0869565217391304,0.7491739130434781
S2324-G1125,3,MIN,20.0,19,0,87.0,1.0,0.6869999999999999
S2324-G1125,3,PHX,20.0,21,0,97.0,0.9090909090909091,0.6424545454545454
S2324-G1125,4,MIN,26.0,21,0,87.0,1.1818181818181819,0.7960909090909091
S2324-G1125,4,PHX,20.0,22,0,97.0,0.8695652173913043,0.6187391304347826
S2324-G1126,1,LAC,41.0,26,0,131.0,1.5185185185185186,1.0421111111111112
S2324-G1126,1,UTA,16.0,25,0,102.0,0.6153846153846154,0.47123076923076923
S2324-G1126,2,LAC,34.0,23,0,131.0,1.4166666666666667,0.981
S2324-G1126,2,UTA,26.0,24,0,102.0,1.04,0.726
S2324-G1126,3,LAC,29.0,28,0,131.0,1.0,0.731
S2324-G1126,3,UTA,37.0,27,0,102.0,1.3214285714285714,0.8948571428571428
S2324-G1126,4,LAC,27.0,22,0,131.0,1.173913043478261,0.8353478260869566
S2324-G1126,4,UTA,23.0,21,0,102.0,1.0454545454545454,0.7292727272727272
S2324-G1127,1,CLE,33.0,31,0,97.0,1.03125,0.71575
S2324-G1127,1,LAL,36.0,28,0,116.0,1.2413793103448276,0.8608275862068966
S2324-G1127,2,CLE,23.0,26,0,97.0,0.8518518518518519,0.608111111111111
S2324-G1127,2,LAL,29.0,26,0,116.0,1.0740740740740742,0.7604444444444445
S2324-G1127,3,CLE,22.0,27,0,97.0,0.7857142857142857,0.5684285714285714
S2324-G1127,3,LAL,25.0,24,0,116.0,1.0,0.716
S2324-G1127,4,CLE,19.0,19,0,97.0,0.95,0.6669999999999999
S2324-G1127,4,LAL,26.0,22,0,116.0,1.1304347826086956,0.7942608695652174
S2324-G1128,1,BKN,23.0,25,0,113.0,0.8846153846153846,0.6437692307692308
S2324-G1128,1,DET,35.0,24,0,103.0,1.4,0.943
S2324-G1128,2,BKN,23.0,20,0,113.0,1.0952380952380953,0.7701428571428571
S2324-G1128,2,DET,22.0,21,0,103.0,1.0,0.703
S2324-G1128,3,BKN,29.0,20,0,113.0,1.380952380952381,0.9415714285714285
S2324-G1128,3,DET,26.0,20,0,103.0,1.2380952380952381,0.8458571428571429
S2324-G1128,4,BKN,38.0,21,0,113.0,1.7272727272727273,1.1493636363636364
S2324-G1128,4,DET,20.0,23,0,103.0,0.8333333333333334,0.603
S2324-G1129,1,MEM,23.0,24,0,96.0,0.92,0.648
S2324-G1129,1,PHI,28.0,25,0,116.0,1.0769230769230769,0.7621538461538461
S2324-G1129,2,MEM,19.0,25,0,96.0,0.7307692307692307,0.5344615384615384
S2324-G1129,2,PHI,34.0,25,0,116.0,1.3076923076923077,0.9006153846153846
S2324-G1129,3,MEM,28.0,29,0,96.0,0.9333333333333333,0.6559999999999999
S2324-G1129,3,PHI,24.0,27,0,116.0,0.8571428571428571,0.6302857142857142
S2324-G1129,4,MEM,26.0,27,0,96.0,0.9285714285714286,0.6531428571428571
S2324-G1129,4,PHI,30.0,27,0,116.0,1.0714285714285714,0.7588571428571428
S2324-G1130,1,ATL,26.0,23,0,110.0,1.0833333333333333,0.7599999999999999
S2324-G1130,1,DEN,33.0,25,0,142.0,1.2692307692307692,0.9035384615384615
S2324-G1130,2,ATL,30.0,22,0,110.0,1.3043478260869565,0.8926086956521739
S2324-G1130,2,DEN,36.0,24,0,142.0,1.44,1.006
S2324-G1130,3,ATL,30.0,28,0,110.0,1.0344827586206897,0.7306896551724138
S2324-G1130,3,DEN,42.0,30,0,142.0,1.3548387096774193,0.9549032258064516
S2324-G1130,4,ATL,24.0,22,0,110.0,1.0434782608695652,0.736086956521739
S2324-G1130,4,DEN,31.0,21,0,142.0,1.4090909090909092,0.9874545454545455
S2324-G1131,1,DAL,27.0,29,0,147.0,0.9,0.687
S2324-G1131,1,HOU,42.0,25,0,136.0,1.6153846153846154,1.1052307692307692
S2324-G1131,2,DAL,39.0,21,0,147.0,1.7727272727272727,1.2106363636363635
S2324-G1131,2,HOU,29.0,23,0,136.0,1.2083333333333333,0.861
S2324-G1131,3,DAL,32.0,20,0,147.0,1.5238095238095237,1.0612857142857142
S2324-G1131,3,HOU,35.0,24,0,136.0,1.4,0.976
S2324-G1131,4,DAL,31.0,22,0,147.0,1.3478260869565217,0.9556956521739131
S2324-G1131,4,HOU,23.0,19,0,136.0,1.15,0.826
S2324-G1131,5,DAL,18.0,9,0,147.0,1.8,1.227
S2324-G1131,5,HOU,7.0,9,0,136.0,0.7,0.556
S2324-G1132,1,CLE,40.0,26,0,118.0,1.4814814814814814,1.0068888888888887
S2324-G1132,1,LAC,33.0,26,0,120.0,1.2222222222222223,0.8533333333333334
S2324-G1132,2,CLE,40.0,26,0,118.0,1.4814814814814814,1.0068888888888887
S2324-G1132,2,LAC,26.0,25,0,120.0,1.0,0.72
S2324-G1132,3,CLE,18.0,20,0,118.0,0.8571428571428571,0.6322857142857142
S2324-G1132,3,LAC,27.0,18,0,120.0,1.4210526315789473,0.9726315789473684
S2324-G1132,4,CLE,20.0,20,0,118.0,0.9523809523809523,0.6894285714285714
S2324-G1132,4,LAC,34.0,21,0,120.0,1.5454545454545454,1.0472727272727274
S2324-G1133,1,IND,38.0,22,0,117.0,1.6521739130434783,1.108304347826087
S2324-G1133,1,MIA,24.0,21,0,115.0,1.0909090909090908,0.7695454545454544
S2324-G1133,2,IND,25.0,18,0,117.0,1.3157894736842106,0.9064736842105263
S2324-G1133,2,MIA,22.0,20,0,115.0,1.0476190476190477,0.7435714285714285
S2324-G1133,3,IND,28.0,22,0,117.0,1.2173913043478262,0.8474347826086956
S2324-G1133,3,MIA,32.0,24,0,115.0,1.28,0.883
S2324-G1133,4,IND,26.0,19,0,117.0,1.3,0.897
S2324-G1133,4,MIA,37.0,19,0,115.0,1.85,1.225
S2324-G1134,1,BOS,30.0,29,0,124.0,1.0,0.724
S2324-G1134,1,POR,24.0,28,0,107.0,0.8275862068965517,0.603551724137931
S2324-G1134,2,BOS,33.0,19,0,124.0,1.65,1.1139999999999999
S2324-G1134,2,POR,32.0,21,0,107.0,1.4545454545454546,0.9797272727272727
S2324-G1134,3,BOS,30.0,20,0,124.0,1.4285714285714286,0.9811428571428571
S2324-G1134,3,POR,29.0,19,0,107.0,1.45,0.977
S2324-G1134,4,BOS,31.0,27,0,124.0,1.1071428571428572,0.7882857142857143
S2324-G1134,4,POR,22.0,26,0,107.0,0.8148148148148148,0.5958888888888888
S2324-G1135,1,CHA,29.0,24,0,118.0,1.16,0.814
S2324-G1135,1,OKC,31.0,24,0,121.0,1.24,0.865
S2324-G1135,2,CHA,26.0,26,0,118.0,0.9629629629629629,0.6957777777777777
S2324-G1135,2,OKC,34.0,27,0,121.0,1.2142857142857142,0.8495714285714285
S2324-G1135,3,CHA,30.0,26,0,118.0,1.1111111111111112,0.7846666666666666
S2324-G1135,3,OKC,21.0,24,0,121.0,0.84,0.625
S2324-G1135,4,CHA,33.0,30,0,118.0,1.064516129032258,0.7567096774193548
S2324-G1135,4,OKC,35.0,26,0,121.0,1.2962962962962963,0.8987777777777778
S2324-G1136,1,CHI,14.0,20,0,98.0,0.6666666666666666,0.498
S2324-G1136,1,ORL,31.0,20,0,113.0,1.4761904761904763,0.9987142857142858
S2324-G1136,2,CHI,30.0,26,0,98.0,1.1111111111111112,0.7646666666666666
S2324-G1136,2,ORL,25.0,26,0,113.0,0.9259259259259259,0.6685555555555556
S2324-G1136,3,CHI,28.0,23,0,98.0,1.1666666666666667,0.798
S2324-G1136,3,ORL,33.0,27,0,113.0,1.1785714285714286,0.8201428571428572
S2324-G1136,4,CHI,26.0,25,0,98.0,1.0,0.698
S2324-G1136,4,ORL,24.0,24,0,113.0,0.96,0.689
S2324-G1137,1,TOR,42.0,31,0,130.0,1.3125,0.9175
S2324-G1137,1,WAS,17.0,25,0,122.0,0.6538461538461539,0.5143076923076924
S2324-G1137,2,TOR,21.0,23,0,130.0,0.875,0.655
S2324-G1137,2,WAS,33.0,24,0,122.0,1.32,0.914
S2324-G1137,3,TOR,36.0,25,0,130.0,1.3846153846153846,0.9607692307692307
S2324-G1137,3,WAS,37.0,27,0,122.0,1.3214285714285714,0.9148571428571428
S2324-G1137,4,TOR,31.0,22,0,130.0,1.3478260869565217,0.938695652173913
S2324-G1137,4,WAS,35.0,24,0,122.0,1.4,0.962
S2324-G1138,1,NOP,19.0,22,0,113.0,0.8260869565217391,0.6086521739130435
S2324-G1138,1,PHX,26.0,23,0,105.0,1.0833333333333333,0.7549999999999999
S2324-G1138,2,NOP,37.0,28,0,113.0,1.2758620689655173,0.8785172413793104
S2324-G1138,2,PHX,24.0,27,0,105.0,0.8571428571428571,0.6192857142857142
S2324-G1138,3,NOP,34.0,24,0,113.0,1.36,0.929
S2324-G1138,3,PHX,33.0,23,0,105.0,1.375,0.9299999999999999
S2324-G1138,4,NOP,23.0,21,0,113.0,1.0454545454545454,0.7402727272727272
S2324-G1138,4,PHX,22.0,20,0,105.0,1.0476190476190477,0.7335714285714285
S2324-G1139,1,MIL,31.0,21,0,109.0,1.4090909090909092,0.9544545454545454
S2324-G1139,1,NYK,25.0,23,0,122.0,1.0416666666666667,0.747
S2324-G1139,2,MIL,30.0,22,0,109.0,1.3043478260869565,0.8916086956521739
S2324-G1139,2,NYK,25.0,24,0,122.0,1.0,0.722
S2324-G1139,3,MIL,24.0,20,0,109.0,1.1428571428571428,0.7947142857142856
S2324-G1139,3,NYK,39.0,22,0,122.0,1.6956521739130435,1.1393913043478259
S2324-G1139,4,MIL,24.0,20,0,109.0,1.1428571428571428,0.7947142857142856
S2324-G1139,4,NYK,33.0,21,0,122.0,1.5,1.0219999999999998
S2324-G1140,1,PHI,31.0,21,0,133.0,1.4090909090909092,0.9784545454545455
S2324-G1140,1,SAS,24.0,20,0,126.0,1.1428571428571428,0.8117142857142856
S2324-G1140,2,PHI,23.0,24,0,133.0,0.92,0.685
S2324-G1140,2,SAS,40.0,27,0,126.0,1.4285714285714286,0.9831428571428571
S2324-G1140,3,PHI,19.0,22,0,133.0,0.8260869565217391,0.6286521739130435
S2324-G1140,3,SAS,16.0,20,0,126.0,0.7619047619047619,0.5831428571428571
S2324-G1140,4,PHI,38.0,28,0,133.0,1.3103448275862069,0.919206896551724
S2324-G1140,4,SAS,31.0,24,0,126.0,1.24,0.87
S2324-G1140,5,PHI,10.0,10,0,133.0,0.9090909090909091,0.6784545454545454
S2324-G1140,5,SAS,10.0,9,0,126.0,1.0,0.726
S2324-G1140,6,PHI,12.0,8,0,133.0,1.3333333333333333,0.9329999999999999
S2324-G1140,6,SAS,5.0,8,0,126.0,0.5555555555555556,0.4593333333333333
S2324-G1141,1,BKN,19.0,20,0,77.0,0.9047619047619048,0.6198571428571429
S2324-G1141,1,SAC,29.0,19,0,107.0,1.45,0.977
S2324-G1141,2,BKN,21.0,22,0,77.0,0.9130434782608695,0.6248260869565216
S2324-G1141,2,SAC,36.0,24,0,107.0,1.44,0.971
S2324-G1141,3,BKN,24.0,16,0,77.0,1.411764705882353,0.9240588235294118
S2324-G1141,3,SAC,13.0,19,0,107.0,0.65,0.497
S2324-G1141,4,BKN,13.0,22,0,77.0,0.5652173913043478,0.4161304347826087
S2324-G1141,4,SAC,29.0,26,0,107.0,1.0740740740740742,0.7514444444444445
S2324-G1142,1,GSW,41.0,26,0,118.0,1.5185185185185186,1.029111111111111
S2324-G1142,1,UTA,28.0,26,0,110.0,1.037037037037037,0.7322222222222221
S2324-G1142,2,GSW,27.0,20,0,118.0,1.2857142857142858,0.8894285714285715
S2324-G1142,2,UTA,26.0,19,0,110.0,1.3,0.89
S2324-G1142,3,GSW,29.0,27,0,118.0,1.0357142857142858,0.7394285714285714
S2324-G1142,3,UTA,23.0,24,0,110.0,0.92,0.662
S2324-G1142,4,GSW,21.0,27,0,118.0,0.75,0.568
S2324-G1142,4,UTA,33.0,22,0,110.0,1.434782608695652,0.9708695652173912
S2324-G1143,1,LAL,37.0,29,0,117.0,1.2333333333333334,0.857
S2324-G1143,1,MIN,33.0,28,0,127.0,1.1379310344827587,0.8097586206896552
S2324-G1143,2,LAL,27.0,25,0,117.0,1.0384615384615385,0.7400769230769231
S2324-G1143,2,MIN,46.0,29,0,127.0,1.5333333333333334,1.0470000000000002
S2324-G1143,3,LAL,28.0,20,0,117.0,1.3333333333333333,0.9169999999999999
S2324-G1143,3,MIN,23.0,22,0,127.0,1.0,0.727
S2324-G1143,4,LAL,25.0,26,0,117.0,0.9259259259259259,0.6725555555555556
S2324-G1143,4,MIN,25.0,25,0,127.0,0.9615384615384616,0.7039230769230769
S2324-G1144,1,CHA,18.0,21,0,104.0,0.8181818181818182,0.5949090909090909
S2324-G1144,1,DAL,36.0,22,0,130.0,1.565217391304348,1.0691304347826087
S2324-G1144,2,CHA,29.0,26,0,104.0,1.0740740740740742,0.7484444444444445
S2324-G1144,2,DAL,33.0,26,0,130.0,1.2222222222222223,0.8633333333333334
S2324-G1144,3,CHA,36.0,24,0,104.0,1.44,0.968
S2324-G1144,3,DAL,28.0,22,0,130.0,1.2173913043478262,0.8604347826086957
S2324-G1144,4,CHA,21.0,25,0,104.0,0.8076923076923077,0.5886153846153847
S2324-G1144,4,DAL,33.0,24,0,130.0,1.32,0.922
S2324-G1145,1,DET,22.0,20,0,102.0,1.0476190476190477,0.7305714285714285
S2324-G1145,1,PHI,30.0,21,0,120.0,1.3636363636363635,0.9381818181818181
S2324-G1145,2,DET,30.0,20,0,102.0,1.4285714285714286,0.9591428571428571
S2324-G1145,2,PHI,34.0,23,0,120.0,1.4166666666666667,0.97
S2324-G1145,3,DET,26.0,24,0,102.0,1.04,0.726
S2324-G1145,3,PHI,26.0,22,0,120.0,1.1304347826086956,0.7982608695652174
S2324-G1145,4,DET,24.0,21,0,102.0,1.0909090909090908,0.7565454545454544
S2324-G1145,4,PHI,30.0,20,0,120.0,1.4285714285714286,0.9771428571428571
S2324-G1146,1,IND,25.0,24,0,140.0,1.0,0.74
S2324-G1146,1,TOR,35.0,27,0,123.0,1.25,0.873
S2324-G1146,2,IND,40.0,27,0,140.0,1.4285714285714286,0.9971428571428571
S2324-G1146,2,TOR,29.0,26,0,123.0,1.0740740740740742,0.7674444444444445
S2324-G1146,3,IND,41.0,27,0,140.0,1.4642857142857142,1.0185714285714285
S2324-G1146,3,TOR,27.0,25,0,123.0,1.0384615384615385,0.7460769230769231
S2324-G1146,4,IND,34.0,29,0,140.0,1.1333333333333333,0.82
S2324-G1146,4,TOR,32.0,31,0,123.0,1.0,0.723
S2324-G1147,1,ATL,27.0,25,0,111.0,1.0384615384615385,0.7340769230769231
S2324-G1147,1,MIA,30.0,23,0,117.0,1.25,0.867
S2324-G1147,2,ATL,20.0,19,0,111.0,1.0,0.711
S2324-G1147,2,MIA,29.0,21,0,117.0,1.3181818181818181,0.9079090909090909
S2324-G1147,3,ATL,33.0,26,0,111.0,1.2222222222222223,0.8443333333333334
S2324-G1147,3,MIA,21.0,23,0,117.0,0.875,0.642
S2324-G1147,4,ATL,21.0,19,0,111.0,1.05,0.741
S2324-G1147,4,MIA,21.0,18,0,117.0,1.105263157894737,0.7801578947368422
S2324-G1147,5,ATL,6.0,7,0,111.0,0.75,0.5609999999999999
S2324-G1147,5,MIA,6.0,7,0,117.0,0.75,0.567
S2324-G1147,6,ATL,4.0,7,0,111.0,0.5,0.41100000000000003
S2324-G1147,6,MIA,10.0,6,0,117.0,1.4285714285714286,0.9741428571428571
S2324-G1148,1,BOS,21.0,28,0,91.0,0.7241379310344828,0.5254827586206896
S2324-G1148,1,MIL,37.0,25,0,104.0,1.4230769230769231,0.9578461538461538
S2324-G1148,2,BOS,22.0,23,0,91.0,0.9166666666666666,0.6409999999999999
S2324-G1148,2,MIL,26.0,23,0,104.0,1.0833333333333333,0.7539999999999999
S2324-G1148,3,BOS,24.0,21,0,91.0,1.0909090909090908,0.7455454545454544
S2324-G1148,3,MIL,15.0,17,0,104.0,0.8333333333333334,0.604
S2324-G1148,4,BOS,24.0,20,0,91.0,1.1428571428571428,0.7767142857142856
S2324-G1148,4,MIL,26.0,20,0,104.0,1.2380952380952381,0.8468571428571429
S2324-G1149,1,CHI,27.0,21,0,117.0,1.2272727272727273,0.8533636363636363
S2324-G1149,1,NYK,36.0,19,0,128.0,1.8,1.2080000000000002
S2324-G1149,2,CHI,35.0,23,0,117.0,1.4583333333333333,0.9919999999999999
S2324-G1149,2,NYK,32.0,22,0,128.0,1.391304347826087,0.9627826086956521
S2324-G1149,3,CHI,33.0,24,0,117.0,1.32,0.909
S2324-G1149,3,NYK,33.0,22,0,128.0,1.434782608695652,0.9888695652173912
S2324-G1149,4,CHI,22.0,23,0,117.0,0.9166666666666666,0.6669999999999999
S2324-G1149,4,NYK,27.0,26,0,128.0,1.0,0.728
S2324-G1150,1,HOU,36.0,25,0,118.0,1.3846153846153846,0.9487692307692307
S2324-G1150,1,ORL,25.0,23,0,106.0,1.0416666666666667,0.731
S2324-G1150,2,HOU,27.0,23,0,118.0,1.125,0.7929999999999999
S2324-G1150,2,ORL,26.0,22,0,106.0,1.1304347826086956,0.7842608695652173
S2324-G1150,3,HOU,34.0,23,0,118.0,1.4166666666666667,0.968
S2324-G1150,3,ORL,31.0,21,0,106.0,1.4090909090909092,0.9514545454545454
S2324-G1150,4,HOU,21.0,18,0,118.0,1.105263157894737,0.7811578947368422
S2324-G1150,4,ORL,24.0,21,0,106.0,1.0909090909090908,0.7605454545454544
S2324-G1151,1,MEM,25.0,23,0,87.0,1.0416666666666667,0.712
S2324-G1151,1,SAS,16.0,21,0,102.0,0.7272727272727273,0.5383636363636364
S2324-G1151,2,MEM,24.0,23,0,87.0,1.0,0.6869999999999999
S2324-G1151,2,SAS,32.0,22,0,102.0,1.391304347826087,0.9367826086956521
S2324-G1151,3,MEM,12.0,22,0,87.0,0.5217391304347826,0.40004347826086956
S2324-G1151,3,SAS,29.0,20,0,102.0,1.380952380952381,0.9305714285714285
S2324-G1151,4,MEM,26.0,23,0,87.0,1.0833333333333333,0.7369999999999999
S2324-G1151,4,SAS,25.0,22,0,102.0,1.0869565217391304,0.7541739130434781
S2324-G1152,1,MIN,26.0,24,0,130.0,1.04,0.754
S2324-G1152,1,WAS,44.0,25,0,121.0,1.6923076923076923,1.1363846153846153
S2324-G1152,2,MIN,34.0,23,0,130.0,1.4166666666666667,0.98
S2324-G1152,2,WAS,26.0,22,0,121.0,1.1304347826086956,0.7992608695652174
S2324-G1152,3,MIN,39.0,23,0,130.0,1.625,1.105
S2324-G1152,3,WAS,24.0,25,0,121.0,0.9230769230769231,0.6748461538461539
S2324-G1152,4,MIN,31.0,22,0,130.0,1.3478260869565217,0.938695652173913
S2324-G1152,4,WAS,27.0,23,0,121.0,1.125,0.7959999999999999
S2324-G1153,1,OKC,28.0,22,0,112.0,1.2173913043478262,0.8424347826086956
S2324-G1153,1,SAC,31.0,22,0,105.0,1.3478260869565217,0.913695652173913
S2324-G1153,2,OKC,17.0,21,0,112.0,0.7727272727272727,0.5756363636363636
S2324-G1153,2,SAC,33.0,21,0,105.0,1.5,1.005
S2324-G1153,3,OKC,39.0,28,0,112.0,1.3448275862068966,0.9188965517241379
S2324-G1153,3,SAC,23.0,29,0,105.0,0.7666666666666667,0.5650000000000001
S2324-G1153,4,OKC,28.0,22,0,112.0,1.2173913043478262,0.8424347826086956
S2324-G1153,4,SAC,18.0,23,0,105.0,0.75,0.5549999999999999
S2324-G1154,1,DEN,34.0,26,0,111.0,1.2592592592592593,0.8665555555555555
S2324-G1154,1,UTA,17.0,24,0,95.0,0.68,0.503
S2324-G1154,2,DEN,31.0,26,0,111.0,1.1481481481481481,0.7998888888888889
S2324-G1154,2,UTA,36.0,26,0,95.0,1.3333333333333333,0.8949999999999999
S2324-G1154,3,DEN,22.0,23,0,111.0,0.9166666666666666,0.6609999999999999
S2324-G1154,3,UTA,27.0,24,0,95.0,1.08,0.743
S2324-G1154,4,DEN,24.0,15,0,111.0,1.5,1.011
S2324-G1154,4,UTA,15.0,17,0,95.0,0.8333333333333334,0.595
S2324-G1155,1,GSW,38.0,23,0,134.0,1.5833333333333333,1.084
S2324-G1155,1,LAL,29.0,24,0,120.0,1.16,0.816
S2324-G1155,2,GSW,33.0,23,0,134.0,1.375,0.959
S2324-G1155,2,LAL,31.0,24,0,120.0,1.24,0.864
S2324-G1155,3,GSW,35.0,26,0,134.0,1.2962962962962963,0.9117777777777778
S2324-G1155,3,LAL,29.0,23,0,120.0,1.2083333333333333,0.845
S2324-G1155,4,GSW,28.0,22,0,134.0,1.2173913043478262,0.8644347826086957
S2324-G1155,4,LAL,31.0,23,0,120.0,1.2916666666666667,0.895
S2324-G1156,1,LAC,37.0,26,0,105.0,1.3703703703703705,0.9272222222222223
S2324-G1156,1,PHX,10.0,24,0,92.0,0.4,0.332
S2324-G1156,2,LAC,29.0,22,0,105.0,1.2608695652173914,0.8615217391304347
S2324-G1156,2,PHX,23.0,23,0,92.0,0.9583333333333334,0.6669999999999999
S2324-G1156,3,LAC,18.0,21,0,105.0,0.8181818181818182,0.5959090909090909
S2324-G1156,3,PHX,35.0,23,0,92.0,1.4583333333333333,0.9669999999999999
S2324-G1156,4,LAC,21.0,20,0,105.0,1.0,0.705
S2324-G1156,4,PHX,24.0,22,0,92.0,1.0434782608695652,0.718086956521739
S2324-G1157,1,NOP,28.0,24,0,110.0,1.12,0.782
S2324-G1157,1,POR,27.0,28,0,100.0,0.9310344827586207,0.6586206896551724
S2324-G1157,2,NOP,24.0,22,0,110.0,1.0434782608695652,0.736086956521739
S2324-G1157,2,POR,28.0,20,0,100.0,1.3333333333333333,0.8999999999999999
S2324-G1157,3,NOP,35.0,25,0,110.0,1.3461538461538463,0.9176923076923077
S2324-G1157,3,POR,23.0,22,0,100.0,1.0,0.7
S2324-G1157,4,NOP,23.0,19,0,110.0,1.15,0.7999999999999999
S2324-G1157,4,POR,22.0,21,0,100.0,1.0,0.7
S2324-G1158,1,CLE,32.0,22,0,110.0,1.391304347826087,0.9447826086956521
S2324-G1158,1,MEM,29.0,20,0,98.0,1.380952380952381,0.9265714285714285
S2324-G1158,2,CLE,16.0,18,0,110.0,0.8421052631578947,0.6152631578947367
S2324-G1158,2,MEM,22.0,19,0,98.0,1.1,0.758
S2324-G1158,3,CLE,30.0,22,0,110.0,1.3043478260869565,0.8926086956521739
S2324-G1158,3,MEM,16.0,22,0,98.0,0.6956521739130435,0.5153913043478261
S2324-G1158,4,CLE,32.0,24,0,110.0,1.28,0.878
S2324-G1158,4,MEM,31.0,26,0,98.0,1.1481481481481481,0.7868888888888889
S2324-G1159,1,ATL,35.0,24,0,114.0,1.4,0.954
S2324-G1159,1,CHA,30.0,24,0,115.0,1.2,0.835
S2324-G1159,2,ATL,26.0,22,0,114.0,1.1304347826086956,0.7922608695652174
S2324-G1159,2,CHA,25.0,22,0,115.0,1.0869565217391304,0.7671739130434782
S2324-G1159,3,ATL,31.0,23,0,114.0,1.2916666666666667,0.889
S2324-G1159,3,CHA,22.0,20,0,115.0,1.0476190476190477,0.7435714285714285
S2324-G1159,4,ATL,22.0,23,0,114.0,0.9166666666666666,0.6639999999999999
S2324-G1159,4,CHA,38.0,26,0,115.0,1.4074074074074074,0.9594444444444444
S2324-G1160,1,BKN,27.0,23,0,106.0,1.125,0.7809999999999999
S2324-G1160,1,TOR,27.0,22,0,102.0,1.173913043478261,0.8063478260869565
S2324-G1160,2,BKN,26.0,23,0,106.0,1.0833333333333333,0.7559999999999999
S2324-G1160,2,TOR,27.0,22,0,102.0,1.173913043478261,0.8063478260869565
S2324-G1160,3,BKN,24.0,23,0,106.0,1.0,0.706
S2324-G1160,3,TOR,26.0,21,0,102.0,1.1818181818181819,0.8110909090909091
S2324-G1160,4,BKN,29.0,20,0,106.0,1.380952380952381,0.9345714285714285
S2324-G1160,4,TOR,22.0,21,0,102.0,1.0,0.702
S2324-G1161,1,DAL,33.0,20,0,111.0,1.5714285714285714,1.0538571428571428
S2324-G1161,1,MIA,24.0,22,0,92.0,1.0434782608695652,0.718086956521739
S2324-G1161,2,DAL,36.0,22,0,111.0,1.565217391304348,1.0501304347826088
S2324-G1161,2,MIA,23.0,20,0,92.0,1.0952380952380953,0.7491428571428571
S2324-G1161,3,DAL,19.0,22,0,111.0,0.8260869565217391,0.6066521739130435
S2324-G1161,3,MIA,27.0,19,0,92.0,1.35,0.902
S2324-G1161,4,DAL,23.0,22,0,111.0,1.0,0.711
S2324-G1161,4,MIA,18.0,25,0,92.0,0.6923076923076923,0.5073846153846153
S2324-G1162,1,MIL,27.0,26,0,117.0,1.0,0.717
S2324-G1162,1,ORL,23.0,22,0,99.0,1.0,0.699
S2324-G1162,2,MIL,37.0,24,0,117.0,1.48,1.005
S2324-G1162,2,ORL,27.0,24,0,99.0,1.08,0.747
S2324-G1162,3,MIL,32.0,21,0,117.0,1.4545454545454546,0.9897272727272727
S2324-G1162,3,ORL,27.0,21,0,99.0,1.2272727272727273,0.8353636363636363
S2324-G1162,4,MIL,21.0,19,0,117.0,1.05,0.747
S2324-G1162,4,ORL,22.0,22,0,99.0,0.9565217391304348,0.6729130434782609
S2324-G1163,1,OKC,34.0,20,0,127.0,1.619047619047619,1.0984285714285713
S2324-G1163,1,SAS,11.0,18,0,89.0,0.5789473684210527,0.4363684210526316
S2324-G1163,2,OKC,34.0,27,0,127.0,1.2142857142857142,0.8555714285714285
S2324-G1163,2,SAS,24.0,26,0,89.0,0.8888888888888888,0.6223333333333333
S2324-G1163,3,OKC,30.0,26,0,127.0,1.1111111111111112,0.7936666666666666
S2324-G1163,3,SAS,29.0,24,0,89.0,1.16,0.7849999999999999
S2324-G1163,4,OKC,29.0,18,0,127.0,1.5263157894736843,1.0427894736842105
S2324-G1163,4,SAS,25.0,20,0,89.0,1.1904761904761905,0.8032857142857143
S2324-G1164,1,DEN,26.0,21,0,116.0,1.1818181818181819,0.8250909090909091
S2324-G1164,1,MIN,28.0,23,0,107.0,1.1666666666666667,0.807
S2324-G1164,2,DEN,23.0,27,0,116.0,0.8214285714285714,0.6088571428571428
S2324-G1164,2,MIN,24.0,24,0,107.0,0.96,0.6829999999999999
S2324-G1164,3,DEN,34.0,21,0,116.0,1.5454545454545454,1.0432727272727274
S2324-G1164,3,MIN,28.0,20,0,107.0,1.3333333333333333,0.9069999999999999
S2324-G1164,4,DEN,33.0,21,0,116.0,1.5,1.016
S2324-G1164,4,MIN,27.0,25,0,107.0,1.0384615384615385,0.7300769230769231
S2324-G1165,1,LAC,27.0,19,0,108.0,1.35,0.918
S2324-G1165,1,PHX,28.0,20,0,124.0,1.3333333333333333,0.9239999999999999
S2324-G1165,2,LAC,29.0,26,0,108.0,1.0740740740740742,0.7524444444444445
S2324-G1165,2,PHX,27.0,24,0,124.0,1.08,0.772
S2324-G1165,3,LAC,37.0,26,0,108.0,1.3703703703703705,0.9302222222222223
S2324-G1165,3,PHX,37.0,29,0,124.0,1.2333333333333334,0.864
S2324-G1165,4,LAC,15.0,24,0,108.0,0.6,0.46799999999999997
S2324-G1165,4,PHX,32.0,23,0,124.0,1.3333333333333333,0.9239999999999999
S2324-G1166,1,CHI,31.0,27,0,127.0,1.1071428571428572,0.7912857142857143
S2324-G1166,1,DET,30.0,24,0,105.0,1.2,0.825
S2324-G1166,2,CHI,33.0,29,0,127.0,1.1,0.787
S2324-G1166,2,DET,25.0,28,0,105.0,0.8620689655172413,0.6222413793103447
S2324-G1166,3,CHI,35.0,23,0,127.0,1.4583333333333333,1.0019999999999998
S2324-G1166,3,DET,25.0,19,0,105.0,1.25,0.855
S2324-G1166,4,CHI,28.0,23,0,127.0,1.1666666666666667,0.8270000000000001
S2324-G1166,4,DET,25.0,21,0,105.0,1.1363636363636365,0.7868181818181819
S2324-G1167,1,BOS,29.0,24,0,109.0,1.16,0.8049999999999999
S2324-G1167,1,NYK,32.0,29,0,118.0,1.0666666666666667,0.758
S2324-G1167,2,BOS,19.0,19,0,109.0,0.95,0.6789999999999999
S2324-G1167,2,NYK,37.0,20,0,118.0,1.7619047619047619,1.1751428571428573
S2324-G1167,3,BOS,23.0,26,0,109.0,0.8518518518518519,0.6201111111111111
S2324-G1167,3,NYK,31.0,24,0,118.0,1.24,0.862
S2324-G1167,4,BOS,38.0,26,0,109.0,1.4074074074074074,0.9534444444444444
S2324-G1167,4,NYK,18.0,21,0,118.0,0.8181818181818182,0.6089090909090908
S2324-G1168,1,HOU,38.0,23,0,121.0,1.5833333333333333,1.071
S2324-G1168,1,UTA,28.0,25,0,124.0,1.0769230769230769,0.7701538461538461
S2324-G1168,2,HOU,29.0,24,0,121.0,1.16,0.817
S2324-G1168,2,UTA,36.0,23,0,124.0,1.5,1.024
S2324-G1168,3,HOU,29.0,23,0,121.0,1.2083333333333333,0.846
S2324-G1168,3,UTA,34.0,24,0,124.0,1.36,0.9400000000000001
S2324-G1168,4,HOU,25.0,20,0,121.0,1.1904761904761905,0.8352857142857143
S2324-G1168,4,UTA,26.0,18,0,124.0,1.368421052631579,0.9450526315789474
S2324-G1169,1,GSW,24.0,22,0,100.0,1.0434782608695652,0.726086956521739
S2324-G1169,1,POR,22.0,24,0,92.0,0.88,0.62
S2324-G1169,2,GSW,25.0,21,0,100.0,1.1363636363636365,0.7818181818181819
S2324-G1169,2,POR,24.0,22,0,92.0,1.0434782608695652,0.718086956521739
S2324-G1169,3,GSW,26.0,24,0,100.0,1.04,0.724
S2324-G1169,3,POR,28.0,22,0,92.0,1.2173913043478262,0.8224347826086956
S2324-G1169,4,GSW,25.0,23,0,100.0,1.0416666666666667,0.725
S2324-G1169,4,POR,18.0,22,0,92.0,0.782608695652174,0.5615652173913044
S2324-G1170,1,NOP,34.0,21,0,135.0,1.5454545454545454,1.0622727272727273
S2324-G1170,1,SAC,23.0,24,0,123.0,0.92,0.675
S2324-G1170,2,NOP,30.0,26,0,135.0,1.1111111111111112,0.8016666666666666
S2324-G1170,2,SAC,35.0,27,0,123.0,1.25,0.873
S2324-G1170,3,NOP,34.0,23,0,135.0,1.4166666666666667,0.985
S2324-G1170,3,SAC,31.0,26,0,123.0,1.1481481481481481,0.8118888888888889
S2324-G1170,4,NOP,37.0,26,0,135.0,1.3703703703703705,0.9572222222222223
S2324-G1170,4,SAC,34.0,24,0,123.0,1.36,0.9390000000000001
S2324-G1171,1,ORL,27.0,24,0,113.0,1.08,0.761
S2324-G1171,1,PHI,40.0,22,0,125.0,1.7391304347826086,1.1684782608695652
S2324-G1171,2,ORL,34.0,23,0,113.0,1.4166666666666667,0.963
S2324-G1171,2,PHI,28.0,27,0,125.0,1.0,0.725
S2324-G1171,3,ORL,22.0,21,0,113.0,1.0,0.713
S2324-G1171,3,PHI,28.0,21,0,125.0,1.2727272727272727,0.8886363636363636
S2324-G1171,4,ORL,30.0,23,0,113.0,1.25,0.863
S2324-G1171,4,PHI,29.0,24,0,125.0,1.16,0.821
S2324-G1172,1,CHI,33.0,22,0,129.0,1.434782608695652,0.9898695652173912
S2324-G1172,1,WAS,40.0,24,0,127.0,1.6,1.087
S2324-G1172,2,CHI,32.0,26,0,129.0,1.1851851851851851,0.840111111111111
S2324-G1172,2,WAS,22.0,25,0,127.0,0.8461538461538461,0.6346923076923077
S2324-G1172,3,CHI,33.0,28,0,129.0,1.1379310344827587,0.8117586206896552
S2324-G1172,3,WAS,33.0,27,0,127.0,1.1785714285714286,0.8341428571428572
S2324-G1172,4,CHI,31.0,24,0,129.0,1.24,0.873
S2324-G1172,4,WAS,32.0,24,0,127.0,1.28,0.895
S2324-G1173,1,BOS,30.0,21,0,131.0,1.3636363636363635,0.9491818181818181
S2324-G1173,1,CHA,24.0,23,0,98.0,1.0,0.698
S2324-G1173,2,BOS,39.0,28,0,131.0,1.3448275862068966,0.9378965517241379
S2324-G1173,2,CHA,19.0,25,0,98.0,0.7307692307692307,0.5364615384615384
S2324-G1173,3,BOS,25.0,19,0,131.0,1.25,0.881
S2324-G1173,3,CHA,33.0,19,0,98.0,1.65,1.0879999999999999
S2324-G1173,4,BOS,37.0,25,0,131.0,1.4230769230769231,0.9848461538461538
S2324-G1173,4,CHA,22.0,25,0,98.0,0.8461538461538461,0.6056923076923076
S2324-G1174,1,CLE,35.0,26,0,129.0,1.2962962962962963,0.9067777777777778
S2324-G1174,1,IND,26.0,27,0,120.0,0.9285714285714286,0.6771428571428572
S2324-G1174,2,CLE,35.0,26,0,129.0,1.2962962962962963,0.9067777777777778
S2324-G1174,2,IND,33.0,26,0,120.0,1.2222222222222223,0.8533333333333334
S2324-G1174,3,CLE,27.0,24,0,129.0,1.08,0.777
S2324-G1174,3,IND,35.0,24,0,120.0,1.4,0.96
S2324-G1174,4,CLE,32.0,21,0,129.0,1.4545454545454546,1.0017272727272726
S2324-G1174,4,IND,26.0,20,0,120.0,1.2380952380952381,0.8628571428571429
S2324-G1175,1,BKN,30.0,17,0,107.0,1.6666666666666667,1.107
S2324-G1175,1,NYK,14.0,17,0,111.0,0.7777777777777778,0.5776666666666667
S2324-G1175,2,BKN,33.0,21,0,107.0,1.5,1.007
S2324-G1175,2,NYK,40.0,26,0,111.0,1.4814814814814814,0.9998888888888888
S2324-G1175,3,BKN,13.0,20,0,107.0,0.6190476190476191,0.4784285714285714
S2324-G1175,3,NYK,30.0,21,0,111.0,1.3636363636363635,0.9291818181818181
S2324-G1175,4,BKN,31.0,19,0,107.0,1.55,1.037
S2324-G1175,4,NYK,27.0,23,0,111.0,1.125,0.7859999999999999
S2324-G1176,1,MIA,33.0,20,0,125.0,1.5714285714285714,1.0678571428571428
S2324-G1176,1,TOR,22.0,17,0,103.0,1.2222222222222223,0.8363333333333334
S2324-G1176,2,MIA,33.0,22,0,125.0,1.434782608695652,0.9858695652173912
S2324-G1176,2,TOR,28.0,21,0,103.0,1.2727272727272727,0.8666363636363635
S2324-G1176,3,MIA,26.0,19,0,125.0,1.3,0.905
S2324-G1176,3,TOR,25.0,21,0,103.0,1.1363636363636365,0.7848181818181819
S2324-G1176,4,MIA,33.0,22,0,125.0,1.434782608695652,0.9858695652173912
S2324-G1176,4,TOR,28.0,22,0,103.0,1.2173913043478262,0.8334347826086956
S2324-G1177,1,LAL,34.0,23,0,123.0,1.4166666666666667,0.973
S2324-G1177,1,MEM,26.0,28,0,120.0,0.896551724137931,0.6579310344827586
S2324-G1177,2,LAL,34.0,25,0,123.0,1.3076923076923077,0.9076153846153846
S2324-G1177,2,MEM,38.0,28,0,120.0,1.3103448275862069,0.906206896551724
S2324-G1177,3,LAL,30.0,26,0,123.0,1.1111111111111112,0.7896666666666666
S2324-G1177,3,MEM,33.0,29,0,120.0,1.1,0.78
S2324-G1177,4,LAL,25.0,21,0,123.0,1.1363636363636365,0.8048181818181819
S2324-G1177,4,MEM,23.0,23,0,120.0,0.9583333333333334,0.695
S2324-G1178,1,ATL,27.0,22,0,106.0,1.173913043478261,0.8103478260869565
S2324-G1178,1,MIN,25.0,23,0,109.0,1.0416666666666667,0.734
S2324-G1178,2,ATL,20.0,25,0,106.0,0.7692307692307693,0.5675384615384615
S2324-G1178,2,MIN,31.0,24,0,109.0,1.24,0.853
S2324-G1178,3,ATL,33.0,17,0,106.0,1.8333333333333333,1.206
S2324-G1178,3,MIN,24.0,16,0,109.0,1.411764705882353,0.9560588235294117
S2324-G1178,4,ATL,26.0,25,0,106.0,1.0,0.706
S2324-G1178,4,MIN,29.0,29,0,109.0,0.9666666666666667,0.689
S2324-G1179,1,MIL,34.0,23,0,107.0,1.4166666666666667,0.957
S2324-G1179,1,OKC,41.0,26,0,125.0,1.5185185185185186,1.036111111111111
S2324-G1179,2,MIL,18.0,28,0,107.0,0.6206896551724138,0.47941379310344834
S2324-G1179,2,OKC,28.0,29,0,125.0,0.9333333333333333,0.6849999999999999
S2324-G1179,3,MIL,31.0,20,0,107.0,1.4761904761904763,0.9927142857142858
S2324-G1179,3,OKC,26.0,20,0,125.0,1.2380952380952381,0.8678571428571429
S2324-G1179,4,MIL,24.0,30,0,107.0,0.7741935483870968,0.571516129032258
S2324-G1179,4,OKC,30.0,26,0,125.0,1.1111111111111112,0.7916666666666666
S2324-G1180,1,DEN,31.0,29,0,120.0,1.0333333333333334,0.74
S2324-G1180,1,SAS,32.0,25,0,121.0,1.2307692307692308,0.8594615384615385
S2324-G1180,2,DEN,37.0,25,0,120.0,1.4230769230769231,0.9738461538461538
S2324-G1180,2,SAS,18.0,24,0,121.0,0.72,0.5529999999999999
S2324-G1180,3,DEN,32.0,27,0,120.0,1.1428571428571428,0.8057142857142856
S2324-G1180,3,SAS,37.0,26,0,121.0,1.3703703703703705,0.9432222222222223
S2324-G1180,4,DEN,20.0,22,0,120.0,0.8695652173913043,0.6417391304347826
S2324-G1180,4,SAS,34.0,24,0,121.0,1.36,0.937
S2324-G1181,1,DAL,21.0,25,0,89.0,0.8076923076923077,0.5736153846153846
S2324-G1181,1,DET,27.0,23,0,107.0,1.125,0.7819999999999999
S2324-G1181,2,DAL,25.0,23,0,89.0,1.0416666666666667,0.714
S2324-G1181,2,DET,26.0,26,0,107.0,0.9629629629629629,0.6847777777777777
S2324-G1181,3,DAL,22.0,25,0,89.0,0.8461538461538461,0.5966923076923076
S2324-G1181,3,DET,27.0,21,0,107.0,1.2272727272727273,0.8433636363636363
S2324-G1181,4,DAL,21.0,18,0,89.0,1.105263157894737,0.7521578947368421
S2324-G1181,4,DET,27.0,21,0,107.0,1.2272727272727273,0.8433636363636363
S2324-G1182,1,GSW,26.0,20,0,109.0,1.2380952380952381,0.8518571428571429
S2324-G1182,1,NOP,17.0,17,0,114.0,0.9444444444444444,0.6806666666666666
S2324-G1182,2,GSW,22.0,28,0,109.0,0.7586206896551724,0.5641724137931035
S2324-G1182,2,NOP,45.0,27,0,114.0,1.6071428571428572,1.0782857142857143
S2324-G1182,3,GSW,27.0,20,0,109.0,1.2857142857142858,0.8804285714285714
S2324-G1182,3,NOP,26.0,17,0,114.0,1.4444444444444444,0.9806666666666666
S2324-G1182,4,GSW,34.0,23,0,109.0,1.4166666666666667,0.959
S2324-G1182,4,NOP,26.0,25,0,114.0,1.0,0.714
S2324-G1183,1,HOU,23.0,20,0,116.0,1.0952380952380953,0.7731428571428571
S2324-G1183,1,POR,24.0,22,0,107.0,1.0434782608695652,0.733086956521739
S2324-G1183,2,HOU,31.0,22,0,116.0,1.3478260869565217,0.924695652173913
S2324-G1183,2,POR,16.0,21,0,107.0,0.7272727272727273,0.5433636363636364
S2324-G1183,3,HOU,30.0,22,0,116.0,1.3043478260869565,0.8986086956521739
S2324-G1183,3,POR,35.0,20,0,107.0,1.6666666666666667,1.107
S2324-G1183,4,HOU,32.0,19,0,116.0,1.6,1.076
S2324-G1183,4,POR,32.0,20,0,107.0,1.5238095238095237,1.0212857142857141
S2324-G1184,1,LAC,38.0,29,0,109.0,1.2666666666666666,0.8689999999999999
S2324-G1184,1,UTA,27.0,27,0,110.0,0.9642857142857143,0.6885714285714285
S2324-G1184,2,LAC,22.0,21,0,109.0,1.0,0.709
S2324-G1184,2,UTA,34.0,20,0,110.0,1.619047619047619,1.0814285714285714
S2324-G1184,3,LAC,25.0,22,0,109.0,1.0869565217391304,0.7611739130434781
S2324-G1184,3,UTA,25.0,22,0,110.0,1.0869565217391304,0.7621739130434781
S2324-G1184,4,LAC,24.0,26,0,109.0,0.8888888888888888,0.6423333333333333
S2324-G1184,4,UTA,24.0,26,0,110.0,0.8888888888888888,0.6433333333333333
S2324-G1185,1,PHX,22.0,23,0,108.0,0.9166666666666666,0.6579999999999999
S2324-G1185,1,SAC,27.0,24,0,107.0,1.08,0.755
S2324-G1185,2,PHX,23.0,20,0,108.0,1.0952380952380953,0.7651428571428571
S2324-G1185,2,SAC,27.0,24,0,107.0,1.08,0.755
S2324-G1185,3,PHX,33.0,23,0,108.0,1.375,0.9329999999999999
S2324-G1185,3,SAC,31.0,28,0,107.0,1.0689655172413792,0.7483793103448275
S2324-G1185,4,PHX,30.0,18,0,108.0,1.5789473684210527,1.0553684210526315
S2324-G1185,4,SAC,22.0,18,0,107.0,1.1578947368421053,0.8017368421052632
S2324-G1186,1,BOS,34.0,24,0,132.0,1.36,0.9480000000000001
S2324-G1186,1,WAS,30.0,23,0,122.0,1.25,0.872
S2324-G1186,2,BOS,35.0,26,0,132.0,1.2962962962962963,0.9097777777777778
S2324-G1186,2,WAS,29.0,26,0,122.0,1.0740740740740742,0.7664444444444445
S2324-G1186,3,BOS,38.0,26,0,132.0,1.4074074074074074,0.9764444444444444
S2324-G1186,3,WAS,30.0,24,0,122.0,1.2,0.842
S2324-G1186,4,BOS,25.0,26,0,132.0,0.9259259259259259,0.6875555555555556
S2324-G1186,4,WAS,33.0,29,0,122.0,1.1,0.782
S2324-G1187,1,CHA,24.0,21,0,120.0,1.0909090909090908,0.7745454545454544
S2324-G1187,1,CLE,33.0,23,0,110.0,1.375,0.9349999999999999
S2324-G1187,2,CHA,33.0,27,0,120.0,1.1785714285714286,0.8271428571428572
S2324-G1187,2,CLE,25.0,20,0,110.0,1.1904761904761905,0.8242857142857143
S2324-G1187,3,CHA,31.0,26,0,120.0,1.1481481481481481,0.8088888888888889
S2324-G1187,3,CLE,38.0,27,0,110.0,1.3571428571428572,0.9242857142857143
S2324-G1187,4,CHA,32.0,21,0,120.0,1.4545454545454546,0.9927272727272727
S2324-G1187,4,CLE,14.0,20,0,110.0,0.6666666666666666,0.51
S2324-G1188,1,ATL,34.0,29,0,115.0,1.1333333333333333,0.7949999999999999
S2324-G1188,1,IND,49.0,33,0,157.0,1.4411764705882353,1.0217058823529412
S2324-G1188,2,ATL,38.0,27,0,115.0,1.3571428571428572,0.9292857142857143
S2324-G1188,2,IND,37.0,27,0,157.0,1.3214285714285714,0.9498571428571428
S2324-G1188,3,ATL,21.0,26,0,115.0,0.7777777777777778,0.5816666666666667
S2324-G1188,3,IND,39.0,29,0,157.0,1.3,0.937
S2324-G1188,4,ATL,22.0,23,0,115.0,0.9166666666666666,0.6649999999999999
S2324-G1188,4,IND,32.0,25,0,157.0,1.2307692307692308,0.8954615384615385
S2324-G1189,1,MIA,24.0,25,0,118.0,0.9230769230769231,0.6718461538461539
S2324-G1189,1,TOR,24.0,22,0,103.0,1.0434782608695652,0.729086956521739
S2324-G1189,2,MIA,43.0,30,0,118.0,1.3870967741935485,0.950258064516129
S2324-G1189,2,TOR,22.0,32,0,103.0,0.6666666666666666,0.503
S2324-G1189,3,MIA,27.0,27,0,118.0,0.9642857142857143,0.6965714285714285
S2324-G1189,3,TOR,25.0,27,0,103.0,0.8928571428571429,0.6387142857142857
S2324-G1189,4,MIA,24.0,21,0,118.0,1.0909090909090908,0.7725454545454544
S2324-G1189,4,TOR,32.0,21,0,103.0,1.4545454545454546,0.9757272727272727
S2324-G1190,1,CHI,28.0,27,0,119.0,1.0,0.719
S2324-G1190,1,NYK,29.0,28,0,120.0,1.0,0.72
S2324-G1190,2,CHI,19.0,24,0,119.0,0.76,0.575
S2324-G1190,2,NYK,21.0,22,0,120.0,0.9130434782608695,0.6678260869565217
S2324-G1190,3,CHI,35.0,24,0,119.0,1.4,0.959
S2324-G1190,3,NYK,26.0,25,0,120.0,1.0,0.72
S2324-G1190,4,CHI,27.0,21,0,119.0,1.2272727272727273,0.8553636363636363
S2324-G1190,4,NYK,33.0,22,0,120.0,1.434782608695652,0.9808695652173912
S2324-G1190,5,CHI,10.0,12,0,119.0,0.7692307692307693,0.5805384615384616
S2324-G1190,5,NYK,11.0,14,0,120.0,0.7333333333333333,0.5599999999999999
S2324-G1191,1,MIL,30.0,21,0,88.0,1.3636363636363635,0.9061818181818181
S2324-G1191,1,ORL,22.0,19,0,113.0,1.1,0.773
S2324-G1191,2,MIL,12.0,21,0,88.0,0.5454545454545454,0.41527272727272724
S2324-G1191,2,ORL,25.0,20,0,113.0,1.1904761904761905,0.8272857142857143
S2324-G1191,3,MIL,29.0,19,0,88.0,1.45,0.958
S2324-G1191,3,ORL,33.0,22,0,113.0,1.434782608695652,0.9738695652173912
S2324-G1191,4,MIL,17.0,25,0,88.0,0.6538461538461539,0.4803076923076923
S2324-G1191,4,ORL,33.0,23,0,113.0,1.375,0.938
S2324-G1192,1,BKN,23.0,19,0,86.0,1.15,0.7759999999999999
S2324-G1192,1,PHI,22.0,19,0,107.0,1.1,0.767
S2324-G1192,2,BKN,21.0,23,0,86.0,0.875,0.611
S2324-G1192,2,PHI,33.0,22,0,107.0,1.434782608695652,0.9678695652173912
S2324-G1192,3,BKN,20.0,20,0,86.0,0.9523809523809523,0.6574285714285714
S2324-G1192,3,PHI,26.0,20,0,107.0,1.2380952380952381,0.8498571428571429
S2324-G1192,4,BKN,22.0,26,0,86.0,0.8148148148148148,0.5748888888888888
S2324-G1192,4,PHI,26.0,25,0,107.0,1.0,0.707
S2324-G1193,1,DEN,29.0,26,0,126.0,1.0740740740740742,0.7704444444444445
S2324-G1193,1,MEM,26.0,26,0,111.0,0.9629629629629629,0.6887777777777777
S2324-G1193,2,DEN,37.0,27,0,126.0,1.3214285714285714,0.9188571428571428
S2324-G1193,2,MEM,28.0,24,0,111.0,1.12,0.783
S2324-G1193,3,DEN,28.0,24,0,126.0,1.12,0.798
S2324-G1193,3,MEM,21.0,26,0,111.0,0.7777777777777778,0.5776666666666667
S2324-G1193,4,DEN,32.0,26,0,126.0,1.1851851851851851,0.837111111111111
S2324-G1193,4,MEM,36.0,23,0,111.0,1.5,1.011
S2324-G1194,1,MIN,22.0,28,0,106.0,0.7586206896551724,0.5611724137931035
S2324-G1194,1,PHX,44.0,29,0,125.0,1.4666666666666666,1.005
S2324-G1194,2,MIN,31.0,26,0,106.0,1.1481481481481481,0.7948888888888889
S2324-G1194,2,PHX,22.0,26,0,125.0,0.8148148148148148,0.6138888888888888
S2324-G1194,3,MIN,25.0,21,0,106.0,1.1363636363636365,0.7878181818181819
S2324-G1194,3,PHX,23.0,19,0,125.0,1.15,0.815
S2324-G1194,4,MIN,28.0,24,0,106.0,1.12,0.778
S2324-G1194,4,PHX,36.0,22,0,125.0,1.565217391304348,1.0641304347826086
S2324-G1195,1,LAL,30.0,26,0,124.0,1.1111111111111112,0.7906666666666666
S2324-G1195,1,NOP,24.0,22,0,108.0,1.0434782608695652,0.734086956521739
S2324-G1195,2,LAL,40.0,30,0,124.0,1.2903225806451613,0.8981935483870968
S2324-G1195,2,NOP,29.0,27,0,108.0,1.0357142857142858,0.7294285714285714
S2324-G1195,3,LAL,29.0,23,0,124.0,1.2083333333333333,0.849
S2324-G1195,3,NOP,24.0,25,0,108.0,0.9230769230769231,0.6618461538461539
S2324-G1195,4,LAL,25.0,27,0,124.0,0.8928571428571429,0.6597142857142857
S2324-G1195,4,NOP,31.0,24,0,108.0,1.24,0.852
S2324-G1196,1,DAL,22.0,24,0,86.0,0.88,0.614
S2324-G1196,1,OKC,39.0,28,0,135.0,1.3448275862068966,0.9418965517241379
S2324-G1196,2,DAL,19.0,27,0,86.0,0.6785714285714286,0.49314285714285716
S2324-G1196,2,OKC,43.0,26,0,135.0,1.5925925925925926,1.0905555555555555
S2324-G1196,3,DAL,16.0,23,0,86.0,0.6666666666666666,0.486
S2324-G1196,3,OKC,26.0,21,0,135.0,1.1818181818181819,0.8440909090909091
S2324-G1196,4,DAL,29.0,24,0,86.0,1.16,0.7819999999999999
S2324-G1196,4,OKC,27.0,23,0,135.0,1.125,0.8099999999999999
S2324-G1197,1,DET,23.0,25,0,95.0,0.8846153846153846,0.6257692307692307
S2324-G1197,1,SAS,29.0,28,0,123.0,1.0,0.723
S2324-G1197,2,DET,17.0,24,0,95.0,0.68,0.503
S2324-G1197,2,SAS,34.0,24,0,123.0,1.36,0.9390000000000001
S2324-G1197,3,DET,23.0,25,0,95.0,0.8846153846153846,0.6257692307692307
S2324-G1197,3,SAS,30.0,26,0,123.0,1.1111111111111112,0.7896666666666666
S2324-G1197,4,DET,32.0,20,0,95.0,1.5238095238095237,1.0092857142857141
S2324-G1197,4,SAS,30.0,21,0,123.0,1.3636363636363635,0.9411818181818181
S2324-G1198,1,GSW,33.0,24,0,123.0,1.32,0.915
S2324-G1198,1,UTA,27.0,24,0,116.0,1.08,0.764
S2324-G1198,2,GSW,30.0,28,0,123.0,1.0344827586206897,0.7436896551724138
S2324-G1198,2,UTA,29.0,28,0,116.0,1.0,0.716
S2324-G1198,3,GSW,32.0,23,0,123.0,1.3333333333333333,0.9229999999999999
S2324-G1198,3,UTA,33.0,21,0,116.0,1.5,1.016
S2324-G1198,4,GSW,28.0,25,0,123.0,1.0769230769230769,0.7691538461538461
S2324-G1198,4,UTA,27.0,22,0,116.0,1.173913043478261,0.8203478260869566
S2324-G1199,1,HOU,24.0,23,0,116.0,1.0,0.716
S2324-G1199,1,LAC,21.0,24,0,105.0,0.84,0.609
S2324-G1199,2,HOU,24.0,28,0,116.0,0.8275862068965517,0.612551724137931
S2324-G1199,2,LAC,30.0,28,0,105.0,1.0344827586206897,0.7256896551724138
S2324-G1199,3,HOU,37.0,31,0,116.0,1.15625,0.80975
S2324-G1199,3,LAC,32.0,29,0,105.0,1.0666666666666667,0.745
S2324-G1199,4,HOU,31.0,23,0,116.0,1.2916666666666667,0.891
S2324-G1199,4,LAC,22.0,23,0,105.0,0.9166666666666666,0.6549999999999999
S2324-G1200,1,POR,18.0,26,0,82.0,0.6666666666666666,0.482
S2324-G1200,1,SAC,30.0,28,0,121.0,1.0344827586206897,0.7416896551724138
S2324-G1200,2,POR,19.0,25,0,82.0,0.7307692307692307,0.5204615384615384
S2324-G1200,2,SAC,35.0,24,0,121.0,1.4,0.961
S2324-G1200,3,POR,21.0,21,0,82.0,0.9545454545454546,0.6547272727272727
S2324-G1200,3,SAC,34.0,20,0,121.0,1.619047619047619,1.0924285714285715
S2324-G1200,4,POR,24.0,22,0,82.0,1.0434782608695652,0.708086956521739
S2324-G1200,4,SAC,22.0,24,0,121.0,0.88,0.649
S2324-G1201,1,MIL,37.0,29,0,146.0,1.2333333333333334,0.886
S2324-G1201,1,NYK,35.0,30,0,122.0,1.1290322580645162,0.7994193548387097
S2324-G1201,2,MIL,38.0,26,0,146.0,1.4074074074074074,0.9904444444444445
S2324-G1201,2,NYK,37.0,26,0,122.0,1.3703703703703705,0.9442222222222223
S2324-G1201,3,MIL,37.0,26,0,146.0,1.3703703703703705,0.9682222222222223
S2324-G1201,3,NYK,24.0,22,0,122.0,1.0434782608695652,0.7480869565217391
S2324-G1201,4,MIL,34.0,28,0,146.0,1.1724137931034482,0.849448275862069
S2324-G1201,4,NYK,26.0,26,0,122.0,0.9629629629629629,0.6997777777777777
S2324-G1202,1,BOS,24.0,23,0,112.0,1.0,0.712
S2324-G1202,1,IND,22.0,20,0,122.0,1.0476190476190477,0.7505714285714286
S2324-G1202,2,BOS,31.0,26,0,112.0,1.1481481481481481,0.8008888888888889
S2324-G1202,2,IND,26.0,24,0,122.0,1.04,0.746
S2324-G1202,3,BOS,23.0,23,0,112.0,0.9583333333333334,0.6869999999999999
S2324-G1202,3,IND,37.0,24,0,122.0,1.48,1.01
S2324-G1202,4,BOS,34.0,27,0,112.0,1.2142857142857142,0.8405714285714285
S2324-G1202,4,IND,37.0,25,0,122.0,1.4230769230769231,0.9758461538461538
S2324-G1203,1,LAL,33.0,30,0,106.0,1.064516129032258,0.7447096774193548
S2324-G1203,1,PHX,23.0,25,0,103.0,0.8846153846153846,0.6337692307692308
S2324-G1203,2,LAL,26.0,20,0,106.0,1.2380952380952381,0.8488571428571429
S2324-G1203,2,PHX,24.0,21,0,103.0,1.0909090909090908,0.7575454545454544
S2324-G1203,3,LAL,24.0,25,0,106.0,0.9230769230769231,0.6598461538461539
S2324-G1203,3,PHX,35.0,25,0,103.0,1.3461538461538463,0.9106923076923077
S2324-G1203,4,LAL,23.0,17,0,106.0,1.2777777777777777,0.8726666666666666
S2324-G1203,4,PHX,21.0,17,0,103.0,1.1666666666666667,0.803
S2324-G1204,1,NOP,35.0,32,0,127.0,1.0606060606060606,0.7633636363636364
S2324-G1204,1,SAC,36.0,28,0,117.0,1.2413793103448276,0.8618275862068966
S2324-G1204,2,NOP,34.0,23,0,127.0,1.4166666666666667,0.977
S2324-G1204,2,SAC,25.0,23,0,117.0,1.0416666666666667,0.742
S2324-G1204,3,NOP,31.0,20,0,127.0,1.4761904761904763,1.012714285714286
S2324-G1204,3,SAC,30.0,20,0,117.0,1.4285714285714286,0.9741428571428571
S2324-G1204,4,NOP,27.0,20,0,127.0,1.2857142857142858,0.8984285714285715
S2324-G1204,4,SAC,26.0,20,0,117.0,1.2380952380952381,0.8598571428571429
S2324-G1205,1,CLE,37.0,25,0,121.0,1.4230769230769231,0.9748461538461538
S2324-G1205,1,ORL,20.0,24,0,111.0,0.8,0.591
S2324-G1205,2,CLE,28.0,25,0,121.0,1.0769230769230769,0.7671538461538461
S2324-G1205,2,ORL,32.0,25,0,111.0,1.2307692307692308,0.8494615384615385
S2324-G1205,3,CLE,34.0,26,0,121.0,1.2592592592592593,0.8765555555555555
S2324-G1205,3,ORL,34.0,25,0,111.0,1.3076923076923077,0.8956153846153846
S2324-G1205,4,CLE,22.0,23,0,121.0,0.9166666666666666,0.6709999999999999
S2324-G1205,4,ORL,25.0,25,0,111.0,0.9615384615384616,0.6879230769230769
S2324-G1206,1,DET,29.0,26,0,102.0,1.0740740740740742,0.7464444444444445
S2324-G1206,1,MEM,31.0,22,0,116.0,1.3478260869565217,0.924695652173913
S2324-G1206,2,DET,27.0,30,0,102.0,0.8709677419354839,0.6245806451612903
S2324-G1206,2,MEM,21.0,29,0,116.0,0.7,0.536
S2324-G1206,3,DET,28.0,26,0,102.0,1.037037037037037,0.7242222222222221
S2324-G1206,3,MEM,30.0,25,0,116.0,1.1538461538461537,0.8083076923076922
S2324-G1206,4,DET,18.0,22,0,102.0,0.782608695652174,0.5715652173913044
S2324-G1206,4,MEM,34.0,19,0,116.0,1.7,1.1360000000000001
S2324-G1207,1,MIA,37.0,23,0,112.0,1.5416666666666667,1.0370000000000001
S2324-G1207,1,TOR,32.0,23,0,103.0,1.3333333333333333,0.9029999999999999
S2324-G1207,2,MIA,27.0,21,0,112.0,1.2272727272727273,0.8483636363636363
S2324-G1207,2,TOR,34.0,22,0,103.0,1.4782608695652173,0.9899565217391303
S2324-G1207,3,MIA,23.0,23,0,112.0,0.9583333333333334,0.6869999999999999
S2324-G1207,3,TOR,18.0,24,0,103.0,0.72,0.535
S2324-G1207,4,MIA,25.0,18,0,112.0,1.3157894736842106,0.9014736842105263
S2324-G1207,4,TOR,19.0,20,0,103.0,0.9047619047619048,0.6458571428571428
S2324-G1208,1,PHI,25.0,21,0,131.0,1.1363636363636365,0.8128181818181819
S2324-G1208,1,WAS,29.0,22,0,126.0,1.2608695652173914,0.8825217391304347
S2324-G1208,2,PHI,35.0,26,0,131.0,1.2962962962962963,0.9087777777777778
S2324-G1208,2,WAS,33.0,28,0,126.0,1.1379310344827587,0.8087586206896552
S2324-G1208,3,PHI,39.0,30,0,131.0,1.2580645161290323,0.8858387096774193
S2324-G1208,3,WAS,33.0,27,0,126.0,1.1785714285714286,0.8331428571428572
S2324-G1208,4,PHI,32.0,22,0,131.0,1.391304347826087,0.9657826086956521
S2324-G1208,4,WAS,31.0,21,0,126.0,1.4090909090909092,0.9714545454545455
S2324-G1209,1,ATL,33.0,23,0,113.0,1.375,0.938
S2324-G1209,1,BKN,31.0,24,0,114.0,1.24,0.858
S2324-G1209,2,ATL,23.0,21,0,113.0,1.0454545454545454,0.7402727272727272
S2324-G1209,2,BKN,22.0,22,0,114.0,0.9565217391304348,0.6879130434782609
S2324-G1209,3,ATL,26.0,26,0,113.0,0.9629629629629629,0.6907777777777777
S2324-G1209,3,BKN,28.0,21,0,114.0,1.2727272727272727,0.8776363636363635
S2324-G1209,4,ATL,31.0,25,0,113.0,1.1923076923076923,0.8283846153846154
S2324-G1209,4,BKN,33.0,21,0,114.0,1.5,1.0139999999999998
S2324-G1210,1,MIN,25.0,24,0,102.0,1.0,0.702
S2324-G1210,1,SAS,22.0,22,0,94.0,0.9565217391304348,0.6679130434782609
S2324-G1210,2,MIN,21.0,19,0,102.0,1.05,0.732
S2324-G1210,2,SAS,31.0,20,0,94.0,1.4761904761904763,0.9797142857142858
S2324-G1210,3,MIN,25.0,22,0,102.0,1.0869565217391304,0.7541739130434781
S2324-G1210,3,SAS,18.0,21,0,94.0,0.8181818181818182,0.5849090909090909
S2324-G1210,4,MIN,31.0,20,0,102.0,1.4761904761904763,0.9877142857142858
S2324-G1210,4,SAS,23.0,20,0,94.0,1.0952380952380953,0.7511428571428571
S2324-G1211,1,CHA,24.0,27,0,100.0,0.8571428571428571,0.6142857142857142
S2324-G1211,1,CHI,27.0,25,0,111.0,1.0384615384615385,0.7340769230769231
S2324-G1211,2,CHA,20.0,24,0,100.0,0.8,0.58
S2324-G1211,2,CHI,21.0,24,0,111.0,0.84,0.615
S2324-G1211,3,CHA,20.0,22,0,100.0,0.8695652173913043,0.6217391304347826
S2324-G1211,3,CHI,35.0,25,0,111.0,1.3461538461538463,0.9186923076923077
S2324-G1211,4,CHA,36.0,28,0,100.0,1.2413793103448276,0.8448275862068966
S2324-G1211,4,CHI,28.0,27,0,111.0,1.0,0.711
S2324-G1212,1,HOU,32.0,24,0,110.0,1.28,0.878
S2324-G1212,1,OKC,22.0,22,0,101.0,0.9565217391304348,0.6749130434782609
S2324-G1212,2,HOU,23.0,23,0,110.0,0.9583333333333334,0.6849999999999999
S2324-G1212,2,OKC,28.0,24,0,101.0,1.12,0.773
S2324-G1212,3,HOU,25.0,24,0,110.0,1.0,0.71
S2324-G1212,3,OKC,24.0,20,0,101.0,1.1428571428571428,0.7867142857142856
S2324-G1212,4,HOU,30.0,24,0,110.0,1.2,0.83
S2324-G1212,4,OKC,27.0,25,0,101.0,1.0384615384615385,0.7240769230769231
S2324-G1213,1,DAL,40.0,24,0,147.0,1.6,1.107
S2324-G1213,1,UTA,29.0,26,0,97.0,1.0740740740740742,0.7414444444444445
S2324-G1213,2,DAL,34.0,25,0,147.0,1.3076923076923077,0.9316153846153846
S2324-G1213,2,UTA,22.0,27,0,97.0,0.7857142857142857,0.5684285714285714
S2324-G1213,3,DAL,35.0,22,0,147.0,1.5217391304347827,1.0600434782608696
S2324-G1213,3,UTA,23.0,24,0,97.0,0.92,0.649
S2324-G1213,4,DAL,38.0,25,0,147.0,1.4615384615384615,1.0239230769230767
S2324-G1213,4,UTA,23.0,25,0,97.0,0.8846153846153846,0.6277692307692307
S2324-G1214,1,GSW,22.0,20,0,110.0,1.0476190476190477,0.7385714285714285
S2324-G1214,1,POR,26.0,24,0,106.0,1.04,0.73
S2324-G1214,2,GSW,26.0,23,0,110.0,1.0833333333333333,0.7599999999999999
S2324-G1214,2,POR,29.0,19,0,106.0,1.45,0.976
S2324-G1214,3,GSW,34.0,23,0,110.0,1.4166666666666667,0.96
S2324-G1214,3,POR,31.0,25,0,106.0,1.1923076923076923,0.8213846153846154
S2324-G1214,4,GSW,28.0,21,0,110.0,1.2727272727272727,0.8736363636363635
S2324-G1214,4,POR,20.0,20,0,106.0,0.9523809523809523,0.6774285714285714
S2324-G1215,1,DEN,36.0,26,0,102.0,1.3333333333333333,0.9019999999999999
S2324-G1215,1,LAC,21.0,24,0,111.0,0.84,0.615
S2324-G1215,2,DEN,21.0,24,0,102.0,0.84,0.606
S2324-G1215,2,LAC,40.0,24,0,111.0,1.6,1.071
S2324-G1215,3,DEN,25.0,19,0,102.0,1.25,0.852
S2324-G1215,3,LAC,18.0,18,0,111.0,0.9473684210526315,0.6794210526315789
S2324-G1215,4,DEN,20.0,17,0,102.0,1.1111111111111112,0.7686666666666666
S2324-G1215,4,LAC,32.0,19,0,111.0,1.6,1.071
S2324-G1216,1,CHA,35.0,26,0,119.0,1.2962962962962963,0.8967777777777778
S2324-G1216,1,TOR,22.0,28,0,116.0,0.7586206896551724,0.5711724137931034
S2324-G1216,2,CHA,31.0,26,0,119.0,1.1481481481481481,0.8078888888888889
S2324-G1216,2,TOR,32.0,27,0,116.0,1.1428571428571428,0.8017142857142856
S2324-G1216,3,CHA,24.0,20,0,119.0,1.1428571428571428,0.8047142857142856
S2324-G1216,3,TOR,23.0,21,0,116.0,1.0454545454545454,0.7432727272727272
S2324-G1216,4,CHA,29.0,22,0,119.0,1.2608695652173914,0.8755217391304347
S2324-G1216,4,TOR,39.0,23,0,116.0,1.625,1.091
S2324-G1217,1,DET,23.0,26,0,91.0,0.8518518518518519,0.602111111111111
S2324-G1217,1,ORL,28.0,26,0,123.0,1.037037037037037,0.7452222222222221
S2324-G1217,2,DET,21.0,21,0,91.0,0.9545454545454546,0.6637272727272727
S2324-G1217,2,ORL,30.0,22,0,123.0,1.3043478260869565,0.905608695652174
S2324-G1217,3,DET,24.0,26,0,91.0,0.8888888888888888,0.6243333333333333
S2324-G1217,3,ORL,35.0,22,0,123.0,1.5217391304347827,1.0360434782608696
S2324-G1217,4,DET,23.0,24,0,91.0,0.92,0.643
S2324-G1217,4,ORL,30.0,21,0,123.0,1.3636363636363635,0.9411818181818181
S2324-G1218,1,ATL,23.0,22,0,114.0,1.0,0.714
S2324-G1218,1,PHI,35.0,22,0,125.0,1.5217391304347827,1.0380434782608696
S2324-G1218,2,ATL,45.0,30,0,114.0,1.4516129032258065,0.9849677419354839
S2324-G1218,2,PHI,27.0,27,0,125.0,0.9642857142857143,0.7035714285714285
S2324-G1218,3,ATL,24.0,16,0,114.0,1.411764705882353,0.9610588235294117
S2324-G1218,3,PHI,31.0,20,0,125.0,1.4761904761904763,1.0107142857142857
S2324-G1218,4,ATL,22.0,22,0,114.0,0.9565217391304348,0.6879130434782609
S2324-G1218,4,PHI,32.0,23,0,125.0,1.3333333333333333,0.9249999999999999
S2324-G1219,1,BKN,26.0,23,0,124.0,1.0833333333333333,0.7739999999999999
S2324-G1219,1,WAS,18.0,23,0,97.0,0.75,0.5469999999999999
S2324-G1219,2,BKN,24.0,21,0,124.0,1.0909090909090908,0.7785454545454544
S2324-G1219,2,WAS,29.0,21,0,97.0,1.3181818181818181,0.8879090909090909
S2324-G1219,3,BKN,40.0,23,0,124.0,1.6666666666666667,1.124
S2324-G1219,3,WAS,24.0,23,0,97.0,1.0,0.697
S2324-G1219,4,BKN,34.0,31,0,124.0,1.0625,0.7615
S2324-G1219,4,WAS,26.0,31,0,97.0,0.8125,0.5845
S2324-G1220,1,CLE,17.0,22,0,111.0,0.7391304347826086,0.5544782608695652
S2324-G1220,1,MIA,25.0,21,0,99.0,1.1363636363636365,0.7808181818181819
S2324-G1220,2,CLE,36.0,26,0,111.0,1.3333333333333333,0.9109999999999999
S2324-G1220,2,MIA,27.0,23,0,99.0,1.125,0.7739999999999999
S2324-G1220,3,CLE,35.0,26,0,111.0,1.2962962962962963,0.8887777777777778
S2324-G1220,3,MIA,23.0,23,0,99.0,0.9583333333333334,0.6739999999999999
S2324-G1220,4,CLE,23.0,18,0,111.0,1.2105263157894737,0.8373157894736841
S2324-G1220,4,MIA,24.0,20,0,99.0,1.1428571428571428,0.7847142857142856
S2324-G1221,1,MEM,31.0,25,0,103.0,1.1923076923076923,0.8183846153846154
S2324-G1221,1,MIN,33.0,27,0,127.0,1.1785714285714286,0.8341428571428572
S2324-G1221,2,MEM,24.0,16,0,103.0,1.411764705882353,0.9500588235294117
S2324-G1221,2,MIN,27.0,17,0,127.0,1.5,1.027
S2324-G1221,3,MEM,24.0,22,0,103.0,1.0434782608695652,0.729086956521739
S2324-G1221,3,MIN,38.0,23,0,127.0,1.5833333333333333,1.077
S2324-G1221,4,MEM,24.0,24,0,103.0,0.96,0.6789999999999999
S2324-G1221,4,MIN,29.0,23,0,127.0,1.2083333333333333,0.852
S2324-G1222,1,GSW,28.0,23,0,136.0,1.1666666666666667,0.8360000000000001
S2324-G1222,1,OKC,19.0,28,0,138.0,0.6551724137931034,0.531103448275862
S2324-G1222,2,GSW,34.0,29,0,136.0,1.1333333333333333,0.816
S2324-G1222,2,OKC,37.0,28,0,138.0,1.2758620689655173,0.9035172413793104
S2324-G1222,3,GSW,22.0,22,0,136.0,0.9565217391304348,0.7099130434782609
S2324-G1222,3,OKC,33.0,23,0,138.0,1.375,0.963
S2324-G1222,4,GSW,34.0,28,0,136.0,1.1724137931034482,0.8394482758620689
S2324-G1222,4,OKC,29.0,27,0,138.0,1.0357142857142858,0.7594285714285715
S2324-G1222,5,GSW,18.0,15,0,136.0,1.125,0.8109999999999999
S2324-G1222,5,OKC,20.0,13,0,138.0,1.4285714285714286,0.9951428571428571
S2324-G1223,1,CHI,24.0,22,0,121.0,1.0434782608695652,0.7470869565217391
S2324-G1223,1,SAS,33.0,22,0,112.0,1.434782608695652,0.9728695652173912
S2324-G1223,2,CHI,28.0,23,0,121.0,1.1666666666666667,0.8210000000000001
S2324-G1223,2,SAS,30.0,25,0,112.0,1.1538461538461537,0.8043076923076922
S2324-G1223,3,CHI,35.0,24,0,121.0,1.4,0.961
S2324-G1223,3,SAS,20.0,22,0,112.0,0.8695652173913043,0.6337391304347826
S2324-G1223,4,CHI,34.0,23,0,121.0,1.4166666666666667,0.971
S2324-G1223,4,SAS,29.0,20,0,112.0,1.380952380952381,0.9405714285714285
S2324-G1224,1,DEN,22.0,18,0,106.0,1.1578947368421053,0.8007368421052632
S2324-G1224,1,HOU,27.0,20,0,114.0,1.2857142857142858,0.8854285714285715
S2324-G1224,2,DEN,26.0,23,0,106.0,1.0833333333333333,0.7559999999999999
S2324-G1224,2,HOU,25.0,23,0,114.0,1.0416666666666667,0.739
S2324-G1224,3,DEN,26.0,22,0,106.0,1.1304347826086956,0.7842608695652173
S2324-G1224,3,HOU,40.0,21,0,114.0,1.8181818181818181,1.2049090909090907
S2324-G1224,4,DEN,32.0,16,0,106.0,1.8823529411764706,1.2354117647058824
S2324-G1224,4,HOU,22.0,17,0,114.0,1.2222222222222223,0.8473333333333334
S2324-G1225,1,LAC,32.0,27,0,117.0,1.1428571428571428,0.8027142857142856
S2324-G1225,1,UTA,26.0,28,0,103.0,0.896551724137931,0.6409310344827586
S2324-G1225,2,LAC,27.0,20,0,117.0,1.2857142857142858,0.8884285714285715
S2324-G1225,2,UTA,20.0,19,0,103.0,1.0,0.703
S2324-G1225,3,LAC,29.0,24,0,117.0,1.16,0.813
S2324-G1225,3,UTA,29.0,22,0,103.0,1.2608695652173914,0.8595217391304347
S2324-G1225,4,LAC,29.0,24,0,117.0,1.16,0.813
S2324-G1225,4,UTA,28.0,28,0,103.0,0.9655172413793104,0.6823103448275862
S2324-G1226,1,DAL,37.0,26,0,125.0,1.3703703703703705,0.9472222222222223
S2324-G1226,1,POR,22.0,32,0,112.0,0.6666666666666666,0.512
S2324-G1226,2,DAL,34.0,28,0,125.0,1.1724137931034482,0.8284482758620689
S2324-G1226,2,POR,38.0,24,0,112.0,1.52,1.024
S2324-G1226,3,DAL,26.0,25,0,125.0,1.0,0.725
S2324-G1226,3,POR,30.0,28,0,112.0,1.0344827586206897,0.7326896551724138
S2324-G1226,4,DAL,28.0,22,0,125.0,1.2173913043478262,0.8554347826086957
S2324-G1226,4,POR,22.0,22,0,112.0,0.9565217391304348,0.6859130434782609
S2324-G1227,1,BOS,33.0,25,0,133.0,1.2692307692307692,0.8945384615384615
S2324-G1227,1,NYK,32.0,23,0,123.0,1.3333333333333333,0.9229999999999999
S2324-G1227,2,BOS,41.0,25,0,133.0,1.5769230769230769,1.0791538461538461
S2324-G1227,2,NYK,33.0,25,0,123.0,1.2692307692307692,0.8845384615384615
S2324-G1227,3,BOS,35.0,21,0,133.0,1.5909090909090908,1.0875454545454546
S2324-G1227,3,NYK,30.0,25,0,123.0,1.1538461538461537,0.8153076923076922
S2324-G1227,4,BOS,24.0,17,0,133.0,1.3333333333333333,0.9329999999999999
S2324-G1227,4,NYK,28.0,19,0,123.0,1.4,0.963
S2324-G1228,1,PHX,26.0,24,0,106.0,1.04,0.73
S2324-G1228,1,SAC,24.0,21,0,114.0,1.0909090909090908,0.7685454545454544
S2324-G1228,2,PHX,33.0,21,0,106.0,1.5,1.006
S2324-G1228,2,SAC,26.0,21,0,114.0,1.1818181818181819,0.8230909090909091
S2324-G1228,3,PHX,12.0,24,0,106.0,0.48,0.394
S2324-G1228,3,SAC,33.0,26,0,114.0,1.2222222222222223,0.8473333333333334
S2324-G1228,4,PHX,35.0,22,0,106.0,1.5217391304347827,1.0190434782608697
S2324-G1228,4,SAC,31.0,22,0,114.0,1.3478260869565217,0.922695652173913
S2324-G1229,1,IND,27.0,21,0,128.0,1.2272727272727273,0.8643636363636363
S2324-G1229,1,MIL,29.0,21,0,119.0,1.3181818181818181,0.9099090909090909
S2324-G1229,2,IND,36.0,27,0,128.0,1.2857142857142858,0.8994285714285715
S2324-G1229,2,MIL,22.0,25,0,119.0,0.8461538461538461,0.6266923076923077
S2324-G1229,3,IND,28.0,22,0,128.0,1.2173913043478262,0.8584347826086957
S2324-G1229,3,MIL,43.0,22,0,119.0,1.8695652173913044,1.2407391304347826
S2324-G1229,4,IND,37.0,26,0,128.0,1.3703703703703705,0.9502222222222223
S2324-G1229,4,MIL,25.0,25,0,119.0,0.9615384615384616,0.6959230769230769
S2324-G1230,1,LAL,29.0,24,0,133.0,1.16,0.829
S2324-G1230,1,NOP,30.0,28,0,89.0,1.0344827586206897,0.7096896551724138
S2324-G1230,2,LAL,38.0,23,0,133.0,1.5833333333333333,1.083
S2324-G1230,2,NOP,24.0,26,0,89.0,0.8888888888888888,0.6223333333333333
S2324-G1230,3,LAL,43.0,22,0,133.0,1.8695652173913044,1.2547391304347826
S2324-G1230,3,NOP,17.0,20,0,89.0,0.8095238095238095,0.5747142857142857
S2324-G1230,4,LAL,23.0,23,0,133.0,0.9583333333333334,0.708
S2324-G1230,4,NOP,18.0,21,0,89.0,0.8181818181818182,0.5799090909090909
