game_id,playerNameI,period,y_true_points,y_pred_points
S2324-G0011,A. Holiday,1,5.199999999999999,5.20000000000002
S2324-G0011,A. Holiday,2,6.1,6.099999999999995
S2324-G0011,A. Holiday,3,7.8,7.795377886002867
S2324-G0011,A. Sengun,1,20.414285714285715,20.425022147786887
S2324-G0011,A. Sengun,2,11.82,11.820000000000004
S2324-G0011,A. Sengun,3,18.442307692307693,18.442307692307647
S2324-G0011,A. Sengun,4,11.653333333333332,11.652229070929076
S2324-G0011,B. Ingram,1,18.226666666666667,18.225011449661434
S2324-G0011,B. Ingram,2,22.88034188034188,22.876428228715685
S2324-G0011,B. Ingram,3,23.991666666666667,24.008743518499923
S2324-G0011,B. Ingram,4,25.027058823529412,25.02215882639895
S2324-G0011,C. Zeller,2,2.0666666666666664,2.060681074481073
S2324-G0011,C. Zeller,4,0.9,0.9000000000000037
S2324-G0011,D. Brooks,1,0.9000000000000001,0.9000000000000038
S2324-G0011,D. Brooks,2,12.3,12.093276479076472
S2324-G0011,D. Brooks,3,0.9,0.9000000000000037
S2324-G0011,D. Brooks,4,16.34285714285714,16.341151756576764
S2324-G0011,D. Daniels,1,5.206666666666667,5.206666666666683
S2324-G0011,D. Daniels,2,3.1,3.0999999999999956
S2324-G0011,D. Daniels,3,16.267307692307693,16.266260198135242
S2324-G0011,D. Daniels,4,2.88,2.880115151515148
S2324-G0011,D. Seabron,1,0.8666666666666667,0.866666666666669
S2324-G0011,D. Seabron,2,7.864285714285715,7.871416949716942
S2324-G0011,F. VanVleet,1,13.04,13.039999999999973
S2324-G0011,F. VanVleet,2,10.355555555555556,10.355451104451136
S2324-G0011,F. VanVleet,3,12.042857142857143,12.038363108460146
S2324-G0011,F. VanVleet,4,22.46969696969697,22.468290831244794
S2324-G0011,J. Green,1,31.6475,31.656527692800815
S2324-G0011,J. Green,2,13.966666666666665,13.972945670995687
S2324-G0011,J. Green,3,9.743956043956043,9.744241758241788
S2324-G0011,J. Green,4,26.807058823529413,26.811142774335277
S2324-G0011,J. Hawkins,1,5.566666666666667,5.566670833333351
S2324-G0011,J. Hawkins,2,5.46969696969697,5.46969696969699
S2324-G0011,J. Hawkins,3,31.08888888888889,31.079419371821885
S2324-G0011,J. Hawkins,4,0.7545454545454544,0.7716363636363629
S2324-G0011,J. Landale,1,5.533333333333334,5.5333333333333234
S2324-G0011,J. Landale,2,0.8,0.799999999999998
S2324-G0011,J. Robinson-Earl,3,0.8666666666666667,0.8666666666666686
S2324-G0011,J. Robinson-Earl,4,10.405555555555555,10.405527777777786
S2324-G0011,J. Smith Jr.,1,10.803030303030303,10.80303030303028
S2324-G0011,J. Smith Jr.,2,3.2238095238095235,3.222862332112336
S2324-G0011,J. Smith Jr.,3,8.475,8.474999999999973
S2324-G0011,J. Smith Jr.,4,5.504761904761905,5.504761904761916
S2324-G0011,J. Tate,1,3.2066666666666666,3.2066666666666697
S2324-G0011,J. Tate,2,14.025,14.023750932890623
S2324-G0011,J. Tate,3,8.52,8.520398809523801
S2324-G0011,J. Valanciunas,1,14.913675213675212,14.91369188752418
S2324-G0011,J. Valanciunas,2,11.914285714285713,11.914285714285745
S2324-G0011,J. Valanciunas,3,0.8666666666666667,0.8666666666666673
S2324-G0011,J. Valanciunas,4,18.848484848484848,18.845883016493346
S2324-G0011,L. Nance Jr.,2,0.8666666666666667,0.8666666666666686
S2324-G0011,L. Nance Jr.,3,0.825,0.8249999999999992
S2324-G0011,L. Nance Jr.,4,1.74,1.750873809523812
S2324-G0011,M. Ryan,1,3.125,3.125
S2324-G0011,M. Ryan,2,0.7714285714285714,0.7714285714285721
S2324-G0011,M. Ryan,3,0.95,0.9499999999999977
S2324-G0011,M. Ryan,4,0.7714285714285714,0.7714285714285721
S2324-G0011,T. Eason,1,5.466666666666667,5.46666666666669
S2324-G0011,T. Eason,2,7.546666666666667,7.546666666666642
S2324-G0011,T. Eason,3,8.3,8.02382738095239
S2324-G0011,T. Eason,4,3.155555555555556,3.1555555555555634
S2324-G0011,Z. Williamson,1,28.90909090909091,28.903007919630213
S2324-G0011,Z. Williamson,2,16.455555555555556,16.462996270477912
S2324-G0011,Z. Williamson,3,9.60952380952381,9.61060345487846
S2324-G0011,Z. Williamson,4,9.795238095238094,9.794732167832187
S2324-G0024,A. Gordon,1,20.742307692307694,20.744719233054596
S2324-G0024,A. Gordon,3,10.492307692307692,10.495223748473789
S2324-G0024,A. Gordon,4,19.211111111111112,19.210931196581274
S2324-G0024,C. Braun,1,0.8,0.7999999999999988
S2324-G0024,C. Braun,2,9.514285714285714,9.51428571428573
S2324-G0024,C. Braun,3,7.4,7.400000000000017
S2324-G0024,C. Braun,4,9.425,9.424999999999969
S2324-G0024,I. Zubac,1,5.566666666666667,5.566670833333351
S2324-G0024,I. Zubac,2,8.552380952380952,8.552339231601708
S2324-G0024,I. Zubac,3,16.412987012987013,16.42591904761904
S2324-G0024,J. Harden,1,28.352380952380955,28.36698906739547
S2324-G0024,J. Harden,2,5.314285714285714,5.314285714285695
S2324-G0024,J. Harden,3,22.403030303030302,22.404857388371905
S2324-G0024,J. Harden,4,3.1,3.0999999999999948
S2324-G0024,J. Holiday,4,0.8666666666666667,0.8666666666666686
S2324-G0024,J. Pickett,1,10.4,10.40000000000004
S2324-G0024,J. Pickett,2,0.9142857142857144,0.9142857142857117
S2324-G0024,J. Pickett,3,3.155555555555556,3.1555555555555634
S2324-G0024,K. Caldwell-Pope,1,0.8,0.7999999999999986
S2324-G0024,K. Caldwell-Pope,2,14.766666666666666,14.766942279942334
S2324-G0024,K. Caldwell-Pope,3,0.7714285714285714,0.7714285714285721
S2324-G0024,K. Caldwell-Pope,4,2.855555555555555,2.851396825396829
S2324-G0024,K. Leonard,1,7.5,7.5
S2324-G0024,K. Leonard,2,18.433333333333334,18.43333333333337
S2324-G0024,K. Leonard,3,13.257142857142858,13.254685908535869
S2324-G0024,K. Leonard,4,11.866666666666665,11.86666666666664
S2324-G0024,M. Porter Jr.,1,0.8666666666666667,0.866666666666668
S2324-G0024,M. Porter Jr.,2,14.53,14.524153679653699
S2324-G0024,M. Porter Jr.,3,13.933333333333334,13.932524764124787
S2324-G0024,M. Porter Jr.,4,9.705128205128204,9.705479520479512
S2324-G0024,N. Jokic,1,32.86818181818182,32.72610929747492
S2324-G0024,N. Jokic,2,19.60615384615385,19.61185084915089
S2324-G0024,N. Jokic,3,16.266666666666666,16.267546575646644
S2324-G0024,N. Jokic,4,20.666153846153847,20.65577469752472
S2324-G0024,N. Powell,1,6.504761904761905,6.510570590520592
S2324-G0024,N. Powell,2,8.286666666666667,8.286381868131848
S2324-G0024,N. Powell,3,12.655555555555555,12.656509768009776
S2324-G0024,N. Powell,4,6.1,6.085723172905525
S2324-G0024,P. George,1,24.6,24.611989924781106
S2324-G0024,P. George,2,27.425,27.417300569949518
S2324-G0024,P. George,3,8.527272727272727,8.527415584415564
S2324-G0024,P. George,4,38.26601307189542,38.68933854095254
S2324-G0024,P. Tucker,1,0.8666666666666667,0.866666666666669
S2324-G0024,P. Tucker,2,0.8,0.7999999999999983
S2324-G0024,P. Tucker,3,6.3,6.299222222222201
S2324-G0024,P. Tucker,4,8.415384615384616,8.415785339660369
S2324-G0024,P. Watson,1,5.1,5.100000000000014
S2324-G0024,P. Watson,2,0.8666666666666667,0.8666666666666675
S2324-G0024,P. Watson,3,5.1,5.100000000000014
S2324-G0024,R. Jackson,1,11.814285714285713,11.814285714285694
S2324-G0024,R. Jackson,2,22.602564102564102,22.59200889249637
S2324-G0024,R. Jackson,3,5.071428571428571,5.0714285714285605
S2324-G0024,R. Jackson,4,7.566666666666667,7.566666666666664
S2324-G0024,R. Westbrook,1,7.564285714285714,7.564285714285693
S2324-G0024,R. Westbrook,2,12.123809523809523,12.12438232600734
S2324-G0024,R. Westbrook,3,14.61,14.613890084915111
S2324-G0024,R. Westbrook,4,5.195238095238095,5.195285714285713
S2324-G0024,T. Mann,1,3.3,3.2999999999999967
S2324-G0024,T. Mann,2,0.838095238095238,0.8380952380952358
S2324-G0024,T. Mann,3,0.8666666666666667,0.8666666666666685
S2324-G0024,T. Mann,4,0.7714285714285714,0.7714285714285721
S2324-G0024,Z. Nnaji,2,7.55,7.549999999999972
S2324-G0024,Z. Nnaji,3,2.2666666666666666,2.2666666666666635
S2324-G0024,Z. Nnaji,4,0.8,0.799999999999998
S2324-G0032,A. Vezenkov,1,8.533333333333333,8.533333333333315
S2324-G0032,A. Vezenkov,2,7.466666666666667,7.466666666666693
S2324-G0032,A. Vezenkov,3,0.9,0.9000000000000036
S2324-G0032,B. Barry,4,1.2,1.200000000000001
S2324-G0032,B. Wesley,2,0.8,0.7999999999999986
S2324-G0032,C. Bassey,1,5.071428571428571,5.0714285714285605
S2324-G0032,C. Duarte,2,13.853333333333333,13.853844083857323
S2324-G0032,C. Duarte,3,3.2,3.2000000000000095
S2324-G0032,C. Duarte,4,0.8,0.7999999999999997
S2324-G0032,C. Osman,1,3.1,3.0999999999999948
S2324-G0032,C. Osman,2,3.1,3.099999999999994
S2324-G0032,C. Osman,3,6.055555555555555,6.0555555555555625
S2324-G0032,C. Osman,4,0.8666666666666667,0.8666666666666683
S2324-G0032,D. Fox,1,14.106666666666666,14.106666666666609
S2324-G0032,D. Fox,2,24.395238095238096,24.38954996874043
S2324-G0032,D. Fox,3,30.13888888888889,30.13524326467733
S2324-G0032,D. Fox,4,33.59145299145299,34.745669831235126
S2324-G0032,D. McDermott,2,11.743956043956043,11.744051587301627
S2324-G0032,D. McDermott,4,5.1,5.100000000000014
S2324-G0032,D. Sabonis,1,21.544444444444444,21.545451704014877
S2324-G0032,D. Sabonis,2,6.280952380952381,6.281285714285715
S2324-G0032,D. Sabonis,3,17.258119658119657,17.257653230266452
S2324-G0032,D. Sabonis,4,16.177777777777777,16.145127092352094
S2324-G0032,H. Barnes,1,8.466666666666667,8.466666666666692
S2324-G0032,H. Barnes,3,3.29,3.2899999999999987
S2324-G0032,H. Barnes,4,14.2,14.199999999999973
S2324-G0032,J. Champagnie,1,11.5,11.501993492618494
S2324-G0032,J. Champagnie,2,5.383333333333333,5.383897052947051
S2324-G0032,J. Champagnie,3,5.29,5.289999999999985
S2324-G0032,J. Champagnie,4,2.0,2.0011666666666668
S2324-G0032,J. Kidd,3,1.2,1.200000000000001
S2324-G0032,J. McGee,2,9.55,9.549999999999969
S2324-G0032,J. McGee,3,0.8666666666666667,0.8666666666666687
S2324-G0032,J. Sochan,1,7.855844155844156,7.85584415584414
S2324-G0032,J. Sochan,2,10.767857142857142,10.768397519147511
S2324-G0032,J. Sochan,3,11.725,11.724999999999957
S2324-G0032,J. Sochan,4,6.666666666666667,6.647371212121223
S2324-G0032,J. Watson,2,1.2,1.200000000000001
S2324-G0032,K. Ellis,1,5.166666666666667,5.1666666666666465
S2324-G0032,K. Ellis,2,0.8666666666666667,0.8666666666666665
S2324-G0032,K. Ellis,3,0.8666666666666667,0.8666666666666675
S2324-G0032,K. Huerter,1,7.814285714285714,7.814285714285693
S2324-G0032,K. Huerter,2,5.533333333333334,5.5333333333333234
S2324-G0032,K. Huerter,3,9.59,9.589999999999968
S2324-G0032,K. Huerter,4,10.514285714285714,10.514285714285725
S2324-G0032,K. Johnson,1,21.5,21.499940659340663
S2324-G0032,K. Johnson,2,10.74,10.73992727272727
S2324-G0032,K. Johnson,3,7.873333333333333,7.865789382839356
S2324-G0032,K. Johnson,4,21.436363636363637,21.43389248447633
S2324-G0032,K. Murray,1,12.277777777777779,12.276716666666703
S2324-G0032,K. Murray,2,3.2,3.2000000000000095
S2324-G0032,K. Murray,3,14.103030303030303,14.103030303030248
S2324-G0032,K. Murray,4,3.2,3.2000000000000095
S2324-G0032,M. Branham,1,12.038095238095238,12.04330245310241
S2324-G0032,M. Branham,2,3.071428571428571,3.0714285714285636
S2324-G0032,M. Branham,3,13.806666666666667,13.806666666666683
S2324-G0032,M. Branham,4,7.371428571428571,7.371428571428604
S2324-G0032,M. Monk,1,16.264285714285716,16.264425374625308
S2324-G0032,M. Monk,2,11.345454545454546,11.365807215007248
S2324-G0032,M. Monk,3,12.755555555555555,12.755206349206306
S2324-G0032,M. Monk,4,8.514285714285714,8.514285714285732
S2324-G0032,S. Mamukelashvili,2,3.225,3.225000000000012
S2324-G0032,S. Mamukelashvili,3,9.225,9.241478818403833
S2324-G0032,S. Mamukelashvili,4,0.8666666666666667,0.8666666666666681
S2324-G0032,V. Wembanyama,1,32.09583333333333,32.014159826778844
S2324-G0032,V. Wembanyama,2,18.0,18.01473482905989
S2324-G0032,V. Wembanyama,3,17.525,17.52520227272733
S2324-G0032,V. Wembanyama,4,23.0875,23.08081921887452
S2324-G0032,Z. Collins,1,11.899999999999999,11.900000000000043
S2324-G0032,Z. Collins,2,25.482995951417003,25.482505370798787
S2324-G0032,Z. Collins,3,9.355555555555556,9.30438165723166
S2324-G0032,Z. Collins,4,17.5,17.500050824992005
S2324-G0044,B. Biyombo,1,11.766666666666666,11.766666666666683
S2324-G0044,B. Biyombo,2,0.95,0.9499999999999976
S2324-G0044,B. Biyombo,3,7.504761904761905,7.504761904761895
S2324-G0044,B. Biyombo,4,0.9000000000000001,0.9000000000000038
S2324-G0044,C. Metu,1,0.8666666666666667,0.866666666666669
S2324-G0044,C. Metu,2,2.0,2.000054761904762
S2324-G0044,C. Metu,3,5.166666666666667,5.1666666666666465
S2324-G0044,C. Metu,4,5.55,5.549562121212099
S2324-G0044,D. Bane,1,16.423809523809524,16.42425574980581
S2324-G0044,D. Bane,2,12.127272727272727,12.127493506493533
S2324-G0044,D. Bane,3,7.8238095238095235,7.8194500624375705
S2324-G0044,D. Bane,4,0.8,0.8000000000000006
S2324-G0044,D. Booker,1,26.205714285714286,26.216619350012767
S2324-G0044,D. Booker,2,16.85873015873016,16.849165445665417
S2324-G0044,D. Booker,3,22.545714285714286,22.545023104673124
S2324-G0044,D. Booker,4,26.773333333333333,26.782870346462147
S2324-G0044,D. Roddy,1,9.523809523809524,9.523809523809572
S2324-G0044,D. Roddy,2,15.06969696969697,15.069696969696937
S2324-G0044,D. Roddy,3,12.766666666666666,12.766666666666698
S2324-G0044,D. Roddy,4,0.8666666666666667,0.8666666666666683
S2324-G0044,D. Rose,1,9.533333333333333,9.533333333333314
S2324-G0044,D. Rose,2,3.2,3.2000000000000095
S2324-G0044,D. Rose,3,13.864285714285714,13.864148046398068
S2324-G0044,D. Rose,4,14.7,14.700416666666635
S2324-G0044,E. Gordon,1,21.8,21.80007023809532
S2324-G0044,E. Gordon,2,18.05,18.099923050560513
S2324-G0044,E. Gordon,3,9.736363636363636,9.736530303030314
S2324-G0044,E. Gordon,4,8.4,8.400000000000027
S2324-G0044,G. Allen,1,7.355555555555555,7.355555555555592
S2324-G0044,G. Allen,2,21.392857142857142,21.39458095678836
S2324-G0044,G. Allen,3,6.125,6.125
S2324-G0044,G. Allen,4,3.1380952380952376,3.1380952380952376
S2324-G0044,G. Jackson II,4,3.35,3.350000000000013
S2324-G0044,J. Gilyard,1,6.166666666666667,6.166666666666664
S2324-G0044,J. Gilyard,2,4.138095238095238,4.138095238095247
S2324-G0044,J. Gilyard,3,9.877777777777778,9.87777777777775
S2324-G0044,J. Gilyard,4,0.8666666666666667,0.8666666666666683
S2324-G0044,J. Goodwin,2,7.466666666666667,7.466666666666693
S2324-G0044,J. Goodwin,3,3.3,3.2999999999999967
S2324-G0044,J. Goodwin,4,24.392857142857142,24.415484429377837
S2324-G0044,J. Jackson Jr.,1,18.624786324786324,18.629868610556127
S2324-G0044,J. Jackson Jr.,2,10.836363636363636,10.836363636363615
S2324-G0044,J. Jackson Jr.,3,5.199999999999999,5.20000000000002
S2324-G0044,J. Jackson Jr.,4,12.1475,12.139944601794852
S2324-G0044,J. Konchar,1,3.2,3.2000000000000095
S2324-G0044,J. Konchar,2,0.8,0.799999999999998
S2324-G0044,J. Konchar,3,3.3666666666666667,3.366666666666674
S2324-G0044,J. Konchar,4,1.9333333333333331,1.9335000000000029
S2324-G0044,J. Nurkic,1,5.3,5.299961538461519
S2324-G0044,J. Nurkic,2,5.25,5.25
S2324-G0044,J. Nurkic,3,7.926666666666667,7.922863095238107
S2324-G0044,J. Nurkic,4,3.033333333333333,3.0263173826173864
S2324-G0044,J. Okogie,1,12.914285714285713,12.914285714285734
S2324-G0044,J. Okogie,2,5.5,5.5
S2324-G0044,J. Okogie,3,3.1666666666666665,3.166666666666666
S2324-G0044,J. Okogie,4,7.966666666666667,7.9666547619047785
S2324-G0044,K. Bates-Diop,1,7.506666666666667,7.5066666666666615
S2324-G0044,K. Bates-Diop,2,7.6000000000000005,7.599999999999982
S2324-G0044,K. Bates-Diop,3,5.204761904761904,5.204761904761888
S2324-G0044,K. Lofton Jr.,4,5.25,5.25
S2324-G0044,N. Little,1,3.2666666666666666,3.26666666666666
S2324-G0044,N. Little,2,3.225,3.225000000000012
S2324-G0044,N. Little,3,0.95,0.9499999999999976
S2324-G0044,N. Little,4,0.8,0.799999999999998
S2324-G0044,S. Aldama,1,9.766666666666666,9.766666666666653
S2324-G0044,S. Aldama,2,22.692857142857143,22.692532617090478
S2324-G0044,S. Aldama,3,17.14666666666667,17.14672380952378
S2324-G0044,S. Aldama,4,20.96545454545455,21.04950073096834
S2324-G0044,V. Williams Jr.,1,0.95,0.9499999999999977
S2324-G0044,V. Williams Jr.,2,6.4,6.399017857142862
S2324-G0044,V. Williams Jr.,3,3.1666666666666665,3.166666666666666
S2324-G0044,V. Williams Jr.,4,0.875,0.8749876373626373
S2324-G0044,Z. Williams,4,3.25,3.25
S2324-G0045,B. Adebayo,1,21.55,21.55027045454553
S2324-G0045,B. Adebayo,2,11.925396825396824,11.924098803973802
S2324-G0045,B. Adebayo,3,9.646153846153847,9.66087611555111
S2324-G0045,B. Adebayo,4,18.8,18.800523765123828
S2324-G0045,C. Martin,1,0.95,0.9499999999999977
S2324-G0045,C. Martin,2,9.846666666666666,9.846966666666635
S2324-G0045,C. Martin,3,0.8666666666666667,0.8666666666666687
S2324-G0045,C. Martin,4,5.5,5.5
S2324-G0045,C. Swider,2,7.814285714285714,7.814285714285693
S2324-G0045,D. DiVincenzo,1,5.55,5.549999999999978
S2324-G0045,D. DiVincenzo,2,3.0,3.002314874014875
S2324-G0045,D. DiVincenzo,3,3.3666666666666667,3.366666666666674
S2324-G0045,D. DiVincenzo,4,6.25,6.2497727272727275
S2324-G0045,H. Highsmith,1,5.455555555555556,5.455555555555541
S2324-G0045,H. Highsmith,2,3.1666666666666665,3.166666666666666
S2324-G0045,H. Highsmith,3,12.968181818181819,12.967853035853027
S2324-G0045,H. Highsmith,4,0.8666666666666667,0.8666666666666683
S2324-G0045,I. Hartenstein,1,3.1666666666666665,3.166666666666666
S2324-G0045,I. Hartenstein,2,7.55,7.549999999999972
S2324-G0045,I. Hartenstein,3,1.0666666666666667,1.0666666666666644
S2324-G0045,I. Hartenstein,4,0.875,0.875
S2324-G0045,I. Quickley,1,9.4,9.400000000000032
S2324-G0045,I. Quickley,2,12.186666666666666,12.186666666666651
S2324-G0045,I. Quickley,3,16.23,16.230100000000014
S2324-G0045,I. Quickley,4,25.05873015873016,25.050317414529946
S2324-G0045,J. Brunson,1,12.655555555555555,12.65658913308914
S2324-G0045,J. Brunson,2,17.26666666666667,17.27295069652575
S2324-G0045,J. Brunson,3,16.433333333333334,16.438661371879785
S2324-G0045,J. Brunson,4,18.364285714285714,18.338326798201802
S2324-G0045,J. Butler,1,12.766666666666666,12.766666666666698
S2324-G0045,J. Butler,2,13.89,13.89
S2324-G0045,J. Butler,3,17.875,17.8762412837163
S2324-G0045,J. Butler,4,14.637142857142857,14.614560678210685
S2324-G0045,J. Hart,1,6.199999999999999,6.200000000000022
S2324-G0045,J. Hart,2,9.806666666666667,9.80666666666663
S2324-G0045,J. Hart,3,6.264285714285714,6.264285714285729
S2324-G0045,J. Hart,4,7.533333333333333,7.533333333333318
S2324-G0045,J. Jaquez Jr.,1,3.1666666666666665,3.166666666666666
S2324-G0045,J. Jaquez Jr.,2,25.33650793650794,25.32570949257997
S2324-G0045,J. Jaquez Jr.,3,19.228571428571428,19.22570865523361
S2324-G0045,J. Jaquez Jr.,4,10.184415584415584,10.184508658008633
S2324-G0045,J. Randle,1,21.433333333333334,21.432076444552226
S2324-G0045,J. Randle,2,7.63,7.630176923076956
S2324-G0045,J. Randle,3,14.34,14.342634879009893
S2324-G0045,J. Randle,4,1.1,1.0999999999999963
S2324-G0045,J. Reid,4,1.2,1.200000000000001
S2324-G0045,J. Richardson,1,14.799999999999999,14.800000000000033
S2324-G0045,J. Richardson,2,8.82,8.826189177489168
S2324-G0045,J. Richardson,3,5.29,5.289999999999985
S2324-G0045,J. Richardson,4,12.877777777777778,12.877777777777746
S2324-G0045,K. Love,1,14.846666666666666,14.846666666666685
S2324-G0045,K. Love,2,5.475,5.47500000000001
S2324-G0045,K. Love,3,5.63,5.630000000000007
S2324-G0045,K. Love,4,0.8,0.7999999999999987
S2324-G0045,K. Lowry,1,3.125,3.125
S2324-G0045,K. Lowry,2,8.5,8.501261904761906
S2324-G0045,K. Lowry,3,19.51298701298701,19.51256260079796
S2324-G0045,K. Lowry,4,3.408333333333333,3.4059849206349218
S2324-G0045,M. Robinson,1,5.37,5.371001298701298
S2324-G0045,M. Robinson,2,7.866666666666666,7.861130952380922
S2324-G0045,M. Robinson,3,4.433333333333334,4.4460500000000005
S2324-G0045,M. Robinson,4,0.8666666666666667,0.8666666666666683
S2324-G0045,Q. Grimes,1,3.1,3.0999999999999948
S2324-G0045,Q. Grimes,2,6.1,6.099999999999995
S2324-G0045,Q. Grimes,3,5.5777777777777775,5.5798290598290645
S2324-G0045,R. Barrett,1,7.425,7.424999999999971
S2324-G0045,R. Barrett,2,11.833333333333332,11.833333333333329
S2324-G0045,R. Barrett,3,14.200000000000001,14.200795815295788
S2324-G0045,R. Barrett,4,20.545833333333334,20.55033877693947
S2324-G0050,A. Edwards,1,16.975,16.986931254856223
S2324-G0050,A. Edwards,2,26.988888888888887,26.96615861638359
S2324-G0050,A. Edwards,3,25.392857142857142,25.401645870838834
S2324-G0050,A. Edwards,4,18.266666666666666,18.266669871794956
S2324-G0050,C. Duarte,1,5.63,5.630000000000007
S2324-G0050,C. Duarte,2,0.8666666666666667,0.8666666666666683
S2324-G0050,C. Duarte,3,3.2333333333333334,3.23333333333334
S2324-G0050,D. Fox,1,14.585714285714287,14.587138181263175
S2324-G0050,D. Fox,2,25.075757575757578,25.073459406679504
S2324-G0050,D. Fox,3,27.025000000000002,27.02377601682375
S2324-G0050,D. Fox,4,46.990476190476194,46.30912156938771
S2324-G0050,D. Mitchell,2,0.8,0.7999999999999986
S2324-G0050,D. Mitchell,3,10.514285714285714,10.514214285714298
S2324-G0050,D. Sabonis,1,23.929870129870128,23.921597111222137
S2324-G0050,D. Sabonis,2,5.438095238095238,5.438095238095232
S2324-G0050,D. Sabonis,3,18.813333333333333,18.81465510265882
S2324-G0050,D. Sabonis,4,5.41,5.4054974747474684
S2324-G0050,H. Barnes,1,22.433333333333334,22.433111929736967
S2324-G0050,H. Barnes,2,0.8,0.7999999999999997
S2324-G0050,H. Barnes,3,3.1380952380952376,3.1380952380952376
S2324-G0050,H. Barnes,4,20.5,20.500095766896504
S2324-G0050,J. Buechler,1,1.2,1.200000000000001
S2324-G0050,J. Koncak,3,1.2,1.200000000000001
S2324-G0050,J. McGee,2,0.8666666666666667,0.8666666666666686
S2324-G0050,J. McGee,4,9.685714285714287,9.686375000000021
S2324-G0050,K. Anderson,1,5.166666666666667,5.1666666666666465
S2324-G0050,K. Anderson,2,5.138095238095238,5.138095238095252
S2324-G0050,K. Anderson,3,0.8,0.7999999999999983
S2324-G0050,K. Anderson,4,0.8666666666666667,0.8666666666666681
S2324-G0050,K. Edwards,1,8.55,8.54999999999997
S2324-G0050,K. Edwards,2,10.533333333333333,10.53340416666665
S2324-G0050,K. Edwards,3,0.8666666666666667,0.8666666666666681
S2324-G0050,K. Edwards,4,9.983333333333334,9.983708333333347
S2324-G0050,K. Huerter,1,18.2,18.200005194805133
S2324-G0050,K. Huerter,2,5.233333333333333,5.233333333333346
S2324-G0050,K. Huerter,3,7.775,7.774962912087932
S2324-G0050,K. Towns,1,13.866666666666665,13.86666666666666
S2324-G0050,K. Towns,2,22.436507936507937,22.43636621711623
S2324-G0050,K. Towns,3,8.566666666666666,8.566666666666658
S2324-G0050,K. Towns,4,20.572727272727274,20.571108929520747
S2324-G0050,M. Conley,1,6.1,6.099999999999995
S2324-G0050,M. Conley,2,3.175,3.1749999999999985
S2324-G0050,M. Conley,3,5.533333333333334,5.5333333333333234
S2324-G0050,M. Conley,4,10.736363636363636,10.736967532467533
S2324-G0050,M. Monk,1,11.59,11.589999999999986
S2324-G0050,M. Monk,2,28.067307692307693,28.062006010492752
S2324-G0050,M. Monk,3,5.504761904761905,5.504761904761916
S2324-G0050,M. Monk,4,7.864285714285715,7.864285714285702
S2324-G0050,N. Alexander-Walker,1,7.766666666666667,7.767049999999988
S2324-G0050,N. Alexander-Walker,2,6.25,6.25
S2324-G0050,N. Alexander-Walker,3,10.884415584415583,10.884041125541119
S2324-G0050,N. Alexander-Walker,4,3.3666666666666667,3.366666666666674
S2324-G0050,N. Reid,1,9.466666666666667,9.466666666666685
S2324-G0050,N. Reid,2,9.914285714285713,9.914285714285766
S2324-G0050,N. Reid,3,3.1666666666666665,3.166666666666666
S2324-G0050,N. Reid,4,6.206666666666667,6.2066666666666865
S2324-G0050,R. Gobert,1,8.575,8.574811485736513
S2324-G0050,R. Gobert,2,11.918181818181818,11.922008422949629
S2324-G0050,R. Gobert,3,8.666666666666666,8.686888059163074
S2324-G0050,R. Gobert,4,5.255844155844156,5.255844155844133
S2324-G0050,S. Milton,1,7.425,7.424999999999971
S2324-G0050,S. Milton,2,5.614285714285715,5.614285714285725
S2324-G0050,S. Milton,3,5.466666666666667,5.46666666666669
S2324-G0050,T. Brown Jr.,1,5.166666666666667,5.1666666666666465
S2324-G0050,T. Brown Jr.,2,3.1666666666666665,3.166666666666666
S2324-G0050,T. Brown Jr.,4,22.833333333333336,22.831517696355927
S2324-G0050,T. Lyles,2,13.823809523809523,13.822825937950912
S2324-G0050,T. Lyles,3,8.466666666666667,8.466666666666692
S2324-G0050,T. Lyles,4,3.1666666666666665,3.166666666666666
S2324-G0052,B. Ingram,1,39.93333333333333,39.98661210160661
S2324-G0052,B. Ingram,2,8.475,8.474874999999974
S2324-G0052,B. Ingram,3,11.783333333333333,11.782321428571409
S2324-G0052,B. Ingram,4,21.755555555555556,21.759790182040195
S2324-G0052,D. Daniels,1,8.475,8.474999999999973
S2324-G0052,D. Daniels,2,3.1666666666666665,3.166666666666666
S2324-G0052,D. Daniels,3,7.575,7.575000000000028
S2324-G0052,D. Daniels,4,7.416666666666666,7.41666666666668
S2324-G0052,D. Theis,1,3.1666666666666665,3.166666666666666
S2324-G0052,D. Theis,2,6.136363636363637,6.1363636363636465
S2324-G0052,D. Theis,3,3.071428571428571,3.0714285714285636
S2324-G0052,D. Theis,4,0.9000000000000001,0.9000000000000038
S2324-G0052,H. Jones,1,5.166666666666667,5.1666666666666465
S2324-G0052,H. Jones,2,6.26,6.260597619047612
S2324-G0052,H. Jones,3,3.2,3.2000000000000095
S2324-G0052,H. Jones,4,19.12967032967033,19.128144618126928
S2324-G0052,I. Zubac,1,5.214285714285714,5.214285714285694
S2324-G0052,I. Zubac,2,0.9,0.9000000000000036
S2324-G0052,I. Zubac,3,14.9,14.900274544899592
S2324-G0052,I. Zubac,4,7.566666666666667,7.566666666666664
S2324-G0052,J. Alvarado,1,9.864285714285714,9.864285714285689
S2324-G0052,J. Alvarado,2,0.8666666666666667,0.8666666666666681
S2324-G0052,J. Alvarado,3,5.5,5.494333333333336
S2324-G0052,J. Alvarado,4,5.4399999999999995,5.440148484848513
S2324-G0052,J. Harden,1,5.475,5.47500000000001
S2324-G0052,J. Harden,2,7.617307692307692,7.6181122405372745
S2324-G0052,J. Harden,3,12.817307692307692,12.817432692307657
S2324-G0052,J. Harden,4,4.383333333333333,4.3854147186147125
S2324-G0052,J. Hawkins,1,1.0,1.0
S2324-G0052,J. Hawkins,2,18.177777777777777,18.178333333333377
S2324-G0052,J. Hawkins,3,3.4000000000000004,3.3999999999999875
S2324-G0052,J. Hawkins,4,0.8666666666666667,0.8666666666666686
S2324-G0052,J. Valanciunas,1,12.558730158730159,12.562889382839408
S2324-G0052,J. Valanciunas,2,0.7714285714285714,0.7714285714285721
S2324-G0052,J. Valanciunas,3,12.799999999999999,12.80000000000001
S2324-G0052,J. Valanciunas,4,3.3666666666666667,3.366666666666673
S2324-G0052,K. Leonard,1,14.1,14.099999999999948
S2324-G0052,K. Leonard,2,18.133333333333333,18.133333333333308
S2324-G0052,K. Leonard,3,16.155555555555555,16.155744902319924
S2324-G0052,K. Leonard,4,14.466666666666665,14.466666666666688
S2324-G0052,K. Tower,4,1.2,1.200000000000001
S2324-G0052,L. Nance Jr.,2,3.071428571428571,3.071428571428564
S2324-G0052,L. Nance Jr.,3,7.65,7.650000000000019
S2324-G0052,L. Nance Jr.,4,5.195238095238095,5.195447619047618
S2324-G0052,N. Marshall,1,6.614285714285715,6.624652164502165
S2324-G0052,N. Marshall,2,10.266666666666666,10.310017857142853
S2324-G0052,N. Marshall,3,5.364285714285715,5.364285714285729
S2324-G0052,N. Marshall,4,3.0,3.0
S2324-G0052,N. Powell,1,13.833333333333332,13.83333333333335
S2324-G0052,N. Powell,2,26.091452991452993,26.07892724962941
S2324-G0052,N. Powell,3,3.1666666666666665,3.166666666666666
S2324-G0052,N. Powell,4,12.799999999999999,12.80000000000001
S2324-G0052,P. George,1,19.513675213675214,19.513561843711763
S2324-G0052,P. George,2,27.017307692307693,27.017349558611336
S2324-G0052,P. George,3,22.75873015873016,22.758624407944954
S2324-G0052,P. George,4,37.57692307692308,36.88825195209417
S2324-G0052,P. Tucker,1,3.1666666666666665,3.166666666666666
S2324-G0052,P. Tucker,2,0.7555555555555555,0.7555050505050527
S2324-G0052,P. Tucker,3,3.25,3.25
S2324-G0052,P. Tucker,4,0.7714285714285714,0.7714285714285721
S2324-G0052,R. Westbrook,1,12.218181818181819,12.21655447330446
S2324-G0052,R. Westbrook,2,3.1,3.0999999999999956
S2324-G0052,R. Westbrook,3,3.566666666666667,3.5666666666666793
S2324-G0052,R. Westbrook,4,6.455555555555556,6.455685425685416
S2324-G0052,S. Colter,2,1.2,1.200000000000001
S2324-G0052,T. Mann,1,7.5777777777777775,7.577777777777782
S2324-G0052,T. Mann,2,0.8666666666666667,0.8666666666666678
S2324-G0052,T. Mann,3,5.1,5.100000000000014
S2324-G0052,T. Mann,4,6.220000000000001,6.216742857142875
S2324-G0052,Z. Williamson,1,15.214285714285714,15.214285714285749
S2324-G0052,Z. Williamson,2,20.721212121212123,20.72490160533906
S2324-G0052,Z. Williamson,3,31.427500000000002,31.40559116979515
S2324-G0052,Z. Williamson,4,26.192063492063493,26.19504294163868
S2324-G0055,A. Griffin,1,3.1,3.0999999999999948
S2324-G0055,A. Griffin,2,3.2,3.2000000000000095
S2324-G0055,A. Griffin,3,3.1,3.099999999999994
S2324-G0055,A. Griffin,4,12.475,12.47694992229989
S2324-G0055,B. Bogdanovic,1,12.911111111111111,12.911111111111076
S2324-G0055,B. Bogdanovic,2,25.08137254901961,25.09484961851871
S2324-G0055,B. Bogdanovic,3,7.504761904761905,7.504761904761895
S2324-G0055,B. Bogdanovic,4,13.125,13.123983516483515
S2324-G0055,B. Fernando,4,17.041666666666668,16.888296284271267
S2324-G0055,C. Capela,1,20.558119658119658,20.559941677345748
S2324-G0055,C. Capela,2,9.968181818181819,9.966697835497856
S2324-G0055,C. Capela,3,9.466666666666667,9.466363636363655
S2324-G0055,C. Capela,4,0.8666666666666667,0.866666666666668
S2324-G0055,C. LeVert,1,3.125,3.125
S2324-G0055,C. LeVert,2,3.2142857142857144,3.2142857142857086
S2324-G0055,C. LeVert,3,9.514285714285714,9.51428571428573
S2324-G0055,C. LeVert,4,16.043956043956044,16.042261072261024
S2324-G0055,C. Porter Jr.,2,7.564285714285714,7.564285714285693
S2324-G0055,D. Garland,1,14.76969696969697,14.769372619047672
S2324-G0055,D. Garland,2,16.442307692307693,16.432306776556747
S2324-G0055,D. Garland,3,13.475,13.496371969696941
S2324-G0055,D. Garland,4,12.417307692307691,12.423501959151949
S2324-G0055,D. Hunter,1,16.48095238095238,16.48296977189473
S2324-G0055,D. Hunter,2,11.733333333333333,11.73464642857142
S2324-G0055,D. Hunter,3,10.78,10.779999999999989
S2324-G0055,D. Hunter,4,10.555555555555555,10.551009507159531
S2324-G0055,D. Mitchell,1,21.848039215686274,21.84756142168801
S2324-G0055,D. Mitchell,2,20.393181818181816,20.320682851788728
S2324-G0055,D. Mitchell,3,31.425,31.424642734450003
S2324-G0055,D. Mitchell,4,28.173333333333336,28.15824337468088
S2324-G0055,D. Murray,1,20.395238095238096,20.395435149572716
S2324-G0055,D. Murray,2,3.1,3.100000000000011
S2324-G0055,D. Murray,3,17.423809523809524,17.423371969697033
S2324-G0055,D. Murray,4,7.805555555555555,7.803480158730188
S2324-G0055,E. Mobley,1,13.85,13.854870038621472
S2324-G0055,E. Mobley,2,17.236363636363638,17.23577868553012
S2324-G0055,E. Mobley,3,7.566666666666667,7.566854925775976
S2324-G0055,E. Mobley,4,7.65,7.64358257575759
S2324-G0055,G. Mathews,4,3.3666666666666667,3.366666666666674
S2324-G0055,G. Niang,1,12.08,12.080227777777745
S2324-G0055,G. Niang,2,14.86,14.856318697968707
S2324-G0055,G. Niang,3,8.67,8.67010000000002
S2324-G0055,G. Niang,4,0.8,0.7999999999999992
S2324-G0055,I. Okoro,1,3.1,3.0999999999999948
S2324-G0055,I. Okoro,2,0.8666666666666667,0.8666666666666675
S2324-G0055,I. Okoro,3,5.166666666666667,5.166666666666648
S2324-G0055,I. Okoro,4,14.145454545454545,14.164604495504477
S2324-G0055,J. Allen,1,9.533333333333333,9.533333333333314
S2324-G0055,J. Allen,2,5.166666666666667,5.1666666666666465
S2324-G0055,J. Allen,3,5.166666666666667,5.1666666666666465
S2324-G0055,J. Allen,4,8.469444444444445,8.460882986457989
S2324-G0055,M. Strus,1,10.775,10.77500000000004
S2324-G0055,M. Strus,2,10.804761904761905,10.804761904761962
S2324-G0055,M. Strus,3,12.846666666666666,12.846666666666668
S2324-G0055,M. Strus,4,5.506666666666667,5.506349999999995
S2324-G0055,O. Okongwu,1,7.533333333333334,7.533333333333316
S2324-G0055,O. Okongwu,2,10.45,10.465766278166281
S2324-G0055,O. Okongwu,3,11.914285714285713,11.914285714285745
S2324-G0055,O. Okongwu,4,5.18,5.179999999999978
S2324-G0055,S. Bey,1,3.1666666666666665,3.166666666666666
S2324-G0055,S. Bey,2,10.506666666666666,10.506666666666662
S2324-G0055,S. Bey,3,19.423809523809524,19.42380042735051
S2324-G0055,S. Bey,4,2.875,2.874825
S2324-G0055,T. Forrest,4,3.1666666666666665,3.166666666666666
S2324-G0055,T. Young,1,16.184415584415586,16.184415584415557
S2324-G0055,T. Young,2,12.083333333333334,12.083415367965365
S2324-G0055,T. Young,3,11.846666666666666,11.846666666666657
S2324-G0055,T. Young,4,8.792307692307691,8.83725704981291
S2324-G0055,W. Matthews,2,5.405555555555555,5.405555555555563
S2324-G0055,W. Matthews,4,3.233333333333333,3.233333333333346
S2324-G0057,B. McGowens,1,5.866666666666667,5.866666666666658
S2324-G0057,B. McGowens,2,12.833333333333332,12.833349206349212
S2324-G0057,B. Miller,1,13.067857142857143,13.066586704961672
S2324-G0057,B. Miller,2,23.571428571428573,23.615741645446064
S2324-G0057,B. Miller,3,7.514285714285714,7.514285714285733
S2324-G0057,B. Miller,4,18.75,18.77637282986622
S2324-G0057,D. DiVincenzo,1,5.55,5.549999999999978
S2324-G0057,D. DiVincenzo,2,5.525,5.524999999999992
S2324-G0057,D. DiVincenzo,3,3.1666666666666665,3.166666666666666
S2324-G0057,D. DiVincenzo,4,13.74,13.73999999999995
S2324-G0057,G. Hayward,1,7.466666666666667,7.466666666666693
S2324-G0057,G. Hayward,2,12.071794871794872,12.091056388872547
S2324-G0057,G. Hayward,3,3.1666666666666665,3.166666666666666
S2324-G0057,G. Hayward,4,0.8666666666666667,0.8666666666666683
S2324-G0057,I. Hartenstein,2,5.233333333333333,5.233333333333346
S2324-G0057,I. Hartenstein,3,0.95,0.9499999999999977
S2324-G0057,I. Hartenstein,4,7.63,7.629975000000034
S2324-G0057,I. Quickley,1,3.3666666666666663,3.366666666666672
S2324-G0057,I. Quickley,2,12.175,12.17681158008658
S2324-G0057,I. Quickley,3,10.4,10.40000000000004
S2324-G0057,I. Quickley,4,46.92272727272727,45.69825880799616
S2324-G0057,I. Smith,1,5.214285714285714,5.214285714285694
S2324-G0057,I. Smith,2,3.2,3.2000000000000024
S2324-G0057,I. Smith,3,5.166666666666667,5.1666666666666465
S2324-G0057,J. Bouknight,4,12.966666666666667,12.966666666666688
S2324-G0057,J. Brunson,1,8.44,8.440000000000037
S2324-G0057,J. Brunson,2,3.1,3.0999999999999956
S2324-G0057,J. Brunson,3,17.158730158730158,17.158755411255385
S2324-G0057,J. Brunson,4,7.5,7.5
S2324-G0057,J. Hart,1,8.466666666666667,8.466666666666692
S2324-G0057,J. Hart,2,10.564285714285713,10.564285714285694
S2324-G0057,J. Hart,3,14.725,14.724874999999948
S2324-G0057,J. Hart,4,9.858730158730157,9.8599773976024
S2324-G0057,J. Randle,1,25.853333333333335,25.853503887942153
S2324-G0057,J. Randle,2,12.042857142857144,12.051228715728714
S2324-G0057,J. Randle,3,22.838914027149322,22.8324015845266
S2324-G0057,J. Randle,4,2.9809523809523806,2.9946156593406643
S2324-G0057,J. Thor,2,0.8,0.7999999999999986
S2324-G0057,J. Thor,4,0.9066666666666666,0.9066666666666664
S2324-G0057,L. Black,4,0.8666666666666667,0.8666666666666677
S2324-G0057,M. Bridges,1,17.423809523809524,17.423927976190544
S2324-G0057,M. Bridges,2,6.1499999999999995,6.145147002997003
S2324-G0057,M. Bridges,3,17.423809523809524,17.423648484848552
S2324-G0057,M. Bridges,4,3.125,3.125
S2324-G0057,M. Robinson,1,5.298039215686274,5.297428801753792
S2324-G0057,M. Robinson,2,7.564285714285714,7.5642186716791775
S2324-G0057,M. Robinson,3,3.3931818181818185,3.3968665667665596
S2324-G0057,M. Robinson,4,7.514285714285714,7.514285714285733
S2324-G0057,M. Williams,1,7.555844155844156,7.555844155844167
S2324-G0057,M. Williams,2,9.875,9.875258333333333
S2324-G0057,M. Williams,3,11.966666666666667,11.9514984848485
S2324-G0057,M. Williams,4,7.225,7.224999999999984
S2324-G0057,N. Smith Jr.,4,18.23333333333333,18.248347999222975
S2324-G0057,P. Washington,1,5.371428571428571,5.371428571428598
S2324-G0057,P. Washington,2,8.450000000000001,8.44921172161175
S2324-G0057,P. Washington,3,22.947008547008547,22.92434262265512
S2324-G0057,P. Washington,4,0.7714285714285714,0.7714285714285721
S2324-G0057,Q. Grimes,1,6.071428571428571,6.071428571428578
S2324-G0057,Q. Grimes,2,6.166666666666667,6.166666666666664
S2324-G0057,Q. Grimes,3,5.6,5.600000000000007
S2324-G0057,R. Barrett,1,17.24155844155844,17.242115800865825
S2324-G0057,R. Barrett,2,16.233333333333334,16.233333333333263
S2324-G0057,R. Barrett,3,7.89,7.890000000000027
S2324-G0057,R. Barrett,4,8.564285714285713,8.564285714285694
S2324-G0057,T. Maledon,4,5.6,5.600000000000007
S2324-G0057,T. Rozier,1,9.775,9.775000000000036
S2324-G0057,T. Rozier,2,16.395238095238096,16.398128205128252
S2324-G0057,T. Rozier,3,8.866666666666665,8.861345737595707
S2324-G0057,T. Rozier,4,16.336363636363636,16.34900870404108
S2324-G0059,A. Bowie,2,1.2,1.200000000000001
S2324-G0059,A. Holiday,1,3.071428571428571,3.071428571428564
S2324-G0059,A. Holiday,2,0.8666666666666667,0.8666666666666683
S2324-G0059,A. Holiday,3,18.10666666666667,18.106699579831876
S2324-G0059,A. Holiday,4,7.743956043956043,7.745421994672008
S2324-G0059,A. Sengun,1,16.825,16.819530666555654
S2324-G0059,A. Sengun,2,18.967307692307692,18.920955051892538
S2324-G0059,A. Sengun,3,11.966666666666665,11.972002597402616
S2324-G0059,A. Sengun,4,31.125396825396827,31.122363376123346
S2324-G0059,D. Brooks,1,9.425,9.424999999999969
S2324-G0059,D. Brooks,2,15.57012987012987,15.55912912087914
S2324-G0059,D. Brooks,3,12.775,12.775000000000048
S2324-G0059,D. Brooks,4,11.825,11.825000000000005
S2324-G0059,D. Exum,1,8.666666666666666,8.66666666666669
S2324-G0059,D. Exum,2,10.425,10.424999999999972
S2324-G0059,D. Exum,3,5.03,5.072037878787881
S2324-G0059,D. Jones Jr.,1,6.1,6.099999999999995
S2324-G0059,D. Jones Jr.,2,1.0,1.001
S2324-G0059,D. Jones Jr.,3,3.071428571428571,3.0714285714285636
S2324-G0059,D. Jones Jr.,4,24.525396825396825,24.517294305612705
S2324-G0059,D. Lively II,1,1.0142857142857142,1.0142857142857122
S2324-G0059,D. Lively II,2,5.140000000000001,5.13999999999999
S2324-G0059,D. Lively II,3,9.566666666666666,9.598592171717172
S2324-G0059,D. Lively II,4,5.25,5.25
S2324-G0059,D. Powell,3,0.8666666666666667,0.8666666666666686
S2324-G0059,F. VanVleet,1,6.214285714285714,6.214285714285707
S2324-G0059,F. VanVleet,2,7.48,7.480000000000014
S2324-G0059,F. VanVleet,3,12.783333333333333,12.782755050505031
S2324-G0059,F. VanVleet,4,7.833333333333333,7.833333333333317
S2324-G0059,G. Williams,1,5.6000000000000005,5.600000000000007
S2324-G0059,G. Williams,2,0.9333333333333332,0.9333333333333352
S2324-G0059,G. Williams,3,3.1,3.0999999999999948
S2324-G0059,G. Williams,4,5.6000000000000005,5.600000000000007
S2324-G0059,J. Green,1,29.767058823529414,29.802436933164863
S2324-G0059,J. Green,2,20.02857142857143,20.062116061716086
S2324-G0059,J. Green,3,22.096791443850268,22.09467183829671
S2324-G0059,J. Green,4,0.7989473684210526,0.8070815018315001
S2324-G0059,J. Hardy,2,3.1,3.0999999999999948
S2324-G0059,J. Smith Jr.,1,7.564285714285714,7.564285714285693
S2324-G0059,J. Smith Jr.,2,7.475,7.474999999999983
S2324-G0059,J. Smith Jr.,3,15.01,15.012996672771717
S2324-G0059,J. Smith Jr.,4,15.015384615384615,15.015156177156117
S2324-G0059,J. Tate,1,6.199999999999999,6.200000000000022
S2324-G0059,J. Tate,3,5.203030303030303,5.2025451631701785
S2324-G0059,J. Tate,4,0.8666666666666667,0.8666666666666681
S2324-G0059,K. Irving,1,20.112987012987013,20.08924574037072
S2324-G0059,K. Irving,2,12.038095238095238,12.04192806637802
S2324-G0059,K. Irving,3,21.117857142857144,21.118345846065765
S2324-G0059,K. Irving,4,28.086363636363636,28.09268637440994
S2324-G0059,L. Doncic,1,24.103174603174605,24.10082729076479
S2324-G0059,L. Doncic,2,23.471794871794874,23.461948132302833
S2324-G0059,L. Doncic,3,28.136363636363637,28.16964987042543
S2324-G0059,L. Doncic,4,36.10909090909091,36.106256393043644
S2324-G0059,R. Holmes,1,5.199999999999999,5.20000000000002
S2324-G0059,R. Holmes,2,0.7777777777777777,0.785111111111108
S2324-G0059,R. Holmes,3,0.9047619047619047,0.9047619047619005
S2324-G0059,S. Curry,4,0.8666666666666667,0.8666666666666686
S2324-G0059,T. Eason,1,5.37,5.371001298701298
S2324-G0059,T. Eason,2,8.533333333333333,8.533333333333315
S2324-G0059,T. Eason,3,7.59,7.589999999999979
S2324-G0059,T. Eason,4,9.77142857142857,9.767274891774878
S2324-G0059,T. Hardaway Jr.,1,19.025,19.019662057387016
S2324-G0059,T. Hardaway Jr.,2,14.399999999999999,14.402278464101302
S2324-G0059,T. Hardaway Jr.,3,7.775,7.775000000000021
S2324-G0059,T. Hardaway Jr.,4,0.8666666666666667,0.8666666666666687
S2324-G0059,T. Rencher,4,1.2,1.200000000000001
S2324-G0064,A. Nembhard,1,9.55,9.549999999999969
S2324-G0064,A. Nembhard,2,9.506666666666666,9.506666666666662
S2324-G0064,A. Nembhard,3,12.164285714285713,12.164285714285741
S2324-G0064,A. Nembhard,4,5.266666666666667,5.266666666666657
S2324-G0064,A. Nesmith,1,1.0,1.0
S2324-G0064,A. Nesmith,2,3.125,3.125
S2324-G0064,A. Nesmith,3,9.8,9.799443650793624
S2324-G0064,A. Nesmith,4,8.385454545454545,8.385454545454582
S2324-G0064,B. Brown,1,11.466666666666667,11.466666666666686
S2324-G0064,B. Brown,2,13.803030303030303,13.802973484848506
S2324-G0064,B. Brown,3,12.455555555555556,12.46881865911866
S2324-G0064,B. Brown,4,15.133333333333333,15.133333333333328
S2324-G0064,B. Coulibaly,2,8.514285714285714,8.514285714285732
S2324-G0064,B. Coulibaly,3,3.3,3.2999999999999967
S2324-G0064,B. Coulibaly,4,0.8166666666666665,0.8068071428571412
S2324-G0064,B. Hield,1,13.814285714285713,13.814285714285694
S2324-G0064,B. Hield,2,15.042857142857143,15.055928529803493
S2324-G0064,B. Hield,3,3.1666666666666665,3.166666666666666
S2324-G0064,B. Hield,4,6.1,6.099999999999995
S2324-G0064,B. Mathurin,1,9.9,9.900000000000036
S2324-G0064,B. Mathurin,2,21.217307692307692,21.209239547788787
S2324-G0064,B. Mathurin,3,10.06969696969697,10.069530303030284
S2324-G0064,B. Mathurin,4,15.0,15.020989151126646
S2324-G0064,B. Sheppard,4,3.1666666666666665,3.166666666666666
S2324-G0064,C. Kispert,1,3.1,3.0999999999999948
S2324-G0064,C. Kispert,2,12.146666666666667,12.146872902097915
S2324-G0064,C. Kispert,3,11.89,11.89000000000002
S2324-G0064,C. Kispert,4,12.75,12.75023538961039
S2324-G0064,D. Avdija,1,14.285714285714286,14.28631439393936
S2324-G0064,D. Avdija,2,4.366666666666666,4.366130158730164
S2324-G0064,D. Avdija,3,11.855844155844155,11.855844155844165
S2324-G0064,D. Avdija,4,0.8666666666666667,0.8666666666666687
S2324-G0064,D. Gafford,1,5.29,5.289999999999985
S2324-G0064,D. Gafford,2,0.9642857142857143,0.9642857142857153
S2324-G0064,D. Gafford,3,5.275,5.274999999999988
S2324-G0064,D. Gafford,4,2.838095238095238,2.8380952380952453
S2324-G0064,D. Gallinari,1,20.15,20.154672133422174
S2324-G0064,D. Gallinari,2,5.466666666666667,5.46666666666669
S2324-G0064,D. Gallinari,3,7.6,7.512861904761908
S2324-G0064,D. Gallinari,4,3.0,3.0
S2324-G0064,D. Wright,1,3.4333333333333336,3.4333333333333225
S2324-G0064,D. Wright,2,13.166666666666666,13.166880952380943
S2324-G0064,D. Wright,3,0.8,0.799999999999999
S2324-G0064,D. Wright,4,12.806666666666667,12.806666666666672
S2324-G0064,E. Omoruyi,4,11.806666666666667,11.806666666666658
S2324-G0064,I. Jackson,3,5.204761904761904,5.204761904761888
S2324-G0064,I. Jackson,4,10.033333333333335,10.033333333333314
S2324-G0064,J. Butler,4,8.55,8.54999999999997
S2324-G0064,J. Nwora,4,22.275,22.22186383616385
S2324-G0064,J. Poole,1,18.392307692307693,18.392232371794947
S2324-G0064,J. Poole,2,21.784415584415584,21.784154004328983
S2324-G0064,J. Poole,3,17.4675,17.452670303406645
S2324-G0064,J. Poole,4,5.6,5.600000000000007
S2324-G0064,J. Smith,1,18.2,18.200192918192858
S2324-G0064,J. Smith,2,6.214285714285714,6.214285714285707
S2324-G0064,J. Smith,3,5.2844155844155845,5.284292207792202
S2324-G0064,J. Walker,4,12.797142857142857,12.670976190476201
S2324-G0064,K. Kuzma,1,19.723809523809525,19.722139481351928
S2324-G0064,K. Kuzma,2,23.44666666666667,23.439624942601252
S2324-G0064,K. Kuzma,3,19.55,19.55252201523972
S2324-G0064,K. Kuzma,4,7.5,7.5
S2324-G0064,M. Muscala,2,0.8666666666666667,0.8666666666666686
S2324-G0064,M. Muscala,4,0.825,0.8249999999999992
S2324-G0064,M. Turner,1,7.957142857142856,7.959852106227109
S2324-G0064,M. Turner,2,14.884415584415583,14.884333044732989
S2324-G0064,M. Turner,3,1.0142857142857142,1.0144220779220758
S2324-G0064,M. Turner,4,9.479999999999999,9.480200000000014
S2324-G0064,O. Toppin,1,10.806666666666667,10.80666666666664
S2324-G0064,O. Toppin,2,6.214285714285714,6.214285714285707
S2324-G0064,O. Toppin,3,17.395238095238096,17.394954112554164
S2324-G0064,P. Baldwin Jr.,4,3.1666666666666665,3.166666666666666
S2324-G0064,R. Rollins,4,9.01,9.01546590909091
S2324-G0064,T. Haliburton,1,12.817307692307692,12.817204514439775
S2324-G0064,T. Haliburton,2,3.125,3.125
S2324-G0064,T. Haliburton,3,43.4961038961039,43.06776701727063
S2324-G0064,T. Haliburton,4,0.8666666666666667,0.8666666666666667
S2324-G0064,T. Jones,1,24.475,24.485359144531923
S2324-G0064,T. Jones,2,12.175,12.176574309024312
S2324-G0064,T. Jones,3,9.775,9.775000000000036
S2324-G0064,T. McConnell,4,9.683333333333334,9.683333333333348
S2324-G0071,B. Ingram,1,20.526666666666667,20.5204689338439
S2324-G0071,B. Ingram,2,13.1475,13.142943864468876
S2324-G0071,B. Ingram,3,22.796791443850267,22.797236175327104
S2324-G0071,B. Ingram,4,7.766666666666667,7.7681166666666535
S2324-G0071,C. McCollum,1,14.933333333333334,14.932457500832522
S2324-G0071,C. McCollum,2,13.066666666666666,13.070633439273136
S2324-G0071,C. McCollum,3,18.06969696969697,18.069952380952344
S2324-G0071,C. McCollum,4,18.343956043956045,18.346578493728497
S2324-G0071,D. Bane,1,27.086363636363636,27.074460973417757
S2324-G0071,D. Bane,2,16.106666666666666,16.106688888888826
S2324-G0071,D. Bane,3,23.1,23.10137634061844
S2324-G0071,D. Bane,4,19.35,19.344414466089443
S2324-G0071,D. Daniels,1,5.264285714285714,5.2642857142857284
S2324-G0071,D. Daniels,2,14.343181818181819,14.326237086524594
S2324-G0071,D. Daniels,3,0.8,0.7999999999999997
S2324-G0071,D. Daniels,4,3.071428571428571,3.0714285714285636
S2324-G0071,D. Roddy,1,6.071428571428571,6.071428571428578
S2324-G0071,D. Roddy,2,9.914285714285713,9.914285714285766
S2324-G0071,D. Roddy,3,5.1,5.100000000000014
S2324-G0071,D. Roddy,4,7.4363636363636365,7.436388611388609
S2324-G0071,D. Rose,1,7.95,7.948971428571456
S2324-G0071,D. Rose,2,10.864285714285714,10.864285714285698
S2324-G0071,D. Rose,3,9.966666666666667,9.966666666666686
S2324-G0071,D. Rose,4,8.466666666666667,8.466666666666692
S2324-G0071,H. Jones,1,5.2844155844155845,5.284349350649344
S2324-G0071,H. Jones,2,7.1,7.100466233766226
S2324-G0071,H. Jones,3,8.438095238095238,8.438095238095231
S2324-G0071,H. Jones,4,14.1875,14.189700992471549
S2324-G0071,J. Hawkins,2,0.8666666666666667,0.8666666666666686
S2324-G0071,J. Hawkins,4,8.564285714285713,8.564297619047597
S2324-G0071,J. Jackson Jr.,1,7.912987012987013,7.903354231879249
S2324-G0071,J. Jackson Jr.,2,3.071428571428571,3.071428571428564
S2324-G0071,J. Jackson Jr.,3,14.342857142857143,14.33217647075148
S2324-G0071,J. Jackson Jr.,4,7.37012987012987,7.368677214452211
S2324-G0071,J. LaRavia,1,1.0,0.9996904761904759
S2324-G0071,J. LaRavia,2,5.371428571428571,5.371428571428598
S2324-G0071,J. LaRavia,3,0.95,0.9499999999999977
S2324-G0071,J. LaRavia,4,5.166666666666667,5.1666666666666465
S2324-G0071,J. Valanciunas,1,8.6,8.599999999999973
S2324-G0071,J. Valanciunas,2,12.824064171122993,12.819415492677251
S2324-G0071,J. Valanciunas,3,3.2642857142857142,3.264285714285725
S2324-G0071,J. Valanciunas,4,7.223809523809524,7.22138508713508
S2324-G0071,K. Lewis Jr.,1,3.1666666666666665,3.166666666666666
S2324-G0071,K. Lewis Jr.,3,5.466666666666667,5.46666666666669
S2324-G0071,K. Lewis Jr.,4,0.9,0.9000000000000037
S2324-G0071,L. Kennard,1,6.414285714285715,6.414166666666687
S2324-G0071,L. Kennard,2,5.425,5.424999999999979
S2324-G0071,L. Kennard,3,5.5,5.5
S2324-G0071,L. Nance Jr.,1,3.29,3.2899999999999987
S2324-G0071,L. Nance Jr.,2,1.0666666666666667,1.0666666666666644
S2324-G0071,L. Nance Jr.,3,5.206666666666667,5.206666666666683
S2324-G0071,M. Ryan,2,21.455844155844154,21.45541558441564
S2324-G0071,M. Ryan,3,3.1666666666666665,3.166666666666666
S2324-G0071,M. Ryan,4,0.8,0.7999999999999983
S2324-G0071,M. Smart,1,13.846666666666666,13.846666666666676
S2324-G0071,M. Smart,2,9.792857142857143,9.788835037511495
S2324-G0071,M. Smart,3,11.833333333333332,11.833333333333329
S2324-G0071,M. Smart,4,10.67,10.67000000000003
S2324-G0071,M. Williams,1,1.2,1.200000000000001
S2324-G0071,X. Tillman,1,16.192857142857143,16.175308524808507
S2324-G0071,X. Tillman,2,9.766666666666666,9.766666666666653
S2324-G0071,X. Tillman,3,7.506666666666667,7.5066666666666615
S2324-G0071,X. Tillman,4,24.145714285714284,24.140485572434105
S2324-G0071,Z. Williams,1,3.2,3.2000000000000024
S2324-G0071,Z. Williams,2,11.76969696969697,11.769774579831946
S2324-G0071,Z. Williams,3,6.214285714285714,6.214285714285707
S2324-G0071,Z. Williams,4,7.438095238095238,7.43809523809523
S2324-G0071,Z. Williamson,1,8.6,8.600086538461511
S2324-G0071,Z. Williamson,2,9.466666666666667,9.466666666666685
S2324-G0071,Z. Williamson,3,18.87012987012987,18.864622075147075
S2324-G0071,Z. Williamson,4,29.175,29.16684488518019
S2324-G0077,A. Burks,1,12.677777777777779,12.6718047868798
S2324-G0077,A. Burks,2,18.12,18.132121575646522
S2324-G0077,A. Burks,3,9.546666666666665,9.546666666666637
S2324-G0077,A. Burks,4,10.59,10.58999999999997
S2324-G0077,A. Thompson,1,7.645714285714286,7.6454375402375225
S2324-G0077,A. Thompson,2,3.05,3.050193939393941
S2324-G0077,A. Thompson,3,7.966666666666667,7.9668833333333495
S2324-G0077,A. Thompson,4,11.892307692307691,11.892112026862039
S2324-G0077,B. Miller,1,15.155844155844155,15.155844155844111
S2324-G0077,B. Miller,2,18.48333333333333,18.469732509157513
S2324-G0077,B. Miller,3,4.29,4.2965682178932125
S2324-G0077,B. Miller,4,12.836507936507935,12.834673035298078
S2324-G0077,C. Cunningham,1,22.75,22.756291080488175
S2324-G0077,C. Cunningham,2,9.795238095238094,9.795979437229455
S2324-G0077,C. Cunningham,3,5.525,5.525113636363629
S2324-G0077,C. Cunningham,4,7.55,7.5743437451437545
S2324-G0077,G. Hayward,1,11.95,11.94543397990898
S2324-G0077,G. Hayward,2,12.033333333333333,12.047726010101
S2324-G0077,G. Hayward,3,28.135897435897437,28.135912659889055
S2324-G0077,G. Hayward,4,5.514285714285714,5.51428571428573
S2324-G0077,I. Stewart,1,0.9142857142857144,0.9142857142857117
S2324-G0077,I. Stewart,2,5.08,5.089416550116561
S2324-G0077,I. Stewart,3,7.533333333333333,7.533333333333318
S2324-G0077,I. Stewart,4,30.336111111111112,30.3404338008869
S2324-G0077,J. Duren,1,13.936363636363637,13.938161832611868
S2324-G0077,J. Duren,2,5.0717948717948715,5.078433866133867
S2324-G0077,J. Duren,3,9.566666666666666,9.566666666666652
S2324-G0077,J. Duren,4,7.466666666666667,7.475227014652021
S2324-G0077,J. Harris,1,3.1,3.0999999999999948
S2324-G0077,J. Harris,2,3.1666666666666665,3.166666666666666
S2324-G0077,J. Harris,3,5.566666666666667,5.566666666666684
S2324-G0077,J. Harris,4,0.8666666666666667,0.8666666666666675
S2324-G0077,J. Ivey,1,10.683333333333334,10.683709956709977
S2324-G0077,J. Ivey,2,9.74,9.740000000000007
S2324-G0077,J. Ivey,3,21.8,21.800166666666748
S2324-G0077,J. Ivey,4,11.775,11.775000000000043
S2324-G0077,J. Thor,1,0.95,0.9499999999999976
S2324-G0077,J. Thor,2,3.25,3.25
S2324-G0077,J. Thor,3,7.506666666666667,7.5066666666666615
S2324-G0077,J. Thor,4,0.8,0.7999999999999983
S2324-G0077,K. Hayes,1,7.664285714285715,7.66428571428575
S2324-G0077,K. Hayes,2,5.4,5.39999999999999
S2324-G0077,K. Hayes,3,14.167307692307691,14.167015430402904
S2324-G0077,K. Hayes,4,5.506666666666667,5.5066666666666615
S2324-G0077,L. Ball,1,19.602564102564102,19.603740409590447
S2324-G0077,L. Ball,2,19.45873015873016,19.45902539682545
S2324-G0077,L. Ball,3,10.636363636363637,10.638713095238126
S2324-G0077,L. Ball,4,13.4,13.513129481629491
S2324-G0077,M. Bagley III,1,7.4,7.400000000000017
S2324-G0077,M. Bagley III,2,13.899999999999999,13.89990048840054
S2324-G0077,M. Bagley III,3,16.186666666666667,16.186666666666632
S2324-G0077,M. Bagley III,4,0.8666666666666667,0.8666666666666683
S2324-G0077,M. Sasser,1,3.1666666666666665,3.166666666666666
S2324-G0077,M. Sasser,3,0.8666666666666667,0.8666666666666678
S2324-G0077,M. Sasser,4,0.8666666666666667,0.8666666666666668
S2324-G0077,M. Williams,1,0.8,0.7999999999999986
S2324-G0077,M. Williams,2,5.18,5.180099999999978
S2324-G0077,M. Williams,3,8.004761904761905,7.9655019841269885
S2324-G0077,M. Williams,4,0.7666666666666666,0.7666666666666682
S2324-G0077,N. Richards,1,0.8,0.7999999999999988
S2324-G0077,N. Richards,2,0.9333333333333332,0.9333333333333365
S2324-G0077,N. Richards,3,1.1,1.1045238095238057
S2324-G0077,N. Richards,4,3.2066666666666666,3.2066666666666697
S2324-G0077,P. Washington,1,15.477777777777778,15.485122785547771
S2324-G0077,P. Washington,2,5.506666666666667,5.5066666666666615
S2324-G0077,P. Washington,3,16.1,16.113425277500234
S2324-G0077,P. Washington,4,9.612987012987013,9.612963275613309
S2324-G0077,S. Rusconi,3,1.2,1.200000000000001
S2324-G0077,T. Maledon,1,3.35,3.350000000000013
S2324-G0077,T. Maledon,2,5.264285714285714,5.2642857142857284
S2324-G0077,T. Maledon,4,5.066666666666667,5.058525000000016
S2324-G0077,T. Rozier,1,12.133333333333333,12.13220000000002
S2324-G0077,T. Rozier,2,19.87,19.863770670995667
S2324-G0077,T. Rozier,3,8.504761904761905,8.504761904761887
S2324-G0077,T. Rozier,4,29.425714285714285,29.421113131704068
S2324-G0079,A. Griffin,1,6.25,6.25
S2324-G0079,A. Griffin,3,11.05,11.050502380952366
S2324-G0079,B. Bogdanovic,1,8.4,8.400000000000027
S2324-G0079,B. Bogdanovic,2,20.417307692307695,20.416295192307622
S2324-G0079,B. Bogdanovic,3,6.166666666666667,6.166666666666664
S2324-G0079,B. Bogdanovic,4,9.855844155844155,9.855701298701279
S2324-G0079,C. Capela,1,9.795238095238094,9.795238095238114
S2324-G0079,C. Capela,2,9.677777777777779,9.6778537296037
S2324-G0079,C. Capela,3,21.902564102564103,21.898972628395022
S2324-G0079,C. Capela,4,3.1666666666666665,3.166666666666666
S2324-G0079,D. DiVincenzo,1,10.55,10.549999999999976
S2324-G0079,D. DiVincenzo,2,9.44,9.43985833333337
S2324-G0079,D. DiVincenzo,3,13.966666666666667,13.96632196969699
S2324-G0079,D. DiVincenzo,4,8.855555555555556,8.846777805527818
S2324-G0079,D. Hunter,1,23.767307692307693,23.766151877289403
S2324-G0079,D. Hunter,2,12.405555555555555,12.42878792318794
S2324-G0079,D. Hunter,3,7.71,7.712054198579221
S2324-G0079,D. Hunter,4,16.866666666666667,16.86711391941394
S2324-G0079,D. Murray,1,12.792857142857143,12.791932887945368
S2324-G0079,D. Murray,2,10.9,10.900000000000041
S2324-G0079,D. Murray,3,20.742307692307694,20.737881715506777
S2324-G0079,D. Murray,4,16.53333333333333,16.50480789765793
S2324-G0079,I. Hartenstein,1,6.264285714285714,6.264285714285729
S2324-G0079,I. Hartenstein,2,0.9000000000000001,0.9000000000000038
S2324-G0079,I. Hartenstein,3,7.55,7.549999999999972
S2324-G0079,I. Hartenstein,4,6.312987012987013,6.311570762570759
S2324-G0079,I. Quickley,1,7.914285714285715,7.914285714285752
S2324-G0079,I. Quickley,2,21.417307692307695,21.415049282661734
S2324-G0079,I. Quickley,3,5.199999999999999,5.20000000000002
S2324-G0079,I. Quickley,4,12.503174603174603,12.496736285936311
S2324-G0079,J. Brunson,1,18.10666666666667,18.1066666666666
S2324-G0079,J. Brunson,2,20.725,20.746521001220984
S2324-G0079,J. Brunson,3,31.367307692307694,31.36570142754137
S2324-G0079,J. Brunson,4,12.866666666666665,12.866666666666651
S2324-G0079,J. Hart,1,5.199999999999999,5.20000000000002
S2324-G0079,J. Hart,2,0.8,0.7999999999999982
S2324-G0079,J. Hart,3,3.2,3.2000000000000095
S2324-G0079,J. Hart,4,7.466666666666667,7.466666666666693
S2324-G0079,J. Johnson,1,5.199999999999999,5.20000000000002
S2324-G0079,J. Johnson,2,9.466666666666667,9.466666666666685
S2324-G0079,J. Johnson,3,2.0642857142857145,2.0641833333333253
S2324-G0079,J. Johnson,4,16.477777777777778,16.477090399877902
S2324-G0079,J. Randle,1,10.006666666666666,9.99827824675324
S2324-G0079,J. Randle,2,6.25,6.25
S2324-G0079,J. Randle,3,10.772527472527472,10.772200591075554
S2324-G0079,J. Randle,4,17.03333333333333,16.96283290484028
S2324-G0079,M. Robinson,1,9.677777777777779,9.677817460317431
S2324-G0079,M. Robinson,2,10.967307692307692,10.961839405039425
S2324-G0079,M. Robinson,3,3.175,3.1749999999999985
S2324-G0079,M. Robinson,4,0.7854545454545454,0.7849040404040388
S2324-G0079,O. Okongwu,1,2.9642857142857144,2.9639761904761883
S2324-G0079,O. Okongwu,2,2.875,2.875
S2324-G0079,O. Okongwu,3,0.8666666666666667,0.8666666666666678
S2324-G0079,O. Okongwu,4,7.425,7.4249999999999705
S2324-G0079,Q. Grimes,1,6.199999999999999,6.200000000000022
S2324-G0079,Q. Grimes,2,10.833333333333332,10.833333333333313
S2324-G0079,Q. Grimes,3,5.371428571428571,5.371428571428598
S2324-G0079,Q. Grimes,4,1.05,1.0500000000000034
S2324-G0079,R. Barrett,1,18.213675213675213,18.214661043205204
S2324-G0079,R. Barrett,2,16.19145299145299,16.18252653180149
S2324-G0079,R. Barrett,3,13.93,13.929999999999973
S2324-G0079,R. Barrett,4,16.125,16.125
S2324-G0079,S. Bey,1,3.1666666666666665,3.166666666666666
S2324-G0079,S. Bey,2,7.466666666666667,7.466666666666693
S2324-G0079,S. Bey,3,6.25,6.249886363636364
S2324-G0079,S. Bey,4,0.7714285714285714,0.7714285714285721
S2324-G0079,T. Young,1,19.854545454545455,19.866382181707184
S2324-G0079,T. Young,2,7.85,7.850168614718593
S2324-G0079,T. Young,3,13.852380952380951,13.852557234432243
S2324-G0079,T. Young,4,17.192857142857143,17.183439965263457
S2324-G0082,A. Caruso,1,11.875,11.875
S2324-G0082,A. Caruso,2,0.8,0.8000000000000006
S2324-G0082,A. Caruso,3,7.5,7.5
S2324-G0082,A. Caruso,4,11.915384615384616,11.887468956370421
S2324-G0082,A. Caruso,5,6.333333333333333,6.333333333333331
S2324-G0082,A. Dosunmu,2,11.755555555555555,11.755555555555516
S2324-G0082,A. Dosunmu,4,3.1,3.0999999999999943
S2324-G0082,A. Drummond,1,7.6,7.599999999999982
S2324-G0082,A. Drummond,2,7.533333333333333,7.533333333333318
S2324-G0082,A. Drummond,4,9.503030303030304,9.503030303030302
S2324-G0082,B. Williams,3,1.2,1.200000000000001
S2324-G0082,C. Boucher,2,8.683333333333334,8.683333333333344
S2324-G0082,C. Boucher,4,6.08,6.078926381461674
S2324-G0082,C. Boucher,5,7.533333333333333,7.4881039682539745
S2324-G0082,C. White,1,11.833333333333332,11.833333333333329
S2324-G0082,C. White,2,12.81111111111111,12.811969993894996
S2324-G0082,C. White,3,22.717307692307692,22.716604602342073
S2324-G0082,C. White,4,5.564285714285714,5.564285714285695
S2324-G0082,C. White,5,3.1666666666666665,3.166666666666666
S2324-G0082,D. DeRozan,1,15.106666666666666,15.106666666666605
S2324-G0082,D. DeRozan,2,9.827272727272726,9.82604545454543
S2324-G0082,D. DeRozan,3,16.46818181818182,16.45236002135121
S2324-G0082,D. DeRozan,4,35.24285714285715,36.27535663149629
S2324-G0082,D. DeRozan,5,11.983333333333334,11.983333333333315
S2324-G0082,D. Reid,4,1.2,1.200000000000001
S2324-G0082,D. Schroder,1,7.514285714285714,7.514285714285733
S2324-G0082,D. Schroder,2,7.766666666666667,7.769308691308683
S2324-G0082,D. Schroder,3,10.475,10.47499999999996
S2324-G0082,D. Schroder,4,5.438095238095238,5.438095238095232
S2324-G0082,D. Schroder,5,8.666666666666666,8.66666666666669
S2324-G0082,G. Dick,2,5.533333333333334,5.5333333333333234
S2324-G0082,G. Trent Jr.,1,3.1,3.0999999999999948
S2324-G0082,G. Trent Jr.,2,10.89,10.889975000000033
S2324-G0082,G. Trent Jr.,3,7.438095238095238,7.43809523809523
S2324-G0082,G. Trent Jr.,4,32.60931677018633,32.640760642758494
S2324-G0082,G. Trent Jr.,5,0.8666666666666667,0.866666666666667
S2324-G0082,J. Carter,2,3.2,3.2000000000000024
S2324-G0082,J. Carter,4,3.175,3.1749999999999985
S2324-G0082,J. McDaniels,1,0.8666666666666667,0.866666666666669
S2324-G0082,J. McDaniels,2,7.855555555555555,7.8608768037518315
S2324-G0082,J. McDaniels,3,3.071428571428571,3.0714285714285636
S2324-G0082,J. McDaniels,4,0.7714285714285714,0.7714285714285721
S2324-G0082,J. Poeltl,1,16.123809523809523,16.123809523809538
S2324-G0082,J. Poeltl,2,5.300000000000001,5.29999999999998
S2324-G0082,J. Poeltl,3,0.99,0.9900000000000017
S2324-G0082,J. Poeltl,4,0.875,0.875
S2324-G0082,M. Flynn,1,3.1,3.0999999999999948
S2324-G0082,N. Vucevic,1,16.46969696969697,16.472979617604633
S2324-G0082,N. Vucevic,2,7.9,7.900512987013007
S2324-G0082,N. Vucevic,3,17.5,17.49995
S2324-G0082,N. Vucevic,4,3.2844155844155845,3.284415584415578
S2324-G0082,N. Vucevic,5,5.45,5.450307142857163
S2324-G0082,O. Anunoby,1,9.523809523809524,9.523809523809572
S2324-G0082,O. Anunoby,2,17.36969696969697,17.36827303529805
S2324-G0082,O. Anunoby,3,5.138095238095238,5.138095238095252
S2324-G0082,O. Anunoby,4,0.8666666666666667,0.8666666666666683
S2324-G0082,P. Achiuwa,1,3.2466666666666666,3.2466666666666693
S2324-G0082,P. Achiuwa,2,0.9,0.9000000000000036
S2324-G0082,P. Achiuwa,3,15.85,15.831551467976455
S2324-G0082,P. Achiuwa,4,3.1833333333333336,3.1855721611721544
S2324-G0082,P. Siakam,1,11.736363636363636,11.736363636363619
S2324-G0082,P. Siakam,2,9.775,9.775000000000036
S2324-G0082,P. Siakam,3,20.505714285714284,20.50650297619056
S2324-G0082,P. Siakam,4,9.461538461538462,9.490755727605714
S2324-G0082,P. Siakam,5,5.666666666666667,5.666809523809518
S2324-G0082,P. Williams,1,10.244444444444445,10.24947055444559
S2324-G0082,P. Williams,2,6.29,6.289999999999981
S2324-G0082,P. Williams,3,0.9333333333333332,0.9333333333333365
S2324-G0082,S. Barnes,1,5.242307692307692,5.242100427350429
S2324-G0082,S. Barnes,2,9.918181818181818,9.9196562742813
S2324-G0082,S. Barnes,3,15.893333333333333,15.8871989149739
S2324-G0082,S. Barnes,4,19.377124183006536,19.38900648101896
S2324-G0082,S. Barnes,5,8.666666666666666,8.66666666666669
S2324-G0082,T. Craig,1,6.166666666666667,6.166666666666664
S2324-G0082,T. Craig,2,3.2,3.2000000000000095
S2324-G0082,T. Craig,3,16.557142857142857,16.556701443001486
S2324-G0082,T. Craig,4,0.7384615384615385,0.7534241647241644
S2324-G0082,T. Dehere,1,1.2,1.200000000000001
S2324-G0082,T. Smith,3,1.2,1.200000000000001
S2324-G0082,Z. LaVine,1,12.19,12.19000000000004
S2324-G0082,Z. LaVine,2,7.45,7.450024509803949
S2324-G0082,Z. LaVine,3,3.2466666666666666,3.2466666666666693
S2324-G0082,Z. LaVine,4,14.299999999999999,14.317289507714538
S2324-G0082,Z. LaVine,5,7.6,7.599999999999982
S2324-G0087,A. Vezenkov,1,13.9,13.90008978521483
S2324-G0087,A. Vezenkov,2,5.1,5.100000000000014
S2324-G0087,A. Vezenkov,3,7.55,7.549999999999972
S2324-G0087,A. Wiggins,1,20.812987012987012,20.814094372294313
S2324-G0087,A. Wiggins,2,10.912987012987012,10.912987012987033
S2324-G0087,A. Wiggins,3,7.475,7.474999999999983
S2324-G0087,A. Wiggins,4,5.5,5.5
S2324-G0087,C. Duarte,2,5.4399999999999995,5.440000000000027
S2324-G0087,C. Duarte,3,11.855555555555556,11.856771500721509
S2324-G0087,C. Duarte,4,5.472527472527473,5.473192929292902
S2324-G0087,C. Paul,1,5.425,5.424999999999979
S2324-G0087,C. Paul,2,11.743956043956043,11.743332936507976
S2324-G0087,C. Paul,3,7.766666666666667,7.766666666666656
S2324-G0087,C. Paul,4,16.095238095238095,16.095238095238077
S2324-G0087,D. Fox,1,17.175,17.175000000000054
S2324-G0087,D. Fox,2,19.41111111111111,19.410219892680395
S2324-G0087,D. Fox,3,17.695238095238096,17.707805172605116
S2324-G0087,D. Fox,4,52.96857142857142,51.452092374050295
S2324-G0087,D. Mitchell,1,0.8,0.7999999999999986
S2324-G0087,D. Mitchell,2,5.385454545454545,5.384619363969363
S2324-G0087,D. Mitchell,3,0.8666666666666667,0.8666666666666686
S2324-G0087,D. Sabonis,1,13.265714285714287,13.266499683649696
S2324-G0087,D. Sabonis,2,17.09285714285714,17.088493298368295
S2324-G0087,D. Sabonis,3,11.903030303030302,11.913179292929328
S2324-G0087,D. Sabonis,4,15.173333333333332,15.174214531302002
S2324-G0087,D. Saric,1,10.914285714285713,10.914285714285759
S2324-G0087,D. Saric,2,0.9000000000000001,0.9000000000000038
S2324-G0087,D. Saric,3,0.9333333333333332,0.9333333333333365
S2324-G0087,D. Saric,4,7.466666666666667,7.466666666666693
S2324-G0087,G. Payton II,1,7.63,7.630000000000033
S2324-G0087,G. Payton II,2,10.379999999999999,10.401909194890097
S2324-G0087,G. Payton II,3,0.8666666666666667,0.8666666666666687
S2324-G0087,G. Payton II,4,0.8,0.799999999999998
S2324-G0087,H. Barnes,1,10.533333333333333,10.533333333333314
S2324-G0087,H. Barnes,2,5.25,5.25
S2324-G0087,H. Barnes,3,8.6,8.599999999999973
S2324-G0087,H. Barnes,4,0.95,0.9499999999999977
S2324-G0087,J. Kuminga,1,12.1,12.100136363636318
S2324-G0087,J. Kuminga,2,12.725,12.724999999999952
S2324-G0087,J. Kuminga,3,12.884415584415583,12.884415584415544
S2324-G0087,J. Kuminga,4,3.2666666666666666,3.265154761904755
S2324-G0087,J. McGee,1,0.8666666666666667,0.866666666666669
S2324-G0087,J. McGee,2,9.964285714285714,9.964354761904781
S2324-G0087,J. McGee,3,6.300000000000001,6.299999999999976
S2324-G0087,J. McGee,4,7.6000000000000005,7.599999999999982
S2324-G0087,K. Huerter,1,7.877777777777777,7.877888888888864
S2324-G0087,K. Huerter,3,3.1666666666666665,3.166666666666666
S2324-G0087,K. Huerter,4,3.1,3.0999999999999948
S2324-G0087,K. Looney,1,5.266666666666667,5.266666666666657
S2324-G0087,K. Looney,2,5.217857142857143,5.211015234765248
S2324-G0087,K. Looney,3,5.611111111111111,5.611111111111093
S2324-G0087,K. Looney,4,9.371794871794872,9.384441571826898
S2324-G0087,K. Murray,1,17.466666666666665,17.46666666666669
S2324-G0087,K. Murray,2,8.514285714285714,8.514285714285732
S2324-G0087,K. Murray,3,21.805555555555554,21.810931439798477
S2324-G0087,K. Murray,4,8.846666666666666,8.833342857142837
S2324-G0087,K. Thompson,1,5.475,5.47500000000001
S2324-G0087,K. Thompson,2,11.725,11.724999999999957
S2324-G0087,K. Thompson,3,22.452380952380953,22.45115634602319
S2324-G0087,K. Thompson,4,9.6,9.599933333333299
S2324-G0087,M. Monk,1,8.633333333333333,8.633333333333372
S2324-G0087,M. Monk,2,8.206666666666667,8.209132084582103
S2324-G0087,M. Monk,3,4.166666666666667,4.189044119769116
S2324-G0087,M. Monk,4,0.9,0.9000000000000037
S2324-G0087,M. Moody,1,5.25,5.25
S2324-G0087,M. Moody,2,7.564285714285714,7.564285714285693
S2324-G0087,M. Moody,3,11.495238095238095,11.494872252747282
S2324-G0087,M. Moody,4,0.8666666666666667,0.8666666666666683
S2324-G0087,S. Curry,1,19.366666666666667,19.36705397543636
S2324-G0087,S. Curry,2,21.142307692307693,21.146489672827226
S2324-G0087,S. Curry,3,33.05555555555555,33.06884235209236
S2324-G0087,S. Curry,4,14.75,14.745736451946746
S2324-G0087,T. Jackson-Davis,3,0.95,0.9499999999999977
S2324-G0089,B. Coulibaly,1,3.3000000000000003,3.2999999999999967
S2324-G0089,B. Coulibaly,2,0.8,0.7999999999999982
S2324-G0089,B. Coulibaly,4,3.1,3.099999999999994
S2324-G0089,C. Kispert,1,13.799999999999999,13.800000000000022
S2324-G0089,C. Kispert,2,37.624064171122996,37.623226566689446
S2324-G0089,C. Kispert,3,0.8666666666666667,0.866666666666667
S2324-G0089,C. Kispert,4,5.425,5.424999999999979
S2324-G0089,D. Avdija,1,3.0555555555555554,3.0555555555555456
S2324-G0089,D. Avdija,2,18.127272727272725,18.127318903318823
S2324-G0089,D. Avdija,3,7.59,7.589999999999979
S2324-G0089,D. Avdija,4,3.105555555555555,3.1055555555555645
S2324-G0089,D. Bane,1,17.455844155844154,17.455747474747547
S2324-G0089,D. Bane,2,5.18,5.179999999999978
S2324-G0089,D. Bane,3,25.1,25.11531082822408
S2324-G0089,D. Bane,4,28.053333333333335,28.050960981012494
S2324-G0089,D. Gafford,1,5.341558441558441,5.338963852813838
S2324-G0089,D. Gafford,2,0.8,0.8000000000000003
S2324-G0089,D. Gafford,3,10.573333333333332,10.581513655788632
S2324-G0089,D. Gafford,4,6.275,6.274973484848489
S2324-G0089,D. Gallinari,1,0.8666666666666667,0.8666666666666686
S2324-G0089,D. Gallinari,2,12.914285714285713,12.913779220779238
S2324-G0089,D. Roddy,1,0.8666666666666667,0.866666666666668
S2324-G0089,D. Roddy,2,16.036363636363635,16.03636363636361
S2324-G0089,D. Roddy,3,7.4,7.400000000000017
S2324-G0089,D. Roddy,4,11.58095238095238,11.57495826983473
S2324-G0089,D. Rose,1,3.35,3.350000000000013
S2324-G0089,D. Rose,2,5.466666666666667,5.46666666666669
S2324-G0089,D. Rose,3,6.25,6.25
S2324-G0089,D. Rose,4,13.983333333333334,13.988422183372156
S2324-G0089,D. Wright,1,2.9,2.8999999999999893
S2324-G0089,D. Wright,2,0.7714285714285714,0.7714285714285721
S2324-G0089,D. Wright,3,3.1666666666666665,3.166666666666666
S2324-G0089,D. Wright,4,5.4,5.39999999999999
S2324-G0089,J. Jackson Jr.,1,18.817307692307693,18.80879691142188
S2324-G0089,J. Jackson Jr.,2,12.505128205128205,12.551118614718627
S2324-G0089,J. Jackson Jr.,3,10.59,10.58999999999997
S2324-G0089,J. Jackson Jr.,4,5.506666666666667,5.5066666666666615
S2324-G0089,J. Konchar,1,0.925,0.9249583333333355
S2324-G0089,J. Konchar,2,7.415384615384616,7.415575549450568
S2324-G0089,J. Konchar,3,8.466666666666667,8.466666666666692
S2324-G0089,J. Konchar,4,0.9000000000000001,0.9000000000000038
S2324-G0089,J. LaRavia,1,17.406666666666666,17.406179738562138
S2324-G0089,J. LaRavia,2,5.355555555555555,5.355555555555584
S2324-G0089,J. LaRavia,3,3.1666666666666665,3.166666666666666
S2324-G0089,J. LaRavia,4,3.1,3.0999999999999943
S2324-G0089,J. Poole,1,18.5,18.575940215340218
S2324-G0089,J. Poole,2,16.5,16.505313383838406
S2324-G0089,J. Poole,3,36.03233082706767,36.08299404583205
S2324-G0089,J. Poole,4,12.86,12.8610611111111
S2324-G0089,K. Kuzma,1,22.43809523809524,22.463773810339973
S2324-G0089,K. Kuzma,2,14.155844155844155,14.155844155844113
S2324-G0089,K. Kuzma,3,13.268181818181818,13.266342784992746
S2324-G0089,K. Kuzma,4,28.0875,28.092573082451594
S2324-G0089,K. Lofton Jr.,2,3.1666666666666665,3.166666666666666
S2324-G0089,K. Lofton Jr.,4,0.9333333333333332,0.9333333333333365
S2324-G0089,M. Muscala,2,1.0333333333333334,1.033771825396824
S2324-G0089,M. Muscala,4,5.166666666666667,5.1666666666666465
S2324-G0089,M. Smart,1,5.166666666666667,5.1666666666666465
S2324-G0089,M. Smart,2,0.8666666666666667,0.8666666666666675
S2324-G0089,M. Smart,3,15.123809523809523,15.124609523809537
S2324-G0089,M. Smart,4,9.833333333333332,9.833333333333306
S2324-G0089,T. Jones,1,18.5,18.499321428571434
S2324-G0089,T. Jones,2,3.1666666666666665,3.166666666666666
S2324-G0089,T. Jones,3,18.177777777777777,18.178057692307735
S2324-G0089,T. Jones,4,5.4,5.400062898212891
S2324-G0089,X. Tillman,1,10.925,10.924999999999981
S2324-G0089,X. Tillman,2,7.475,7.474999999999983
S2324-G0089,X. Tillman,3,8.566666666666666,8.566666666666658
S2324-G0089,X. Tillman,4,0.8,0.7999999999999992
S2324-G0089,Z. Williams,1,10.966666666666665,10.940229520479539
S2324-G0089,Z. Williams,2,12.715384615384615,12.732023393273385
S2324-G0089,Z. Williams,3,15.1,15.099999999999945
S2324-G0089,Z. Williams,4,13.04,13.040049999999974
S2324-G0097,A. Green,4,12.514285714285714,12.556802466977462
S2324-G0097,A. Griffin,3,6.166666666666667,6.166666666666664
S2324-G0097,A. Griffin,4,8.564285714285713,8.564297619047597
S2324-G0097,A. Jackson Jr.,4,3.3057142857142856,3.308505439005438
S2324-G0097,B. Bogdanovic,1,8.466666666666667,8.466666666666692
S2324-G0097,B. Bogdanovic,2,21.417307692307695,21.411672954822926
S2324-G0097,B. Bogdanovic,3,1.0,1.0
S2324-G0097,B. Bogdanovic,4,12.7,12.69974999999999
S2324-G0097,B. Fernando,4,3.3333333333333335,3.3333333333333366
S2324-G0097,B. Lopez,1,15.133333333333333,15.133333333333328
S2324-G0097,B. Lopez,2,17.57777777777778,17.578993534243455
S2324-G0097,B. Lopez,3,8.514285714285714,8.514285714285732
S2324-G0097,B. Portis,1,17.133333333333333,17.133333333333315
S2324-G0097,B. Portis,2,7.405555555555555,7.405555555555565
S2324-G0097,B. Portis,3,8.525,8.525000000000027
S2324-G0097,B. Portis,4,5.5,5.5
S2324-G0097,C. Capela,1,23.227272727272727,23.216406571206544
S2324-G0097,C. Capela,2,7.56969696969697,7.569882792207787
S2324-G0097,C. Capela,3,7.105555555555555,7.104648484848509
S2324-G0097,C. Payne,1,6.25,6.25
S2324-G0097,C. Payne,2,3.105555555555555,3.1055555555555645
S2324-G0097,C. Payne,3,0.8,0.7999999999999983
S2324-G0097,C. Payne,4,6.166666666666667,6.166666666666664
S2324-G0097,D. Hunter,1,10.886666666666667,10.886666666666718
S2324-G0097,D. Hunter,2,3.2,3.2000000000000095
S2324-G0097,D. Hunter,3,21.453333333333333,21.45417494172495
S2324-G0097,D. Hunter,4,6.128571428571429,6.199063492063515
S2324-G0097,D. Lillard,1,7.941558441558442,7.938695887445906
S2324-G0097,D. Lillard,2,10.123809523809523,10.124185342435357
S2324-G0097,D. Lillard,3,10.775,10.77462500000004
S2324-G0097,D. Lillard,4,8.425,8.424999999999972
S2324-G0097,D. Murray,1,9.766666666666666,9.766666666666653
S2324-G0097,D. Murray,2,23.5,23.501329954032897
S2324-G0097,D. Murray,3,9.683333333333334,9.691829810467329
S2324-G0097,D. Murray,4,3.071428571428571,3.071428571428564
S2324-G0097,G. Antetokounmpo,1,17.585714285714285,17.579029660617145
S2324-G0097,G. Antetokounmpo,2,18.91785714285714,18.91580155677653
S2324-G0097,G. Antetokounmpo,3,11.536363636363637,11.536324134199113
S2324-G0097,G. Antetokounmpo,4,14.166666666666666,14.166666666666647
S2324-G0097,H. Olajuwon,1,1.2,1.200000000000001
S2324-G0097,J. Crowder,1,3.233333333333333,3.233333333333346
S2324-G0097,J. Crowder,2,3.0555555555555554,3.0555555555555456
S2324-G0097,J. Crowder,3,7.355555555555555,7.355555555555592
S2324-G0097,J. Johnson,1,10.492307692307692,10.493036172161217
S2324-G0097,J. Johnson,2,23.7275,23.723324219408013
S2324-G0097,J. Johnson,3,3.3,3.2999999999999967
S2324-G0097,J. Johnson,4,3.0454545454545454,3.0455555555555525
S2324-G0097,K. Bufkin,4,6.8,6.7951984126984
S2324-G0097,M. Beasley,1,10.899999999999999,10.899833333333373
S2324-G0097,M. Beasley,2,14.088888888888889,14.088388690476211
S2324-G0097,M. Beasley,3,21.117307692307694,21.119454051504043
S2324-G0097,M. Beasley,4,3.1,3.099999999999996
S2324-G0097,M. Beauchamp,1,7.733333333333333,7.734269047619059
S2324-G0097,M. Beauchamp,2,0.8666666666666667,0.8666666666666681
S2324-G0097,M. Beauchamp,3,6.166666666666667,6.166666666666664
S2324-G0097,M. Beauchamp,4,8.355555555555556,8.35553977272731
S2324-G0097,M. Gueye,4,3.3,3.2999999999999967
S2324-G0097,O. Okongwu,1,12.033333333333333,12.033980952380944
S2324-G0097,O. Okongwu,2,3.3000000000000003,3.2999999999999967
S2324-G0097,O. Okongwu,3,13.911111111111111,13.911111111111074
S2324-G0097,O. Okongwu,4,14.123809523809523,14.123933760683775
S2324-G0097,P. Connaughton,1,7.9,7.899809523809546
S2324-G0097,P. Connaughton,2,5.405555555555555,5.405555555555563
S2324-G0097,P. Connaughton,3,7.466666666666667,7.466666666666693
S2324-G0097,P. Connaughton,4,8.466666666666667,8.466666666666692
S2324-G0097,R. Lopez,4,2.9,2.8999999999999893
S2324-G0097,S. Bey,1,8.425,8.424999999999972
S2324-G0097,S. Bey,2,8.552380952380952,8.552371969696946
S2324-G0097,S. Bey,3,9.438095238095238,9.438095238095231
S2324-G0097,S. Bey,4,10.866666666666665,10.866612554112514
S2324-G0097,T. Antetokounmpo,4,5.2272727272727275,5.227272727272743
S2324-G0097,T. Forrest,4,0.8666666666666667,0.866666666666669
S2324-G0097,T. Washington Jr.,4,8.6,8.599999999999973
S2324-G0097,T. Young,1,15.213675213675213,15.213492765567807
S2324-G0097,T. Young,2,13.055555555555555,13.05855474525478
S2324-G0097,T. Young,3,12.823809523809523,12.823809523809507
S2324-G0097,T. Young,4,14.884415584415583,14.884276984126933
S2324-G0102,A. Caruso,1,5.1,5.100000000000014
S2324-G0102,A. Caruso,2,3.1333333333333333,3.135112121212116
S2324-G0102,A. Caruso,3,8.6,8.599999999999973
S2324-G0102,A. Caruso,4,6.29,6.289916233766217
S2324-G0102,A. Dosunmu,2,0.7714285714285714,0.7714285714285721
S2324-G0102,A. Dosunmu,4,3.175,3.1749999999999985
S2324-G0102,A. Drummond,1,3.35,3.350000000000013
S2324-G0102,A. Drummond,2,10.546666666666665,10.54665714285711
S2324-G0102,A. Drummond,3,3.1666666666666665,3.166666666666666
S2324-G0102,A. Drummond,4,0.8,0.7999999999999982
S2324-G0102,A. Nembhard,1,7.466666666666667,7.466666666666693
S2324-G0102,A. Nembhard,2,11.725454545454545,11.728223609723592
S2324-G0102,A. Nembhard,3,0.8666666666666667,0.8666666666666686
S2324-G0102,A. Nembhard,4,5.536363636363637,5.535288419913408
S2324-G0102,A. Nesmith,1,6.1,6.099999999999995
S2324-G0102,A. Nesmith,2,7.7555555555555555,7.755555555555536
S2324-G0102,A. Nesmith,3,2.925,2.924898809523811
S2324-G0102,A. Nesmith,4,0.8254545454545453,0.8255060606060595
S2324-G0102,B. Brown,1,11.62857142857143,11.6232570933796
S2324-G0102,B. Brown,2,5.48,5.480000000000013
S2324-G0102,B. Brown,3,11.833333333333332,11.833333333333329
S2324-G0102,B. Brown,4,17.366666666666667,17.367272283272303
S2324-G0102,B. Hield,1,3.25,3.25
S2324-G0102,B. Hield,2,3.1666666666666665,3.166666666666666
S2324-G0102,B. Hield,3,15.164285714285713,15.164088744588742
S2324-G0102,B. Hield,4,20.752380952380953,20.75234447496945
S2324-G0102,B. Mathurin,1,9.814285714285713,9.814285714285694
S2324-G0102,B. Mathurin,2,9.666666666666666,9.664075216450243
S2324-G0102,B. Mathurin,3,8.664285714285715,8.66422207792212
S2324-G0102,B. Mathurin,4,16.3,16.288891072816124
S2324-G0102,C. White,1,10.525,10.52500000000004
S2324-G0102,C. White,2,5.138095238095238,5.138095238095252
S2324-G0102,C. White,3,3.1380952380952376,3.1380952380952376
S2324-G0102,C. White,4,5.371428571428571,5.371428571428598
S2324-G0102,D. DeRozan,1,7.438095238095238,7.43809523809523
S2324-G0102,D. DeRozan,2,14.436363636363637,14.433042180042216
S2324-G0102,D. DeRozan,3,25.18034188034188,25.17394296463345
S2324-G0102,D. DeRozan,4,20.452380952380953,20.45238095238085
S2324-G0102,J. Carter,1,5.371428571428571,5.371428571428598
S2324-G0102,J. Carter,2,10.533333333333333,10.533333333333314
S2324-G0102,J. Carter,3,9.466666666666667,9.466666666666685
S2324-G0102,J. Carter,4,5.225,5.225000000000014
S2324-G0102,J. Smith,1,13.957142857142857,13.95625457875461
S2324-G0102,J. Smith,2,0.8,0.8000000000000007
S2324-G0102,J. Smith,3,9.855844155844155,9.855844155844135
S2324-G0102,J. Smith,4,3.1,3.0999999999999948
S2324-G0102,M. Turner,1,9.957142857142857,9.96184090909092
S2324-G0102,M. Turner,2,21.1875,21.185468237073355
S2324-G0102,M. Turner,3,9.6,9.599730769230737
S2324-G0102,M. Turner,4,15.401098901098901,15.399108188053818
S2324-G0102,N. Vucevic,1,23.01298701298701,22.937565390165403
S2324-G0102,N. Vucevic,2,7.59,7.589999999999979
S2324-G0102,N. Vucevic,3,25.37860962566845,25.368724012232157
S2324-G0102,N. Vucevic,4,16.09,16.11695349927852
S2324-G0102,O. Toppin,1,7.644444444444445,7.644444444444408
S2324-G0102,O. Toppin,2,5.066666666666666,5.066666666666691
S2324-G0102,O. Toppin,3,7.48,7.480000000000014
S2324-G0102,O. Toppin,4,0.8666666666666667,0.8666666666666681
S2324-G0102,P. Williams,1,9.795238095238094,9.791675557775571
S2324-G0102,P. Williams,2,8.2,8.199453174603196
S2324-G0102,P. Williams,3,7.525,7.525000000000018
S2324-G0102,T. Craig,1,6.3,6.299999999999978
S2324-G0102,T. Craig,2,0.8400000000000001,0.8400000000000027
S2324-G0102,T. Craig,3,3.3000000000000003,3.2999999999999967
S2324-G0102,T. Craig,4,5.066666666666666,5.066666666666691
S2324-G0102,T. Haliburton,1,21.8,21.80027023809532
S2324-G0102,T. Haliburton,2,14.04,14.03731565656563
S2324-G0102,T. Haliburton,3,13.772527472527472,13.772510396182767
S2324-G0102,T. Haliburton,4,9.903030303030302,9.915153163503188
S2324-G0102,Z. LaVine,1,15.125,15.125
S2324-G0102,Z. LaVine,2,13.044444444444444,13.040687337662327
S2324-G0102,Z. LaVine,3,14.34,14.345211041736052
S2324-G0102,Z. LaVine,4,23.655844155844157,23.593052485423094
S2324-G0108,A. Wiggins,1,5.611111111111111,5.611111111111093
S2324-G0108,A. Wiggins,2,3.1380952380952376,3.1380952380952376
S2324-G0108,A. Wiggins,3,17.175,17.174975274725323
S2324-G0108,A. Wiggins,4,5.125,5.125
S2324-G0108,B. Podziemski,1,0.8666666666666667,0.866666666666669
S2324-G0108,B. Podziemski,2,7.503030303030304,7.502766317016316
S2324-G0108,B. Podziemski,3,4.366666666666666,4.366391666666672
S2324-G0108,B. Podziemski,4,7.552380952380953,7.552380952380934
S2324-G0108,C. Joseph,4,3.3333333333333335,3.3333333333333366
S2324-G0108,C. McCollum,1,8.425,8.424999999999972
S2324-G0108,C. McCollum,2,35.32393162393162,36.15958795509614
S2324-G0108,C. McCollum,3,24.007058823529412,24.01710711867253
S2324-G0108,C. McCollum,4,3.1666666666666665,3.166666666666666
S2324-G0108,C. Paul,1,10.466666666666667,10.466666666666688
S2324-G0108,C. Paul,2,9.74,9.740000000000007
S2324-G0108,C. Paul,3,18.674603174603174,18.635472544122578
S2324-G0108,C. Paul,4,0.8,0.7999999999999997
S2324-G0108,C. Zeller,4,5.733333333333333,5.72809797979799
S2324-G0108,D. Daniels,1,7.466666666666667,7.466666666666693
S2324-G0108,D. Daniels,2,5.166666666666667,5.1666666666666465
S2324-G0108,D. Daniels,3,8.371428571428572,8.371428571428606
S2324-G0108,D. Daniels,4,0.8,0.799999999999998
S2324-G0108,D. Green,1,5.264285714285714,5.2642857142857284
S2324-G0108,D. Green,2,14.155844155844155,14.155844155844113
S2324-G0108,D. Green,3,3.1666666666666665,3.166666666666666
S2324-G0108,D. Green,4,5.4,5.3990179487179395
S2324-G0108,D. Saric,1,11.864285714285714,11.86428571428571
S2324-G0108,D. Saric,2,5.466666666666667,5.46666666666669
S2324-G0108,D. Saric,3,7.668181818181818,7.673731304806317
S2324-G0108,D. Saric,4,0.8055555555555556,0.805555555555554
S2324-G0108,G. Payton II,1,3.2642857142857142,3.264285714285725
S2324-G0108,G. Payton II,2,24.067307692307693,24.068303132969508
S2324-G0108,G. Payton II,3,3.35,3.350000000000013
S2324-G0108,G. Payton II,4,6.199999999999999,6.200000000000022
S2324-G0108,H. Jones,1,0.9333333333333332,0.9333333333333365
S2324-G0108,H. Jones,2,9.725,9.724999999999966
S2324-G0108,H. Jones,3,3.3642857142857143,3.3642976190476266
S2324-G0108,H. Jones,4,5.225,5.225000000000014
S2324-G0108,J. Hawkins,1,12.795238095238094,12.795238095238071
S2324-G0108,J. Hawkins,2,10.74,10.740169119769115
S2324-G0108,J. Hawkins,3,14.072527472527472,14.072629120879107
S2324-G0108,J. Hawkins,4,9.85,9.849999999999964
S2324-G0108,J. Robinson,4,5.633333333333333,5.633333333333337
S2324-G0108,J. Valanciunas,1,13.24155844155844,13.242268759018785
S2324-G0108,J. Valanciunas,2,7.514285714285714,7.514285714285733
S2324-G0108,J. Valanciunas,3,7.206666666666667,7.206633333333356
S2324-G0108,J. Valanciunas,4,12.1,12.099999999999955
S2324-G0108,K. Gates,1,5.466666666666667,5.46666666666669
S2324-G0108,K. Gates,4,5.6,5.600000000000007
S2324-G0108,K. Lewis Jr.,3,6.366666666666667,6.366666666666651
S2324-G0108,K. Lewis Jr.,4,20.503030303030304,20.487752064602045
S2324-G0108,K. Looney,1,3.2642857142857142,3.264285714285725
S2324-G0108,K. Looney,2,15.792857142857143,15.793178571428523
S2324-G0108,K. Looney,3,3.233333333333333,3.233333333333346
S2324-G0108,K. Looney,4,0.8,0.8000000000000007
S2324-G0108,L. Nance Jr.,1,0.9333333333333332,0.9333333333333365
S2324-G0108,L. Nance Jr.,2,10.59,10.58999999999997
S2324-G0108,L. Nance Jr.,3,0.8666666666666667,0.8666666666666678
S2324-G0108,L. Quinones,4,12.933333333333334,12.934197691197717
S2324-G0108,M. Moody,1,3.1,3.0999999999999948
S2324-G0108,M. Moody,2,8.355555555555556,8.355590277777816
S2324-G0108,M. Moody,3,17.127272727272725,17.127285714285634
S2324-G0108,M. Moody,4,6.233333333333333,6.233333333333344
S2324-G0108,M. Ryan,1,10.466666666666667,10.466666666666688
S2324-G0108,M. Ryan,2,10.736363636363636,10.736530303030303
S2324-G0108,M. Ryan,3,5.355555555555555,5.355555555555584
S2324-G0108,M. Ryan,4,9.506666666666666,9.506666666666662
S2324-G0108,S. Curry,1,33.13333333333333,33.120949079025614
S2324-G0108,S. Curry,2,7.466666666666667,7.466666666666693
S2324-G0108,S. Curry,3,26.87272727272727,26.868147384113172
S2324-G0108,S. Curry,4,28.943956043956046,28.955389550727144
S2324-G0108,T. Jackson-Davis,1,5.25,5.25
S2324-G0108,T. Jackson-Davis,2,7.63,7.629975000000034
S2324-G0108,T. Jackson-Davis,3,14.31,14.308459393384364
S2324-G0108,T. Jackson-Davis,4,10.727272727272727,10.7066015873016
S2324-G0108,Z. Williamson,1,28.380952380952383,28.380867179960546
S2324-G0108,Z. Williamson,2,9.666666666666666,9.663317460317487
S2324-G0108,Z. Williamson,3,5.438461538461539,5.430228484015977
S2324-G0108,Z. Williamson,4,13.925396825396824,13.921059970584986
S2324-G0110,A. Gordon,1,13.82,13.821312720612752
S2324-G0110,A. Gordon,2,20.63714285714286,20.632373301698316
S2324-G0110,A. Gordon,3,7.566666666666667,7.566666666666664
S2324-G0110,A. Gordon,4,10.629999999999999,10.630000000000054
S2324-G0110,C. Braun,1,5.105555555555555,5.105555555555583
S2324-G0110,C. Braun,2,7.855844155844156,7.8547990259740095
S2324-G0110,C. Braun,4,17.10666666666667,17.106666666666605
S2324-G0110,C. Sexton,1,5.4,5.39999999999999
S2324-G0110,C. Sexton,3,9.814285714285713,9.814285714285694
S2324-G0110,C. Sexton,4,22.455844155844154,22.454765656565698
S2324-G0110,H. Grant,2,1.4,1.329602380952383
S2324-G0110,J. Clarkson,1,9.827272727272726,9.827415584415558
S2324-G0110,J. Clarkson,2,3.3666666666666663,3.366666666666672
S2324-G0110,J. Clarkson,3,7.933333333333334,7.9329698412698475
S2324-G0110,J. Clarkson,4,9.833333333333332,9.833333333333304
S2324-G0110,J. Collins,1,16.45,16.45447423964922
S2324-G0110,J. Collins,2,26.036363636363635,26.03525772745917
S2324-G0110,J. Collins,3,9.912987012987012,9.91304707792211
S2324-G0110,J. Collins,4,3.3,3.2999999999999967
S2324-G0110,J. Murray,1,30.76666666666667,30.733841085058717
S2324-G0110,J. Murray,2,13.0,13.00011858974359
S2324-G0110,J. Murray,3,12.066666666666666,12.066666666666642
S2324-G0110,J. Murray,4,9.575,9.575164529914561
S2324-G0110,J. Strawther,2,14.175,14.175267424242445
S2324-G0110,K. Caldwell-Pope,1,6.125,6.125
S2324-G0110,K. Caldwell-Pope,2,10.914285714285713,10.914285714285759
S2324-G0110,K. Caldwell-Pope,3,5.136363636363637,5.136363636363629
S2324-G0110,K. Caldwell-Pope,4,0.8666666666666667,0.8666666666666681
S2324-G0110,K. Dunn,2,5.614285714285715,5.614285714285725
S2324-G0110,K. George,1,6.166666666666667,6.166666666666664
S2324-G0110,K. George,2,3.1666666666666665,3.166666666666666
S2324-G0110,K. George,3,5.533333333333334,5.5333333333333234
S2324-G0110,K. George,4,5.466666666666667,5.46666666666669
S2324-G0110,K. Olynyk,1,0.8,0.7999999999999987
S2324-G0110,K. Olynyk,2,6.666666666666667,6.606684523809524
S2324-G0110,K. Olynyk,3,3.3666666666666663,3.366666666666672
S2324-G0110,K. Olynyk,4,0.8,0.7999999999999982
S2324-G0110,L. Markkanen,1,19.45,19.468311199911145
S2324-G0110,L. Markkanen,2,15.517307692307691,15.50802836885341
S2324-G0110,L. Markkanen,3,31.438914027149323,31.452477212403142
S2324-G0110,L. Markkanen,4,19.75873015873016,19.761370125707593
S2324-G0110,M. Porter Jr.,1,13.06969696969697,13.06969696969694
S2324-G0110,M. Porter Jr.,2,0.9047619047619047,0.9047619047619005
S2324-G0110,M. Porter Jr.,3,15.066666666666666,15.066666666666636
S2324-G0110,N. Jokic,1,13.842307692307692,13.844063934676456
S2324-G0110,N. Jokic,2,19.53333333333333,19.532440628815603
S2324-G0110,N. Jokic,3,13.875,13.875082264957266
S2324-G0110,N. Jokic,4,20.62222222222222,20.622745146520153
S2324-G0110,O. Agbaji,1,8.15,8.156702380952389
S2324-G0110,O. Agbaji,2,3.1,3.099999999999994
S2324-G0110,O. Agbaji,3,3.1666666666666665,3.166666666666666
S2324-G0110,O. Agbaji,4,0.8666666666666667,0.8666666666666676
S2324-G0110,P. Watson,1,1.0666666666666667,1.0666666666666644
S2324-G0110,P. Watson,2,5.466666666666667,5.46666666666669
S2324-G0110,P. Watson,3,6.233333333333333,6.233333333333344
S2324-G0110,P. Watson,4,5.1,5.100000000000014
S2324-G0110,R. Jackson,1,3.204761904761905,3.2047619047618925
S2324-G0110,R. Jackson,2,0.8666666666666667,0.8666666666666683
S2324-G0110,R. Jackson,3,5.525,5.524999999999992
S2324-G0110,R. Jackson,4,11.9,11.900047619047662
S2324-G0110,T. Horton-Tucker,1,11.806666666666667,11.806666666666658
S2324-G0110,T. Horton-Tucker,2,10.775,10.77500000000004
S2324-G0110,T. Horton-Tucker,3,3.233333333333333,3.233333333333346
S2324-G0110,T. Horton-Tucker,4,21.52857142857143,21.52816709956711
S2324-G0110,W. Kessler,1,2.0,2.0015457209457224
S2324-G0110,W. Kessler,2,13.945714285714287,13.941506504606469
S2324-G0110,W. Kessler,3,20.557142857142857,20.556779870129926
S2324-G0110,W. Kessler,4,14.884415584415583,14.884423088023043
S2324-G0110,Z. Nnaji,1,2.9,2.8999999999999893
S2324-G0110,Z. Nnaji,2,5.2844155844155845,5.284292640692635
S2324-G0110,Z. Nnaji,3,5.366666666666667,5.366666666666669
S2324-G0110,Z. Nnaji,4,0.8666666666666667,0.8666666666666681
S2324-G0114,A. Black,4,0.8666666666666667,0.866666666666669
S2324-G0114,A. Coffey,1,0.95,0.9499999999999977
S2324-G0114,A. Coffey,2,3.2,3.2000000000000095
S2324-G0114,B. Hyland,1,16.106666666666666,16.106666666666605
S2324-G0114,B. Hyland,2,4.204761904761905,4.20476190476189
S2324-G0114,B. Hyland,3,19.414285714285715,19.41638204524232
S2324-G0114,B. Hyland,4,13.04,13.039999999999973
S2324-G0114,C. Anthony,1,9.475,9.474999999999968
S2324-G0114,C. Anthony,2,3.2,3.2000000000000095
S2324-G0114,C. Anthony,3,13.852380952380951,13.852557234432243
S2324-G0114,C. Anthony,4,0.8,0.7999999999999987
S2324-G0114,C. Houstan,4,18.633333333333333,18.63061442772911
S2324-G0114,C. Okeke,4,5.3,5.29999999999998
S2324-G0114,F. Wagner,1,10.912987012987012,10.913047077922096
S2324-G0114,F. Wagner,2,6.12,6.146911616161618
S2324-G0114,F. Wagner,3,11.775,11.775000000000043
S2324-G0114,F. Wagner,4,18.825,18.82609899610189
S2324-G0114,G. Bitadze,4,2.05,2.050500000000007
S2324-G0114,G. Harris,1,0.95,0.9499999999999977
S2324-G0114,G. Harris,2,17.016666666666666,17.01749397824401
S2324-G0114,G. Harris,3,5.233333333333333,5.233333333333346
S2324-G0114,G. Harris,4,0.8666666666666667,0.8666666666666683
S2324-G0114,I. Zubac,1,5.584415584415585,5.584415584415612
S2324-G0114,I. Zubac,2,17.166666666666664,17.166666666666625
S2324-G0114,I. Zubac,3,7.586666666666667,7.586666666666649
S2324-G0114,J. Howard,4,5.25,5.25
S2324-G0114,J. Ingles,2,3.1666666666666665,3.166666666666666
S2324-G0114,J. Ingles,4,0.8666666666666667,0.8666666666666683
S2324-G0114,J. Miller,4,6.25,6.25
S2324-G0114,J. Suggs,1,7.875,7.86832244699744
S2324-G0114,J. Suggs,2,10.517307692307691,10.517092490842476
S2324-G0114,J. Suggs,3,14.133333333333333,14.133333333333335
S2324-G0114,J. Suggs,4,5.214285714285714,5.214285714285694
S2324-G0114,K. Brown,1,1.0,1.0
S2324-G0114,K. Brown,2,9.466666666666667,9.466666666666685
S2324-G0114,K. Brown,3,0.8666666666666667,0.8666666666666686
S2324-G0114,K. Brown,4,8.475,8.474999999999973
S2324-G0114,K. Leonard,1,9.884415584415583,9.88441558441559
S2324-G0114,K. Leonard,2,7.74,7.7399762626262705
S2324-G0114,K. Leonard,3,5.2272727272727275,5.227272727272743
S2324-G0114,K. Leonard,4,14.127272727272727,14.127272727272734
S2324-G0114,M. Diabate,4,7.666666666666667,7.666666666666682
S2324-G0114,M. Fultz,1,7.552380952380953,7.552380952380934
S2324-G0114,M. Fultz,2,11.655555555555555,11.65553391053392
S2324-G0114,M. Fultz,3,3.1666666666666665,3.166666666666666
S2324-G0114,M. Fultz,4,18.557142857142857,18.559266233766284
S2324-G0114,M. Plumlee,1,14.133333333333333,14.133333333333335
S2324-G0114,M. Plumlee,2,0.9333333333333332,0.9333333333333365
S2324-G0114,M. Plumlee,3,0.838095238095238,0.8380952380952358
S2324-G0114,M. Plumlee,4,13.867307692307692,13.867182692307761
S2324-G0114,M. Wagner,1,8.33,8.32998358585857
S2324-G0114,M. Wagner,2,16.12,16.119799999999927
S2324-G0114,M. Wagner,3,3.1666666666666665,3.166666666666666
S2324-G0114,M. Wagner,4,5.3,5.29999999999998
S2324-G0114,N. Powell,1,1.838095238095238,1.838095238095244
S2324-G0114,N. Powell,2,20.123809523809523,20.123784480796996
S2324-G0114,N. Powell,3,0.8666666666666667,0.8666666666666688
S2324-G0114,N. Powell,4,16.124064171122996,16.12372111475121
S2324-G0114,P. Banchero,1,14.627272727272727,14.585090059940047
S2324-G0114,P. Banchero,2,12.766666666666666,12.766666666666698
S2324-G0114,P. Banchero,3,11.893333333333333,11.892605627705672
S2324-G0114,P. Banchero,4,9.614285714285714,9.614285714285689
S2324-G0114,P. George,1,14.76969696969697,14.745771484071492
S2324-G0114,P. George,2,20.3,20.29745798645801
S2324-G0114,P. George,3,28.785714285714285,28.7905682307888
S2324-G0114,P. George,4,6.25,6.25
S2324-G0114,R. Westbrook,1,7.966666666666667,7.944469227994234
S2324-G0114,R. Westbrook,2,12.105555555555556,12.085008730158751
S2324-G0114,R. Westbrook,3,37.72966751918158,37.76163817706872
S2324-G0114,R. Westbrook,4,0.7714285714285714,0.7714285714285721
S2324-G0114,W. Carter Jr.,1,12.166666666666666,12.166666666666668
S2324-G0114,W. Carter Jr.,2,7.611111111111111,7.61111111111109
S2324-G0114,W. Carter Jr.,3,6.455555555555556,6.454175280275268
S2324-G0114,W. Carter Jr.,4,3.057142857142857,3.043233216783218
S2324-G0124,A. Caruso,1,5.525,5.524999999999992
S2324-G0124,A. Caruso,2,5.2,5.20000000000002
S2324-G0124,A. Caruso,3,0.8666666666666667,0.8666666666666671
S2324-G0124,A. Caruso,4,11.867307692307692,11.867307692307755
S2324-G0124,A. Dosunmu,2,8.466666666666667,8.466666666666692
S2324-G0124,A. Dosunmu,3,10.533333333333333,10.533333333333314
S2324-G0124,A. Dosunmu,4,0.8666666666666667,0.8666666666666683
S2324-G0124,A. Drummond,1,5.199999999999999,5.20000000000002
S2324-G0124,A. Drummond,2,5.214285714285714,5.214285714285694
S2324-G0124,A. Drummond,3,11.957142857142857,11.956785714285724
S2324-G0124,A. Drummond,4,0.8,0.7999999999999987
S2324-G0124,C. White,1,17.452380952380953,17.452380952380867
S2324-G0124,C. White,2,0.8,0.8000000000000002
S2324-G0124,C. White,3,13.127272727272727,13.127662878787895
S2324-G0124,C. White,4,9.833333333333332,9.833333333333304
S2324-G0124,D. DeRozan,1,5.206666666666667,5.206666666666683
S2324-G0124,D. DeRozan,2,9.846666666666666,9.846666666666634
S2324-G0124,D. DeRozan,3,24.78095238095238,24.78149727757617
S2324-G0124,D. DeRozan,4,9.82,9.820199999999982
S2324-G0124,D. Exum,1,7.425,7.424999999999971
S2324-G0124,D. Exum,3,3.071428571428571,3.0714285714285636
S2324-G0124,D. Jones Jr.,1,10.738095238095237,10.738095238095209
S2324-G0124,D. Jones Jr.,2,8.4,8.400000000000027
S2324-G0124,D. Jones Jr.,3,23.813675213675214,23.81403027005673
S2324-G0124,D. Jones Jr.,4,7.514285714285714,7.514285714285733
S2324-G0124,D. Lively II,1,5.312987012987013,5.313644155844168
S2324-G0124,D. Lively II,2,11.957142857142857,11.957279761904772
S2324-G0124,D. Lively II,3,3.225,3.225000000000012
S2324-G0124,D. Lively II,4,1.9333333333333331,1.948462626262625
S2324-G0124,D. Powell,1,2.1,2.1033333333333397
S2324-G0124,D. Powell,2,0.8666666666666667,0.8666666666666675
S2324-G0124,D. Powell,3,5.25,5.175771103896104
S2324-G0124,G. Williams,1,20.06969696969697,20.07005266261513
S2324-G0124,G. Williams,2,6.166666666666667,6.166666666666664
S2324-G0124,G. Williams,3,10.705555555555556,10.705553418803404
S2324-G0124,G. Williams,4,14.746666666666666,14.62234027361527
S2324-G0124,J. Carter,1,7.6,7.599999999999982
S2324-G0124,J. Carter,2,12.766666666666666,12.766666666666698
S2324-G0124,J. Carter,4,10.436363636363637,10.437681818181854
S2324-G0124,J. Green,1,3.175,3.1749999999999985
S2324-G0124,J. Green,2,5.657142857142857,5.6561874098124
S2324-G0124,J. Green,3,0.8,0.7999999999999987
S2324-G0124,J. Green,4,8.55,8.54999999999997
S2324-G0124,J. Hardy,1,0.8666666666666667,0.8666666666666686
S2324-G0124,J. Hardy,3,9.533333333333333,9.533333333333314
S2324-G0124,J. Hardy,4,17.564285714285717,17.565476529026512
S2324-G0124,L. Doncic,1,9.917307692307691,9.904140379065389
S2324-G0124,L. Doncic,2,20.803174603174604,20.804612698412715
S2324-G0124,L. Doncic,3,7.286666666666667,7.289702489177472
S2324-G0124,L. Doncic,4,20.793333333333333,20.790402445756882
S2324-G0124,M. Kleber,1,0.8,0.7999999999999986
S2324-G0124,M. Kleber,2,5.6,5.600000000000007
S2324-G0124,N. Vucevic,1,16.513333333333332,16.499870411532925
S2324-G0124,N. Vucevic,2,11.933333333333334,11.933636538461563
S2324-G0124,N. Vucevic,3,20.48137254901961,20.491966361416413
S2324-G0124,N. Vucevic,4,15.184415584415584,15.184360173160144
S2324-G0124,P. Williams,1,5.575,5.575000000000021
S2324-G0124,P. Williams,2,7.775,7.775158333333354
S2324-G0124,P. Williams,3,0.9000000000000001,0.9000000000000038
S2324-G0124,P. Williams,4,3.125,3.125
S2324-G0124,S. Curry,2,14.08,14.079999999999961
S2324-G0124,S. Curry,4,3.2142857142857144,3.2142857142857086
S2324-G0124,T. Craig,1,0.8666666666666667,0.866666666666668
S2324-G0124,T. Craig,2,0.8666666666666667,0.8666666666666683
S2324-G0124,T. Craig,3,3.4333333333333336,3.432979797979787
S2324-G0124,T. Craig,4,5.175,5.174999999999982
S2324-G0124,T. Hardaway Jr.,1,16.06969696969697,16.069696969696935
S2324-G0124,T. Hardaway Jr.,2,8.366666666666667,8.366333333333296
S2324-G0124,T. Hardaway Jr.,3,20.433333333333334,20.43337789661323
S2324-G0124,T. Hardaway Jr.,4,17.133333333333333,17.133333333333315
S2324-G0124,Z. LaVine,1,22.695238095238096,22.69504964903511
S2324-G0124,Z. LaVine,2,19.228571428571428,19.224944350094308
S2324-G0124,Z. LaVine,3,10.78,10.78009015151514
S2324-G0124,Z. LaVine,4,12.15,12.150138888888934
S2324-G0129,A. Thompson,1,31.06951871657754,31.16891242464533
S2324-G0129,A. Thompson,2,16.416666666666668,16.40816102622868
S2324-G0129,A. Thompson,3,10.733333333333333,10.735608086358086
S2324-G0129,C. Cunningham,1,20.4010989010989,20.406231776556773
S2324-G0129,C. Cunningham,2,7.564285714285714,7.564285714285693
S2324-G0129,C. Cunningham,3,16.25,16.250467632367634
S2324-G0129,C. Cunningham,4,32.34285714285714,31.187503810345127
S2324-G0129,C. McCollum,1,22.767307692307693,22.76769687118443
S2324-G0129,C. McCollum,2,36.44761904761905,36.39473326804776
S2324-G0129,C. McCollum,3,19.701098901098902,19.7081493947229
S2324-G0129,C. McCollum,4,10.8475,10.843166083194433
S2324-G0129,D. Daniels,1,2.966666666666667,2.9644774392274336
S2324-G0129,D. Daniels,2,3.2,3.2000000000000095
S2324-G0129,D. Daniels,3,10.466666666666667,10.466666666666688
S2324-G0129,D. Daniels,4,6.206666666666667,6.2066666666666865
S2324-G0129,D. Seabron,2,5.05,5.051433072483055
S2324-G0129,D. Seabron,4,3.1,3.0999999999999943
S2324-G0129,H. Jones,1,18.169696969696968,18.170794647509318
S2324-G0129,H. Jones,2,2.975,2.9730018148518247
S2324-G0129,H. Jones,3,5.277777777777778,5.277777777777801
S2324-G0129,H. Jones,4,14.542857142857143,14.563017526917518
S2324-G0129,I. Stewart,1,6.133333333333333,6.133333333333345
S2324-G0129,I. Stewart,2,5.48,5.480000000000013
S2324-G0129,I. Stewart,3,11.665454545454546,11.642471764346778
S2324-G0129,I. Stewart,4,7.506666666666667,7.5066666666666615
S2324-G0129,J. Duren,1,13.806666666666667,13.806666666666683
S2324-G0129,J. Duren,2,7.566666666666666,7.573428432678429
S2324-G0129,J. Duren,3,7.75,7.7373563492063555
S2324-G0129,J. Duren,4,5.266666666666667,5.269970021645013
S2324-G0129,J. Harris,1,0.8666666666666667,0.866666666666669
S2324-G0129,J. Harris,2,10.806666666666667,10.807244444444418
S2324-G0129,J. Harris,3,3.1,3.0999999999999943
S2324-G0129,J. Harris,4,15.1275,15.130311342334176
S2324-G0129,J. Hawkins,1,5.206666666666667,5.206666666666683
S2324-G0129,J. Hawkins,2,8.4,8.400000000000027
S2324-G0129,J. Hawkins,3,10.104761904761904,10.105476082251101
S2324-G0129,J. Hawkins,4,1.8,1.8018303030303093
S2324-G0129,J. Ivey,1,6.125,6.125
S2324-G0129,J. Ivey,2,11.816666666666668,11.816636263736246
S2324-G0129,J. Ivey,3,10.592307692307692,10.582496309246316
S2324-G0129,J. Ivey,4,0.8666666666666667,0.8666666666666671
S2324-G0129,J. Valanciunas,1,9.884415584415583,9.88441558441559
S2324-G0129,J. Valanciunas,2,20.303030303030305,20.281128674395774
S2324-G0129,J. Valanciunas,3,9.71,9.712981457431482
S2324-G0129,J. Valanciunas,4,24.05757575757576,24.031924483097768
S2324-G0129,K. Hayes,1,3.071428571428571,3.071428571428564
S2324-G0129,K. Hayes,2,10.736363636363636,10.736530303030303
S2324-G0129,K. Hayes,3,5.071428571428571,5.0714285714285605
S2324-G0129,K. Hayes,4,12.823809523809523,12.823809523809507
S2324-G0129,K. Lewis Jr.,1,7.705555555555556,7.700111111111095
S2324-G0129,K. Lewis Jr.,2,0.7714285714285714,0.7714285714285721
S2324-G0129,K. Lewis Jr.,3,9.733333333333334,9.73368495670997
S2324-G0129,K. Lewis Jr.,4,2.9,2.8999999999999893
S2324-G0129,L. Nance Jr.,1,5.166666666666667,5.1666666666666465
S2324-G0129,L. Nance Jr.,2,3.1666666666666665,3.166666666666666
S2324-G0129,L. Nance Jr.,3,12.211111111111112,12.211689682539744
S2324-G0129,M. Bagley III,1,12.417142857142858,12.38929206349208
S2324-G0129,M. Bagley III,2,7.546666666666667,7.546666666666642
S2324-G0129,M. Bagley III,3,5.175,5.174999999999982
S2324-G0129,M. Ryan,1,21.10666666666667,21.104010860707866
S2324-G0129,M. Ryan,2,6.116666666666666,6.118165384615374
S2324-G0129,M. Ryan,3,3.071428571428571,3.0714285714285636
S2324-G0129,M. Ryan,4,16.04,16.039964560439532
S2324-G0129,M. Sasser,1,3.2,3.2000000000000024
S2324-G0129,M. Sasser,2,5.366666666666667,5.368381684981686
S2324-G0129,M. Sasser,3,13.705555555555556,13.707328702876097
S2324-G0129,M. Sasser,4,23.211111111111112,23.25501385052858
S2324-G0129,S. Umude,2,3.2,3.2000000000000024
S2324-G0136,A. Horford,1,9.629999999999999,9.630000000000049
S2324-G0136,A. Horford,2,5.466666666666667,5.46666666666669
S2324-G0136,A. Horford,3,0.8666666666666667,0.8666666666666683
S2324-G0136,A. Horford,4,11.89,11.89000000000002
S2324-G0136,C. Thomas,1,18.42,18.421221328671376
S2324-G0136,C. Thomas,2,25.10952380952381,25.088728966131907
S2324-G0136,C. Thomas,3,25.033333333333335,25.01987566066118
S2324-G0136,C. Thomas,4,17.433333333333334,17.43333333333337
S2324-G0136,D. Finney-Smith,1,12.855844155844155,12.85584415584418
S2324-G0136,D. Finney-Smith,2,16.16,16.159889693639663
S2324-G0136,D. Finney-Smith,3,8.514285714285714,8.514285714285732
S2324-G0136,D. Finney-Smith,4,3.1,3.100000000000011
S2324-G0136,D. Sharpe,1,9.6,9.599999999999966
S2324-G0136,D. Sharpe,2,10.336363636363636,10.319970096570087
S2324-G0136,D. Sharpe,3,3.275,3.274999999999988
S2324-G0136,D. Sharpe,4,1.0,1.0
S2324-G0136,D. Smith Jr.,1,3.3000000000000003,3.2999999999999967
S2324-G0136,D. Smith Jr.,2,3.2866666666666666,3.2866502164502163
S2324-G0136,D. Smith Jr.,4,12.766666666666666,12.766666666666698
S2324-G0136,J. Brown,1,19.517307692307693,19.51974651043408
S2324-G0136,J. Brown,2,16.268181818181816,16.273914255189254
S2324-G0136,J. Brown,3,22.435897435897438,22.45154408140877
S2324-G0136,J. Brown,4,19.57,19.576258813408856
S2324-G0136,J. Holiday,1,10.806666666666667,10.80666666666664
S2324-G0136,J. Holiday,2,17.101098901098904,17.100813686313614
S2324-G0136,J. Holiday,3,17.455844155844154,17.455844155844225
S2324-G0136,J. Holiday,4,11.014285714285714,11.015386363636361
S2324-G0136,J. Tatum,1,22.784415584415584,22.784590114125635
S2324-G0136,J. Tatum,2,32.50909090909091,32.49375799753646
S2324-G0136,J. Tatum,3,5.286666666666667,5.285838095238087
S2324-G0136,J. Tatum,4,21.423809523809524,21.42387025246004
S2324-G0136,K. Porzingis,1,16.205555555555556,16.20595544733049
S2324-G0136,K. Porzingis,2,11.697142857142858,11.694091017315992
S2324-G0136,K. Porzingis,3,14.89,14.889999999999992
S2324-G0136,K. Porzingis,4,6.433333333333333,6.419655555555545
S2324-G0136,L. Kornet,1,0.8666666666666667,0.8666666666666686
S2324-G0136,L. Kornet,2,9.479999999999999,9.480583333333342
S2324-G0136,L. Kornet,3,5.233333333333333,5.233333333333346
S2324-G0136,L. Kornet,4,10.626666666666667,10.626764713064766
S2324-G0136,L. Walker IV,1,19.12,19.11574363414359
S2324-G0136,L. Walker IV,2,3.1,3.0999999999999948
S2324-G0136,L. Walker IV,3,3.1666666666666665,3.166666666666666
S2324-G0136,L. Walker IV,4,9.436363636363637,9.437413419913462
S2324-G0136,M. Bridges,1,14.511111111111113,14.512396159559364
S2324-G0136,M. Bridges,2,7.846666666666667,7.846666666666648
S2324-G0136,M. Bridges,3,19.557142857142857,19.55683093624217
S2324-G0136,M. Bridges,4,27.04705882352941,27.032930544043175
S2324-G0136,O. Brissett,1,6.25,6.25
S2324-G0136,O. Brissett,2,3.2,3.2000000000000024
S2324-G0136,O. Brissett,4,7.575,7.575000000000028
S2324-G0136,P. Pritchard,1,5.371428571428571,5.371428571428598
S2324-G0136,P. Pritchard,2,0.8,0.799999999999998
S2324-G0136,P. Pritchard,3,3.1666666666666665,3.166666666666666
S2324-G0136,P. Pritchard,4,3.2,3.2000000000000095
S2324-G0136,R. Chapman,2,1.2,1.200000000000001
S2324-G0136,R. Fox,2,1.2,1.200000000000001
S2324-G0136,R. O'Neale,1,15.6,15.59418621101121
S2324-G0136,R. O'Neale,2,19.98,20.006032869907855
S2324-G0136,R. O'Neale,3,5.433333333333334,5.433319047619028
S2324-G0136,R. O'Neale,4,3.1666666666666665,3.166666666666666
S2324-G0136,S. Dinwiddie,1,12.866666666666665,12.866666666666651
S2324-G0136,S. Dinwiddie,2,0.875,0.875
S2324-G0136,S. Dinwiddie,3,31.352380952380955,31.367171807440887
S2324-G0136,S. Dinwiddie,4,9.914285714285713,9.914285714285766
S2324-G0136,S. Hauser,1,6.071428571428571,6.071428571428578
S2324-G0136,S. Hauser,2,0.8666666666666667,0.8666666666666683
S2324-G0136,S. Hauser,3,5.375,5.373473665223668
S2324-G0136,S. Hauser,4,3.1,3.0999999999999943
S2324-G0136,T. Kukoc,3,1.2,1.200000000000001
S2324-G0136,T. Watford,1,0.9333333333333332,0.9333333333333365
S2324-G0141,A. Miller,2,1.2,1.200000000000001
S2324-G0141,C. Bassey,1,0.8666666666666667,0.8666666666666686
S2324-G0141,C. Bassey,3,0.825,0.8249999999999992
S2324-G0141,C. Bassey,4,5.166666666666667,5.1666666666666465
S2324-G0141,C. Osman,1,14.103030303030303,14.103134199134145
S2324-G0141,C. Osman,2,0.7555555555555555,0.7555555555555578
S2324-G0141,C. Osman,3,8.504761904761905,8.505428571428554
S2324-G0141,C. Osman,4,0.8,0.7999999999999983
S2324-G0141,D. McDermott,1,8.371428571428572,8.371428571428606
S2324-G0141,D. McDermott,2,13.728571428571428,13.72248410186306
S2324-G0141,D. McDermott,3,6.25,6.25
S2324-G0141,D. McDermott,4,3.1,3.0999999999999948
S2324-G0141,D. McDermott,5,3.1666666666666665,3.166666666666666
S2324-G0141,D. Schroder,1,17.099999999999998,17.09999450549445
S2324-G0141,D. Schroder,2,12.066666666666666,12.050818181818164
S2324-G0141,D. Schroder,3,19.133333333333333,19.133378205128178
S2324-G0141,D. Schroder,4,14.103030303030303,14.103134199134145
S2324-G0141,D. Schroder,5,9.825,9.825000000000031
S2324-G0141,G. Dick,1,0.7714285714285714,0.7714285714285721
S2324-G0141,G. Dick,2,3.1666666666666665,3.166666666666666
S2324-G0141,G. Dick,4,3.1666666666666665,3.166666666666666
S2324-G0141,G. Trent Jr.,1,7.4,7.400000000000017
S2324-G0141,G. Trent Jr.,2,5.355555555555555,5.355404040404069
S2324-G0141,G. Trent Jr.,3,1.0,1.0
S2324-G0141,G. Trent Jr.,4,18.005555555555556,18.031741267066284
S2324-G0141,J. Champagnie,2,3.125,3.125
S2324-G0141,J. Champagnie,4,7.371428571428571,7.371428571428604
S2324-G0141,J. McDaniels,2,7.8,7.799999999999972
S2324-G0141,J. Poeltl,1,7.603174603174604,7.613276143301146
S2324-G0141,J. Poeltl,2,5.071428571428571,5.0714285714285605
S2324-G0141,J. Poeltl,3,24.825714285714284,24.823212953712954
S2324-G0141,J. Poeltl,4,0.8666666666666667,0.8666666666666673
S2324-G0141,J. Poeltl,5,5.125,5.125
S2324-G0141,J. Sochan,1,14.392307692307691,14.387915473415513
S2324-G0141,J. Sochan,2,7.475,7.474999999999983
S2324-G0141,J. Sochan,3,3.2,3.2000000000000024
S2324-G0141,J. Sochan,4,0.7854545454545454,0.7849564491064475
S2324-G0141,J. Sochan,5,0.8666666666666667,0.8666666666666686
S2324-G0141,J. Watson,2,1.2,1.200000000000001
S2324-G0141,K. Johnson,1,16.14666666666667,16.146666666666643
S2324-G0141,K. Johnson,2,13.85,13.85123992412812
S2324-G0141,K. Johnson,3,14.971794871794872,14.989654200619663
S2324-G0141,K. Johnson,4,23.723809523809525,23.723722050172046
S2324-G0141,K. Johnson,5,3.25,3.25
S2324-G0141,M. Branham,1,0.9066666666666666,0.9066666666666664
S2324-G0141,M. Branham,2,9.533333333333333,9.533333333333314
S2324-G0141,M. Branham,3,18.075,18.075257842157793
S2324-G0141,M. Branham,4,11.805555555555555,11.805555555555609
S2324-G0141,M. Flynn,1,6.366666666666667,6.366666666666651
S2324-G0141,M. Flynn,2,5.504761904761905,5.504761904761916
S2324-G0141,M. Flynn,4,2.933333333333333,2.933399999999996
S2324-G0141,O. Anunoby,1,23.05,23.06661382343149
S2324-G0141,O. Anunoby,2,11.475,11.475015109890066
S2324-G0141,O. Anunoby,3,8.525,8.525000000000027
S2324-G0141,O. Anunoby,4,15.117307692307692,15.117307692307765
S2324-G0141,O. Anunoby,5,7.233333333333333,7.233333333333344
S2324-G0141,O. Porter Jr.,2,0.8,0.7999999999999986
S2324-G0141,O. Porter Jr.,3,8.475,8.474999999999973
S2324-G0141,O. Porter Jr.,4,6.25,6.249886363636364
S2324-G0141,O. Porter Jr.,5,3.2,3.2000000000000024
S2324-G0141,P. Siakam,1,9.925,9.925968052780528
S2324-G0141,P. Siakam,2,5.475,5.47500000000001
S2324-G0141,P. Siakam,3,13.146666666666667,13.146666666666668
S2324-G0141,P. Siakam,4,0.8666666666666667,0.8666666666666681
S2324-G0141,P. Siakam,5,10.766666666666666,10.766666666666662
S2324-G0141,S. Barnes,1,3.2,3.200000000000003
S2324-G0141,S. Barnes,2,13.185454545454546,13.186883727383712
S2324-G0141,S. Barnes,3,25.1275,25.106294190613326
S2324-G0141,S. Barnes,4,36.36754385964912,36.39850161877596
S2324-G0141,S. Barnes,5,3.0,3.0
S2324-G0141,T. Jones,1,3.35,3.350000000000013
S2324-G0141,T. Jones,2,5.455555555555556,5.455555555555541
S2324-G0141,T. Jones,3,14.211111111111112,14.211123931624002
S2324-G0141,T. Jones,4,3.2066666666666666,3.2066666666666697
S2324-G0141,T. Jones,5,7.666666666666667,7.666666666666682
S2324-G0141,V. Wembanyama,1,21.57008547008547,21.567647858840505
S2324-G0141,V. Wembanyama,2,8.575,8.576690909090933
S2324-G0141,V. Wembanyama,3,7.6000000000000005,7.599999999999981
S2324-G0141,V. Wembanyama,4,9.7,9.700000000000031
S2324-G0141,V. Wembanyama,5,14.257142857142858,14.27220689033185
S2324-G0141,Z. Collins,1,9.799999999999999,9.799999999999969
S2324-G0141,Z. Collins,2,19.392857142857142,19.391987678987746
S2324-G0141,Z. Collins,3,17.152380952380955,17.152333333333377
S2324-G0141,Z. Collins,4,12.825,12.841579767781246
S2324-G0141,Z. Collins,5,5.564285714285714,5.564285714285695
S2324-G0148,A. Gill,4,13.046031746031746,13.030980047730047
S2324-G0148,B. Coulibaly,1,4.214285714285714,4.254583116883124
S2324-G0148,B. Coulibaly,3,12.78,12.78000000000002
S2324-G0148,B. Coulibaly,4,11.975,11.974624999999971
S2324-G0148,C. Kispert,1,3.1666666666666665,3.166666666666666
S2324-G0148,C. Kispert,2,6.267307692307693,6.268693023643015
S2324-G0148,D. Avdija,1,12.912987012987012,12.912895238095228
S2324-G0148,D. Avdija,2,9.59,9.589999999999968
S2324-G0148,D. Avdija,3,5.166666666666667,5.1666666666666465
S2324-G0148,D. Avdija,4,10.564285714285713,10.564285714285694
S2324-G0148,D. Gafford,1,20.585714285714285,20.578124901040653
S2324-G0148,D. Gafford,2,0.9642857142857143,0.9642857142857153
S2324-G0148,D. Gafford,3,5.275,5.274355450105438
S2324-G0148,D. Gafford,4,5.2,5.20000000000002
S2324-G0148,D. Gallinari,2,6.466666666666667,6.492938311688313
S2324-G0148,D. House Jr.,4,8.564285714285713,8.564285714285694
S2324-G0148,D. Melton,1,15.106666666666666,15.106666666666605
S2324-G0148,D. Melton,2,19.214285714285715,19.214191731144698
S2324-G0148,D. Melton,3,3.1666666666666665,3.166666666666666
S2324-G0148,D. Melton,4,3.233333333333333,3.233333333333346
S2324-G0148,D. Wright,1,5.166666666666667,5.1666666666666465
S2324-G0148,D. Wright,2,7.466666666666667,7.466666666666693
S2324-G0148,E. Omoruyi,1,1.1333333333333333,1.1303333333333319
S2324-G0148,E. Omoruyi,4,9.808333333333334,9.798781457431481
S2324-G0148,F. Korkmaz,1,2.0666666666666664,2.0666666666666633
S2324-G0148,F. Korkmaz,3,3.1,3.0999999999999948
S2324-G0148,F. Korkmaz,4,3.1666666666666665,3.166666666666666
S2324-G0148,J. Davis,2,7.533333333333334,7.533333333333316
S2324-G0148,J. Davis,3,8.15,8.156988095238109
S2324-G0148,J. Davis,4,9.933333333333334,9.933955988456002
S2324-G0148,J. Embiid,1,22.98181818181818,22.934987104562094
S2324-G0148,J. Embiid,2,32.876666666666665,32.78084995780367
S2324-G0148,J. Embiid,3,53.161904761904765,47.10558782543326
S2324-G0148,J. Poole,1,15.133333333333333,15.133333333333328
S2324-G0148,J. Poole,2,13.864285714285714,13.864285714285735
S2324-G0148,J. Poole,3,22.442307692307693,22.439931183522337
S2324-G0148,J. Poole,4,9.93,9.93000000000002
S2324-G0148,J. Springer,2,3.1,3.100000000000011
S2324-G0148,J. Springer,4,10.257142857142858,10.256631382506363
S2324-G0148,K. Kuzma,1,13.205714285714286,13.211020446383664
S2324-G0148,K. Kuzma,2,40.07532467532467,39.74833501257939
S2324-G0148,K. Kuzma,3,21.455844155844154,21.45584415584421
S2324-G0148,K. Kuzma,4,3.233333333333333,3.233333333333346
S2324-G0148,K. Martin,4,3.25,3.25
S2324-G0148,K. Oubre Jr.,1,3.3142857142857145,3.314285714285699
S2324-G0148,K. Oubre Jr.,2,5.344444444444444,5.344674603174595
S2324-G0148,K. Oubre Jr.,3,0.8666666666666667,0.866666666666668
S2324-G0148,K. Oubre Jr.,4,8.825,8.822715909090933
S2324-G0148,M. Bamba,4,3.1416666666666666,3.0845266233766258
S2324-G0148,M. Morris Sr.,3,3.35,3.350000000000013
S2324-G0148,M. Morris Sr.,4,6.071428571428571,6.071428571428578
S2324-G0148,M. Muscala,3,3.25,3.25
S2324-G0148,N. Batum,1,11.600000000000001,11.599999999999957
S2324-G0148,N. Batum,2,12.814285714285713,12.814285714285694
S2324-G0148,N. Batum,3,0.8,0.7999999999999985
S2324-G0148,N. Batum,4,0.8,0.799999999999998
S2324-G0148,P. Beverley,1,3.566666666666667,3.5666666666666793
S2324-G0148,P. Beverley,3,11.566666666666666,11.56643930089516
S2324-G0148,P. Beverley,4,0.8666666666666667,0.8666666666666686
S2324-G0148,P. Reed,2,9.475,9.474999999999968
S2324-G0148,P. Reed,4,5.166666666666667,5.16653540903539
S2324-G0148,R. Covington,4,12.567307692307692,12.565592843267837
S2324-G0148,R. Rollins,3,5.333333333333333,5.333333333333344
S2324-G0148,R. Rollins,4,14.364102564102565,14.330273863636338
S2324-G0148,T. Dehere,1,1.2,1.200000000000001
S2324-G0148,T. Harris,1,22.55,22.553154084804106
S2324-G0148,T. Harris,2,16.155844155844157,16.155911088911044
S2324-G0148,T. Harris,3,7.52,7.519999999999986
S2324-G0148,T. Jones,1,10.166666666666666,10.16580000000003
S2324-G0148,T. Jones,2,5.466666666666667,5.46666666666669
S2324-G0148,T. Jones,3,22.427272727272726,22.426591450216495
S2324-G0148,T. Jones,4,7.466666666666667,7.466666666666693
S2324-G0148,T. Maxey,1,13.214285714285714,13.212642857142887
S2324-G0148,T. Maxey,2,10.775,10.77500000000004
S2324-G0148,T. Maxey,3,18.133333333333333,18.133523292883567
S2324-G0148,T. Maxey,4,20.427272727272726,20.427411255411297
S2324-G0156,A. Gordon,1,9.46969696969697,9.469696969696992
S2324-G0156,A. Gordon,2,12.829670329670328,12.829655444555472
S2324-G0156,A. Gordon,3,14.184415584415584,14.184415584415556
S2324-G0156,A. Gordon,4,7.48,7.480000000000014
S2324-G0156,B. Ingram,1,20.423809523809524,20.423898214285803
S2324-G0156,B. Ingram,2,20.73333333333333,20.736261353842153
S2324-G0156,B. Ingram,3,18.742307692307694,18.74343165445673
S2324-G0156,B. Ingram,4,16.544444444444444,16.544365079365022
S2324-G0156,C. Braun,1,7.4,7.400000000000017
S2324-G0156,C. Braun,2,6.564285714285714,6.569645238095221
S2324-G0156,C. Braun,3,4.0,4.002857142857143
S2324-G0156,C. Braun,4,3.1666666666666665,3.166666666666666
S2324-G0156,C. Gillespie,1,3.1380952380952376,3.1380952380952376
S2324-G0156,C. Gillespie,3,11.6,11.596422619047582
S2324-G0156,C. Gillespie,4,3.1,3.0999999999999956
S2324-G0156,C. Zeller,3,0.8,0.7999999999999986
S2324-G0156,D. Daniels,1,5.166666666666667,5.1666666666666465
S2324-G0156,D. Daniels,2,14.864285714285714,14.864230158730187
S2324-G0156,D. Daniels,4,3.2030303030303027,3.202953046953047
S2324-G0156,H. Jones,1,0.9,0.9000000000000036
S2324-G0156,H. Jones,2,5.166666666666667,5.1666666666666465
S2324-G0156,H. Jones,3,0.9714285714285714,0.9708357142857114
S2324-G0156,H. Jones,4,7.475,7.474999999999983
S2324-G0156,J. Hawkins,1,10.9,10.900000000000041
S2324-G0156,J. Hawkins,2,29.9875,30.02744049781919
S2324-G0156,J. Hawkins,3,15.266666666666666,15.26633693528699
S2324-G0156,J. Hawkins,4,22.427058823529414,22.43831255710667
S2324-G0156,J. Pickett,4,6.166666666666667,6.166666666666664
S2324-G0156,J. Strawther,2,19.066666666666666,19.06688181818178
S2324-G0156,J. Strawther,4,33.67860962566844,33.686695101071926
S2324-G0156,J. Valanciunas,1,18.593333333333334,18.600965906315874
S2324-G0156,J. Valanciunas,2,0.8,0.7998000000000006
S2324-G0156,J. Valanciunas,3,3.2333333333333334,3.23333333333334
S2324-G0156,J. Valanciunas,4,0.9333333333333332,0.9333333333333365
S2324-G0156,K. Caldwell-Pope,1,5.355555555555555,5.355555555555584
S2324-G0156,K. Caldwell-Pope,2,8.6,8.599999999999973
S2324-G0156,K. Caldwell-Pope,3,16.153333333333332,16.15358816738814
S2324-G0156,K. Caldwell-Pope,4,11.564285714285713,11.564285714285694
S2324-G0156,K. Lewis Jr.,1,5.1,5.100000000000014
S2324-G0156,K. Lewis Jr.,3,3.1,3.0999999999999943
S2324-G0156,L. Nance Jr.,1,3.1666666666666665,3.166666666666666
S2324-G0156,L. Nance Jr.,2,6.166666666666667,6.166666666666664
S2324-G0156,L. Nance Jr.,3,5.25,5.25
S2324-G0156,L. Nance Jr.,4,0.825,0.8249999999999992
S2324-G0156,M. Porter Jr.,1,24.112987012987013,24.119874714174756
S2324-G0156,M. Porter Jr.,2,11.803030303030303,11.803030303030297
S2324-G0156,M. Porter Jr.,3,17.555555555555554,17.54621453896983
S2324-G0156,M. Porter Jr.,4,9.5,9.415654753579766
S2324-G0156,M. Ryan,1,16.114285714285714,16.114285714285753
S2324-G0156,M. Ryan,2,14.825,14.82475827228324
S2324-G0156,M. Ryan,3,7.204761904761904,7.20509523809522
S2324-G0156,M. Ryan,4,0.8666666666666667,0.8666666666666686
S2324-G0156,N. Jokic,1,38.479166666666664,38.47387087675393
S2324-G0156,N. Jokic,2,22.433333333333334,22.436433257918583
S2324-G0156,N. Jokic,3,17.204545454545453,17.20429876822526
S2324-G0156,N. Jokic,4,16.155844155844157,16.155844155844107
S2324-G0156,P. Watson,1,0.8,0.799999999999999
S2324-G0156,P. Watson,2,3.233333333333333,3.233333333333346
S2324-G0156,P. Watson,3,9.466666666666667,9.466666666666685
S2324-G0156,P. Watson,4,0.8666666666666667,0.8666666666666668
S2324-G0156,R. Jackson,1,5.466666666666667,5.46666666666669
S2324-G0156,R. Jackson,2,9.725,9.724999999999966
S2324-G0156,R. Jackson,3,10.67,10.669375000000029
S2324-G0156,R. Jackson,4,3.1,3.0999999999999948
S2324-G0156,Z. Nnaji,2,0.99,0.9900000000000017
S2324-G0156,Z. Nnaji,4,0.8,0.7999999999999992
S2324-G0156,Z. Williamson,1,5.506666666666667,5.5066666666666615
S2324-G0156,Z. Williamson,2,16.2,16.199999999999953
S2324-G0156,Z. Williamson,3,30.023931623931624,28.853854464231976
S2324-G0156,Z. Williamson,4,22.647222222222222,22.662734672800525
S2324-G0157,A. Gill,4,8.05,8.049333333333307
S2324-G0157,B. Coulibaly,2,6.116666666666666,6.118028937728927
S2324-G0157,B. Coulibaly,3,0.8666666666666667,0.866666666666668
S2324-G0157,B. Coulibaly,4,8.466666666666667,8.466666666666692
S2324-G0157,B. McGowens,1,0.8,0.7999999999999988
S2324-G0157,B. McGowens,2,0.8,0.799999999999998
S2324-G0157,B. McGowens,3,3.0666666666666664,3.0666666666666726
S2324-G0157,B. McGowens,4,1.0333333333333334,1.033539682539681
S2324-G0157,B. Miller,1,13.12,13.120199999999937
S2324-G0157,B. Miller,2,7.425,7.4249999999999705
S2324-G0157,B. Miller,3,9.575,9.574707264957294
S2324-G0157,B. Miller,4,11.93,11.929999999999996
S2324-G0157,C. Kispert,1,9.814285714285713,9.814285714285694
S2324-G0157,C. Kispert,2,0.8666666666666667,0.8666666666666681
S2324-G0157,C. Kispert,3,6.166666666666667,6.166666666666664
S2324-G0157,C. Kispert,4,19.45873015873016,19.459100475341703
S2324-G0157,D. Avdija,1,3.125,3.125
S2324-G0157,D. Avdija,2,9.67,9.670000649350674
S2324-G0157,D. Avdija,3,13.08,13.079999999999963
S2324-G0157,D. Avdija,4,9.766666666666666,9.767622710622698
S2324-G0157,D. Gafford,1,6.385714285714285,6.390663980463971
S2324-G0157,D. Gafford,2,0.8666666666666667,0.8666666666666678
S2324-G0157,D. Gafford,3,7.63,7.630000000000033
S2324-G0157,D. Gallinari,1,5.425,5.424999999999979
S2324-G0157,D. Gallinari,2,27.79285714285714,27.780760152699838
S2324-G0157,D. Gallinari,3,12.78,12.78000000000002
S2324-G0157,D. Wright,1,8.1,8.152324855699872
S2324-G0157,D. Wright,2,5.166666666666667,5.1666666666666465
S2324-G0157,D. Wright,3,11.366666666666665,11.388597222222222
S2324-G0157,D. Wright,4,8.566666666666666,8.566666666666658
S2324-G0157,E. Omoruyi,4,3.3,3.2999999999999967
S2324-G0157,G. Hayward,1,12.833333333333332,12.83333333333334
S2324-G0157,G. Hayward,2,15.417857142857143,15.41066021119408
S2324-G0157,G. Hayward,3,19.24155844155844,19.23928804430866
S2324-G0157,G. Hayward,4,6.575,6.568781934731946
S2324-G0157,I. Smith,2,0.7714285714285714,0.7714285714285721
S2324-G0157,I. Smith,4,0.95,0.9499999999999977
S2324-G0157,J. Davis,4,0.8666666666666667,0.8666666666666677
S2324-G0157,J. Poole,1,14.784415584415584,14.790493783993774
S2324-G0157,J. Poole,2,7.366666666666667,7.380728571428559
S2324-G0157,J. Poole,3,19.442307692307693,19.442307692307644
S2324-G0157,J. Thor,1,3.2,3.2000000000000095
S2324-G0157,J. Thor,2,3.2,3.2000000000000095
S2324-G0157,J. Thor,3,3.2,3.2000000000000095
S2324-G0157,J. Thor,4,0.9642857142857143,0.9642857142857153
S2324-G0157,K. Kuzma,1,31.425396825396827,31.421354601117915
S2324-G0157,K. Kuzma,2,25.075,25.0758348817848
S2324-G0157,K. Kuzma,3,12.06969696969697,12.069945887445863
S2324-G0157,K. Kuzma,4,23.618181818181817,23.596741370720828
S2324-G0157,L. Ball,1,31.404545454545456,31.40397110459635
S2324-G0157,L. Ball,2,17.279411764705884,17.323398629148627
S2324-G0157,L. Ball,3,23.533333333333335,23.537352110634465
S2324-G0157,L. Ball,4,16.166666666666668,16.166723707664847
S2324-G0157,L. Black,4,3.25,3.25
S2324-G0157,L. Shamet,2,14.827272727272726,14.828311688311716
S2324-G0157,L. Shamet,3,18.264285714285716,18.261617124542138
S2324-G0157,L. Shamet,4,5.533333333333334,5.5333333333333234
S2324-G0157,M. Williams,1,9.711111111111112,9.712253224553269
S2324-G0157,M. Williams,2,2.905555555555556,2.9048694083694153
S2324-G0157,M. Williams,3,15.975,15.976767257742216
S2324-G0157,N. Richards,1,8.664285714285715,8.664285714285757
S2324-G0157,N. Richards,2,0.838095238095238,0.8380952380952358
S2324-G0157,N. Richards,3,2.9,2.8999999999999893
S2324-G0157,N. Richards,4,5.383333333333333,5.383333333333331
S2324-G0157,N. Smith Jr.,4,10.657142857142858,10.657440476190466
S2324-G0157,P. Washington,1,7.866666666666666,7.866666666666633
S2324-G0157,P. Washington,2,13.038461538461538,13.051696925296906
S2324-G0157,P. Washington,3,5.266666666666667,5.266666666666657
S2324-G0157,P. Washington,4,16.925,16.929308733371887
S2324-G0157,R. Rollins,4,6.366666666666666,6.36666666666665
S2324-G0157,T. Jones,1,9.899999999999999,9.900000000000036
S2324-G0157,T. Jones,2,0.8666666666666667,0.8666666666666681
S2324-G0157,T. Jones,3,7.775,7.775000000000021
S2324-G0157,T. Maledon,1,7.55,7.549999999999972
S2324-G0157,T. Maledon,2,5.105555555555555,5.105555555555583
S2324-G0157,T. Maledon,3,5.466666666666667,5.46666666666669
S2324-G0157,T. Maledon,4,10.55,10.549886363636338
S2324-G0159,A. Horford,1,3.1666666666666665,3.166666666666666
S2324-G0159,A. Horford,2,8.416666666666666,8.418050974025997
S2324-G0159,A. Horford,3,7.957142857142856,7.964258116883119
S2324-G0159,A. Horford,4,0.8666666666666667,0.8666666666666673
S2324-G0159,D. Alston,2,1.2,1.200000000000001
S2324-G0159,D. Melton,1,7.806666666666667,7.806666666666633
S2324-G0159,D. Melton,2,8.5,8.5
S2324-G0159,D. Melton,3,7.914285714285715,7.914285714285752
S2324-G0159,D. Melton,4,3.1363636363636362,3.1363636363636282
S2324-G0159,D. White,1,19.513675213675214,19.513561843711763
S2324-G0159,D. White,2,7.503030303030304,7.503030303030301
S2324-G0159,D. White,3,20.766666666666666,20.7636550587485
S2324-G0159,D. White,4,16.46969696969697,16.465609523809547
S2324-G0159,F. Korkmaz,1,5.466666666666667,5.46666666666669
S2324-G0159,J. Brown,1,19.752380952380953,19.754622351259833
S2324-G0159,J. Brown,2,5.4,5.39999999999999
S2324-G0159,J. Brown,3,5.584415584415585,5.584415584415612
S2324-G0159,J. Brown,4,13.76969696969697,13.769696969697014
S2324-G0159,J. Embiid,1,27.154298642533938,27.146684600448612
S2324-G0159,J. Embiid,2,7.566666666666667,7.566775978407556
S2324-G0159,J. Embiid,3,32.515837104072396,32.52614628864
S2324-G0159,J. Embiid,4,9.875,9.88111736319237
S2324-G0159,J. Holiday,1,10.475,10.47499999999996
S2324-G0159,J. Holiday,2,5.4399999999999995,5.440000000000027
S2324-G0159,J. Holiday,3,8.504761904761905,8.504761904761887
S2324-G0159,J. Holiday,4,11.76969696969697,11.769783778966145
S2324-G0159,J. Tatum,1,13.998701298701299,14.011884487734479
S2324-G0159,J. Tatum,2,12.088888888888889,12.091169334015678
S2324-G0159,J. Tatum,3,15.598701298701299,15.58516552059054
S2324-G0159,J. Tatum,4,10.466666666666667,10.466666666666688
S2324-G0159,K. Oubre Jr.,1,11.93,11.930099999999996
S2324-G0159,K. Oubre Jr.,2,19.423809523809524,19.42380042735051
S2324-G0159,K. Oubre Jr.,3,7.533333333333333,7.533333333333318
S2324-G0159,K. Oubre Jr.,4,4.233333333333333,4.2334000000000085
S2324-G0159,K. Porzingis,1,16.6,16.616217113442094
S2324-G0159,K. Porzingis,2,24.627272727272725,24.58298103489647
S2324-G0159,K. Porzingis,3,9.875,9.875
S2324-G0159,K. Porzingis,4,25.784415584415584,25.780889759062756
S2324-G0159,L. Kornet,2,0.8666666666666667,0.8666666666666686
S2324-G0159,N. Batum,1,0.8666666666666667,0.866666666666669
S2324-G0159,N. Batum,2,10.443956043956044,10.443674841824809
S2324-G0159,N. Batum,3,3.1,3.0999999999999943
S2324-G0159,N. Batum,4,0.8,0.7999999999999987
S2324-G0159,P. Beverley,1,3.2066666666666666,3.2066666666666697
S2324-G0159,P. Beverley,3,5.166666666666667,5.1666666666666465
S2324-G0159,P. Beverley,4,0.9,0.9000000000000037
S2324-G0159,P. Pritchard,1,3.1666666666666665,3.166666666666666
S2324-G0159,P. Pritchard,2,5.425,5.424999999999979
S2324-G0159,P. Pritchard,3,3.3,3.2999999999999967
S2324-G0159,P. Pritchard,4,0.8666666666666667,0.8666666666666686
S2324-G0159,P. Reed,2,16.268181818181816,16.26957194610943
S2324-G0159,P. Reed,4,5.166666666666667,5.1666666666666465
S2324-G0159,R. Covington,1,0.8,0.7999999999999986
S2324-G0159,R. Covington,2,0.8666666666666667,0.866666666666667
S2324-G0159,R. Covington,3,8.633333333333333,8.633530303030343
S2324-G0159,R. Covington,4,7.564285714285714,7.564285714285693
S2324-G0159,S. Hauser,1,3.4333333333333336,3.432916666666656
S2324-G0159,S. Hauser,2,18.075,18.075139477189424
S2324-G0159,S. Hauser,3,8.55,8.54999999999997
S2324-G0159,S. Hauser,4,5.125,5.125
S2324-G0159,T. Harris,1,13.875,13.875180119880122
S2324-G0159,T. Harris,2,11.853333333333333,11.853682220557205
S2324-G0159,T. Harris,3,10.146666666666667,10.146666666666706
S2324-G0159,T. Harris,4,12.533333333333333,12.545783746808734
S2324-G0159,T. Maxey,1,9.833333333333332,9.833333333333304
S2324-G0159,T. Maxey,2,36.00087719298245,36.04840181737764
S2324-G0159,T. Maxey,3,10.186666666666666,10.18736872294374
S2324-G0159,T. Maxey,4,34.94615384615385,34.983200574343975
S2324-G0164,B. Adebayo,1,16.38888888888889,16.37105198690198
S2324-G0164,B. Adebayo,2,9.866666666666665,9.867021645021598
S2324-G0164,B. Adebayo,3,16.193333333333335,16.19171102231099
S2324-G0164,B. Adebayo,4,26.522222222222222,25.03581539357617
S2324-G0164,B. Biyombo,1,9.67,9.670000649350674
S2324-G0164,B. Biyombo,2,0.95,0.9499999999999977
S2324-G0164,B. Biyombo,3,10.612987012987013,10.612790764790805
S2324-G0164,B. Biyombo,4,0.875,0.875
S2324-G0164,D. Bane,1,7.74,7.7401484848484925
S2324-G0164,D. Bane,2,13.266666666666666,13.264919264069299
S2324-G0164,D. Bane,3,18.275,18.274280466755513
S2324-G0164,D. Bane,4,16.395238095238096,16.395472527472574
S2324-G0164,D. Robinson,1,6.175,6.174999999999978
S2324-G0164,D. Robinson,2,13.823809523809523,13.823387445887418
S2324-G0164,D. Robinson,3,3.1,3.100000000000011
S2324-G0164,D. Robinson,4,5.683333333333333,5.683333333333317
S2324-G0164,D. Roddy,2,7.220000000000001,7.219584163059177
S2324-G0164,D. Roddy,3,3.4,3.3999999999999875
S2324-G0164,D. Roddy,4,0.8666666666666667,0.8666666666666686
S2324-G0164,D. Smith,2,1.0142857142857142,1.0142857142857122
S2324-G0164,D. Smith,3,5.1,5.100000000000014
S2324-G0164,D. Smith,4,5.466666666666667,5.46666666666669
S2324-G0164,H. Highsmith,1,10.465454545454545,10.463089421689437
S2324-G0164,H. Highsmith,2,2.9,2.8999999999999893
S2324-G0164,H. Highsmith,3,19.423809523809524,19.423816300366383
S2324-G0164,J. Butler,1,13.505555555555555,13.531779023753991
S2324-G0164,J. Butler,2,16.433333333333334,16.426448917748957
S2324-G0164,J. Butler,3,15.57777777777778,15.56101356421357
S2324-G0164,J. Butler,4,3.3666666666666667,3.366666666666674
S2324-G0164,J. Gilyard,2,11.466666666666667,11.466666666666686
S2324-G0164,J. Gilyard,3,3.1,3.0999999999999943
S2324-G0164,J. Gilyard,4,0.8,0.799999999999998
S2324-G0164,J. Jackson Jr.,1,17.30666666666667,17.279441189366228
S2324-G0164,J. Jackson Jr.,2,9.765454545454546,9.77070584276833
S2324-G0164,J. Jackson Jr.,3,23.513675213675214,23.506716930781646
S2324-G0164,J. Jackson Jr.,4,22.8,22.79813074710375
S2324-G0164,J. Jaquez Jr.,2,8.644444444444446,8.644444444444407
S2324-G0164,J. Jaquez Jr.,4,15.913675213675212,15.913478632478563
S2324-G0164,J. Richardson,1,5.55,5.549999999999978
S2324-G0164,J. Richardson,2,9.775,9.775000000000036
S2324-G0164,J. Richardson,3,10.0,10.001369447219448
S2324-G0164,J. Richardson,4,0.8,0.7999999999999987
S2324-G0164,K. Askins,1,1.2,1.200000000000001
S2324-G0164,K. Lofton Jr.,1,3.2,3.2000000000000095
S2324-G0164,K. Lofton Jr.,2,7.371428571428571,7.371428571428604
S2324-G0164,K. Lowry,1,8.425,8.424999999999972
S2324-G0164,K. Lowry,2,9.925,9.923969913419883
S2324-G0164,K. Lowry,3,12.936363636363637,12.931468584193578
S2324-G0164,K. Lowry,4,14.977777777777778,14.9833481310356
S2324-G0164,L. Kennard,1,21.255555555555556,21.246984867583382
S2324-G0164,L. Kennard,2,5.425,5.424999999999979
S2324-G0164,L. Kennard,4,5.138095238095238,5.138095238095252
S2324-G0164,M. Smart,1,18.714285714285715,18.736201102329066
S2324-G0164,M. Smart,2,10.925,10.925984090909083
S2324-G0164,M. Smart,3,3.2238095238095235,3.222886935286939
S2324-G0164,M. Smart,4,14.103030303030303,14.103095238095184
S2324-G0164,S. Aldama,1,10.4,10.495234126984135
S2324-G0164,S. Aldama,2,0.838095238095238,0.8380952380952358
S2324-G0164,S. Aldama,3,16.533333333333335,16.534610997335975
S2324-G0164,S. Aldama,4,20.477777777777778,20.479195780608233
S2324-G0164,T. Bryant,1,5.105555555555555,5.105555555555583
S2324-G0164,T. Bryant,2,3.6,3.601500000000013
S2324-G0164,T. Bryant,3,3.0555555555555554,3.0555555555555456
S2324-G0164,T. Herro,1,16.167857142857144,16.163005657332846
S2324-G0164,W. Anderson,2,1.2,1.200000000000001
S2324-G0164,Z. Williams,1,5.6000000000000005,5.600000000000007
S2324-G0164,Z. Williams,2,7.875,7.875
S2324-G0164,Z. Williams,3,9.766666666666666,9.766666666666653
S2324-G0164,Z. Williams,4,3.4000000000000004,3.3999999999999875
S2324-G0169,A. Gordon,1,16.686666666666667,16.658574999999963
S2324-G0169,A. Gordon,2,17.599999999999998,17.58148384442351
S2324-G0169,A. Gordon,3,9.804761904761905,9.804761904761959
S2324-G0169,A. Gordon,4,6.312987012987013,6.31208874458874
S2324-G0169,A. Wiggins,1,7.504761904761905,7.504761904761895
S2324-G0169,A. Wiggins,2,5.6,5.600000000000007
S2324-G0169,A. Wiggins,3,19.9,19.927823160173176
S2324-G0169,A. Wiggins,4,11.803030303030303,11.803030303030297
S2324-G0169,B. Podziemski,1,6.566666666666667,6.566000000000005
S2324-G0169,B. Podziemski,2,7.533333333333334,7.533333333333316
S2324-G0169,B. Podziemski,3,0.95,0.9499999999999976
S2324-G0169,B. Podziemski,4,0.8,0.799999999999998
S2324-G0169,C. Braun,1,4.35,4.35075555555557
S2324-G0169,C. Braun,2,6.214285714285714,6.214285714285707
S2324-G0169,C. Braun,3,3.1,3.0999999999999943
S2324-G0169,C. Braun,4,0.7714285714285714,0.7714285714285721
S2324-G0169,C. Gillespie,2,6.166666666666667,6.166666666666664
S2324-G0169,C. Gillespie,3,3.1666666666666665,3.166666666666666
S2324-G0169,C. Paul,1,3.1666666666666665,3.166666666666666
S2324-G0169,C. Paul,2,7.355555555555555,7.355555555555592
S2324-G0169,C. Paul,3,9.966666666666667,9.966666666666686
S2324-G0169,C. Paul,4,15.057142857142857,15.052206050485488
S2324-G0169,D. Saric,1,7.5,7.5
S2324-G0169,D. Saric,2,3.1,3.0999999999999956
S2324-G0169,D. Saric,3,5.225,5.225000000000014
S2324-G0169,D. Saric,4,3.2,3.2000000000000024
S2324-G0169,J. Holiday,4,8.48,8.480000000000015
S2324-G0169,J. Kuminga,1,5.65,5.649999999999994
S2324-G0169,J. Kuminga,2,7.466666666666667,7.466666666666693
S2324-G0169,J. Kuminga,3,10.05,10.050166666666634
S2324-G0169,J. Kuminga,4,18.41785714285714,18.416033349983305
S2324-G0169,J. Strawther,1,3.1,3.0999999999999948
S2324-G0169,J. Strawther,2,0.9,0.9000000000000037
S2324-G0169,J. Strawther,3,0.8666666666666667,0.866666666666668
S2324-G0169,K. Caldwell-Pope,1,0.7714285714285714,0.7714285714285721
S2324-G0169,K. Caldwell-Pope,2,3.1,3.0999999999999943
S2324-G0169,K. Caldwell-Pope,3,15.186666666666666,15.18643809523805
S2324-G0169,K. Caldwell-Pope,4,12.925,12.934178968253986
S2324-G0169,K. Looney,1,10.564285714285713,10.564285714285694
S2324-G0169,K. Looney,2,1.975,1.9757500000000052
S2324-G0169,K. Looney,3,5.203030303030303,5.203020646020662
S2324-G0169,K. Looney,4,5.140000000000001,5.13999999999999
S2324-G0169,K. Thompson,1,14.311111111111112,14.310223626373643
S2324-G0169,K. Thompson,2,12.806666666666667,12.806666666666672
S2324-G0169,K. Thompson,3,12.01,12.006618759018783
S2324-G0169,K. Thompson,4,7.59,7.589999999999979
S2324-G0169,M. Moody,1,12.966666666666667,12.966666666666688
S2324-G0169,M. Moody,2,7.514285714285714,7.514285714285733
S2324-G0169,M. Moody,3,6.3,6.299999999999978
S2324-G0169,M. Moody,4,3.071428571428571,3.0714285714285636
S2324-G0169,M. Porter Jr.,1,24.812987012987012,24.8252355616606
S2324-G0169,M. Porter Jr.,2,12.095238095238095,12.096039876789861
S2324-G0169,M. Porter Jr.,3,7.825,7.825000000000028
S2324-G0169,M. Porter Jr.,4,15.103030303030303,15.102723484848429
S2324-G0169,N. Jokic,1,25.1075,25.101732517727392
S2324-G0169,N. Jokic,2,26.492307692307694,26.467205659618152
S2324-G0169,N. Jokic,3,31.17008547008547,31.185110368746294
S2324-G0169,N. Jokic,4,14.011111111111113,14.011320143745124
S2324-G0169,P. Watson,2,0.8666666666666667,0.8666666666666686
S2324-G0169,P. Watson,3,7.466666666666667,7.466666666666693
S2324-G0169,R. Jackson,1,8.533333333333333,8.533333333333315
S2324-G0169,R. Jackson,2,26.36969696969697,26.427551376401354
S2324-G0169,R. Jackson,3,3.3000000000000003,3.2999999999999967
S2324-G0169,R. Jackson,4,24.813675213675214,24.813516117216103
S2324-G0169,S. Curry,1,5.546666666666667,5.546666666666649
S2324-G0169,S. Curry,2,21.395238095238096,21.395078601953657
S2324-G0169,S. Curry,3,14.933333333333334,14.96472935397936
S2324-G0169,S. Curry,4,24.05824175824176,24.07477683729672
S2324-G0169,T. Jackson-Davis,1,3.35,3.350000000000013
S2324-G0169,T. Jackson-Davis,2,6.2,6.204789682539703
S2324-G0169,T. Jackson-Davis,3,7.366666666666666,7.365365079365056
S2324-G0169,T. Jackson-Davis,4,1.9047619047619047,1.9047619047619084
S2324-G0169,Z. Nnaji,1,3.35,3.350000000000013
S2324-G0169,Z. Nnaji,2,0.8666666666666667,0.8666666666666675
S2324-G0171,A. Jackson Jr.,2,0.9000000000000001,0.9000000000000038
S2324-G0171,A. Nembhard,2,7.564285714285714,7.564285714285693
S2324-G0171,A. Nembhard,3,6.166666666666667,6.166666666666664
S2324-G0171,A. Nembhard,4,10.55,10.548097402597378
S2324-G0171,A. Nesmith,1,13.736363636363636,13.736428571428528
S2324-G0171,A. Nesmith,2,3.0777777777777775,3.0777777777777815
S2324-G0171,A. Nesmith,3,0.9,0.9000000000000036
S2324-G0171,A. Nesmith,4,0.8,0.799999999999998
S2324-G0171,B. Brown,1,14.167307692307691,14.167136584249056
S2324-G0171,B. Brown,2,3.1654545454545455,3.158053912753912
S2324-G0171,B. Brown,3,10.736363636363636,10.737
S2324-G0171,B. Brown,4,7.140000000000001,7.144487071262082
S2324-G0171,B. Hield,1,5.533333333333334,5.5333333333333234
S2324-G0171,B. Hield,2,7.8,7.806880519480517
S2324-G0171,B. Hield,3,24.98888888888889,24.99932009730466
S2324-G0171,B. Hield,4,8.48,8.480000000000015
S2324-G0171,B. Lopez,1,7.806666666666667,7.806666666666633
S2324-G0171,B. Lopez,2,3.25,3.25
S2324-G0171,B. Lopez,3,7.495238095238095,7.495238095238105
S2324-G0171,B. Lopez,4,3.1666666666666665,3.166666666666666
S2324-G0171,B. Mathurin,1,15.977777777777778,15.963062032412
S2324-G0171,B. Mathurin,2,22.625,22.654458449548393
S2324-G0171,B. Mathurin,3,7.466666666666667,7.466666666666693
S2324-G0171,B. Mathurin,4,25.247008547008548,25.23095395992897
S2324-G0171,B. Portis,1,8.48,8.480000000000015
S2324-G0171,B. Portis,2,7.366666666666667,7.366583333333306
S2324-G0171,B. Portis,3,11.977777777777778,11.977746681096697
S2324-G0171,B. Portis,4,12.06969696969697,12.069562770562746
S2324-G0171,C. Payne,1,5.425,5.424999999999979
S2324-G0171,C. Payne,2,5.175,5.174999999999982
S2324-G0171,C. Payne,3,15.401098901098901,15.396851027240768
S2324-G0171,C. Payne,4,5.055555555555555,5.055555555555545
S2324-G0171,D. Theis,3,12.125,12.125
S2324-G0171,G. Antetokounmpo,1,20.41111111111111,20.409997638472603
S2324-G0171,G. Antetokounmpo,2,35.10087719298245,35.32635739669261
S2324-G0171,G. Antetokounmpo,3,37.26,37.759752987269046
S2324-G0171,G. Antetokounmpo,4,22.83137254901961,22.823168405416386
S2324-G0171,I. Jackson,1,7.586666666666667,7.586666666666649
S2324-G0171,I. Jackson,3,0.9000000000000001,0.9000000000000038
S2324-G0171,I. Jackson,4,1.7666666666666666,1.7763194083694103
S2324-G0171,J. Crowder,1,5.071428571428571,5.0714285714285605
S2324-G0171,J. Crowder,2,0.825,0.8249999999999992
S2324-G0171,J. Crowder,3,6.166666666666667,6.166666666666664
S2324-G0171,J. Crowder,4,0.8,0.7999999999999983
S2324-G0171,K. Middleton,1,8.533333333333333,8.533333333333315
S2324-G0171,K. Middleton,2,23.78095238095238,23.790728030303008
S2324-G0171,K. Middleton,3,2.9,2.8999999999999893
S2324-G0171,K. Middleton,4,17.343956043956045,17.343554662004664
S2324-G0171,M. Beasley,1,7.475,7.474999999999983
S2324-G0171,M. Beasley,2,5.405555555555555,5.405555555555563
S2324-G0171,M. Beasley,3,3.071428571428571,3.0714285714285636
S2324-G0171,M. Beasley,4,23.46969696969697,23.49133507881009
S2324-G0171,M. Beauchamp,1,3.1666666666666665,3.166666666666666
S2324-G0171,M. Beauchamp,2,10.475,10.47499999999996
S2324-G0171,M. Beauchamp,3,3.1666666666666665,3.166666666666666
S2324-G0171,M. Turner,1,16.243181818181817,16.2431950757575
S2324-G0171,M. Turner,2,22.66785714285714,22.667514719276205
S2324-G0171,M. Turner,3,12.836363636363636,12.836306818181821
S2324-G0171,M. Turner,4,9.957142857142857,9.957845626595622
S2324-G0171,O. Toppin,1,12.846666666666666,12.846780952380955
S2324-G0171,O. Toppin,2,3.0,3.0
S2324-G0171,O. Toppin,3,0.9,0.9000000000000037
S2324-G0171,O. Toppin,4,0.8666666666666667,0.8666666666666676
S2324-G0171,P. Connaughton,1,13.833333333333332,13.83333333333335
S2324-G0171,P. Connaughton,2,3.071428571428571,3.0714285714285636
S2324-G0171,P. Connaughton,3,3.1666666666666665,3.166666666666666
S2324-G0171,P. Connaughton,4,5.055555555555555,5.055555555555545
S2324-G0171,T. Haliburton,1,17.127272727272725,17.127415584415502
S2324-G0171,T. Haliburton,2,18.043956043956044,18.04304659507154
S2324-G0171,T. Haliburton,3,14.047222222222222,14.052179695304662
S2324-G0171,T. Haliburton,4,22.46923076923077,22.475754856254884
S2324-G0171,T. Ratliff,4,1.2,1.200000000000001
S2324-G0175,B. Adebayo,1,22.48095238095238,22.4774048257298
S2324-G0175,B. Adebayo,2,13.866666666666665,13.866265567765563
S2324-G0175,B. Adebayo,3,7.573333333333333,7.57580394605394
S2324-G0175,B. Adebayo,4,13.775,13.754627669552658
S2324-G0175,B. Bogdanovic,1,13.04,13.039999999999973
S2324-G0175,B. Bogdanovic,2,5.438095238095238,5.438047619047612
S2324-G0175,B. Bogdanovic,3,8.466666666666667,8.466666666666692
S2324-G0175,B. Bogdanovic,4,21.391666666666666,21.39211882692476
S2324-G0175,C. Capela,1,7.552380952380953,7.552380952380934
S2324-G0175,C. Capela,2,11.85,11.850124999999956
S2324-G0175,C. Capela,3,0.9642857142857143,0.9642857142857153
S2324-G0175,C. Capela,4,5.333333333333333,5.333333333333344
S2324-G0175,D. Hunter,1,18.442307692307693,18.442307692307647
S2324-G0175,D. Hunter,2,3.2,3.200000000000003
S2324-G0175,D. Hunter,3,7.555844155844156,7.555844155844167
S2324-G0175,D. Hunter,4,9.806666666666667,9.80666666666663
S2324-G0175,D. Murray,1,15.0,15.000271367521366
S2324-G0175,D. Murray,2,11.506666666666666,11.506666666666662
S2324-G0175,D. Murray,3,31.41470588235294,31.413655658234912
S2324-G0175,D. Murray,4,5.59,5.5900000000000025
S2324-G0175,D. Robinson,1,11.775,11.775000000000043
S2324-G0175,D. Robinson,2,12.455844155844154,12.44542340714845
S2324-G0175,D. Robinson,3,8.527272727272727,8.527272727272708
S2324-G0175,D. Robinson,4,16.446666666666665,16.446741969142003
S2324-G0175,D. Smith,1,0.8666666666666667,0.866666666666669
S2324-G0175,D. Smith,2,14.136363636363637,14.13535011932512
S2324-G0175,D. Smith,3,5.166666666666667,5.1666666666666465
S2324-G0175,D. Smith,4,10.827272727272726,10.827386363636347
S2324-G0175,H. Highsmith,1,9.67012987012987,9.6709328282828
S2324-G0175,H. Highsmith,2,11.983333333333334,11.986728171828155
S2324-G0175,H. Highsmith,3,9.76969696969697,9.769696969696955
S2324-G0175,H. Highsmith,4,13.375,13.323230339105345
S2324-G0175,J. Jaquez Jr.,1,16.455844155844154,16.45598701298708
S2324-G0175,J. Jaquez Jr.,2,24.76923076923077,24.773296875346873
S2324-G0175,J. Jaquez Jr.,3,18.566666666666666,18.57096904761901
S2324-G0175,J. Jaquez Jr.,4,3.25,3.25
S2324-G0175,J. Johnson,1,7.514285714285714,7.514285714285733
S2324-G0175,J. Johnson,2,17.166666666666664,17.166666666666625
S2324-G0175,J. Johnson,3,3.2,3.200000000000003
S2324-G0175,J. Johnson,4,3.4000000000000004,3.3999999999999875
S2324-G0175,J. Richardson,1,11.466666666666667,11.466666666666686
S2324-G0175,J. Richardson,2,0.8666666666666667,0.8666666666666675
S2324-G0175,J. Richardson,3,14.766666666666666,14.766666666666723
S2324-G0175,J. Richardson,4,8.533333333333333,8.533333333333315
S2324-G0175,K. Love,1,10.475,10.47499999999996
S2324-G0175,K. Love,2,5.5,5.5
S2324-G0175,K. Love,3,3.0,3.0
S2324-G0175,K. Lowry,1,15.74,15.73962619047612
S2324-G0175,K. Lowry,2,5.425,5.424999999999979
S2324-G0175,K. Lowry,3,13.792307692307691,13.792576923076897
S2324-G0175,K. Lowry,4,4.066666666666666,4.171253205128207
S2324-G0175,O. Okongwu,1,3.1666666666666665,3.166666666666666
S2324-G0175,O. Okongwu,2,3.0,3.0037000000000003
S2324-G0175,O. Okongwu,3,0.8666666666666667,0.8666666666666673
S2324-G0175,O. Okongwu,4,5.6000000000000005,5.600000000000007
S2324-G0175,S. Bey,1,10.864285714285714,10.864285714285698
S2324-G0175,S. Bey,2,12.807500000000001,12.807618650793609
S2324-G0175,S. Bey,3,5.564285714285714,5.564285714285695
S2324-G0175,S. Bey,4,3.2,3.2000000000000024
S2324-G0175,T. Young,1,10.766666666666666,10.766666666666662
S2324-G0175,T. Young,2,11.829670329670328,11.830099758574768
S2324-G0175,T. Young,3,20.692307692307693,20.701696062271044
S2324-G0175,T. Young,4,31.151336898395723,31.14800767805467
S2324-G0175,W. Matthews,1,1.15,1.1499166666666705
S2324-G0175,W. Matthews,3,12.733333333333334,12.72749577228327
S2324-G0175,W. Matthews,4,0.9,0.9000000000000037
S2324-G0179,B. Biyombo,1,3.18,3.179999999999995
S2324-G0179,B. Biyombo,2,9.5,9.5
S2324-G0179,B. Biyombo,3,15.033333333333333,14.992281268731283
S2324-G0179,B. Biyombo,4,2.96,2.962271861471861
S2324-G0179,D. Bane,1,19.781372549019608,19.78340303503685
S2324-G0179,D. Bane,2,18.486813186813187,18.477902322677348
S2324-G0179,D. Bane,3,24.125,24.126486602286604
S2324-G0179,D. Bane,4,23.717307692307692,23.71612838819674
S2324-G0179,D. Manning,2,1.2,1.200000000000001
S2324-G0179,D. Roddy,2,9.89,9.890000000000041
S2324-G0179,D. Roddy,3,5.166666666666667,5.1666666666666465
S2324-G0179,D. Roddy,4,11.845454545454546,11.840046205755026
S2324-G0179,F. King,4,1.2,1.200000000000001
S2324-G0179,I. Zubac,1,3.3142857142857145,3.314285714285699
S2324-G0179,I. Zubac,2,2.903030303030303,2.901816183816172
S2324-G0179,I. Zubac,3,11.728571428571428,11.733950957947288
S2324-G0179,I. Zubac,4,0.8,0.8
S2324-G0179,J. Gilyard,1,11.611111111111112,11.609555648926246
S2324-G0179,J. Gilyard,2,5.525,5.524999999999992
S2324-G0179,J. Gilyard,3,0.9000000000000001,0.9000000000000038
S2324-G0179,J. Gilyard,4,5.504761904761905,5.504761904761916
S2324-G0179,J. Harden,1,18.8,18.805127244977303
S2324-G0179,J. Harden,2,2.9,2.8999999999999893
S2324-G0179,J. Harden,3,9.715384615384615,9.714455644355668
S2324-G0179,J. Harden,4,10.738095238095237,10.73804761904759
S2324-G0179,J. Jackson Jr.,1,10.558730158730159,10.559569961737633
S2324-G0179,J. Jackson Jr.,2,10.0,10.02642601981351
S2324-G0179,J. Jackson Jr.,3,15.275,15.274644516594565
S2324-G0179,J. Jackson Jr.,4,14.3375,14.343496894771922
S2324-G0179,J. Konchar,2,3.275,3.274924999999988
S2324-G0179,K. Leonard,1,20.695238095238096,20.695199754412172
S2324-G0179,K. Leonard,2,4.275,4.283013888888877
S2324-G0179,K. Leonard,3,21.78095238095238,21.778366383616373
S2324-G0179,K. Leonard,4,7.725,7.718273809523793
S2324-G0179,L. Kennard,1,11.4,11.400000000000043
S2324-G0179,L. Kennard,2,8.425,8.42499999999997
S2324-G0179,L. Kennard,3,6.1,6.099999999999995
S2324-G0179,L. Kennard,4,1.7454545454545454,1.7530026695526704
S2324-G0179,M. Diabate,1,7.466666666666667,7.466666666666693
S2324-G0179,M. Diabate,2,0.8,0.7999999999999992
S2324-G0179,M. Diabate,3,0.8,0.7999999999999983
S2324-G0179,M. Smart,1,13.814285714285713,13.814285714285694
S2324-G0179,M. Smart,2,12.19,12.190211111111152
S2324-G0179,M. Smart,3,10.913675213675212,10.912457501124557
S2324-G0179,M. Smart,4,11.52,11.525334657009655
S2324-G0179,N. Powell,1,8.506666666666666,8.506666666666662
S2324-G0179,N. Powell,2,5.466666666666667,5.46666666666669
S2324-G0179,N. Powell,3,12.743956043956043,12.743950549450595
S2324-G0179,N. Powell,4,26.71388888888889,26.741430506009305
S2324-G0179,P. George,1,3.2,3.200000000000003
S2324-G0179,P. George,2,33.68333333333333,33.71685753270642
S2324-G0179,P. George,3,8.425454545454546,8.425653923853938
S2324-G0179,P. George,4,21.253333333333334,21.254825981534758
S2324-G0179,P. Tucker,1,3.2642857142857142,3.264285714285725
S2324-G0179,P. Tucker,4,6.199999999999999,6.200000000000022
S2324-G0179,R. Westbrook,1,12.911111111111111,12.911111111111076
S2324-G0179,R. Westbrook,2,15.196791443850266,15.193703045565515
S2324-G0179,R. Westbrook,3,7.914285714285715,7.914285714285752
S2324-G0179,R. Westbrook,4,9.925,9.916055799755796
S2324-G0179,S. Aldama,1,12.833333333333332,12.83333333333334
S2324-G0179,S. Aldama,2,9.666666666666666,9.667864024864052
S2324-G0179,S. Aldama,3,3.1,3.0999999999999956
S2324-G0179,S. Aldama,4,5.1,5.100000000000014
S2324-G0179,T. Mann,2,8.4,8.400000000000027
S2324-G0179,T. Mann,3,7.55,7.549999999999972
S2324-G0179,T. Mann,4,9.792857142857143,9.797974737680612
S2324-G0179,Z. Williams,1,0.8,0.7999999999999986
S2324-G0179,Z. Williams,2,10.125,10.125031818181817
S2324-G0185,A. Wiggins,2,12.2,12.202237878787871
S2324-G0185,A. Wiggins,4,0.8666666666666667,0.8666666666666676
S2324-G0185,B. Beal,1,16.5,16.500064935064934
S2324-G0185,B. Beal,2,16.955555555555556,16.97344259378822
S2324-G0185,B. Beal,3,10.146666666666667,10.146400000000039
S2324-G0185,B. Beal,4,14.3375,14.337694849594868
S2324-G0185,C. Holmgren,1,15.884415584415583,15.884304761904689
S2324-G0185,C. Holmgren,2,0.9000000000000001,0.9000000000000038
S2324-G0185,C. Holmgren,3,9.7,9.700000000000031
S2324-G0185,C. Holmgren,4,18.192307692307693,18.192327838827797
S2324-G0185,C. Metu,4,3.1666666666666665,3.166666666666666
S2324-G0185,C. Wallace,2,3.0555555555555554,3.0555555555555456
S2324-G0185,C. Wallace,4,0.8,0.7999999999999983
S2324-G0185,D. Eubanks,1,16.189999999999998,16.190000000000044
S2324-G0185,D. Eubanks,2,5.1,5.100000000000014
S2324-G0185,D. Eubanks,3,14.871428571428572,14.873422202797242
S2324-G0185,D. Eubanks,4,3.22,3.2208389610389765
S2324-G0185,G. Allen,1,5.433333333333334,5.433219047619028
S2324-G0185,G. Allen,2,12.9,12.90013333333338
S2324-G0185,G. Allen,3,5.546666666666667,5.546666666666649
S2324-G0185,G. Allen,4,5.138461538461538,5.105869735819735
S2324-G0185,I. Joe,1,5.466666666666667,5.46666666666669
S2324-G0185,I. Joe,2,0.8666666666666667,0.8666666666666675
S2324-G0185,I. Joe,3,6.166666666666667,6.166666666666664
S2324-G0185,I. Joe,4,0.8666666666666667,0.8666666666666675
S2324-G0185,J. Giddey,1,7.533333333333334,7.533333333333316
S2324-G0185,J. Giddey,2,16.5,16.499067155067156
S2324-G0185,J. Giddey,3,11.858730158730157,11.859371547406825
S2324-G0185,J. Giddey,4,5.503030303030304,5.503134199134197
S2324-G0185,J. Goodwin,1,12.806666666666667,12.806666666666672
S2324-G0185,J. Goodwin,2,3.1666666666666665,3.166666666666666
S2324-G0185,J. Goodwin,3,13.736363636363636,13.736291208791165
S2324-G0185,J. Goodwin,4,7.699999999999999,7.700000000000028
S2324-G0185,J. Nurkic,1,6.0,5.951666666666665
S2324-G0185,J. Nurkic,2,5.495238095238095,5.494641558441548
S2324-G0185,J. Nurkic,3,8.566666666666666,8.566666666666658
S2324-G0185,J. Nurkic,4,0.8400000000000001,0.8400000000000027
S2324-G0185,J. Okogie,1,9.68,9.697535497835508
S2324-G0185,J. Okogie,2,4.9,4.91443409090908
S2324-G0185,J. Okogie,3,3.2,3.2000000000000024
S2324-G0185,J. Okogie,4,0.8666666666666667,0.8666666666666676
S2324-G0185,J. Williams,1,17.442307692307693,17.442372710622667
S2324-G0185,J. Williams,2,30.1,30.095210144972
S2324-G0185,J. Williams,3,13.56969696969697,13.562834004883989
S2324-G0185,J. Williams,4,20.442857142857143,20.442439206626666
S2324-G0185,K. Bates-Diop,1,3.3666666666666663,3.366666666666672
S2324-G0185,K. Bates-Diop,2,16.1,16.09988461538456
S2324-G0185,K. Bates-Diop,3,3.225,3.225000000000012
S2324-G0185,K. Bates-Diop,4,7.833333333333334,7.885378835053833
S2324-G0185,K. Durant,1,17.049999999999997,17.054354356754395
S2324-G0185,K. Durant,2,11.944444444444445,11.944444444444391
S2324-G0185,K. Durant,3,18.17777777777778,18.17527432036921
S2324-G0185,K. Durant,4,26.026315789473685,26.16550136375062
S2324-G0185,L. Dort,1,9.566666666666666,9.566666666666652
S2324-G0185,L. Dort,2,12.166666666666666,12.166666666666668
S2324-G0185,L. Dort,3,12.175,12.17510612165612
S2324-G0185,L. Dort,4,1.925,1.9252742424242484
S2324-G0185,O. Dieng,1,0.8666666666666667,0.8666666666666686
S2324-G0185,O. Dieng,3,3.1,3.0999999999999948
S2324-G0185,S. Gilgeous-Alexander,1,27.080952380952382,27.08098239538239
S2324-G0185,S. Gilgeous-Alexander,2,14.114285714285714,14.114594155844177
S2324-G0185,S. Gilgeous-Alexander,3,24.053333333333335,24.052066835778575
S2324-G0185,S. Gilgeous-Alexander,4,24.323809523809526,24.316415934065922
S2324-G0185,Y. Watanabe,1,6.166666666666667,6.166666666666664
S2324-G0185,Y. Watanabe,2,0.8,0.7999999999999986
S2324-G0185,Y. Watanabe,3,6.1,6.099999999999995
S2324-G0185,Y. Watanabe,4,0.8666666666666667,0.8666666666666677
S2324-G0193,B. Bogdanovic,1,15.075,15.074999999999964
S2324-G0193,B. Bogdanovic,2,20.092307692307692,20.095768648916447
S2324-G0193,B. Bogdanovic,3,16.2,16.199999999999953
S2324-G0193,B. Bogdanovic,4,14.825,14.885065129315139
S2324-G0193,C. Capela,1,11.833333333333332,11.833333333333329
S2324-G0193,C. Capela,2,0.9,0.9000000000000036
S2324-G0193,C. Capela,3,9.67,9.670172077922103
S2324-G0193,C. Capela,4,0.8666666666666667,0.8666666666666686
S2324-G0193,D. DiVincenzo,1,5.35,5.350000000000011
S2324-G0193,D. DiVincenzo,2,16.41111111111111,16.410696092796066
S2324-G0193,D. DiVincenzo,3,3.1666666666666665,3.166666666666666
S2324-G0193,D. DiVincenzo,4,3.105555555555555,3.1055555555555645
S2324-G0193,D. Hunter,1,3.233333333333333,3.233333333333346
S2324-G0193,D. Hunter,2,5.138095238095238,5.138095238095252
S2324-G0193,D. Hunter,3,13.133333333333333,13.133333333333347
S2324-G0193,D. Hunter,4,3.1,3.0999999999999948
S2324-G0193,D. Murray,1,9.799999999999999,9.799999999999969
S2324-G0193,D. Murray,2,3.1,3.0999999999999956
S2324-G0193,D. Murray,3,9.805555555555555,9.79496031746034
S2324-G0193,D. Murray,4,21.41785714285714,21.419120201367203
S2324-G0193,I. Hartenstein,1,9.725,9.724999999999966
S2324-G0193,I. Hartenstein,2,11.82,11.819983333333337
S2324-G0193,I. Hartenstein,3,10.533333333333333,10.533333333333314
S2324-G0193,I. Hartenstein,4,3.2,3.2000000000000095
S2324-G0193,I. Quickley,1,3.1666666666666665,3.166666666666666
S2324-G0193,I. Quickley,2,19.380000000000003,19.401324881654322
S2324-G0193,I. Quickley,3,6.125,6.125
S2324-G0193,I. Quickley,4,20.193333333333335,20.209327237674614
S2324-G0193,J. Brunson,1,18.15,18.150000000000063
S2324-G0193,J. Brunson,2,7.7696969696969695,7.769696969696956
S2324-G0193,J. Brunson,3,18.427272727272726,18.42727272727277
S2324-G0193,J. Brunson,4,27.036507936507938,27.03677525627972
S2324-G0193,J. Hart,1,12.243181818181819,12.244838275613224
S2324-G0193,J. Hart,2,8.504761904761905,8.504761904761887
S2324-G0193,J. Hart,3,3.233333333333333,3.233333333333346
S2324-G0193,J. Hart,4,9.56,9.559134340659305
S2324-G0193,J. Johnson,1,10.466666666666667,10.466666666666688
S2324-G0193,J. Johnson,2,18.083333333333332,18.076205139305173
S2324-G0193,J. Johnson,3,8.533333333333333,8.533333333333315
S2324-G0193,J. Johnson,4,5.055555555555555,5.055555555555545
S2324-G0193,J. Randle,1,42.775,42.77601362167431
S2324-G0193,J. Randle,2,9.89,9.890000000000041
S2324-G0193,J. Randle,3,18.158730158730158,18.15917701383581
S2324-G0193,J. Randle,4,17.57,17.573711202686216
S2324-G0193,M. McBride,1,0.9,0.9000000000000036
S2324-G0193,M. Robinson,1,1.0571428571428572,1.0510476190476188
S2324-G0193,M. Robinson,2,9.533333333333333,9.533333333333314
S2324-G0193,M. Robinson,3,5.2272727272727275,5.227272727272743
S2324-G0193,M. Robinson,4,0.88,0.880008333333331
S2324-G0193,O. Okongwu,1,5.29,5.289999999999985
S2324-G0193,O. Okongwu,2,5.133333333333333,5.134083333333328
S2324-G0193,O. Okongwu,3,5.318181818181818,5.33216034521036
S2324-G0193,O. Okongwu,4,5.205454545454545,5.200193939393951
S2324-G0193,Q. Grimes,1,12.814285714285713,12.814285714285694
S2324-G0193,Q. Grimes,2,5.466666666666667,5.46666666666669
S2324-G0193,Q. Grimes,3,18.473333333333333,18.472347474747494
S2324-G0193,Q. Grimes,4,3.2,3.2000000000000095
S2324-G0193,S. Bey,1,7.533333333333334,7.533333333333316
S2324-G0193,S. Bey,2,23.733333333333334,23.729545644225016
S2324-G0193,S. Bey,4,10.416666666666668,10.415904501054527
S2324-G0193,T. Young,1,7.533333333333333,7.533333333333318
S2324-G0193,T. Young,2,10.671794871794871,10.687008599733606
S2324-G0193,T. Young,3,9.827272727272726,9.82741558441556
S2324-G0193,T. Young,4,18.12967032967033,18.13915617993114
S2324-G0193,W. Matthews,1,0.8666666666666667,0.866666666666669
S2324-G0193,W. Matthews,3,6.166666666666667,6.166666666666664
S2324-G0193,W. Matthews,4,0.9333333333333332,0.9333333333333365
S2324-G0197,A. Edwards,1,12.15,12.150138888888934
S2324-G0197,A. Edwards,2,26.1,26.09698209317341
S2324-G0197,A. Edwards,3,7.833333333333333,7.83316666666665
S2324-G0197,A. Edwards,4,7.466666666666667,7.4666666666666925
S2324-G0197,C. Metu,4,14.417142857142858,14.390011147186124
S2324-G0197,D. Booker,1,28.092307692307692,28.096352034150005
S2324-G0197,D. Booker,2,19.417307692307695,19.41720961538455
S2324-G0197,D. Booker,3,20.614285714285714,20.60589268940128
S2324-G0197,D. Booker,4,17.44666666666667,17.446733874458914
S2324-G0197,D. Eubanks,1,0.8666666666666667,0.866666666666669
S2324-G0197,D. Eubanks,2,32.31111111111111,32.35865506399343
S2324-G0197,D. Eubanks,3,3.35,3.350000000000013
S2324-G0197,D. Eubanks,4,0.8666666666666667,0.8666666666666683
S2324-G0197,E. Gordon,1,11.766666666666666,11.766666666666683
S2324-G0197,E. Gordon,2,3.1666666666666665,3.166666666666666
S2324-G0197,E. Gordon,3,11.55,11.549318181818172
S2324-G0197,E. Gordon,4,12.738095238095237,12.73809523809524
S2324-G0197,G. Allen,1,13.875,13.875180119880122
S2324-G0197,G. Allen,2,11.05,11.049821428571414
S2324-G0197,G. Allen,3,8.5,8.5
S2324-G0197,G. Allen,4,5.166666666666667,5.1666666666666465
S2324-G0197,J. Goodwin,2,6.175,6.174999999999978
S2324-G0197,J. Goodwin,4,0.838095238095238,0.8380952380952358
S2324-G0197,J. McDaniels,1,7.55,7.549999999999972
S2324-G0197,J. McDaniels,2,5.300000000000001,5.29999999999998
S2324-G0197,J. McDaniels,3,15.244444444444445,15.244072527472575
S2324-G0197,J. McDaniels,4,11.833333333333332,11.833333333333329
S2324-G0197,J. Minott,4,10.033333333333335,10.033333333333314
S2324-G0197,J. Nurkic,1,0.8666666666666667,0.8666666666666668
S2324-G0197,J. Nurkic,2,0.7714285714285714,0.7714285714285721
S2324-G0197,J. Nurkic,3,8.55,8.54999999999997
S2324-G0197,J. Nurkic,4,3.2,3.2000000000000095
S2324-G0197,J. Okogie,1,12.533333333333333,12.529834759684741
S2324-G0197,J. Okogie,2,6.166666666666667,6.166666666666664
S2324-G0197,J. Okogie,3,5.166666666666667,5.1666666666666465
S2324-G0197,J. Okogie,4,3.2,3.2000000000000095
S2324-G0197,K. Anderson,1,0.8666666666666667,0.866666666666669
S2324-G0197,K. Anderson,2,5.155555555555555,5.155555555555563
S2324-G0197,K. Anderson,3,9.766666666666666,9.766666666666653
S2324-G0197,K. Anderson,4,5.25,5.25
S2324-G0197,K. Bates-Diop,1,1.0666666666666667,1.0666666666666644
S2324-G0197,K. Bates-Diop,2,5.166666666666667,5.1666666666666465
S2324-G0197,K. Bates-Diop,4,0.8666666666666667,0.8666666666666675
S2324-G0197,K. Durant,1,12.450000000000001,12.438346774304126
S2324-G0197,K. Durant,2,24.84155844155844,24.84767236831798
S2324-G0197,K. Durant,3,23.755844155844155,23.757924706141743
S2324-G0197,K. Durant,4,8.366666666666667,8.359532742257722
S2324-G0197,K. Towns,1,31.14090909090909,31.15820866162132
S2324-G0197,K. Towns,2,5.466666666666667,5.46666666666669
S2324-G0197,K. Towns,3,27.080952380952382,27.08127320685849
S2324-G0197,K. Towns,4,4.233333333333333,4.2334000000000085
S2324-G0197,L. Garza,4,15.457142857142857,15.394984523809507
S2324-G0197,M. Conley,1,5.466666666666667,5.46666666666669
S2324-G0197,M. Conley,2,17.805555555555557,17.853348160173176
S2324-G0197,M. Conley,3,11.806666666666667,11.806666666666658
S2324-G0197,N. Alexander-Walker,1,12.738095238095237,12.738154761904763
S2324-G0197,N. Alexander-Walker,3,10.766666666666666,10.766666666666662
S2324-G0197,N. Alexander-Walker,4,0.8,0.7999999999999982
S2324-G0197,N. Little,4,5.25,5.25
S2324-G0197,N. Reid,1,5.766666666666667,5.797666666666662
S2324-G0197,N. Reid,2,3.1,3.0999999999999948
S2324-G0197,N. Reid,3,5.25,5.25
S2324-G0197,N. Reid,4,19.152380952380955,19.153219849839726
S2324-G0197,R. Gobert,1,7.611111111111111,7.61111111111109
S2324-G0197,R. Gobert,2,7.603174603174604,7.61333620823621
S2324-G0197,R. Gobert,3,3.3,3.2999999999999967
S2324-G0197,S. Milton,1,7.800000000000001,7.817690476190455
S2324-G0197,S. Milton,2,0.8666666666666667,0.8666666666666675
S2324-G0197,S. Milton,3,7.6,7.598457142857123
S2324-G0197,S. Milton,4,14.06969696969697,14.069690656565625
S2324-G0197,T. Brown Jr.,4,11.938095238095238,11.943010822510821
S2324-G0197,Y. Watanabe,1,5.466666666666667,5.46666666666669
S2324-G0197,Y. Watanabe,2,3.1666666666666665,3.166666666666666
S2324-G0197,Y. Watanabe,3,8.55,8.54999999999997
S2324-G0197,Y. Watanabe,4,3.175,3.1749999999999985
S2324-G0199,C. LeVert,1,3.2066666666666666,3.2066666666666697
S2324-G0199,C. LeVert,2,20.61045751633987,20.64820291424266
S2324-G0199,C. LeVert,3,15.0,15.000867948717945
S2324-G0199,C. LeVert,4,20.736842105263158,20.743312274631975
S2324-G0199,C. Porter Jr.,1,5.233333333333333,5.233333333333346
S2324-G0199,C. Porter Jr.,2,7.4,7.400000000000017
S2324-G0199,C. Porter Jr.,4,0.8666666666666667,0.8666666666666686
S2324-G0199,D. Ayton,1,12.2,12.201253246753243
S2324-G0199,D. Ayton,2,9.9,9.89558351648351
S2324-G0199,D. Ayton,3,5.506666666666667,5.5066666666666615
S2324-G0199,D. Ayton,4,5.25,5.25
S2324-G0199,D. Mitchell,1,19.42967032967033,19.429068969919037
S2324-G0199,D. Mitchell,2,24.632679738562093,24.656575945253554
S2324-G0199,D. Mitchell,3,18.104306220095694,18.108993451483155
S2324-G0199,D. Mitchell,4,21.366666666666667,21.371454517704557
S2324-G0199,D. Reath,1,11.833333333333332,11.833333333333329
S2324-G0199,D. Reath,2,7.564285714285714,7.564285714285693
S2324-G0199,D. Reath,3,17.80666666666667,17.811138744588792
S2324-G0199,D. Reath,4,5.533333333333334,5.5333333333333234
S2324-G0199,D. Wade,1,0.838095238095238,0.8380952380952358
S2324-G0199,D. Wade,2,3.1,3.0999999999999943
S2324-G0199,D. Wade,3,3.071428571428571,3.0714285714285636
S2324-G0199,D. Wade,4,3.071428571428571,3.0714285714285636
S2324-G0199,E. Bates,4,0.8666666666666667,0.866666666666669
S2324-G0199,E. Mobley,1,20.26666666666667,20.26520148740151
S2324-G0199,E. Mobley,2,4.223809523809524,4.225589854589859
S2324-G0199,E. Mobley,3,13.825,13.829482847123664
S2324-G0199,E. Mobley,4,11.742857142857142,11.74659000721505
S2324-G0199,G. Niang,1,12.944444444444445,12.944841269841215
S2324-G0199,G. Niang,2,3.071428571428571,3.0714285714285636
S2324-G0199,G. Niang,3,6.1,6.099999999999999
S2324-G0199,G. Niang,4,3.2,3.2000000000000095
S2324-G0199,J. Allen,1,6.18,6.1798777777777705
S2324-G0199,J. Allen,2,4.85,4.888204098679098
S2324-G0199,J. Allen,3,5.188888888888889,5.184578434065923
S2324-G0199,J. Allen,4,5.33,5.330000000000015
S2324-G0199,J. Bouyea,1,9.725,9.724999999999966
S2324-G0199,J. Bouyea,2,5.466666666666667,5.46666666666669
S2324-G0199,J. Bouyea,4,3.3666666666666667,3.366666666666674
S2324-G0199,J. Grant,1,13.155844155844155,13.155844155844115
S2324-G0199,J. Grant,2,6.188888888888889,6.170370755225163
S2324-G0199,J. Grant,3,21.992857142857144,22.01542488060184
S2324-G0199,J. Grant,4,18.477777777777778,18.47769230769227
S2324-G0199,J. Walker,1,7.466666666666667,7.466666666666693
S2324-G0199,J. Walker,2,13.78,13.780154304029338
S2324-G0199,J. Walker,3,7.225,7.224999999999984
S2324-G0199,J. Walker,4,3.2142857142857144,3.2142857142857086
S2324-G0199,K. Murray,1,3.1,3.0999999999999948
S2324-G0199,K. Murray,2,5.071428571428571,5.0714285714285605
S2324-G0199,K. Murray,4,10.89,10.889975000000033
S2324-G0199,M. Strus,1,13.2,13.201928571428557
S2324-G0199,M. Strus,2,7.449999999999999,7.451276906916635
S2324-G0199,M. Strus,3,11.805555555555555,11.80499898989904
S2324-G0199,M. Strus,4,12.858730158730157,12.858875740925702
S2324-G0199,M. Thybulle,1,3.233333333333333,3.233333333333346
S2324-G0199,M. Thybulle,2,6.1,6.099999999999999
S2324-G0199,M. Thybulle,3,11.4,11.400125000000042
S2324-G0199,M. Thybulle,4,9.514285714285714,9.51428571428573
S2324-G0199,R. Rupert,4,3.3,3.2999999999999967
S2324-G0199,S. Mays,1,18.455844155844154,18.45584415584423
S2324-G0199,S. Mays,2,0.88,0.8799249999999975
S2324-G0199,S. Mays,3,12.136363636363637,12.136363636363656
S2324-G0199,S. Mays,4,15.066666666666666,15.066666666666636
S2324-G0199,S. Sharpe,1,16.18095238095238,16.18096507936514
S2324-G0199,S. Sharpe,2,18.805128205128206,18.82389963965777
S2324-G0199,S. Sharpe,3,6.566666666666666,6.569118037518037
S2324-G0199,S. Sharpe,4,0.8666666666666667,0.8666666666666683
S2324-G0199,T. Camara,1,0.8666666666666667,0.8666666666666686
S2324-G0199,T. Camara,2,3.1666666666666665,3.166666666666666
S2324-G0199,T. Camara,3,5.475,5.47500000000001
S2324-G0199,T. Camara,4,3.25,3.25
S2324-G0199,T. Thompson,4,0.8666666666666667,0.866666666666669
S2324-G0200,B. Adebayo,1,18.45873015873016,18.458943284493326
S2324-G0200,B. Adebayo,2,13.925,13.924966666666691
S2324-G0200,B. Adebayo,3,9.911111111111111,9.911111111111087
S2324-G0200,B. Adebayo,4,16.21818181818182,16.21983621933616
S2324-G0200,C. Johnson,1,5.575,5.575000000000021
S2324-G0200,C. Johnson,2,8.533333333333333,8.533333333333315
S2324-G0200,C. Johnson,3,10.533333333333333,10.533333333333314
S2324-G0200,C. Johnson,4,18.142307692307693,18.14230769230777
S2324-G0200,C. Martin,2,6.214285714285714,6.214285714285707
S2324-G0200,C. Martin,4,10.911111111111111,10.911111111111081
S2324-G0200,D. Finney-Smith,1,8.504761904761905,8.504761904761887
S2324-G0200,D. Finney-Smith,2,1.0111111111111113,1.0110920634920655
S2324-G0200,D. Finney-Smith,3,12.715384615384615,12.73201789876789
S2324-G0200,D. Finney-Smith,4,6.071428571428571,6.071428571428578
S2324-G0200,D. Robinson,1,18.080000000000002,18.076127805527765
S2324-G0200,D. Robinson,2,10.775,10.77500000000004
S2324-G0200,D. Robinson,3,10.614285714285714,10.614285714285693
S2324-G0200,D. Robinson,4,22.477777777777778,22.479007745848904
S2324-G0200,D. Sharpe,1,0.8,0.7999999999999986
S2324-G0200,D. Sharpe,2,7.82,7.818228787878783
S2324-G0200,D. Sharpe,3,0.8,0.7999999999999983
S2324-G0200,D. Sharpe,4,10.366666666666665,10.186994047619073
S2324-G0200,D. Smith Jr.,1,5.6,5.600000000000007
S2324-G0200,D. Smith Jr.,2,3.1666666666666665,3.166666666666666
S2324-G0200,D. Smith Jr.,3,8.533333333333333,8.533333333333315
S2324-G0200,D. Smith Jr.,4,5.1,5.100000000000014
S2324-G0200,H. Highsmith,1,5.564285714285714,5.564285714285695
S2324-G0200,H. Highsmith,2,11.766666666666666,11.766666666666682
S2324-G0200,H. Highsmith,3,2.925,2.9250000000000016
S2324-G0200,J. Butler,1,18.1875,18.18780434981684
S2324-G0200,J. Butler,2,18.184415584415582,18.1846701298701
S2324-G0200,J. Butler,3,39.777272727272724,39.87906194240487
S2324-G0200,J. Butler,4,7.6,7.599999999999982
S2324-G0200,J. Jaquez Jr.,1,0.8,0.7999999999999988
S2324-G0200,J. Jaquez Jr.,2,12.114285714285714,12.125096102508612
S2324-G0200,J. Jaquez Jr.,3,10.466666666666667,10.466666666666688
S2324-G0200,J. Jaquez Jr.,4,10.85,10.84999999999996
S2324-G0200,J. Richardson,1,6.166666666666667,6.166666666666664
S2324-G0200,J. Richardson,2,7.564285714285714,7.564285714285693
S2324-G0200,J. Richardson,4,13.257142857142858,13.25699776334771
S2324-G0200,K. Love,1,7.638095238095238,7.638095238095259
S2324-G0200,K. Love,2,5.33,5.330000000000015
S2324-G0200,K. Love,3,6.25,6.25
S2324-G0200,K. Lowry,1,10.855844155844155,10.855844155844148
S2324-G0200,K. Lowry,2,3.25,3.25
S2324-G0200,K. Lowry,3,0.8999999999999999,0.9000000000000032
S2324-G0200,L. Walker IV,1,7.55,7.549999999999972
S2324-G0200,L. Walker IV,2,18.53,18.529700000000076
S2324-G0200,L. Walker IV,3,32.4075,32.40528636710723
S2324-G0200,L. Walker IV,4,9.766666666666666,9.766998334998322
S2324-G0200,M. Bridges,1,18.816666666666666,18.885832509157503
S2324-G0200,M. Bridges,2,9.85,9.849999999999964
S2324-G0200,M. Bridges,3,19.72967032967033,19.738938921291144
S2324-G0200,M. Bridges,4,12.904545454545454,12.901587394305084
S2324-G0200,N. Claxton,1,9.472527472527473,9.472419444444412
S2324-G0200,N. Claxton,2,15.886666666666667,15.88810612720618
S2324-G0200,N. Claxton,3,0.8125,0.7988095959595947
S2324-G0200,N. Claxton,4,9.425,9.424999999999969
S2324-G0200,R. O'Neale,1,5.1,5.100000000000014
S2324-G0200,R. O'Neale,2,10.74,10.740099999999998
S2324-G0200,R. O'Neale,3,3.25,3.25
S2324-G0200,S. Dinwiddie,1,6.18,6.179999999999992
S2324-G0200,S. Dinwiddie,2,13.075,13.074999999999983
S2324-G0200,S. Dinwiddie,3,0.7714285714285714,0.7714285714285721
S2324-G0200,S. Dinwiddie,4,14.212987012987012,14.213318118156353
S2324-G0200,T. Hammonds,1,1.2,1.200000000000001
S2324-G0200,T. Watford,1,7.504761904761905,7.504761904761895
S2324-G0200,T. Watford,4,5.3,5.29999999999998
S2324-G0209,A. Black,1,8.584415584415584,8.584469696969732
S2324-G0209,A. Black,2,5.733333333333333,5.733441269841279
S2324-G0209,A. Black,3,3.2142857142857144,3.2142857142857086
S2324-G0209,A. Black,4,5.208333333333333,5.128791666666658
S2324-G0209,A. Nesmith,1,0.8666666666666667,0.866666666666669
S2324-G0209,A. Nesmith,2,3.2642857142857142,3.264285714285725
S2324-G0209,A. Nesmith,3,3.1,3.0999999999999943
S2324-G0209,A. Schofield,4,3.4333333333333336,3.433778496503487
S2324-G0209,B. Brown,1,1.0,1.0
S2324-G0209,B. Brown,2,23.41111111111111,23.411536410313143
S2324-G0209,B. Brown,3,5.564285714285714,5.564285714285695
S2324-G0209,B. Hield,1,8.371428571428572,8.371428571428606
S2324-G0209,B. Hield,2,3.3,3.2999999999999967
S2324-G0209,B. Hield,3,3.2142857142857144,3.2142857142857086
S2324-G0209,B. Mathurin,1,10.725,10.72499999999996
S2324-G0209,B. Mathurin,2,10.825,10.82500000000002
S2324-G0209,B. Mathurin,3,9.785714285714285,9.797530336575186
S2324-G0209,B. Mathurin,4,14.144444444444446,14.100824567099572
S2324-G0209,B. Sheppard,2,0.8666666666666667,0.8666666666666686
S2324-G0209,B. Sheppard,3,3.1666666666666665,3.166666666666666
S2324-G0209,B. Sheppard,4,17.244444444444444,17.24281228265204
S2324-G0209,C. Anthony,1,15.146666666666667,15.146666666666652
S2324-G0209,C. Anthony,2,7.455555555555556,7.455555555555535
S2324-G0209,C. Anthony,3,10.855844155844155,10.856131493506487
S2324-G0209,C. Anthony,4,12.903030303030302,12.899180194805199
S2324-G0209,C. Houstan,4,3.2142857142857144,3.2142857142857086
S2324-G0209,C. Okeke,4,8.466666666666667,8.466666666666692
S2324-G0209,F. Wagner,1,7.55,7.549999999999972
S2324-G0209,F. Wagner,2,31.0875,31.216540847091498
S2324-G0209,F. Wagner,3,15.6,15.676450466200468
S2324-G0209,G. Bitadze,1,7.220000000000001,7.219584163059177
S2324-G0209,G. Bitadze,2,5.3,5.29999999999998
S2324-G0209,G. Bitadze,3,9.833333333333332,9.829112381491038
S2324-G0209,G. Harris,1,11.633333333333335,11.634644480519505
S2324-G0209,G. Harris,2,6.071428571428571,6.071428571428578
S2324-G0209,G. Harris,3,7.533333333333334,7.533333333333316
S2324-G0209,G. Harris,4,5.1,5.100000000000014
S2324-G0209,I. Jackson,4,11.786153846153846,11.766779401154393
S2324-G0209,J. Howard,4,5.533333333333334,5.5333333333333234
S2324-G0209,J. Ingles,1,3.1696969696969695,3.169803030303027
S2324-G0209,J. Ingles,2,0.95,0.9499999999999976
S2324-G0209,J. Ingles,3,3.25,3.25
S2324-G0209,J. Ingles,4,0.8666666666666667,0.8666666666666671
S2324-G0209,J. Isaac,1,8.533333333333333,8.533333333333315
S2324-G0209,J. Isaac,2,0.8666666666666667,0.8666666666666676
S2324-G0209,J. Isaac,3,3.3666666666666663,3.366666666666672
S2324-G0209,J. Isaac,4,7.366666666666667,7.366733333333307
S2324-G0209,J. Nwora,2,0.8666666666666667,0.866666666666668
S2324-G0209,J. Nwora,3,21.453333333333333,21.4542150932401
S2324-G0209,J. Nwora,4,24.877777777777776,24.8570714030251
S2324-G0209,J. Smith,1,11.614285714285714,11.614285714285709
S2324-G0209,J. Smith,2,3.14,3.139999999999989
S2324-G0209,J. Smith,3,9.466666666666667,9.466666666666685
S2324-G0209,J. Suggs,1,21.52857142857143,21.528027020202032
S2324-G0209,J. Suggs,2,12.612987012987013,12.616655905205945
S2324-G0209,J. Suggs,3,5.233333333333333,5.233333333333346
S2324-G0209,J. Walker,2,3.1380952380952376,3.1380952380952376
S2324-G0209,J. Walker,4,19.555555555555554,19.557759157509178
S2324-G0209,M. Turner,1,9.866666666666665,9.86666666666662
S2324-G0209,M. Turner,2,15.24155844155844,15.237664171939187
S2324-G0209,M. Turner,3,10.867307692307692,10.866665567765619
S2324-G0209,M. Wagner,1,11.733333333333334,11.731477886002871
S2324-G0209,M. Wagner,2,8.571428571428571,8.571571428571461
S2324-G0209,M. Wagner,3,7.6,7.599999999999982
S2324-G0209,M. Wagner,4,15.095238095238095,15.09524404761903
S2324-G0209,O. Toppin,1,3.18,3.179999999999995
S2324-G0209,O. Toppin,2,9.814285714285713,9.814285714285694
S2324-G0209,O. Toppin,3,14.257142857142858,14.257316883116822
S2324-G0209,P. Banchero,1,14.075,14.075083333333307
S2324-G0209,P. Banchero,2,26.845714285714283,26.842519848074176
S2324-G0209,P. Banchero,3,18.217307692307692,18.222468922743943
S2324-G0209,T. Haliburton,1,14.4125,14.471544440526802
S2324-G0209,T. Haliburton,2,5.564285714285714,5.564285714285695
S2324-G0209,T. Haliburton,3,27.1,27.09919142187365
S2324-G0209,T. McConnell,1,15.166666666666666,15.166666666666638
S2324-G0209,T. McConnell,2,7.527272727272727,7.527272727272708
S2324-G0209,T. McConnell,3,5.35,5.350000000000011
S2324-G0209,T. McConnell,4,7.533333333333334,7.533333333333316
S2324-G0210,A. Gordon,1,7.371428571428571,7.371428571428604
S2324-G0210,A. Gordon,2,18.384848484848487,18.390555852364802
S2324-G0210,A. Gordon,3,13.366666666666665,13.319267316017328
S2324-G0210,A. Gordon,4,0.8666666666666667,0.8666666666666668
S2324-G0210,C. Braun,1,5.4,5.39999999999999
S2324-G0210,C. Braun,2,9.736363636363636,9.736530303030314
S2324-G0210,C. Braun,3,9.4,9.400000000000032
S2324-G0210,C. Braun,4,17.12,17.121246948884387
S2324-G0210,C. Cheaney,3,1.2,1.200000000000001
S2324-G0210,C. Porter Jr.,1,8.633333333333333,8.650028571428564
S2324-G0210,C. Porter Jr.,2,15.944444444444445,15.944338997113936
S2324-G0210,C. Porter Jr.,3,5.214285714285714,5.214285714285694
S2324-G0210,C. Porter Jr.,4,18.152380952380955,18.152352380952426
S2324-G0210,D. Garland,1,15.817307692307692,15.814750549450507
S2324-G0210,D. Garland,2,22.812987012987012,22.81273947996442
S2324-G0210,D. Garland,3,16.117307692307694,16.117375257095922
S2324-G0210,D. Garland,4,11.74,11.74004999999998
S2324-G0210,D. Wade,1,5.52,5.520573626373613
S2324-G0210,D. Wade,2,6.233333333333333,6.233333333333344
S2324-G0210,D. Wade,3,0.99,0.9900000000000017
S2324-G0210,D. Wade,4,6.071428571428571,6.071428571428578
S2324-G0210,E. Bates,4,3.25,3.25
S2324-G0210,E. Mobley,1,16.175,16.174750000000046
S2324-G0210,E. Mobley,2,13.864285714285714,13.864285714285733
S2324-G0210,E. Mobley,3,7.633333333333334,7.633500000000031
S2324-G0210,E. Mobley,4,7.48,7.480000000000014
S2324-G0210,G. Niang,1,10.775,10.77500000000004
S2324-G0210,G. Niang,2,9.479999999999999,9.480000000000015
S2324-G0210,G. Niang,3,10.725,10.72499999999996
S2324-G0210,G. Niang,4,5.1,5.100000000000014
S2324-G0210,H. Tyson,4,3.1666666666666665,3.166666666666666
S2324-G0210,J. Allen,1,5.466666666666667,5.46666666666669
S2324-G0210,J. Allen,2,5.275,5.274999999999988
S2324-G0210,J. Allen,3,30.200452488687784,30.209328217186208
S2324-G0210,J. Allen,4,0.838095238095238,0.8380952380952358
S2324-G0210,J. Holiday,1,3.3666666666666667,3.366666666666674
S2324-G0210,J. Holiday,2,0.8666666666666667,0.8666666666666675
S2324-G0210,J. Holiday,3,0.8666666666666667,0.8666666666666678
S2324-G0210,J. Holiday,4,11.425,11.42518956043955
S2324-G0210,J. Pickett,1,3.2,3.2000000000000095
S2324-G0210,J. Pickett,3,3.25,3.25
S2324-G0210,J. Pickett,4,13.525,13.519617352092355
S2324-G0210,J. Strawther,2,10.506666666666666,10.506666666666662
S2324-G0210,J. Strawther,3,7.6000000000000005,7.599999999999982
S2324-G0210,J. Strawther,4,5.48,5.480000000000013
S2324-G0210,K. Caldwell-Pope,1,21.792307692307695,21.790527633477613
S2324-G0210,K. Caldwell-Pope,2,7.504761904761905,7.504761904761895
S2324-G0210,K. Caldwell-Pope,3,3.125,3.125
S2324-G0210,K. Caldwell-Pope,4,0.8666666666666667,0.8666666666666686
S2324-G0210,M. Porter Jr.,1,24.791452991452992,24.791101251526257
S2324-G0210,M. Porter Jr.,2,8.405128205128205,8.406461474636489
S2324-G0210,M. Porter Jr.,3,20.813675213675214,20.81302058513381
S2324-G0210,M. Porter Jr.,4,5.233333333333333,5.233333333333346
S2324-G0210,M. Strus,1,17.123809523809523,17.123809523809538
S2324-G0210,M. Strus,2,3.1666666666666665,3.166666666666666
S2324-G0210,M. Strus,3,3.2066666666666666,3.2066666666666697
S2324-G0210,M. Strus,4,7.18,7.181668145743149
S2324-G0210,N. Jokic,1,11.9,11.900000000000043
S2324-G0210,N. Jokic,2,16.025000000000002,16.024187271062296
S2324-G0210,N. Jokic,3,7.6571428571428575,7.657396103896092
S2324-G0210,N. Jokic,4,16.28034188034188,16.280108760683778
S2324-G0210,R. Jackson,1,7.466666666666667,7.466666666666693
S2324-G0210,R. Jackson,2,12.736363636363636,12.736363636363603
S2324-G0210,R. Jackson,3,0.8666666666666667,0.866666666666668
S2324-G0210,R. Jackson,4,0.8666666666666667,0.8666666666666683
S2324-G0210,S. Merrill,2,20.742307692307694,20.74272140033177
S2324-G0210,S. Merrill,3,0.8666666666666667,0.866666666666667
S2324-G0210,S. Merrill,4,13.0,12.999785256410256
S2324-G0210,T. Thompson,1,5.264285714285714,5.2642857142857284
S2324-G0210,T. Thompson,2,5.438095238095238,5.438095238095232
S2324-G0210,T. Thompson,4,6.2,6.200000000000022
S2324-G0210,Z. Nnaji,1,7.59,7.589999999999979
S2324-G0210,Z. Nnaji,2,5.264285714285714,5.2642857142857284
S2324-G0210,Z. Nnaji,4,8.2,8.200115873015893
S2324-G0211,A. Burks,1,12.04,12.040348484848458
S2324-G0211,A. Burks,2,12.845454545454546,12.851164713064717
S2324-G0211,A. Burks,3,12.71,12.713272749472763
S2324-G0211,A. Burks,4,0.9,0.9000000000000036
S2324-G0211,A. Thompson,1,7.252380952380952,7.245035261960263
S2324-G0211,A. Thompson,2,1.8333333333333333,1.8334389610389579
S2324-G0211,A. Thompson,3,10.014285714285714,10.015470093795109
S2324-G0211,A. Thompson,4,5.3,5.300036752136733
S2324-G0211,B. Grant,2,1.2,1.200000000000001
S2324-G0211,C. Boucher,1,0.95,0.9499999999999977
S2324-G0211,C. Boucher,2,5.264285714285714,5.2642857142857284
S2324-G0211,C. Boucher,4,26.796791443850267,26.794420919255394
S2324-G0211,C. Cunningham,1,24.06969696969697,24.074747263701234
S2324-G0211,C. Cunningham,2,22.733333333333334,22.733947507149665
S2324-G0211,C. Cunningham,3,13.092857142857142,13.091429986679993
S2324-G0211,D. Schroder,1,30.367307692307694,30.37153778594562
S2324-G0211,D. Schroder,2,9.9,9.90198809523813
S2324-G0211,D. Schroder,3,14.1,14.099999999999948
S2324-G0211,G. Dick,2,0.9000000000000001,0.9000000000000038
S2324-G0211,G. Dick,4,12.89,12.889916666666675
S2324-G0211,G. Trent Jr.,1,13.005555555555555,13.020415079365069
S2324-G0211,G. Trent Jr.,2,8.514285714285714,8.514285714285732
S2324-G0211,G. Trent Jr.,3,16.166666666666668,16.166642857142822
S2324-G0211,G. Trent Jr.,4,11.438095238095238,11.438095238095231
S2324-G0211,I. Stewart,1,7.827272727272727,7.828100649350635
S2324-G0211,I. Stewart,2,12.755555555555555,12.755694444444403
S2324-G0211,I. Stewart,3,6.366666666666667,6.363641666666653
S2324-G0211,J. Ivey,1,7.533333333333334,7.533333333333316
S2324-G0211,J. Ivey,2,7.775,7.775000000000021
S2324-G0211,J. Ivey,3,3.1,3.0999999999999943
S2324-G0211,J. Ivey,4,17.344444444444445,17.32770746753245
S2324-G0211,J. McDaniels,4,14.211111111111112,14.211111111111181
S2324-G0211,J. Poeltl,1,5.303174603174603,5.311461896436895
S2324-G0211,J. Poeltl,2,12.523809523809524,12.52125402359078
S2324-G0211,J. Poeltl,3,14.853333333333333,14.85758090536915
S2324-G0211,J. Wiseman,2,5.206666666666667,5.206666666666683
S2324-G0211,J. Wiseman,3,9.85,9.849999999999964
S2324-G0211,J. Wiseman,4,21.32222222222222,21.322591176144137
S2324-G0211,K. Knox II,1,11.152380952380952,11.148073792873815
S2324-G0211,K. Knox II,2,3.1,3.0999999999999956
S2324-G0211,K. Knox II,3,15.211111111111112,15.211111111111183
S2324-G0211,K. Knox II,4,5.75,5.75
S2324-G0211,M. Bagley III,1,5.25,5.25
S2324-G0211,M. Bagley III,2,11.725,11.724999999999957
S2324-G0211,M. Bagley III,3,0.8666666666666667,0.8666666666666685
S2324-G0211,M. Bagley III,4,0.8666666666666667,0.8666666666666681
S2324-G0211,M. Flynn,1,0.8,0.799999999999999
S2324-G0211,M. Flynn,2,0.8,0.799999999999998
S2324-G0211,M. Flynn,3,3.1,3.100000000000011
S2324-G0211,M. Flynn,4,17.255555555555556,17.253505966255908
S2324-G0211,M. Sasser,1,7.4,7.400000000000017
S2324-G0211,M. Sasser,2,0.8,0.799999999999998
S2324-G0211,M. Sasser,3,5.35,5.350000000000011
S2324-G0211,M. Sasser,4,12.89,12.889916666666675
S2324-G0211,O. Anunoby,1,15.2,15.199999999999962
S2324-G0211,O. Anunoby,2,8.82,8.823838852813843
S2324-G0211,O. Anunoby,3,8.823809523809523,8.83007825507825
S2324-G0211,O. Anunoby,4,5.246666666666667,5.246666666666669
S2324-G0211,P. Achiuwa,1,10.55,10.549999999999976
S2324-G0211,P. Achiuwa,2,12.864285714285714,12.864257936507945
S2324-G0211,P. Achiuwa,3,0.8,0.7999999999999983
S2324-G0211,P. Achiuwa,4,14.57012987012987,14.555059497447003
S2324-G0211,P. Siakam,1,14.442307692307692,14.440691687397539
S2324-G0211,P. Siakam,2,20.720000000000002,20.72454371461866
S2324-G0211,P. Siakam,3,32.075,32.11885975687965
S2324-G0211,R. Harper Jr.,4,0.95,0.9499999999999977
S2324-G0211,S. Barnes,1,11.76969696969697,11.769696969696984
S2324-G0211,S. Barnes,2,23.395238095238096,23.397401819259198
S2324-G0211,S. Barnes,3,9.9,9.902759468309494
S2324-G0211,S. Barnes,4,0.8666666666666667,0.8666666666666668
S2324-G0211,S. Umude,1,0.8,0.7999999999999988
S2324-G0211,S. Umude,2,0.8666666666666667,0.8666666666666675
S2324-G0211,S. Umude,3,6.233333333333333,6.233333333333344
S2324-G0211,S. Umude,4,28.553333333333335,28.53388609063799
S2324-G0219,A. Gill,4,0.8666666666666667,0.8666666666666677
S2324-G0219,A. Green,1,5.1,5.100000000000014
S2324-G0219,A. Green,2,3.125,3.125
S2324-G0219,A. Green,3,3.1666666666666665,3.166666666666666
S2324-G0219,A. Green,4,3.3666666666666667,3.366666666666674
S2324-G0219,A. Jackson Jr.,4,0.8666666666666667,0.866666666666669
S2324-G0219,B. Coulibaly,1,9.564285714285713,9.564285714285694
S2324-G0219,B. Coulibaly,2,12.957142857142857,12.956428571428594
S2324-G0219,B. Coulibaly,3,8.466666666666667,8.466666666666692
S2324-G0219,B. Coulibaly,4,0.825,0.8249999999999992
S2324-G0219,B. Lopez,1,5.55,5.549551165501145
S2324-G0219,B. Lopez,2,19.066666666666666,19.067471561771523
S2324-G0219,B. Lopez,3,17.493333333333336,17.4959645021645
S2324-G0219,B. Lopez,4,5.175,5.174999999999982
S2324-G0219,B. Portis,1,9.775,9.775000000000036
S2324-G0219,B. Portis,2,10.425,10.424999999999972
S2324-G0219,B. Portis,3,18.44666666666667,18.446073484848526
S2324-G0219,B. Portis,4,11.858730158730157,11.859253582038855
S2324-G0219,C. Kispert,1,7.5,7.5
S2324-G0219,C. Kispert,2,12.864285714285714,12.864257936507945
S2324-G0219,C. Kispert,3,6.214285714285714,6.214285714285707
S2324-G0219,C. Kispert,4,9.864285714285714,9.864285714285689
S2324-G0219,C. Payne,2,10.74,10.739999999999998
S2324-G0219,C. Payne,4,8.383333333333333,8.383218253968291
S2324-G0219,D. Avdija,1,7.466666666666667,7.466666666666693
S2324-G0219,D. Avdija,2,0.8666666666666667,0.8666666666666687
S2324-G0219,D. Avdija,3,1.9333333333333331,1.933333333333336
S2324-G0219,D. Avdija,4,11.884415584415583,11.884422077922054
S2324-G0219,D. Gafford,1,12.169230769230769,12.17875015262515
S2324-G0219,D. Gafford,2,5.366666666666666,5.366666666666667
S2324-G0219,D. Gafford,3,20.484415584415583,20.484415584415636
S2324-G0219,D. Gafford,4,9.766666666666666,9.766666666666653
S2324-G0219,D. Gallinari,1,7.9,7.900000000000022
S2324-G0219,D. Gallinari,2,7.371428571428571,7.371428571428604
S2324-G0219,D. Gallinari,3,5.25,5.25
S2324-G0219,D. Gallinari,4,0.8,0.799999999999998
S2324-G0219,D. Lillard,1,27.7675,27.75684793886022
S2324-G0219,D. Lillard,2,5.55,5.549659090909069
S2324-G0219,D. Lillard,3,14.236363636363636,14.23584025974023
S2324-G0219,D. Lillard,4,10.475,10.47499999999996
S2324-G0219,E. Omoruyi,4,5.35,5.350000000000011
S2324-G0219,G. Antetokounmpo,1,24.814705882352943,24.80733790093207
S2324-G0219,G. Antetokounmpo,2,22.46923076923077,22.47579804114017
S2324-G0219,G. Antetokounmpo,3,33.47619047619048,33.44682503999265
S2324-G0219,G. Antetokounmpo,4,18.13111111111111,18.1428892960797
S2324-G0219,J. Davis,2,0.8,0.7999999999999986
S2324-G0219,J. Poole,1,24.084415584415584,24.092966789058877
S2324-G0219,J. Poole,2,22.755844155844155,22.755519769119687
S2324-G0219,J. Poole,3,9.97,9.970000000000024
S2324-G0219,J. Poole,4,37.025396825396825,37.026109294661275
S2324-G0219,K. Kuzma,1,14.005555555555555,14.006855411255371
S2324-G0219,K. Kuzma,2,9.666666666666668,9.666571428571455
S2324-G0219,K. Kuzma,3,27.154545454545456,27.149479116733836
S2324-G0219,K. Kuzma,4,9.533333333333333,9.533333333333314
S2324-G0219,K. Middleton,1,4.311111111111111,4.312224603174614
S2324-G0219,K. Middleton,2,24.80952380952381,24.810590295213885
S2324-G0219,K. Middleton,3,9.93,9.93000000000002
S2324-G0219,K. Middleton,4,10.517857142857142,10.517893939393925
S2324-G0219,L. Shamet,2,18.228571428571428,18.22859610389606
S2324-G0219,L. Shamet,4,0.8666666666666667,0.8666666666666678
S2324-G0219,M. Beasley,1,6.166666666666667,6.166666666666664
S2324-G0219,M. Beasley,2,9.966666666666667,9.966666666666686
S2324-G0219,M. Beasley,3,8.525,8.525000000000027
S2324-G0219,M. Beasley,4,15.7,15.694632566045025
S2324-G0219,P. Connaughton,1,3.1666666666666665,3.166666666666666
S2324-G0219,P. Connaughton,2,0.8,0.8000000000000007
S2324-G0219,P. Connaughton,4,6.136363636363637,6.136258741258752
S2324-G0219,R. Lopez,4,0.95,0.9499999999999977
S2324-G0219,T. Jones,1,18.45,18.450340909090848
S2324-G0219,T. Jones,2,11.9,11.900000000000043
S2324-G0219,T. Jones,3,20.366666666666667,20.366666666666703
S2324-G0221,A. Edwards,1,14.153333333333332,14.15346468253967
S2324-G0221,A. Edwards,2,7.966666666666667,7.966550000000017
S2324-G0221,A. Edwards,3,30.41785714285714,30.40839200176755
S2324-G0221,A. Edwards,4,22.7275,22.72375436115311
S2324-G0221,D. DiVincenzo,1,0.8666666666666667,0.866666666666669
S2324-G0221,D. DiVincenzo,2,15.34,15.340262345987348
S2324-G0221,D. DiVincenzo,3,7.466666666666667,7.466666666666693
S2324-G0221,D. DiVincenzo,4,5.300000000000001,5.300383333333315
S2324-G0221,D. Jeffries,4,7.966666666666667,7.967142857142874
S2324-G0221,I. Hartenstein,1,5.25,5.25
S2324-G0221,I. Hartenstein,2,0.9642857142857143,0.9642857142857153
S2324-G0221,I. Hartenstein,3,5.504761904761905,5.504761904761916
S2324-G0221,I. Hartenstein,4,0.8,0.8000000000000007
S2324-G0221,I. Quickley,1,5.438095238095238,5.438095238095232
S2324-G0221,I. Quickley,2,20.84155844155844,20.843067185592147
S2324-G0221,I. Quickley,3,13.93,13.929999999999973
S2324-G0221,I. Quickley,4,10.725,10.72499999999996
S2324-G0221,J. Brunson,1,25.803174603174604,25.801188070263116
S2324-G0221,J. Brunson,2,10.766666666666666,10.766666666666662
S2324-G0221,J. Brunson,3,10.725,10.72499999999996
S2324-G0221,J. Brunson,4,15.85,15.831241238336824
S2324-G0221,J. Hart,1,5.4,5.39999999999999
S2324-G0221,J. Hart,2,5.138095238095238,5.138095238095252
S2324-G0221,J. Hart,3,5.533333333333334,5.5333333333333234
S2324-G0221,J. Hart,4,5.2,5.20000000000002
S2324-G0221,J. McDaniels,1,9.55,9.549999999999969
S2324-G0221,J. Minott,4,5.300000000000001,5.29999999999998
S2324-G0221,J. Randle,1,13.155844155844155,13.155987012986973
S2324-G0221,J. Randle,2,26.153333333333336,26.155997581731143
S2324-G0221,J. Randle,3,13.18095238095238,13.183624900099922
S2324-G0221,J. Randle,4,9.369696969696971,9.341370876345891
S2324-G0221,J. Sims,4,5.25,5.25
S2324-G0221,K. Anderson,1,5.1,5.100000000000014
S2324-G0221,K. Anderson,2,9.552380952380952,9.553482539682511
S2324-G0221,K. Anderson,3,0.8,0.799999999999999
S2324-G0221,K. Anderson,4,6.16969696969697,6.169696969696968
S2324-G0221,K. Towns,1,17.212987012987014,17.212699134199134
S2324-G0221,K. Towns,2,7.466666666666667,7.4666666666666925
S2324-G0221,K. Towns,3,10.76969696969697,10.769696969696966
S2324-G0221,K. Towns,4,11.347222222222221,11.39583578431372
S2324-G0221,M. Conley,1,10.766666666666666,10.766666666666662
S2324-G0221,M. Conley,2,12.803030303030303,12.803030303030312
S2324-G0221,M. Conley,3,6.300000000000001,6.300249999999977
S2324-G0221,M. Conley,4,5.4,5.39999999999999
S2324-G0221,M. Robinson,1,9.527272727272727,9.527272727272708
S2324-G0221,M. Robinson,2,7.546666666666667,7.546666666666642
S2324-G0221,M. Robinson,3,7.555844155844156,7.555844155844167
S2324-G0221,M. Robinson,4,5.37,5.370000649350647
S2324-G0221,N. Alexander-Walker,1,11.425,11.42499999999999
S2324-G0221,N. Alexander-Walker,2,7.9,7.900000000000022
S2324-G0221,N. Alexander-Walker,3,12.775,12.775000000000048
S2324-G0221,N. Alexander-Walker,4,0.8666666666666667,0.8666666666666687
S2324-G0221,N. Reid,1,8.864285714285714,8.877304689754693
S2324-G0221,N. Reid,2,11.523809523809524,11.523638095238152
S2324-G0221,N. Reid,3,8.505555555555556,8.505416161616138
S2324-G0221,N. Reid,4,3.1166666666666663,3.116666666666672
S2324-G0221,Q. Grimes,1,5.5777777777777775,5.577888888888894
S2324-G0221,Q. Grimes,2,0.8666666666666667,0.8666666666666678
S2324-G0221,Q. Grimes,3,3.071428571428571,3.0714285714285636
S2324-G0221,Q. Grimes,4,7.766666666666667,7.766666666666655
S2324-G0221,R. Arcidiacono,4,0.8666666666666667,0.866666666666669
S2324-G0221,R. Barrett,1,22.755844155844155,22.75584415584407
S2324-G0221,R. Barrett,2,13.317307692307692,13.285242424242433
S2324-G0221,R. Barrett,3,10.855844155844155,10.856342893217887
S2324-G0221,R. Barrett,4,1.0666666666666667,1.0666666666666644
S2324-G0221,R. Gobert,1,5.233333333333333,5.233333333333343
S2324-G0221,R. Gobert,2,13.825,13.824919444444422
S2324-G0221,R. Gobert,3,14.966666666666667,14.966860847485869
S2324-G0221,R. Gobert,4,2.2,2.1010000000000066
S2324-G0221,S. Milton,1,3.0666666666666664,3.0666666666666726
S2324-G0221,S. Milton,2,7.517307692307693,7.517307692307673
S2324-G0221,S. Milton,3,3.1666666666666665,3.166666666666666
S2324-G0221,S. Milton,4,7.425,7.4249999999999705
S2324-G0221,S. Mitchell,3,1.2,1.200000000000001
S2324-G0221,T. Brown Jr.,2,3.1,3.100000000000011
S2324-G0221,T. Brown Jr.,3,10.775,10.77500000000004
S2324-G0221,T. Brown Jr.,4,5.75,5.75
S2324-G0232,A. Edwards,1,32.748039215686276,32.75033906733103
S2324-G0232,A. Edwards,2,19.61,19.60797418692416
S2324-G0232,A. Edwards,3,29.9875,30.026875527250528
S2324-G0232,A. Edwards,4,3.1,3.100000000000011
S2324-G0232,D. House Jr.,1,9.875,9.87529761904762
S2324-G0232,D. House Jr.,3,0.8666666666666667,0.8666666666666678
S2324-G0232,D. House Jr.,4,6.733333333333333,6.717636507936511
S2324-G0232,D. Melton,1,7.705555555555556,7.706055555555536
S2324-G0232,D. Melton,2,23.225,23.183245166761402
S2324-G0232,D. Melton,3,8.425454545454546,8.42575555555557
S2324-G0232,D. Melton,4,5.4,5.400199999999989
S2324-G0232,F. Korkmaz,4,8.666666666666668,8.66666666666669
S2324-G0232,J. Minott,4,0.8666666666666667,0.866666666666669
S2324-G0232,J. Springer,1,0.9,0.9000000000000036
S2324-G0232,J. Springer,2,3.3000000000000003,3.2999999999999967
S2324-G0232,J. Springer,4,8.037142857142857,8.031923051948066
S2324-G0232,K. Anderson,1,6.233333333333333,6.233333333333344
S2324-G0232,K. Anderson,2,3.0666666666666664,3.0666666666666726
S2324-G0232,K. Anderson,3,7.564285714285714,7.564285714285693
S2324-G0232,K. Anderson,4,7.503030303030304,7.503030303030301
S2324-G0232,K. Martin,4,8.777142857142858,8.760918650793661
S2324-G0232,K. Towns,1,11.817307692307692,11.81718269230766
S2324-G0232,K. Towns,2,28.46969696969697,28.450710275543198
S2324-G0232,K. Towns,3,9.833333333333332,9.83210336852688
S2324-G0232,K. Towns,4,20.533155080213906,20.53356396495668
S2324-G0232,L. Garza,4,4.55,4.5547714285714145
S2324-G0232,L. Miller,4,1.15,1.1499166666666705
S2324-G0232,M. Bamba,4,9.95,9.89534761904763
S2324-G0232,M. Conley,1,7.438095238095238,7.43809523809523
S2324-G0232,M. Conley,2,3.2,3.2000000000000024
S2324-G0232,M. Conley,3,3.233333333333333,3.233333333333346
S2324-G0232,M. Conley,4,6.125,6.125
S2324-G0232,M. Morris Sr.,1,7.6,7.599999999999982
S2324-G0232,M. Morris Sr.,2,10.825,10.825216666666687
S2324-G0232,M. Morris Sr.,3,25.944444444444443,25.922438196525682
S2324-G0232,M. Morris Sr.,4,3.3000000000000003,3.2999999999999967
S2324-G0232,N. Alexander-Walker,1,7.385454545454545,7.385454545454572
S2324-G0232,N. Alexander-Walker,2,5.677777777777778,5.676805988455998
S2324-G0232,N. Alexander-Walker,3,0.8,0.7999999999999997
S2324-G0232,N. Alexander-Walker,4,10.425,10.424999999999972
S2324-G0232,N. Batum,1,8.48,8.480000000000015
S2324-G0232,N. Batum,2,3.1666666666666665,3.166666666666666
S2324-G0232,N. Batum,3,0.825,0.8249999999999992
S2324-G0232,N. Batum,4,6.1,6.099999999999995
S2324-G0232,N. Reid,1,14.911111111111111,14.911017765567726
S2324-G0232,N. Reid,2,12.1,12.099999999999955
S2324-G0232,N. Reid,3,18.812987012987012,18.814369480519424
S2324-G0232,N. Reid,4,0.9,0.9000000000000035
S2324-G0232,P. Beverley,1,0.8666666666666667,0.866666666666669
S2324-G0232,P. Beverley,3,3.1,3.0999999999999948
S2324-G0232,P. Beverley,4,5.214285714285714,5.214285714285694
S2324-G0232,P. Reed,1,9.966666666666667,9.934284199134204
S2324-G0232,P. Reed,2,5.203030303030303,5.203196969696986
S2324-G0232,P. Reed,3,9.55,9.549999999999969
S2324-G0232,P. Reed,4,9.899999999999999,9.900000000000036
S2324-G0232,R. Covington,1,2.2666666666666666,2.2666666666666635
S2324-G0232,R. Covington,2,0.8555555555555556,0.8552545454545444
S2324-G0232,R. Covington,3,14.146666666666667,14.146599999999992
S2324-G0232,R. Covington,4,0.8,0.7999999999999987
S2324-G0232,R. Gobert,1,11.866666666666665,11.86666666666664
S2324-G0232,R. Gobert,2,5.4714285714285715,5.4516190476190385
S2324-G0232,R. Gobert,3,10.584415584415584,10.584593939393976
S2324-G0232,R. Gobert,4,7.52,7.519999999999986
S2324-G0232,S. Milton,1,9.475,9.474999999999968
S2324-G0232,S. Milton,2,3.1,3.0999999999999943
S2324-G0232,S. Milton,3,15.886666666666667,15.889848709623752
S2324-G0232,S. Milton,4,3.1,3.0999999999999943
S2324-G0232,T. Brown Jr.,2,3.2,3.2000000000000095
S2324-G0232,T. Harris,1,14.117307692307692,14.117432692307762
S2324-G0232,T. Harris,2,21.565454545454546,21.30427001332002
S2324-G0232,T. Harris,3,3.1666666666666665,3.166666666666666
S2324-G0232,T. Harris,4,5.225,5.225000000000014
S2324-G0232,T. Maxey,1,18.45873015873016,18.458943284493326
S2324-G0232,T. Maxey,2,14.4,14.483346894771904
S2324-G0232,T. Maxey,3,25.113333333333333,25.113469635919635
S2324-G0232,T. Maxey,4,5.438095238095238,5.438095238095232
S2324-G0232,W. Moore Jr.,4,3.1666666666666665,3.166666666666666
S2324-G0234,A. Caruso,1,5.525,5.524999999999992
S2324-G0234,A. Caruso,2,8.55,8.54999999999997
S2324-G0234,A. Caruso,3,19.244444444444444,19.24354817171138
S2324-G0234,A. Caruso,4,10.4,10.384166666666689
S2324-G0234,A. Dosunmu,1,6.366666666666667,6.366666666666651
S2324-G0234,A. Dosunmu,2,12.775,12.774987637362683
S2324-G0234,A. Dosunmu,3,8.525,8.525000000000027
S2324-G0234,A. Dosunmu,4,3.225,3.225000000000012
S2324-G0234,A. Drummond,1,3.25,3.25
S2324-G0234,A. Drummond,2,3.2,3.2000000000000095
S2324-G0234,A. Drummond,3,0.8666666666666667,0.8666666666666677
S2324-G0234,A. Drummond,4,5.366666666666667,5.365833333333335
S2324-G0234,A. Wiggins,2,0.8666666666666667,0.8666666666666686
S2324-G0234,A. Wiggins,3,9.436363636363637,9.437413419913462
S2324-G0234,A. Wiggins,4,2.9,2.892988095238088
S2324-G0234,C. Holmgren,1,18.955844155844154,18.903338483738526
S2324-G0234,C. Holmgren,2,4.300000000000001,4.278193434343427
S2324-G0234,C. Holmgren,3,10.567307692307692,10.567226739926737
S2324-G0234,C. Holmgren,4,13.5,13.569188034188025
S2324-G0234,C. Wallace,1,10.506666666666666,10.506666666666662
S2324-G0234,C. Wallace,2,3.1,3.0999999999999948
S2324-G0234,C. Wallace,3,0.8,0.7999999999999985
S2324-G0234,C. Wallace,4,0.9000000000000001,0.9000000000000038
S2324-G0234,C. White,1,17.666666666666668,17.70483758741254
S2324-G0234,C. White,2,32.093333333333334,32.097847536764114
S2324-G0234,C. White,3,8.466666666666667,8.466666666666692
S2324-G0234,C. White,4,7.614285714285715,7.614285714285704
S2324-G0234,D. DeRozan,1,9.869696969696971,9.857527958152918
S2324-G0234,D. DeRozan,2,14.427272727272726,14.430517591885268
S2324-G0234,D. DeRozan,3,24.58137254901961,24.57058751918016
S2324-G0234,D. DeRozan,4,19.2,19.199807692307626
S2324-G0234,I. Joe,1,15.15,15.150000000000055
S2324-G0234,I. Joe,2,11.466666666666667,11.466666666666686
S2324-G0234,I. Joe,3,8.1,8.152130411255426
S2324-G0234,I. Joe,4,9.5,9.5
S2324-G0234,J. Carter,1,5.4,5.39999999999999
S2324-G0234,J. Carter,2,5.466666666666667,5.46666666666669
S2324-G0234,J. Carter,3,3.3666666666666667,3.366666666666674
S2324-G0234,J. Carter,4,8.366666666666667,8.36666666666663
S2324-G0234,J. Giddey,1,7.8,7.799999999999972
S2324-G0234,J. Giddey,2,10.81111111111111,10.812597699277854
S2324-G0234,J. Giddey,3,12.855844155844155,12.85584415584418
S2324-G0234,J. Giddey,4,12.028571428571428,12.049162278571105
S2324-G0234,J. Williams,1,3.225,3.225000000000012
S2324-G0234,J. Williams,2,3.204761904761905,3.2047619047618925
S2324-G0234,J. Williams,3,0.8,0.7999999999999983
S2324-G0234,K. Williams,1,0.8666666666666667,0.866666666666669
S2324-G0234,K. Williams,2,10.466666666666667,10.46663469863472
S2324-G0234,K. Williams,3,6.166666666666667,6.166666666666664
S2324-G0234,K. Williams,4,12.725,12.727514197730375
S2324-G0234,L. Dort,1,9.775,9.775000000000036
S2324-G0234,L. Dort,2,5.466666666666667,5.466340326340349
S2324-G0234,L. Dort,3,3.105555555555555,3.1055555555555645
S2324-G0234,L. Dort,4,0.8400000000000001,0.8400000000000027
S2324-G0234,L. Waters III,1,0.825,0.8249999999999992
S2324-G0234,N. Vucevic,1,16.512987012987015,16.513167207792257
S2324-G0234,N. Vucevic,2,3.29,3.2899999999999987
S2324-G0234,N. Vucevic,3,13.913675213675212,13.91379487179481
S2324-G0234,N. Vucevic,4,16.233333333333334,16.233333333333263
S2324-G0234,P. Williams,1,7.664285714285715,7.66428571428575
S2324-G0234,P. Williams,2,0.8666666666666667,0.8666666666666678
S2324-G0234,P. Williams,3,15.123809523809523,15.123746031746048
S2324-G0234,P. Williams,4,10.966666666666667,10.966619047619067
S2324-G0234,S. Gilgeous-Alexander,1,24.8,24.807225498624174
S2324-G0234,S. Gilgeous-Alexander,2,14.806666666666667,14.806601785714314
S2324-G0234,S. Gilgeous-Alexander,3,31.37777777777778,31.403079563388992
S2324-G0234,S. Gilgeous-Alexander,4,16.708571428571428,16.55780325230328
S2324-G0234,T. Craig,1,3.2,3.2000000000000095
S2324-G0234,T. Craig,2,0.9142857142857144,0.9142857142857117
S2324-G0234,T. Craig,3,3.233333333333333,3.233333333333346
S2324-G0234,T. Craig,4,3.1666666666666665,3.166666666666666
S2324-G0234,V. Micic,2,12.066666666666666,12.075795371295353
S2324-G0234,V. Micic,4,0.8666666666666667,0.8666666666666671
S2324-G0241,A. Gill,3,13.875,13.875048174048173
S2324-G0241,A. Gill,4,11.877777777777778,11.877777777777748
S2324-G0241,A. Griffin,4,13.9,13.900000000000052
S2324-G0241,B. Bogdanovic,1,12.775,12.775000000000048
S2324-G0241,B. Bogdanovic,2,10.44,10.440165476190517
S2324-G0241,B. Bogdanovic,3,12.97,12.969999999999976
S2324-G0241,B. Bogdanovic,4,3.071428571428571,3.0714285714285636
S2324-G0241,B. Coulibaly,1,10.466666666666667,10.466666666666688
S2324-G0241,B. Coulibaly,2,3.2272727272727275,3.227642857142868
S2324-G0241,B. Coulibaly,3,3.25,3.25
S2324-G0241,B. Coulibaly,4,5.25,5.25
S2324-G0241,B. Fernando,4,10.683333333333334,10.683709956709977
S2324-G0241,C. Capela,1,11.864285714285714,11.86428571428571
S2324-G0241,C. Capela,2,19.333333333333332,19.17617668442675
S2324-G0241,C. Capela,3,16.693181818181817,16.664335384060415
S2324-G0241,C. Kispert,1,15.072527472527472,15.072737637362614
S2324-G0241,C. Kispert,2,17.49,17.490208333333257
S2324-G0241,C. Kispert,3,12.427272727272726,12.42858852813856
S2324-G0241,D. Avdija,1,13.152380952380952,13.153201456876491
S2324-G0241,D. Avdija,2,8.475,8.474999999999973
S2324-G0241,D. Avdija,3,8.677777777777779,8.677597069597052
S2324-G0241,D. Gafford,1,9.62857142857143,9.62857142857139
S2324-G0241,D. Gafford,2,18.23,18.23058079436904
S2324-G0241,D. Gafford,3,5.504761904761905,5.504761904761916
S2324-G0241,D. Hunter,1,12.586666666666666,12.584539912864884
S2324-G0241,D. Hunter,2,19.15,19.152170360195413
S2324-G0241,D. Hunter,3,14.2,14.200228937728912
S2324-G0241,D. Hunter,4,3.1363636363636362,3.1363636363636282
S2324-G0241,D. Murray,1,27.404545454545456,27.404379570605702
S2324-G0241,D. Murray,2,5.466666666666667,5.46666666666669
S2324-G0241,D. Murray,3,13.19145299145299,13.187878145547243
S2324-G0241,E. Omoruyi,4,24.92222222222222,24.921789503552
S2324-G0241,G. Mathews,3,6.366666666666667,6.366666666666651
S2324-G0241,G. Mathews,4,8.405555555555555,8.405555555555564
S2324-G0241,J. Butler,3,8.697142857142858,8.69707857142854
S2324-G0241,J. Butler,4,25.02020202020202,24.95621803751804
S2324-G0241,J. Davis,2,3.1,3.0999999999999948
S2324-G0241,J. Davis,4,14.246153846153847,14.2838043262293
S2324-G0241,J. Johnson,1,10.564285714285713,10.564285714285694
S2324-G0241,J. Johnson,2,8.664285714285715,8.663972077922121
S2324-G0241,K. Kuzma,1,15.175,15.175000000000038
S2324-G0241,K. Kuzma,2,12.945714285714287,12.944353607503583
S2324-G0241,K. Kuzma,3,9.775,9.775000000000036
S2324-G0241,L. Shamet,1,10.5,10.500148351648352
S2324-G0241,L. Shamet,2,8.355555555555556,8.355590277777816
S2324-G0241,L. Shamet,3,14.075,14.075405952380926
S2324-G0241,L. Shamet,4,3.1,3.0999999999999943
S2324-G0241,M. Muscala,1,6.366666666666667,6.365833333333319
S2324-G0241,M. Muscala,2,0.9142857142857144,0.9142857142857117
S2324-G0241,M. Muscala,3,7.466666666666667,7.466666666666693
S2324-G0241,O. Okongwu,1,5.125,5.125
S2324-G0241,O. Okongwu,2,7.4363636363636365,7.436363636363635
S2324-G0241,O. Okongwu,3,2.0666666666666664,2.0603626984126975
S2324-G0241,O. Okongwu,4,11.803030303030303,11.803030303030297
S2324-G0241,P. Mills,4,8.6,8.599999999999973
S2324-G0241,S. Bey,1,7.9,7.900000000000022
S2324-G0241,S. Bey,2,21.83809523809524,21.840080550005588
S2324-G0241,S. Bey,3,13.85,13.84999999999995
S2324-G0241,S. Bey,4,5.52,5.519999999999987
S2324-G0241,T. Forrest,4,7.514285714285714,7.514285714285733
S2324-G0241,T. Jones,1,7.725,7.724999999999979
S2324-G0241,T. Jones,2,9.59,9.589999999999968
S2324-G0241,T. Jones,3,3.233333333333333,3.233333333333346
S2324-G0241,T. Young,1,10.884415584415583,10.884041125541119
S2324-G0241,T. Young,2,18.427272727272726,18.42727272727277
S2324-G0241,T. Young,3,25.85,25.85493009800658
S2324-G0241,T. Young,4,13.846666666666666,13.846666666666676
S2324-G0241,W. Matthews,1,0.8666666666666667,0.866666666666669
S2324-G0241,W. Matthews,2,3.1,3.0999999999999948
S2324-G0241,W. Matthews,3,0.8666666666666667,0.8666666666666676
S2324-G0244,A. Coffey,4,0.95,0.9499999999999977
S2324-G0244,B. Hyland,4,13.297142857142857,13.29372979797979
S2324-G0244,D. Exum,1,3.35,3.350000000000013
S2324-G0244,D. Exum,3,5.59,5.590100000000002
S2324-G0244,D. Exum,4,5.233333333333333,5.233333333333343
S2324-G0244,D. Jones Jr.,1,4.271428571428571,4.263126984126987
S2324-G0244,D. Jones Jr.,2,3.1,3.0999999999999943
S2324-G0244,D. Jones Jr.,3,8.438095238095238,8.438095238095231
S2324-G0244,D. Jones Jr.,4,3.2,3.2000000000000095
S2324-G0244,D. Powell,1,0.8,0.8000000000000007
S2324-G0244,D. Powell,2,2.9,2.8999999999999893
S2324-G0244,D. Powell,3,0.8666666666666667,0.8666666666666671
S2324-G0244,D. Theis,1,4.300000000000001,4.29920833333332
S2324-G0244,D. Theis,2,11.977777777777778,11.97771172438674
S2324-G0244,D. Theis,3,3.1666666666666665,3.166666666666666
S2324-G0244,D. Theis,4,3.2,3.2000000000000095
S2324-G0244,G. Williams,1,0.7714285714285714,0.7714285714285721
S2324-G0244,G. Williams,2,0.95,0.9499999999999977
S2324-G0244,G. Williams,3,8.527272727272727,8.527896103896083
S2324-G0244,G. Williams,4,5.166666666666667,5.1666666666666465
S2324-G0244,I. Zubac,1,11.972727272727273,11.969317668442685
S2324-G0244,I. Zubac,2,7.866666666666667,7.826003968253954
S2324-G0244,I. Zubac,3,12.977777777777778,12.980637501387505
S2324-G0244,J. Green,1,3.1,3.0999999999999948
S2324-G0244,J. Green,2,0.9,0.9000000000000037
S2324-G0244,J. Green,3,3.2,3.2000000000000095
S2324-G0244,J. Harden,1,7.5809523809523816,7.5806834054833825
S2324-G0244,J. Harden,2,6.166666666666667,6.166666666666664
S2324-G0244,J. Harden,3,15.414285714285713,15.415760861687335
S2324-G0244,J. Hardy,2,5.2,5.20000000000002
S2324-G0244,J. Hardy,4,7.683333333333333,7.683222222222225
S2324-G0244,K. Brown,4,5.564285714285714,5.564285714285695
S2324-G0244,K. Irving,1,31.367307692307694,31.36590310824801
S2324-G0244,K. Irving,2,5.564285714285714,5.564285714285695
S2324-G0244,K. Irving,3,21.85811965811966,21.856392683133794
S2324-G0244,K. Irving,4,21.755844155844155,21.7556386724386
S2324-G0244,K. Leonard,1,7.803030303030303,7.802466666666637
S2324-G0244,K. Leonard,2,10.033333333333333,10.034708333333315
S2324-G0244,K. Leonard,3,14.266666666666666,14.265461255411305
S2324-G0244,K. Leonard,4,7.55,7.549999999999972
S2324-G0244,L. Doncic,1,22.11818181818182,22.11353357524828
S2324-G0244,L. Doncic,2,40.97222222222222,41.14510382775972
S2324-G0244,L. Doncic,3,21.022222222222222,21.070822924074527
S2324-G0244,L. Doncic,4,11.966666666666665,11.97268354978357
S2324-G0244,M. Diabate,4,6.737142857142857,6.7161099206349135
S2324-G0244,N. Powell,1,6.166666666666667,6.166666666666664
S2324-G0244,N. Powell,2,14.67,14.742354112554118
S2324-G0244,N. Powell,3,6.166666666666667,6.166666666666664
S2324-G0244,N. Powell,4,0.9142857142857144,0.9142857142857117
S2324-G0244,O. Prosper,2,3.1,3.0999999999999948
S2324-G0244,O. Prosper,4,3.25,3.25
S2324-G0244,P. George,1,21.513675213675214,21.51387252747244
S2324-G0244,P. George,2,23.135897435897437,23.134209866277466
S2324-G0244,P. George,3,14.2,14.19926666666664
S2324-G0244,P. George,4,13.9,13.900014630106787
S2324-G0244,P. Tucker,2,0.9333333333333332,0.9333333333333365
S2324-G0244,R. Holmes,1,7.833333333333333,7.83316666666665
S2324-G0244,R. Holmes,2,0.8,0.7999999999999997
S2324-G0244,R. Holmes,3,3.3642857142857143,3.3642857142857214
S2324-G0244,R. Holmes,4,1.1333333333333333,1.1294166666666652
S2324-G0244,R. Westbrook,1,7.475,7.474999999999983
S2324-G0244,R. Westbrook,2,3.2642857142857142,3.264285714285725
S2324-G0244,R. Westbrook,3,0.8666666666666667,0.8666666666666678
S2324-G0244,R. Westbrook,4,26.842307692307692,26.82819178514127
S2324-G0244,S. Curry,2,5.6,5.5917261904762
S2324-G0244,S. Curry,4,10.9,10.900000000000041
S2324-G0244,T. Hardaway Jr.,1,10.2,10.202206818181844
S2324-G0244,T. Hardaway Jr.,2,16.34166666666667,16.332683513708535
S2324-G0244,T. Hardaway Jr.,3,7.671428571428571,7.671428571428577
S2324-G0244,T. Hardaway Jr.,4,13.766666666666666,13.76666666666671
S2324-G0244,T. Mann,1,22.8,22.807373439061003
S2324-G0244,T. Mann,2,8.775,8.790317712842706
S2324-G0244,T. Mann,3,9.644444444444446,9.644444444444405
S2324-G0244,T. Mann,4,11.833333333333332,11.833333333333329
S2324-G0245,A. Green,2,5.504761904761905,5.504761904761916
S2324-G0245,A. Jackson Jr.,1,0.8,0.7999999999999986
S2324-G0245,A. Jackson Jr.,2,0.8666666666666667,0.8666666666666675
S2324-G0245,A. Jackson Jr.,3,0.8666666666666667,0.8666666666666676
S2324-G0245,A. Sabonis,4,1.2,1.200000000000001
S2324-G0245,B. Lopez,1,16.558119658119658,16.55286746864249
S2324-G0245,B. Lopez,2,8.6,8.599999999999973
S2324-G0245,B. Lopez,3,10.88095238095238,10.889952511377498
S2324-G0245,B. Lopez,4,3.1,3.100000000000011
S2324-G0245,B. Portis,1,5.55,5.549999999999978
S2324-G0245,B. Portis,2,0.9200000000000002,0.9533115634365634
S2324-G0245,B. Portis,3,12.264285714285714,12.250933333333325
S2324-G0245,B. Portis,4,24.84090909090909,24.84509531360452
S2324-G0245,C. Payne,2,10.823809523809523,10.823994505494516
S2324-G0245,C. Payne,3,0.95,0.9499999999999976
S2324-G0245,C. Payne,4,3.071428571428571,3.0714285714285636
S2324-G0245,D. Ayton,1,11.501098901098901,11.501696653346647
S2324-G0245,D. Ayton,2,11.877777777777778,11.877777777777748
S2324-G0245,D. Ayton,3,3.07,3.0697928571428594
S2324-G0245,D. Ayton,4,5.377777777777777,5.3781833333333156
S2324-G0245,D. Lillard,1,24.477777777777778,24.45005398725798
S2324-G0245,D. Lillard,2,16.846666666666668,16.845279029304063
S2324-G0245,D. Lillard,3,16.324786324786324,16.323810669885642
S2324-G0245,D. Lillard,4,25.842307692307692,25.83140600559566
S2324-G0245,D. Reath,1,5.666666666666667,5.666666666666661
S2324-G0245,D. Reath,2,6.166666666666667,6.166666666666664
S2324-G0245,D. Reath,3,5.514285714285714,5.51428571428573
S2324-G0245,G. Antetokounmpo,1,23.625,23.61709285942816
S2324-G0245,G. Antetokounmpo,2,24.13888888888889,24.12368977373678
S2324-G0245,G. Antetokounmpo,3,16.277272727272727,16.26991258643323
S2324-G0245,G. Antetokounmpo,4,21.642857142857142,21.341740315240305
S2324-G0245,J. Grant,1,16.505714285714287,16.50010374070378
S2324-G0245,J. Grant,2,14.805555555555555,14.800231696081726
S2324-G0245,J. Grant,3,22.113333333333333,22.08135210100358
S2324-G0245,J. Grant,4,13.899999999999999,13.900032967033018
S2324-G0245,J. Walker,1,5.166666666666667,5.1666666666666465
S2324-G0245,J. Walker,2,3.3000000000000003,3.2999999999999967
S2324-G0245,J. Walker,3,0.8666666666666667,0.8666666666666687
S2324-G0245,J. Walker,4,5.199999999999999,5.20000000000002
S2324-G0245,M. Beasley,1,11.506666666666666,11.506666666666662
S2324-G0245,M. Beasley,2,12.133333333333333,12.133528138528158
S2324-G0245,M. Beasley,3,6.055555555555555,6.0555555555555625
S2324-G0245,M. Beasley,4,20.05873015873016,20.080352841602863
S2324-G0245,M. Beauchamp,1,0.95,0.9499999999999977
S2324-G0245,M. Beauchamp,4,0.9333333333333332,0.9333333333333365
S2324-G0245,M. Brogdon,1,9.964285714285714,9.964354761904781
S2324-G0245,M. Brogdon,2,27.0675,27.050589325200104
S2324-G0245,M. Brogdon,3,12.314285714285715,12.311466269841254
S2324-G0245,M. Brogdon,4,25.713333333333335,25.591563986830142
S2324-G0245,M. Davis,4,1.2,1.200000000000001
S2324-G0245,M. Thybulle,1,6.125,6.125
S2324-G0245,M. Thybulle,2,2.9466666666666663,2.947291300366302
S2324-G0245,M. Thybulle,3,5.438095238095238,5.438095238095232
S2324-G0245,M. Thybulle,4,3.071428571428571,3.071428571428564
S2324-G0245,P. Connaughton,1,3.1666666666666665,3.166666666666666
S2324-G0245,P. Connaughton,2,7.664285714285715,7.66428571428575
S2324-G0245,P. Connaughton,3,6.071428571428571,6.071428571428578
S2324-G0245,S. Henderson,1,10.533333333333333,10.533333333333314
S2324-G0245,S. Henderson,2,11.425,11.42499999999999
S2324-G0245,S. Henderson,3,9.775,9.775000000000036
S2324-G0245,S. Henderson,4,7.842307692307693,7.841079938117454
S2324-G0245,S. Sharpe,1,20.835897435897436,20.836018805622448
S2324-G0245,S. Sharpe,2,16.77777777777778,16.8070234015984
S2324-G0245,S. Sharpe,3,23.867307692307694,23.83588519813519
S2324-G0245,S. Sharpe,4,3.1,3.099999999999996
S2324-G0245,T. Antetokounmpo,2,0.8666666666666667,0.866666666666668
S2324-G0245,T. Camara,1,6.214285714285714,6.214285714285707
S2324-G0245,T. Camara,2,8.495238095238095,8.495238095238113
S2324-G0245,T. Camara,3,0.9000000000000001,0.9000000000000038
S2324-G0248,A. Black,1,7.405555555555555,7.405555555555565
S2324-G0248,A. Black,2,0.8666666666666667,0.8666666666666681
S2324-G0248,A. Black,3,5.514285714285714,5.51428571428573
S2324-G0248,A. Gilliam,2,1.2,1.200000000000001
S2324-G0248,B. McGowens,3,1.0,1.0
S2324-G0248,B. McGowens,4,0.8666666666666667,0.8666666666666671
S2324-G0248,B. Miller,1,12.846666666666666,12.846780952380955
S2324-G0248,B. Miller,2,3.0454545454545454,3.0454545454545427
S2324-G0248,B. Miller,3,23.45873015873016,23.455755880394122
S2324-G0248,B. Miller,4,9.542307692307691,9.541632234432255
S2324-G0248,C. Anthony,1,14.264285714285714,14.264314935064888
S2324-G0248,C. Anthony,2,16.417857142857144,16.401766187978684
S2324-G0248,C. Anthony,3,7.286666666666667,7.2896371212121025
S2324-G0248,C. Anthony,4,32.877272727272725,32.274629419883475
S2324-G0248,C. Houstan,2,11.586666666666666,11.586780952380916
S2324-G0248,C. Houstan,4,0.9000000000000001,0.9000000000000038
S2324-G0248,F. Wagner,1,0.8,0.7999999999999986
S2324-G0248,F. Wagner,2,22.15824175824176,22.12909107248957
S2324-G0248,F. Wagner,3,28.148039215686275,28.144389245124508
S2324-G0248,F. Wagner,4,17.235897435897435,17.239607784699
S2324-G0248,G. Bitadze,1,16.158730158730158,16.160235319582355
S2324-G0248,G. Bitadze,2,12.911111111111111,12.911184126984091
S2324-G0248,G. Bitadze,3,1.0299999999999998,1.0299222222222233
S2324-G0248,G. Harris,2,8.371428571428572,8.371428571428606
S2324-G0248,G. Harris,3,7.4,7.400000000000017
S2324-G0248,G. Harris,4,5.455555555555556,5.455555555555541
S2324-G0248,G. Hayward,1,17.099999999999998,17.09999450549445
S2324-G0248,G. Hayward,2,13.133333333333333,13.133333333333347
S2324-G0248,G. Hayward,3,7.833333333333333,7.83316666666665
S2324-G0248,G. Hayward,4,1.0,1.0006666666666666
S2324-G0248,I. Smith,1,5.357142857142857,5.35850396825398
S2324-G0248,I. Smith,2,7.355555555555555,7.355555555555592
S2324-G0248,I. Smith,4,0.8,0.7999999999999987
S2324-G0248,J. Ingles,1,5.466666666666667,5.46666666666669
S2324-G0248,J. Ingles,2,0.8,0.7999999999999992
S2324-G0248,J. Ingles,3,0.8666666666666667,0.8666666666666687
S2324-G0248,J. Ingles,4,3.2142857142857144,3.2142857142857086
S2324-G0248,J. Suggs,1,17.166666666666664,17.166666666666625
S2324-G0248,J. Suggs,2,5.533333333333334,5.5333333333333234
S2324-G0248,J. Suggs,3,0.9000000000000001,0.9000000000000038
S2324-G0248,J. Suggs,4,12.846666666666666,12.846666666666668
S2324-G0248,J. Thor,2,16.04,16.039924999999972
S2324-G0248,L. Ball,1,10.799999999999999,10.79999999999998
S2324-G0248,L. Ball,2,11.645454545454545,11.648361061161076
S2324-G0248,M. Bridges,1,11.795238095238094,11.795095238095227
S2324-G0248,M. Bridges,2,5.128571428571428,5.133459018758999
S2324-G0248,M. Bridges,3,20.966666666666665,20.938453909978943
S2324-G0248,M. Bridges,4,28.093333333333334,28.09124975767695
S2324-G0248,M. Wagner,1,7.55,7.549999999999972
S2324-G0248,M. Wagner,2,7.5600000000000005,7.55999848484845
S2324-G0248,M. Wagner,3,12.575,12.578658991008984
S2324-G0248,M. Wagner,4,3.2642857142857142,3.264285714285725
S2324-G0248,M. Williams,1,13.823809523809523,13.822889430014403
S2324-G0248,M. Williams,2,0.8055555555555556,0.805555555555554
S2324-G0248,M. Williams,3,13.852380952380951,13.852557234432243
S2324-G0248,M. Williams,4,0.8,0.7999999999999997
S2324-G0248,P. Banchero,1,14.142307692307691,14.142307692307734
S2324-G0248,P. Banchero,2,11.74,11.739999999999979
S2324-G0248,P. Banchero,3,24.042307692307695,24.04351268104959
S2324-G0248,P. Banchero,4,18.2987012987013,18.299068198468234
S2324-G0248,P. Washington,1,5.4,5.39999999999999
S2324-G0248,P. Washington,2,0.8055555555555556,0.805555555555554
S2324-G0248,P. Washington,3,13.125,13.125
S2324-G0248,P. Washington,4,20.193939393939395,20.185833203174514
S2324-G0248,T. Maledon,4,0.8666666666666667,0.8666666666666686
S2324-G0248,T. Rozier,1,13.736363636363636,13.736428571428528
S2324-G0248,T. Rozier,2,19.366666666666667,19.367167528549913
S2324-G0248,T. Rozier,3,8.58095238095238,8.581901221001193
S2324-G0248,T. Rozier,4,18.664285714285715,18.68731257631258
S2324-G0266,B. McGowens,1,15.725,15.725189560439505
S2324-G0266,B. McGowens,2,0.8,0.8000000000000007
S2324-G0266,B. McGowens,3,16.133333333333333,16.133333333333322
S2324-G0266,B. McGowens,4,0.8666666666666667,0.8666666666666681
S2324-G0266,C. Johnson,1,15.19,15.190000000000046
S2324-G0266,C. Johnson,2,13.766666666666666,13.76666666666671
S2324-G0266,C. Johnson,3,7.875,7.874973484848486
S2324-G0266,C. Johnson,4,23.417307692307695,23.409639658707302
S2324-G0266,C. Thomas,1,22.812987012987012,22.812719516594456
S2324-G0266,C. Thomas,2,23.775,23.77396430820642
S2324-G0266,C. Thomas,3,18.375,18.373216291311074
S2324-G0266,C. Thomas,4,13.103030303030303,13.103030303030252
S2324-G0266,D. Finney-Smith,1,12.766666666666666,12.7666666666667
S2324-G0266,D. Finney-Smith,2,3.125,3.125
S2324-G0266,D. Finney-Smith,3,11.466666666666667,11.466666666666686
S2324-G0266,D. Finney-Smith,4,6.071428571428571,6.071428571428578
S2324-G0266,D. Sharpe,1,9.479999999999999,9.480000000000015
S2324-G0266,D. Sharpe,2,2.0,2.0
S2324-G0266,D. Sharpe,3,9.525,9.525000000000034
S2324-G0266,D. Sharpe,4,3.1,3.100000000000011
S2324-G0266,G. Hayward,1,9.527272727272727,9.527272727272708
S2324-G0266,G. Hayward,2,22.445454545454545,22.506011944999436
S2324-G0266,G. Hayward,3,14.184415584415584,14.184415584415556
S2324-G0266,G. Hayward,4,11.67142857142857,11.670734126984108
S2324-G0266,I. Smith,1,0.8333333333333333,0.8333333333333341
S2324-G0266,I. Smith,2,0.8666666666666667,0.8666666666666683
S2324-G0266,I. Smith,3,0.8666666666666667,0.8666666666666673
S2324-G0266,J. Thor,1,3.1666666666666665,3.166666666666666
S2324-G0266,J. Thor,2,3.2142857142857144,3.2142857142857086
S2324-G0266,J. Thor,4,5.166666666666667,5.1666666666666465
S2324-G0266,L. Walker IV,2,9.555844155844156,9.555844155844168
S2324-G0266,L. Walker IV,3,10.775,10.77500000000004
S2324-G0266,M. Blaylock,2,1.2,1.200000000000001
S2324-G0266,M. Bridges,1,40.243589743589745,40.51087795077502
S2324-G0266,M. Bridges,2,28.37860962566845,28.382917893428342
S2324-G0266,M. Bridges,3,43.630303030303025,43.27722833135834
S2324-G0266,M. Bridges,4,21.772222222222222,21.767798783970335
S2324-G0266,M. Williams,1,20.513675213675214,20.513431990231908
S2324-G0266,M. Williams,2,16.517307692307693,16.518048686036224
S2324-G0266,M. Williams,3,0.875,0.875
S2324-G0266,M. Williams,4,5.455555555555556,5.454055555555541
S2324-G0266,N. Claxton,1,9.611111111111112,9.611111111111091
S2324-G0266,N. Claxton,2,5.166666666666667,5.1666666666666465
S2324-G0266,N. Claxton,3,18.525714285714283,18.52576688034193
S2324-G0266,N. Claxton,4,20.55909090909091,20.559736676313918
S2324-G0266,N. Smith Jr.,2,6.25,6.25
S2324-G0266,N. Smith Jr.,4,13.864285714285714,13.864285714285733
S2324-G0266,P. Washington,1,5.255844155844156,5.255844155844133
S2324-G0266,P. Washington,2,18.367058823529412,18.368182273200695
S2324-G0266,P. Washington,3,7.733333333333333,7.731625000000009
S2324-G0266,P. Washington,4,7.9,7.900512987013007
S2324-G0266,S. Dinwiddie,1,3.1666666666666665,3.166666666666666
S2324-G0266,S. Dinwiddie,2,14.803030303030303,14.803020646020677
S2324-G0266,S. Dinwiddie,3,3.071428571428571,3.0714285714285636
S2324-G0266,S. Dinwiddie,4,12.164285714285713,12.164285714285741
S2324-G0266,T. Rozier,1,9.52,9.519999999999985
S2324-G0266,T. Rozier,2,32.36470588235294,32.364054844175506
S2324-G0266,T. Rozier,3,31.705714285714286,31.72148160083374
S2324-G0266,T. Rozier,4,24.813675213675214,24.811324231324228
S2324-G0266,T. Watford,1,7.5,7.5
S2324-G0266,T. Watford,2,5.233333333333333,5.233333333333346
S2324-G0266,T. Watford,3,5.166666666666667,5.1666666666666465
S2324-G0266,T. Watford,4,3.2,3.2000000000000095
S2324-G0267,A. Nembhard,2,5.443956043956044,5.444670329670337
S2324-G0267,A. Nembhard,3,5.1,5.100000000000014
S2324-G0267,A. Nembhard,4,3.155555555555556,3.1568888888888966
S2324-G0267,A. Nesmith,1,0.7714285714285714,0.7714285714285721
S2324-G0267,A. Nesmith,2,14.913333333333332,14.907085654623161
S2324-G0267,A. Nesmith,3,0.9,0.9000000000000035
S2324-G0267,A. Nesmith,4,7.416666666666666,7.41666666666668
S2324-G0267,B. Adebayo,1,15.12,15.121077472527407
S2324-G0267,B. Adebayo,2,14.541558441558442,14.540006585081636
S2324-G0267,B. Brown,1,3.1,3.0999999999999948
S2324-G0267,B. Brown,2,8.44,8.439569780219815
S2324-G0267,B. Brown,3,8.469696969696969,8.469696969696992
S2324-G0267,B. Brown,4,19.203030303030303,19.198793073593034
S2324-G0267,B. Hield,1,9.555844155844156,9.555844155844168
S2324-G0267,B. Hield,2,9.738095238095237,9.738095238095198
S2324-G0267,B. Hield,3,5.425454545454546,5.4253691475191355
S2324-G0267,B. Hield,4,27.624675324675326,27.685090130865834
S2324-G0267,B. Mathurin,1,9.600000000000001,9.599999999999966
S2324-G0267,B. Mathurin,2,9.465454545454545,9.467685569985587
S2324-G0267,B. Mathurin,3,5.1,5.100000000000014
S2324-G0267,B. Mathurin,4,7.371428571428571,7.371428571428604
S2324-G0267,C. Martin,2,22.467543859649126,22.467707348546732
S2324-G0267,C. Martin,3,9.9,9.902321428571463
S2324-G0267,C. Martin,4,5.275,5.274355450105438
S2324-G0267,D. Robinson,1,8.475,8.474999999999973
S2324-G0267,D. Robinson,2,6.166666666666667,6.166666666666664
S2324-G0267,D. Robinson,3,7.775,7.775000000000021
S2324-G0267,D. Robinson,4,17.72857142857143,17.754507334413958
S2324-G0267,H. Highsmith,1,3.1666666666666665,3.166666666666666
S2324-G0267,H. Highsmith,2,5.1,5.100000000000014
S2324-G0267,H. Highsmith,3,0.9333333333333332,0.9333333333333365
S2324-G0267,I. Jackson,1,0.8666666666666667,0.866666666666668
S2324-G0267,I. Jackson,2,0.8333333333333333,0.8334166666666674
S2324-G0267,J. Butler,1,20.1,20.118538888081314
S2324-G0267,J. Butler,2,7.733333333333333,7.733583333333345
S2324-G0267,J. Butler,3,40.20375939849624,40.28339180274484
S2324-G0267,J. Butler,4,15.852380952380951,15.851325541125535
S2324-G0267,J. Jaquez Jr.,1,5.433333333333333,5.433833333333314
S2324-G0267,J. Jaquez Jr.,2,6.085454545454546,6.074929448329446
S2324-G0267,J. Jaquez Jr.,3,15.19,15.190000000000046
S2324-G0267,J. Jaquez Jr.,4,31.16470588235294,31.183694244034236
S2324-G0267,J. Richardson,1,13.76969696969697,13.769696969697014
S2324-G0267,J. Richardson,2,12.836363636363636,12.83636363636364
S2324-G0267,J. Richardson,3,3.1666666666666665,3.166666666666666
S2324-G0267,J. Richardson,4,18.155844155844154,18.155844155844107
S2324-G0267,K. Love,1,5.1,5.100000000000014
S2324-G0267,K. Love,3,1.0142857142857142,1.0142857142857122
S2324-G0267,K. Love,4,3.9178571428571427,3.955476259851256
S2324-G0267,K. Lowry,1,15.066666666666666,15.066666666666636
S2324-G0267,K. Lowry,2,9.925,9.923969913419883
S2324-G0267,K. Lowry,3,15.795238095238094,15.791689323176788
S2324-G0267,M. Turner,1,21.7475,21.748504882649318
S2324-G0267,M. Turner,2,7.546666666666667,7.546666666666642
S2324-G0267,M. Turner,3,16.416666666666668,16.4360714638303
S2324-G0267,M. Turner,4,3.1654545454545455,3.1619793206793196
S2324-G0267,O. Robinson,2,7.533333333333334,7.533333333333316
S2324-G0267,O. Robinson,4,0.9000000000000001,0.9000000000000038
S2324-G0267,O. Toppin,1,20.099999999999998,20.10299304445549
S2324-G0267,O. Toppin,2,5.071428571428571,5.0714285714285605
S2324-G0267,O. Toppin,3,25.822222222222223,25.82153361809757
S2324-G0267,O. Toppin,4,12.103030303030303,12.103030303030256
S2324-G0267,T. Bryant,3,5.2272727272727275,5.227272727272743
S2324-G0267,T. Haliburton,1,27.804545454545455,27.807761840936838
S2324-G0267,T. Haliburton,2,34.44571428571428,34.43283370277385
S2324-G0267,T. Haliburton,3,17.467307692307692,17.467387491185303
S2324-G0267,T. Haliburton,4,32.6030303030303,32.62399516930433
S2324-G0271,A. Davis,1,34.527272727272724,34.505535425603966
S2324-G0271,A. Davis,2,9.525,9.525000000000034
S2324-G0271,A. Davis,3,24.917307692307695,24.869877315731244
S2324-G0271,A. Davis,4,7.466666666666667,7.466666666666693
S2324-G0271,A. Fudge,4,5.45,5.450000000000021
S2324-G0271,A. Pokusevski,4,3.3666666666666667,3.366666666666674
S2324-G0271,A. Reaves,1,3.1,3.0999999999999948
S2324-G0271,A. Reaves,2,12.025454545454545,12.024218253968236
S2324-G0271,A. Reaves,3,12.546666666666665,12.542201720664934
S2324-G0271,A. Reaves,4,10.533333333333333,10.533333333333314
S2324-G0271,A. Wiggins,2,11.714285714285714,11.712860389610414
S2324-G0271,A. Wiggins,3,0.9000000000000001,0.9000000000000038
S2324-G0271,A. Wiggins,4,0.7555555555555555,0.7555555555555578
S2324-G0271,C. Castleton,4,5.5,5.495300000000003
S2324-G0271,C. Holmgren,1,9.873333333333333,9.875979351204368
S2324-G0271,C. Holmgren,2,11.76969696969697,11.769803030303047
S2324-G0271,C. Holmgren,3,22.433333333333334,22.433584897945224
S2324-G0271,C. Holmgren,4,12.123809523809523,12.124167567399928
S2324-G0271,C. Wallace,1,0.95,0.9499999999999977
S2324-G0271,C. Wallace,2,13.76969696969697,13.769530303030347
S2324-G0271,C. Wallace,3,3.1666666666666665,3.166666666666666
S2324-G0271,C. Wallace,4,11.806666666666667,11.806666666666658
S2324-G0271,C. Wood,1,9.975,9.980512662337633
S2324-G0271,C. Wood,2,6.5055555555555555,6.511517893217886
S2324-G0271,C. Wood,3,2.0666666666666664,2.0666666666666633
S2324-G0271,C. Wood,4,6.3,6.299999999999976
S2324-G0271,D. Hodge,4,3.1666666666666665,3.166666666666666
S2324-G0271,D. Russell,1,19.166666666666664,19.16666666666661
S2324-G0271,D. Russell,2,15.1075,15.114054700854766
S2324-G0271,D. Russell,3,3.071428571428571,3.071428571428564
S2324-G0271,D. Russell,4,12.066666666666666,12.067377777777754
S2324-G0271,I. Joe,1,3.4,3.3999999999999875
S2324-G0271,I. Joe,2,13.7,13.700124999999979
S2324-G0271,I. Joe,3,7.65,7.650000000000019
S2324-G0271,I. Joe,4,7.475,7.474999999999983
S2324-G0271,J. Giddey,1,17.205714285714286,17.19959649517149
S2324-G0271,J. Giddey,2,7.633333333333334,7.634027930402958
S2324-G0271,J. Giddey,3,15.243181818181819,15.243170634920567
S2324-G0271,J. Giddey,4,0.8666666666666667,0.8666666666666671
S2324-G0271,J. Hood-Schifino,2,5.438095238095238,5.438095238095232
S2324-G0271,J. Hood-Schifino,3,0.95,0.9499999999999977
S2324-G0271,J. Hood-Schifino,4,13.212987012987012,13.212557539682532
S2324-G0271,J. Williams,1,15.424999999999999,15.424528917161313
S2324-G0271,J. Williams,2,16.9,16.898639682539734
S2324-G0271,J. Williams,3,6.214285714285714,6.214285714285707
S2324-G0271,J. Williams,4,23.71785714285714,23.717015956265904
S2324-G0271,K. Williams,2,4.133333333333333,4.132299494949489
S2324-G0271,K. Williams,3,3.3,3.2999999999999967
S2324-G0271,K. Williams,4,5.506666666666667,5.5066666666666615
S2324-G0271,L. Dort,1,9.76969696969697,9.769696969696955
S2324-G0271,L. Dort,2,0.8,0.7999999999999993
S2324-G0271,L. Dort,3,17.228571428571428,17.228939754689716
S2324-G0271,L. Dort,4,8.405555555555555,8.405555555555564
S2324-G0271,L. James,1,17.51298701298701,17.512064069264127
S2324-G0271,L. James,2,13.833333333333332,13.82889267399268
S2324-G0271,L. James,3,12.586666666666666,12.585079509379472
S2324-G0271,L. James,4,8.591452991452991,8.591913766788782
S2324-G0271,L. Waters III,1,0.8666666666666667,0.8666666666666686
S2324-G0271,L. Waters III,2,9.78,9.778212806637786
S2324-G0271,L. Waters III,4,8.866666666666665,8.867833333333296
S2324-G0271,M. Christie,1,13.083333333333334,13.083337157287167
S2324-G0271,M. Christie,2,7.506666666666667,7.5066666666666615
S2324-G0271,M. Christie,3,6.071428571428571,6.071428571428578
S2324-G0271,S. Gilgeous-Alexander,1,33.11730769230769,33.115079463918484
S2324-G0271,S. Gilgeous-Alexander,2,13.86,13.8755641858142
S2324-G0271,S. Gilgeous-Alexander,3,26.165714285714284,26.167153157953102
S2324-G0271,S. Gilgeous-Alexander,4,5.1,5.100000000000014
S2324-G0271,T. Legler,1,1.2,1.200000000000001
S2324-G0271,T. Mann,4,0.8666666666666667,0.866666666666669
S2324-G0271,T. Prince,1,8.469696969696969,8.469696969696992
S2324-G0271,T. Prince,2,6.199999999999999,6.200000000000022
S2324-G0271,T. Prince,3,9.983333333333334,9.986021794871807
S2324-G0271,T. Prince,4,0.8666666666666667,0.8666666666666678
S2324-G0276,C. Boucher,2,18.526666666666667,18.52582948717946
S2324-G0276,C. Boucher,3,3.1666666666666665,3.166666666666666
S2324-G0276,C. Boucher,4,15.166666666666666,15.166666666666638
S2324-G0276,D. DiVincenzo,1,6.166666666666667,6.166666666666664
S2324-G0276,D. DiVincenzo,2,16.0,15.999916208791207
S2324-G0276,D. DiVincenzo,4,24.406666666666666,24.396161017495626
S2324-G0276,D. Schroder,1,9.564285714285713,9.564285714285694
S2324-G0276,D. Schroder,2,9.683333333333334,9.683333333333348
S2324-G0276,D. Schroder,3,5.506666666666667,5.5066666666666615
S2324-G0276,D. Schroder,4,12.0,12.0
S2324-G0276,E. Montross,3,1.2,1.200000000000001
S2324-G0276,G. Trent Jr.,1,7.4,7.400000000000017
S2324-G0276,G. Trent Jr.,2,3.1666666666666665,3.166666666666666
S2324-G0276,G. Trent Jr.,3,5.466666666666667,5.46666666666669
S2324-G0276,G. Trent Jr.,4,5.166666666666667,5.1666666666666465
S2324-G0276,H. Miner,1,1.2,1.200000000000001
S2324-G0276,I. Hartenstein,1,6.3,6.299999999999976
S2324-G0276,I. Hartenstein,2,6.6030303030303035,6.562144547119545
S2324-G0276,I. Hartenstein,4,0.9000000000000001,0.9000000000000038
S2324-G0276,I. Quickley,1,5.866666666666667,5.866666666666658
S2324-G0276,I. Quickley,2,5.1,5.100000000000014
S2324-G0276,I. Quickley,3,2.9,2.8999999999999893
S2324-G0276,I. Quickley,4,13.795238095238094,13.795078601953563
S2324-G0276,J. Brunson,1,27.33650793650794,27.351236507446835
S2324-G0276,J. Brunson,2,16.2,16.199246031745986
S2324-G0276,J. Brunson,3,18.48095238095238,18.481586899211848
S2324-G0276,J. Brunson,4,12.164285714285713,12.164285714285741
S2324-G0276,J. Hart,1,5.071428571428571,5.0714285714285605
S2324-G0276,J. Hart,2,7.884415584415584,7.885664602064609
S2324-G0276,J. Hart,3,32.08095238095238,32.09971955764397
S2324-G0276,J. Hart,4,0.8666666666666667,0.8666666666666673
S2324-G0276,J. McDaniels,2,5.5,5.50059126984127
S2324-G0276,J. McDaniels,4,7.55,7.549999999999972
S2324-G0276,J. Poeltl,1,11.875,11.875
S2324-G0276,J. Poeltl,2,3.3642857142857143,3.364547619047626
S2324-G0276,J. Poeltl,3,11.89145299145299,11.89183650793653
S2324-G0276,J. Poeltl,4,9.664285714285713,9.664370490620541
S2324-G0276,J. Randle,1,26.122222222222224,26.1452453181536
S2324-G0276,J. Randle,2,7.55,7.549999999999972
S2324-G0276,J. Randle,3,14.169230769230769,14.17078498168496
S2324-G0276,J. Randle,4,10.714285714285714,10.715207142857166
S2324-G0276,M. Flynn,2,3.175,3.1749999999999985
S2324-G0276,M. Flynn,3,3.1666666666666665,3.166666666666666
S2324-G0276,M. Robinson,1,5.277777777777778,5.277777777777801
S2324-G0276,M. Robinson,2,1.0833333333333335,1.08844404761905
S2324-G0276,M. Robinson,3,5.2272727272727275,5.227142857142871
S2324-G0276,M. Robinson,4,5.2,5.20000000000002
S2324-G0276,O. Anunoby,1,10.123809523809523,10.123637529137543
S2324-G0276,O. Anunoby,2,8.523809523809524,8.524019047619086
S2324-G0276,O. Anunoby,3,7.825,7.825000000000028
S2324-G0276,O. Anunoby,4,16.257142857142856,16.25714285714279
S2324-G0276,P. Achiuwa,1,10.25,10.146654761904792
S2324-G0276,P. Achiuwa,2,7.475,7.474999999999983
S2324-G0276,P. Achiuwa,3,9.6,9.599714285714253
S2324-G0276,P. Achiuwa,4,10.166666666666666,10.166435883560911
S2324-G0276,P. Siakam,1,17.553333333333335,17.556438857139607
S2324-G0276,P. Siakam,2,24.803030303030305,24.814222711928632
S2324-G0276,P. Siakam,3,14.152380952380952,14.152428571428619
S2324-G0276,P. Siakam,4,5.233333333333333,5.233333333333346
S2324-G0276,Q. Grimes,1,0.8,0.7999999999999986
S2324-G0276,Q. Grimes,2,3.1666666666666665,3.166666666666666
S2324-G0276,Q. Grimes,3,9.733333333333333,9.731679761904774
S2324-G0276,R. Barrett,1,24.084415584415584,24.092966789058877
S2324-G0276,R. Barrett,2,20.835897435897436,20.84224739508854
S2324-G0276,R. Barrett,3,7.914285714285715,7.914285714285752
S2324-G0276,R. Barrett,4,7.466666666666667,7.466666666666693
S2324-G0276,S. Barnes,1,19.14666666666667,19.14652626262622
S2324-G0276,S. Barnes,2,16.13421052631579,16.140385667355556
S2324-G0276,S. Barnes,3,25.05873015873016,25.04819146131649
S2324-G0276,S. Barnes,4,16.136507936507936,16.13633460656985
S2324-G0278,B. Ingram,1,14.2,14.200064935064908
S2324-G0278,B. Ingram,2,7.805555555555555,7.807053535353565
S2324-G0278,B. Ingram,3,14.155555555555555,14.155730746541048
S2324-G0278,B. Ingram,4,13.957142857142857,13.957739177489202
S2324-G0278,C. Bassey,1,9.438095238095238,9.438095238095231
S2324-G0278,C. Bassey,2,5.233333333333333,5.233333333333343
S2324-G0278,C. Bassey,3,5.368181818181818,5.371923382173381
S2324-G0278,C. Bassey,4,0.9642857142857143,0.9642857142857153
S2324-G0278,C. McCollum,1,14.106666666666666,14.106666666666609
S2324-G0278,C. McCollum,2,9.803030303030303,9.802766267066234
S2324-G0278,C. McCollum,3,5.514285714285714,5.51428571428573
S2324-G0278,C. McCollum,4,34.693333333333335,34.69175682764947
S2324-G0278,C. Osman,1,21.7,21.71712311365102
S2324-G0278,C. Osman,2,4.45,4.449666666666681
S2324-G0278,C. Osman,3,6.1,6.099999999999995
S2324-G0278,C. Osman,4,3.1363636363636362,3.1363636363636282
S2324-G0278,C. Zeller,1,3.15,3.149916666666655
S2324-G0278,C. Zeller,3,0.8666666666666667,0.8666666666666677
S2324-G0278,C. Zeller,4,0.8666666666666667,0.866666666666668
S2324-G0278,D. Barlow,4,5.166666666666667,5.1666666666666465
S2324-G0278,D. Daniels,2,5.2,5.201022727272746
S2324-G0278,D. Daniels,3,7.966666666666666,7.966563131313148
S2324-G0278,D. Vassell,1,8.466666666666667,8.466666666666692
S2324-G0278,D. Vassell,2,11.886666666666667,11.886666666666722
S2324-G0278,D. Vassell,3,16.490000000000002,16.488564141414077
S2324-G0278,D. Vassell,4,8.415384615384616,8.415565559440587
S2324-G0278,D. Wingfield,1,1.2,1.200000000000001
S2324-G0278,H. Jones,1,10.466666666666667,10.466666666666688
S2324-G0278,H. Jones,2,8.44,8.440000000000037
S2324-G0278,H. Jones,3,17.175,17.174875000000053
S2324-G0278,H. Jones,4,3.15,3.149999999999989
S2324-G0278,J. Champagnie,1,8.666666666666666,8.66666666666669
S2324-G0278,J. Champagnie,2,1.0,1.0
S2324-G0278,J. Champagnie,3,13.918181818181818,13.945501831501865
S2324-G0278,J. Champagnie,4,8.4,8.400000000000027
S2324-G0278,J. Hawkins,1,6.3,6.299999999999978
S2324-G0278,J. Hawkins,2,3.1,3.0999999999999943
S2324-G0278,J. Hawkins,3,3.1666666666666665,3.166666666666666
S2324-G0278,J. Hawkins,4,0.8666666666666667,0.8666666666666676
S2324-G0278,J. Sochan,1,6.2,6.200000000000022
S2324-G0278,J. Sochan,2,15.459999999999999,15.465513536463526
S2324-G0278,J. Sochan,3,5.425,5.424999999999979
S2324-G0278,J. Sochan,4,19.369444444444444,19.370219674769718
S2324-G0278,J. Valanciunas,1,22.52916666666667,22.548015641384804
S2324-G0278,J. Valanciunas,2,16.88681318681319,16.888355617585063
S2324-G0278,J. Valanciunas,3,12.912987012987012,12.912852669552658
S2324-G0278,J. Valanciunas,4,3.14,3.139999999999989
S2324-G0278,K. Johnson,1,0.8,0.7999999999999986
S2324-G0278,K. Johnson,2,10.584415584415584,10.584950649350683
S2324-G0278,K. Johnson,3,7.677777777777778,7.678651903651888
S2324-G0278,K. Johnson,4,11.683333333333334,11.683579545454569
S2324-G0278,M. Branham,1,3.1666666666666665,3.166666666666666
S2324-G0278,M. Branham,2,19.367857142857144,19.364652453347354
S2324-G0278,M. Branham,3,0.8666666666666667,0.8666666666666683
S2324-G0278,M. Branham,4,6.166666666666667,6.166666666666664
S2324-G0278,N. Marshall,2,12.56,12.569150688200677
S2324-G0278,N. Marshall,4,8.566666666666666,8.566666666666658
S2324-G0278,S. Mamukelashvili,1,0.8666666666666667,0.866666666666669
S2324-G0278,S. Mamukelashvili,4,10.966666666666667,10.966555555555574
S2324-G0278,T. Jones,1,7.59,7.589999999999979
S2324-G0278,T. Jones,2,12.825,12.824999999999989
S2324-G0278,T. Jones,3,10.766666666666666,10.766666666666662
S2324-G0278,T. Jones,4,3.2,3.2000000000000024
S2324-G0278,T. Murphy III,1,16.406666666666666,16.397316666666708
S2324-G0278,T. Murphy III,2,0.8666666666666667,0.8666666666666687
S2324-G0278,T. Murphy III,3,20.53,20.528838717002014
S2324-G0278,T. Murphy III,4,13.806666666666667,13.806666666666683
S2324-G0278,Z. Collins,1,21.533333333333335,21.536469071696295
S2324-G0278,Z. Collins,2,10.933333333333334,10.93441865079367
S2324-G0278,Z. Collins,3,5.466666666666667,5.46666666666669
S2324-G0278,Z. Collins,4,3.125,3.125
S2324-G0278,Z. Williamson,1,0.838095238095238,0.8380952380952358
S2324-G0278,Z. Williamson,2,22.7875,22.781573305757693
S2324-G0278,Z. Williamson,3,7.425,7.424999999999971
S2324-G0278,Z. Williamson,4,5.138095238095238,5.138095238095252
S2324-G0287,A. Lawson,2,10.755555555555555,10.755555555555521
S2324-G0287,A. Lawson,4,26.15714285714286,26.14746165223664
S2324-G0287,A. Wiggins,2,3.1,3.0999999999999948
S2324-G0287,A. Wiggins,4,0.8666666666666667,0.8666666666666675
S2324-G0287,C. Holmgren,1,11.852380952380951,11.852380952380974
S2324-G0287,C. Holmgren,2,7.664285714285715,7.664202380952417
S2324-G0287,C. Holmgren,3,3.2466666666666666,3.2466666666666693
S2324-G0287,C. Holmgren,4,15.272727272727273,15.27007205155959
S2324-G0287,C. Wallace,1,16.175,16.17307866022867
S2324-G0287,C. Wallace,2,6.714285714285714,6.668081421356439
S2324-G0287,C. Wallace,3,18.14666666666667,18.14658095238092
S2324-G0287,C. Wallace,4,5.371428571428571,5.371428571428598
S2324-G0287,D. Bertans,2,14.605555555555556,14.570129581529574
S2324-G0287,D. Bertans,3,9.275,9.27180550005552
S2324-G0287,D. Dennis,1,5.85,5.850500000000003
S2324-G0287,D. Jones Jr.,1,18.442307692307693,18.442182692307647
S2324-G0287,D. Jones Jr.,2,12.846666666666666,12.846666666666668
S2324-G0287,D. Jones Jr.,3,18.255555555555556,18.2472192335442
S2324-G0287,D. Jones Jr.,4,12.933333333333334,12.93333333333336
S2324-G0287,D. Lively II,1,5.477777777777778,5.488871428571431
S2324-G0287,D. Lively II,2,9.536507936507936,9.535747560446069
S2324-G0287,D. Lively II,3,15.945714285714287,15.945526240426238
S2324-G0287,D. Lively II,4,13.975324675324675,13.960747188922209
S2324-G0287,D. Powell,3,3.0666666666666664,3.0666666666666726
S2324-G0287,G. Williams,1,3.1380952380952376,3.1380952380952376
S2324-G0287,G. Williams,2,10.9,10.900000000000041
S2324-G0287,G. Williams,3,7.59,7.589999999999979
S2324-G0287,I. Joe,1,8.466666666666667,8.466666666666692
S2324-G0287,I. Joe,2,3.3666666666666667,3.366666666666674
S2324-G0287,I. Joe,3,5.533333333333333,5.5333333333333234
S2324-G0287,I. Joe,4,6.166666666666667,6.166666666666664
S2324-G0287,J. Giddey,1,15.433333333333334,15.433333333333364
S2324-G0287,J. Giddey,2,10.914285714285713,10.914285714285759
S2324-G0287,J. Giddey,3,16.57,16.56929213564218
S2324-G0287,J. Hardy,1,10.827272727272726,10.827386363636347
S2324-G0287,J. Hardy,2,8.638095238095238,8.644698088023095
S2324-G0287,J. Hardy,3,3.3666666666666663,3.366666666666672
S2324-G0287,J. Williams,1,32.71470588235294,32.71685353580884
S2324-G0287,J. Williams,2,24.700000000000003,24.720810440655814
S2324-G0287,J. Williams,3,22.47860962566845,22.472191917198728
S2324-G0287,J. Williams,4,18.372527472527473,18.372595309953237
S2324-G0287,K. Williams,2,9.933333333333334,9.932856809856826
S2324-G0287,K. Williams,4,6.206666666666667,6.206454341736715
S2324-G0287,L. Doncic,1,24.86951871657754,24.857312580719974
S2324-G0287,L. Doncic,2,21.259090909090908,21.263581387729896
S2324-G0287,L. Doncic,3,22.88034188034188,22.876772044622
S2324-G0287,L. Doncic,4,21.929870129870128,21.910644055067696
S2324-G0287,L. Dort,1,10.495238095238095,10.49525839438342
S2324-G0287,L. Dort,3,15.06969696969697,15.069696969696937
S2324-G0287,L. Dort,4,17.093333333333334,17.09836417193917
S2324-G0287,O. Prosper,1,5.204761904761904,5.204761904761888
S2324-G0287,O. Prosper,2,3.2,3.2000000000000095
S2324-G0287,O. Prosper,4,0.8666666666666667,0.8666666666666681
S2324-G0287,R. Holmes,1,1.9000000000000001,1.8999999999999952
S2324-G0287,S. Curry,1,8.514285714285714,8.514285714285732
S2324-G0287,S. Curry,2,5.504761904761905,5.504761904761916
S2324-G0287,S. Curry,3,7.9111111111111105,7.910853540903527
S2324-G0287,S. Curry,4,28.455555555555556,28.445973955048167
S2324-G0287,S. Gilgeous-Alexander,1,11.18095238095238,11.158738775603485
S2324-G0287,S. Gilgeous-Alexander,2,24.5,24.49925145132642
S2324-G0287,S. Gilgeous-Alexander,3,9.836363636363636,9.818112934287903
S2324-G0287,S. Gilgeous-Alexander,4,5.25,5.25
S2324-G0290,A. Gordon,1,7.59,7.589999999999979
S2324-G0290,A. Gordon,2,20.833333333333332,20.835721389721424
S2324-G0290,A. Gordon,3,9.466666666666667,9.466666666666685
S2324-G0290,A. Gordon,4,12.975,12.975587301587257
S2324-G0290,A. Vezenkov,1,0.8666666666666667,0.866666666666669
S2324-G0290,A. Vezenkov,2,11.975,11.96848914141411
S2324-G0290,A. Vezenkov,4,0.8,0.799999999999998
S2324-G0290,C. Braun,1,12.333333333333334,12.332198881673888
S2324-G0290,C. Braun,2,9.806666666666667,9.806688888888852
S2324-G0290,C. Braun,3,14.886666666666667,14.886971428571492
S2324-G0290,D. Fox,1,12.155844155844155,12.155844155844118
S2324-G0290,D. Fox,2,19.066666666666666,19.069585447885412
S2324-G0290,D. Fox,3,17.45,17.450694696969645
S2324-G0290,D. Fox,4,31.628205128205128,31.666734512756733
S2324-G0290,D. Jordan,1,3.3666666666666667,3.366666666666674
S2324-G0290,D. Jordan,2,12.136363636363637,12.136870046620068
S2324-G0290,D. Jordan,4,5.125,5.125
S2324-G0290,D. Sabonis,1,24.229166666666668,24.192914947960524
S2324-G0290,D. Sabonis,3,14.27012987012987,14.268951352813893
S2324-G0290,D. Sabonis,4,23.06153846153846,23.067556908824756
S2324-G0290,H. Barnes,1,14.23,14.230000000000016
S2324-G0290,H. Barnes,2,10.371428571428572,10.371488095238133
S2324-G0290,H. Barnes,3,7.466666666666667,7.466666666666693
S2324-G0290,H. Barnes,4,3.3666666666666667,3.366666666666674
S2324-G0290,J. Holiday,1,3.25,3.25
S2324-G0290,J. Holiday,2,0.8666666666666667,0.8666666666666671
S2324-G0290,J. Holiday,3,0.8,0.7999999999999983
S2324-G0290,J. Holiday,4,0.8666666666666667,0.8666666666666681
S2324-G0290,J. McGee,1,1.15,1.1499166666666705
S2324-G0290,J. McGee,2,18.25,18.253007156895386
S2324-G0290,J. McGee,3,0.95,0.9499999999999977
S2324-G0290,J. McGee,4,0.8666666666666667,0.8666666666666687
S2324-G0290,J. Strawther,1,4.2,4.2000000000000135
S2324-G0290,J. Strawther,2,0.8666666666666667,0.8666666666666675
S2324-G0290,J. Strawther,4,7.533333333333334,7.533333333333316
S2324-G0290,K. Caldwell-Pope,1,6.586666666666667,6.5725369047619
S2324-G0290,K. Caldwell-Pope,2,3.1,3.0999999999999956
S2324-G0290,K. Caldwell-Pope,3,12.133333333333333,12.134696971084484
S2324-G0290,K. Caldwell-Pope,4,18.65,18.641548082473133
S2324-G0290,K. Ellis,1,0.8,0.7999999999999986
S2324-G0290,K. Ellis,2,3.1,3.099999999999994
S2324-G0290,K. Ellis,3,0.8666666666666667,0.8666666666666675
S2324-G0290,K. Huerter,1,13.875,13.874715909090908
S2324-G0290,K. Huerter,2,15.1,15.099999999999945
S2324-G0290,K. Huerter,3,3.1666666666666665,3.166666666666666
S2324-G0290,K. Huerter,4,10.425,10.424999999999972
S2324-G0290,K. Murray,1,5.564285714285714,5.564285714285695
S2324-G0290,K. Murray,2,3.2,3.2000000000000095
S2324-G0290,K. Murray,3,20.45,20.448665598290532
S2324-G0290,K. Murray,4,5.466666666666667,5.46666666666669
S2324-G0290,M. Monk,1,16.066666666666666,16.066666666666634
S2324-G0290,M. Monk,2,14.088888888888889,14.086035515873027
S2324-G0290,M. Monk,3,8.299999999999999,8.302568315018288
S2324-G0290,M. Monk,4,23.31904761904762,23.36050674939093
S2324-G0290,M. Porter Jr.,1,9.911111111111111,9.911111111111087
S2324-G0290,M. Porter Jr.,2,16.123809523809523,16.123723809523824
S2324-G0290,M. Porter Jr.,3,9.825,9.825000000000031
S2324-G0290,M. Porter Jr.,4,8.683333333333334,8.683471428571439
S2324-G0290,N. Jokic,1,42.415837104072395,42.50821385210082
S2324-G0290,N. Jokic,2,7.55,7.549999999999972
S2324-G0290,N. Jokic,3,23.88137254901961,23.87038508468652
S2324-G0290,N. Jokic,4,19.299999999999997,19.286568614718636
S2324-G0290,P. Watson,1,2.933333333333333,2.933333333333329
S2324-G0290,P. Watson,2,0.8666666666666667,0.8666666666666683
S2324-G0290,P. Watson,3,5.166666666666667,5.1666666666666465
S2324-G0290,P. Watson,4,0.9642857142857143,0.9642857142857153
S2324-G0290,R. Harper,1,1.2,1.200000000000001
S2324-G0290,R. Jackson,1,9.564285714285713,9.564285714285694
S2324-G0290,R. Jackson,2,16.669696969696968,16.677197027971985
S2324-G0290,R. Jackson,3,5.29,5.289999999999985
S2324-G0290,R. Jackson,4,33.746153846153845,33.73070338210117
S2324-G0290,T. Lyles,1,0.8666666666666667,0.866666666666669
S2324-G0290,T. Lyles,2,9.6,9.600181776556743
S2324-G0290,T. Lyles,3,10.214285714285714,10.21447142857145
S2324-G0290,T. Lyles,4,8.504761904761905,8.504761904761887
S2324-G0291,A. Davis,1,29.865714285714283,29.839552539200543
S2324-G0291,A. Davis,2,18.36,18.290593543956092
S2324-G0291,A. Davis,3,16.668181818181818,16.6415718808969
S2324-G0291,A. Davis,4,17.175,17.175000000000054
S2324-G0291,A. Holiday,1,6.166666666666667,6.166666666666664
S2324-G0291,A. Holiday,3,11.825,11.825023351648353
S2324-G0291,A. Holiday,4,9.55,9.549999999999969
S2324-G0291,A. Reaves,1,7.8999999999999995,7.900000000000022
S2324-G0291,A. Reaves,2,29.7875,29.79591613554579
S2324-G0291,A. Reaves,3,8.711111111111112,8.710523931623973
S2324-G0291,A. Reaves,4,0.8,0.8000000000000006
S2324-G0291,A. Sengun,1,28.465714285714284,28.48003625737436
S2324-G0291,A. Sengun,2,5.6,5.600000000000007
S2324-G0291,A. Sengun,3,33.8125,33.78797744729038
S2324-G0291,A. Sengun,4,15.025,14.836963553113579
S2324-G0291,C. Reddish,1,3.1,3.0999999999999948
S2324-G0291,C. Reddish,2,5.1,5.100000000000014
S2324-G0291,C. Reddish,3,11.88095238095238,11.881135943223406
S2324-G0291,C. Reddish,4,10.626666666666667,10.627314713064763
S2324-G0291,C. Whitmore,4,10.983333333333334,10.950735714285706
S2324-G0291,C. Wood,2,3.175,3.1749999999999985
S2324-G0291,C. Wood,4,2.2666666666666666,2.2666666666666635
S2324-G0291,D. Brooks,1,9.425,9.424999999999969
S2324-G0291,D. Brooks,2,5.525,5.524999999999992
S2324-G0291,D. Brooks,3,10.966666666666667,10.966696428571447
S2324-G0291,D. Brooks,4,8.4,8.400000000000027
S2324-G0291,D. Russell,1,15.166666666666666,15.166666666666638
S2324-G0291,D. Russell,2,0.8666666666666667,0.8666666666666678
S2324-G0291,D. Russell,3,14.127272727272727,14.127136363636371
S2324-G0291,D. Russell,4,5.525,5.524999999999992
S2324-G0291,F. VanVleet,1,3.225,3.225000000000012
S2324-G0291,F. VanVleet,2,27.093333333333334,27.093415969118546
S2324-G0291,F. VanVleet,3,10.725,10.72499999999996
S2324-G0291,F. VanVleet,4,19.12,19.118582867132826
S2324-G0291,J. Green,1,22.833333333333336,22.83474592139886
S2324-G0291,J. Green,2,10.142245989304813,10.131343621656155
S2324-G0291,J. Green,3,12.175,12.175804803529802
S2324-G0291,J. Green,4,7.933333333333334,7.93390530303031
S2324-G0291,J. Hayes,4,7.4,7.400147058823546
S2324-G0291,J. Hood-Schifino,4,5.55,5.549999999999978
S2324-G0291,J. Landale,4,0.8666666666666667,0.8666666666666677
S2324-G0291,J. Samuels Jr.,4,0.95,0.9499999999999977
S2324-G0291,J. Smith Jr.,1,11.964285714285714,11.964165151515177
S2324-G0291,J. Smith Jr.,2,7.495238095238095,7.495238095238105
S2324-G0291,J. Smith Jr.,3,7.255844155844156,7.267479989454995
S2324-G0291,J. Smith Jr.,4,3.2933333333333334,3.286195315795309
S2324-G0291,J. Tate,1,5.199999999999999,5.20000000000002
S2324-G0291,J. Tate,3,3.233333333333333,3.233333333333346
S2324-G0291,J. Vanderbilt,1,0.8666666666666667,0.866666666666669
S2324-G0291,J. Vanderbilt,2,0.9000000000000001,0.9000000000000038
S2324-G0291,J. Vanderbilt,3,5.405555555555555,5.4056483516483596
S2324-G0291,L. James,1,16.2,16.199999999999953
S2324-G0291,L. James,2,25.0475,25.045223540262654
S2324-G0291,L. James,3,7.914285714285715,7.914285714285752
S2324-G0291,L. James,4,9.795238095238094,9.79447186147188
S2324-G0291,M. Christie,1,6.166666666666667,6.166666666666664
S2324-G0291,M. Christie,2,5.140000000000001,5.140049999999989
S2324-G0291,M. Christie,3,13.725,13.72499999999995
S2324-G0291,M. Christie,4,6.536363636363637,6.525420973470969
S2324-G0291,M. Lewis,4,3.3666666666666667,3.366666666666674
S2324-G0291,N. Hinton,4,3.7666666666666666,3.724999999999997
S2324-G0291,T. Eason,1,0.8,0.7999999999999986
S2324-G0291,T. Eason,2,5.233333333333333,5.233333333333343
S2324-G0291,T. Eason,3,3.35,3.350000000000013
S2324-G0291,T. Eason,4,11.966666666666667,11.955824891774908
S2324-G0291,T. Prince,1,6.125,6.125
S2324-G0291,T. Prince,2,0.825,0.8249999999999992
S2324-G0291,T. Prince,3,12.806666666666667,12.806666666666672
S2324-G0291,T. Prince,4,10.805555555555555,10.805527777777824
S2324-G0293,A. Burks,1,6.166666666666667,6.166666666666664
S2324-G0293,A. Burks,2,9.455555555555556,9.456215277777762
S2324-G0293,A. Burks,3,8.55,8.54999999999997
S2324-G0293,A. Burks,4,7.204761904761904,7.201744047619031
S2324-G0293,A. Nesmith,1,0.9000000000000001,0.9000000000000038
S2324-G0293,A. Nesmith,2,10.775,10.77500000000004
S2324-G0293,A. Nesmith,3,10.4,10.40000000000004
S2324-G0293,A. Nesmith,4,10.506666666666666,10.506666666666662
S2324-G0293,A. Thompson,1,12.546666666666665,12.543515422159523
S2324-G0293,A. Thompson,2,12.912987012987012,12.91240404040403
S2324-G0293,A. Thompson,3,7.466666666666667,7.466666666666693
S2324-G0293,A. Thompson,4,14.041666666666666,14.023607073482056
S2324-G0293,B. Bogdanovic,1,17.380000000000003,17.380361050061126
S2324-G0293,B. Bogdanovic,2,9.443956043956044,9.440035014984995
S2324-G0293,B. Bogdanovic,3,10.89,10.890000000000034
S2324-G0293,B. Bogdanovic,4,15.344444444444445,15.32530064935063
S2324-G0293,B. Brown,1,7.5,7.5
S2324-G0293,B. Brown,2,18.599999999999998,18.60055902790015
S2324-G0293,B. Brown,3,7.517307692307693,7.517307692307673
S2324-G0293,B. Brown,4,6.666666666666667,6.664217063492075
S2324-G0293,B. Hield,1,12.766666666666666,12.766309523809555
S2324-G0293,B. Hield,2,13.685454545454546,13.684108857808829
S2324-G0293,B. Hield,3,6.166666666666667,6.166666666666664
S2324-G0293,B. Hield,4,7.525,7.525000000000018
S2324-G0293,B. Mathurin,1,10.825,10.825108333333354
S2324-G0293,B. Mathurin,2,32.373333333333335,32.38494828783619
S2324-G0293,B. Mathurin,3,18.27012987012987,18.266208505383545
S2324-G0293,B. Mathurin,4,11.6,11.599999999999957
S2324-G0293,C. Cunningham,1,34.71818181818182,34.73564864921801
S2324-G0293,C. Cunningham,2,14.414285714285713,14.424279545372947
S2324-G0293,C. Cunningham,3,16.095238095238095,16.095238095238077
S2324-G0293,C. Cunningham,4,10.008333333333333,9.996396500721522
S2324-G0293,I. Jackson,1,13.799999999999999,13.800000000000022
S2324-G0293,I. Jackson,2,0.8,0.7999999999999998
S2324-G0293,I. Jackson,3,5.233333333333333,5.233333333333346
S2324-G0293,I. Jackson,4,7.564285714285714,7.564285714285693
S2324-G0293,I. Livers,1,3.204761904761905,3.2047619047618925
S2324-G0293,I. Livers,2,13.766666666666666,13.76666666666671
S2324-G0293,I. Livers,3,5.233333333333333,5.233333333333346
S2324-G0293,I. Livers,4,0.8666666666666667,0.8666666666666681
S2324-G0293,I. Stewart,1,0.9642857142857143,0.9642857142857153
S2324-G0293,I. Stewart,2,5.175,5.174999999999982
S2324-G0293,I. Stewart,3,11.443956043956044,11.436177466977442
S2324-G0293,I. Stewart,4,10.733333333333334,10.732102380952385
S2324-G0293,J. Ivey,1,18.4,18.400000000000063
S2324-G0293,J. Ivey,2,3.125,3.125
S2324-G0293,J. Ivey,3,16.212987012987014,16.212990476190477
S2324-G0293,J. Ivey,4,18.557142857142857,18.55844083694089
S2324-G0293,J. Wiseman,1,2.904761904761905,2.904761904761915
S2324-G0293,J. Wiseman,2,0.825,0.8249999999999992
S2324-G0293,J. Wiseman,3,5.314285714285714,5.314285714285695
S2324-G0293,J. Wiseman,4,0.8666666666666667,0.8666666666666676
S2324-G0293,K. Hayes,1,3.125,3.125
S2324-G0293,K. Hayes,2,2.838095238095238,2.8380952380952453
S2324-G0293,K. Hayes,3,7.425,7.4249999999999705
S2324-G0293,K. Hayes,4,5.1,5.100000000000016
S2324-G0293,K. Knox II,2,0.8666666666666667,0.8666666666666686
S2324-G0293,M. Turner,1,18.344444444444445,18.365658327783315
S2324-G0293,M. Turner,2,5.586666666666667,5.586228571428577
S2324-G0293,M. Turner,3,16.106666666666666,16.106666666666605
S2324-G0293,M. Turner,4,21.625,21.60126309523806
S2324-G0293,O. Toppin,1,5.175,5.174999999999982
S2324-G0293,O. Toppin,3,14.244444444444445,14.2444624183007
S2324-G0293,T. Haliburton,1,8.514285714285714,8.513756854256869
S2324-G0293,T. Haliburton,2,13.164285714285713,13.161476190476208
S2324-G0293,T. Haliburton,3,5.517307692307693,5.515549908424893
S2324-G0293,T. Haliburton,4,18.257142857142856,18.25801082251076
S2324-G0293,T. McConnell,1,11.89,11.89000000000002
S2324-G0293,T. McConnell,2,7.466666666666667,7.466666666666693
S2324-G0293,T. McConnell,3,14.45,14.455322344322312
S2324-G0293,T. McConnell,4,0.8666666666666667,0.8666666666666676
S2324-G0293,V. Baker,3,1.2,1.200000000000001
S2324-G0295,A. Gill,4,8.722222222222223,8.723719855144859
S2324-G0295,B. Coulibaly,1,0.8,0.7999999999999988
S2324-G0295,B. Coulibaly,2,16.498039215686276,16.496257675984154
S2324-G0295,B. Coulibaly,3,8.4,8.400000000000027
S2324-G0295,B. Coulibaly,4,16.34318181818182,16.33995588300588
S2324-G0295,C. Kispert,1,7.2,7.195694039294053
S2324-G0295,C. Kispert,2,5.506666666666667,5.5066666666666615
S2324-G0295,C. Kispert,3,5.333333333333333,5.333333333333344
S2324-G0295,C. Kispert,4,8.475,8.474999999999973
S2324-G0295,D. Avdija,1,5.140000000000001,5.13999999999999
S2324-G0295,D. Avdija,2,9.97,9.970000000000024
S2324-G0295,D. Avdija,3,15.2,15.199999999999962
S2324-G0295,D. Gallinari,1,3.0,3.0006666666666666
S2324-G0295,D. Gallinari,3,0.8666666666666667,0.8666666666666675
S2324-G0295,D. House Jr.,4,20.211111111111112,20.21161130258633
S2324-G0295,D. Melton,1,19.78095238095238,19.749365709453954
S2324-G0295,D. Melton,2,7.89,7.890050000000027
S2324-G0295,D. Melton,3,0.7714285714285714,0.7714285714285721
S2324-G0295,D. Melton,4,5.564285714285714,5.564285714285695
S2324-G0295,E. Omoruyi,3,0.8666666666666667,0.866666666666669
S2324-G0295,E. Omoruyi,4,3.1,3.0999999999999948
S2324-G0295,F. Korkmaz,4,2.9642857142857144,2.9639761904761883
S2324-G0295,J. Bernard,4,12.308333333333334,12.310236147186167
S2324-G0295,J. Butler,1,3.1,3.0999999999999948
S2324-G0295,J. Butler,2,5.166666666666667,5.1666666666666465
S2324-G0295,J. Butler,3,0.95,0.9499999999999976
S2324-G0295,J. Butler,4,22.5,22.503376887001888
S2324-G0295,J. Embiid,1,27.12666666666667,27.131356082483936
S2324-G0295,J. Embiid,2,21.857142857142858,21.84902117531591
S2324-G0295,J. Embiid,3,34.15319693094629,34.16517332471446
S2324-G0295,J. Poole,1,26.052226720647774,26.068209948380687
S2324-G0295,J. Poole,2,3.1666666666666665,3.166666666666666
S2324-G0295,J. Poole,3,9.74,9.740000000000007
S2324-G0295,J. Springer,4,18.60615384615385,18.60929444607682
S2324-G0295,K. Kuzma,1,29.367058823529412,29.379913239783082
S2324-G0295,K. Kuzma,2,18.513675213675214,18.513735409035334
S2324-G0295,K. Kuzma,3,15.133333333333333,15.133422459893042
S2324-G0295,K. Martin,4,5.3,5.29999999999998
S2324-G0295,K. Oubre Jr.,1,8.55,8.54999999999997
S2324-G0295,K. Oubre Jr.,2,5.6000000000000005,5.600000000000007
S2324-G0295,K. Oubre Jr.,3,7.564285714285714,7.564285714285693
S2324-G0295,K. Oubre Jr.,4,7.514285714285714,7.514285714285733
S2324-G0295,M. Bamba,4,21.085714285714285,20.95259950898773
S2324-G0295,M. Morris Sr.,1,1.05,1.0500000000000034
S2324-G0295,M. Morris Sr.,2,10.5,10.499769230769234
S2324-G0295,M. Morris Sr.,3,17.114285714285714,17.11441558441563
S2324-G0295,M. Muscala,1,3.233333333333333,3.233333333333346
S2324-G0295,M. Muscala,2,3.1,3.0999999999999943
S2324-G0295,M. Muscala,3,5.5600000000000005,5.560785148185122
S2324-G0295,N. Batum,1,3.2142857142857144,3.2142857142857086
S2324-G0295,N. Batum,2,7.466666666666667,7.466666666666693
S2324-G0295,N. Batum,3,7.55,7.549999999999972
S2324-G0295,P. Baldwin Jr.,2,5.564285714285714,5.564285714285695
S2324-G0295,P. Baldwin Jr.,4,17.884415584415585,17.88246295926289
S2324-G0295,P. Beverley,1,21.664285714285715,21.589093600353863
S2324-G0295,P. Beverley,3,6.366666666666667,6.366666666666651
S2324-G0295,P. Reed,2,5.233333333333333,5.233333333333343
S2324-G0295,P. Reed,3,0.8666666666666667,0.8666666666666678
S2324-G0295,P. Reed,4,5.205555555555556,5.205805555555543
S2324-G0295,R. Covington,2,8.506666666666666,8.506666666666662
S2324-G0295,R. Covington,3,2.9,2.8999999999999893
S2324-G0295,R. Covington,4,6.214285714285714,6.214285714285707
S2324-G0295,T. Harris,1,8.206666666666667,8.20715992340994
S2324-G0295,T. Harris,2,5.366666666666666,5.366666666666667
S2324-G0295,T. Harris,3,7.466666666666667,7.466666666666693
S2324-G0295,T. Harris,4,4.233333333333333,4.233333333333341
S2324-G0295,T. Jones,1,3.175,3.1749999999999985
S2324-G0295,T. Jones,2,12.833333333333332,12.83333333333334
S2324-G0295,T. Jones,3,16.446666666666665,16.446766666666704
S2324-G0295,T. Maxey,1,21.184415584415582,21.184003840603804
S2324-G0295,T. Maxey,2,28.036507936507938,28.04203059440566
S2324-G0295,T. Maxey,3,7.514285714285714,7.514285714285733
S2324-G0297,C. Boucher,2,17.75824175824176,17.753284434030018
S2324-G0297,C. Boucher,4,7.514285714285714,7.514285714285733
S2324-G0297,D. DiVincenzo,1,0.875,0.875
S2324-G0297,D. DiVincenzo,2,0.8,0.7999999999999986
S2324-G0297,D. DiVincenzo,3,8.59,8.589999999999973
S2324-G0297,D. Schroder,1,12.855844155844155,12.85584415584418
S2324-G0297,D. Schroder,2,11.67142857142857,11.67077380952379
S2324-G0297,D. Schroder,3,9.85,9.843181818181785
S2324-G0297,D. Schroder,4,16.985714285714288,16.97787820651574
S2324-G0297,G. Dick,2,5.166666666666667,5.1666666666666465
S2324-G0297,G. Trent Jr.,1,5.5,5.5
S2324-G0297,G. Trent Jr.,2,9.725,9.724999999999966
S2324-G0297,G. Trent Jr.,3,5.65,5.649999999999994
S2324-G0297,G. Trent Jr.,4,5.1,5.100000000000014
S2324-G0297,I. Hartenstein,1,5.25,5.25
S2324-G0297,I. Hartenstein,2,9.666666666666666,9.674535081585104
S2324-G0297,I. Hartenstein,3,6.771428571428571,6.720560714285711
S2324-G0297,I. Hartenstein,4,9.450000000000001,9.449880952380983
S2324-G0297,J. Brunson,1,18.475,18.47516452991447
S2324-G0297,J. Brunson,2,4.1,4.069839285714293
S2324-G0297,J. Brunson,3,20.473333333333333,20.476653957153964
S2324-G0297,J. Brunson,4,9.584415584415584,9.584415584415623
S2324-G0297,J. Hart,1,6.166666666666667,6.166666666666664
S2324-G0297,J. Hart,2,3.1254545454545455,3.1270522033522017
S2324-G0297,J. Hart,3,7.366666666666666,7.366666666666639
S2324-G0297,J. Hart,4,21.38888888888889,21.38901649877891
S2324-G0297,J. Poeltl,1,19.617307692307694,19.59703492895992
S2324-G0297,J. Poeltl,2,1.0,1.0
S2324-G0297,J. Poeltl,3,5.25,5.25
S2324-G0297,J. Poeltl,4,2.9,2.8999999999999893
S2324-G0297,J. Randle,1,41.278609625668444,41.34892443283165
S2324-G0297,J. Randle,2,10.546666666666665,10.546666666666635
S2324-G0297,J. Randle,3,25.793333333333333,25.792728983370445
S2324-G0297,J. Randle,4,8.546666666666667,8.54666666666664
S2324-G0297,J. Sims,1,3.37,3.3712555555555594
S2324-G0297,J. Sims,2,5.125,5.125
S2324-G0297,J. Sims,3,0.8666666666666667,0.866666666666668
S2324-G0297,M. Curry,4,1.2,1.200000000000001
S2324-G0297,M. Flynn,1,5.264285714285714,5.2642857142857284
S2324-G0297,M. Flynn,2,10.405555555555555,10.405555555555564
S2324-G0297,M. Flynn,3,0.8666666666666667,0.8666666666666686
S2324-G0297,M. Flynn,4,8.6,8.599999999999973
S2324-G0297,M. McBride,1,0.8666666666666667,0.8666666666666686
S2324-G0297,M. McBride,2,6.166666666666667,6.166666666666664
S2324-G0297,M. McBride,3,0.8666666666666667,0.8666666666666677
S2324-G0297,M. McBride,4,3.1,3.099999999999994
S2324-G0297,O. Anunoby,1,24.055844155844156,24.067717565930785
S2324-G0297,O. Anunoby,2,5.638095238095238,5.638555555555571
S2324-G0297,O. Anunoby,3,36.681372549019606,36.58462665918528
S2324-G0297,O. Anunoby,4,12.506666666666666,12.510181722689069
S2324-G0297,P. Achiuwa,1,9.533333333333333,9.533333333333314
S2324-G0297,P. Achiuwa,2,5.475,5.47500000000001
S2324-G0297,P. Achiuwa,3,10.914285714285713,10.914285714285759
S2324-G0297,P. Achiuwa,4,5.286666666666667,5.286666666666655
S2324-G0297,P. Siakam,1,15.184415584415584,15.184415584415556
S2324-G0297,P. Siakam,2,9.899999999999999,9.899266666666701
S2324-G0297,P. Siakam,3,23.75873015873016,23.757942293817244
S2324-G0297,P. Siakam,4,9.644444444444446,9.644444444444405
S2324-G0297,Q. Grimes,1,7.4,7.400000000000017
S2324-G0297,Q. Grimes,2,23.5,23.515433146020634
S2324-G0297,Q. Grimes,3,3.1,3.0999999999999948
S2324-G0297,Q. Grimes,4,13.766666666666666,13.76666666666671
S2324-G0297,R. Barrett,1,19.477777777777778,19.47726495726492
S2324-G0297,R. Barrett,2,17.786813186813188,17.785012786723076
S2324-G0297,R. Barrett,3,17.477777777777778,17.47809199705521
S2324-G0297,R. Barrett,4,24.45873015873016,24.455947817623546
S2324-G0297,S. Barnes,1,10.425,10.424999999999972
S2324-G0297,S. Barnes,2,26.425396825396827,26.422080533355526
S2324-G0297,S. Barnes,3,9.275,9.274597685647713
S2324-G0297,S. Barnes,4,7.355555555555555,7.355555555555592
S2324-G0298,A. Holiday,1,5.233333333333333,5.233333333333346
S2324-G0298,A. Holiday,2,0.8666666666666667,0.8666666666666683
S2324-G0298,A. Holiday,3,17.625,17.557890018315003
S2324-G0298,A. Sengun,1,17.805555555555554,17.808950221347253
S2324-G0298,A. Sengun,2,8.506666666666666,8.506666666666662
S2324-G0298,A. Sengun,3,10.625396825396825,10.644967191142191
S2324-G0298,A. Sengun,4,9.633333333333335,9.63333333333338
S2324-G0298,A. Thompson,2,5.246666666666667,5.246666666666669
S2324-G0298,A. Thompson,4,3.1666666666666665,3.166666666666666
S2324-G0298,C. Osman,1,15.23,15.230000000000016
S2324-G0298,C. Osman,2,5.1,5.100000000000016
S2324-G0298,C. Osman,3,5.2,5.20000000000002
S2324-G0298,C. Osman,4,4.314285714285714,4.314174603174585
S2324-G0298,D. Brooks,1,12.57777777777778,12.600839826839813
S2324-G0298,D. Brooks,2,3.35,3.350000000000013
S2324-G0298,D. Brooks,3,12.186666666666666,12.186666666666651
S2324-G0298,D. Brooks,4,5.633333333333333,5.633452380952384
S2324-G0298,D. McDermott,1,6.166666666666667,6.166666666666664
S2324-G0298,D. McDermott,2,3.1,3.0999999999999948
S2324-G0298,D. McDermott,4,10.7,10.700076923076947
S2324-G0298,D. Vassell,1,3.233333333333333,3.233333333333346
S2324-G0298,D. Vassell,2,25.10952380952381,25.088524142442534
S2324-G0298,D. Vassell,3,12.19,12.19000000000004
S2324-G0298,D. Vassell,4,14.184415584415584,14.184415584415556
S2324-G0298,F. VanVleet,1,15.095238095238095,15.093563455988441
S2324-G0298,F. VanVleet,2,15.106666666666666,15.106666666666605
S2324-G0298,F. VanVleet,3,7.877777777777777,7.877429487179463
S2324-G0298,F. VanVleet,4,20.893506493506493,20.87943418109662
S2324-G0298,J. Champagnie,1,0.8,0.7999999999999988
S2324-G0298,J. Champagnie,2,0.8666666666666667,0.8666666666666675
S2324-G0298,J. Champagnie,3,3.1666666666666665,3.166666666666666
S2324-G0298,J. Green,1,15.486813186813187,15.498257959197662
S2324-G0298,J. Green,2,30.788235294117648,30.79318299200794
S2324-G0298,J. Green,3,7.825,7.825000000000028
S2324-G0298,J. Green,4,0.8666666666666667,0.866666666666668
S2324-G0298,J. Smith Jr.,1,9.685714285714287,9.686199675324696
S2324-G0298,J. Smith Jr.,2,12.06969696969697,12.069945887445863
S2324-G0298,J. Smith Jr.,3,8.6,8.599999999999973
S2324-G0298,J. Smith Jr.,4,10.277777777777779,10.26448447108447
S2324-G0298,J. Sochan,1,9.877777777777778,9.87777777777775
S2324-G0298,J. Sochan,2,3.125,3.125
S2324-G0298,J. Sochan,3,5.533333333333333,5.5333333333333234
S2324-G0298,J. Sochan,4,17.63714285714286,17.61271793031528
S2324-G0298,J. Tate,1,5.1,5.100000000000014
S2324-G0298,J. Tate,3,6.233333333333333,6.233333333333344
S2324-G0298,K. Johnson,1,7.875,7.864597272172261
S2324-G0298,K. Johnson,2,20.442857142857143,20.442179091741558
S2324-G0298,K. Johnson,3,9.612987012987013,9.613051731601763
S2324-G0298,K. Johnson,4,10.177777777777779,10.179157661782654
S2324-G0298,L. Mayberry,2,1.2,1.200000000000001
S2324-G0298,M. Branham,1,10.614285714285714,10.614285714285693
S2324-G0298,M. Branham,2,20.66785714285714,20.678167636611697
S2324-G0298,M. Branham,3,5.455555555555556,5.455555555555541
S2324-G0298,M. Branham,4,9.864285714285714,9.864285714285689
S2324-G0298,S. Mamukelashvili,2,0.9000000000000001,0.9000000000000038
S2324-G0298,T. Eason,1,5.475,5.47500000000001
S2324-G0298,T. Eason,2,14.192307692307692,14.19237591575088
S2324-G0298,T. Eason,3,3.29,3.2899999999999987
S2324-G0298,T. Eason,4,35.848051948051946,35.80705374624936
S2324-G0298,T. Jones,1,4.2,4.2000000000000135
S2324-G0298,T. Jones,2,0.8666666666666667,0.8666666666666675
S2324-G0298,T. Jones,3,1.9047619047619047,1.903976190476194
S2324-G0298,T. Jones,4,1.9,1.8999999999999952
S2324-G0298,V. Wembanyama,1,17.646153846153847,17.617799029625324
S2324-G0298,V. Wembanyama,2,7.491666666666667,7.490861339640743
S2324-G0298,V. Wembanyama,3,23.173333333333336,23.19768118403782
S2324-G0298,V. Wembanyama,4,5.255844155844156,5.255844155844133
S2324-G0298,Z. Collins,1,5.666666666666667,5.666904761904756
S2324-G0298,Z. Collins,2,0.8,0.799999999999998
S2324-G0298,Z. Collins,3,3.35,3.350000000000013
S2324-G0298,Z. Collins,4,5.125,5.125
S2324-G0299,A. Lawson,1,3.125,3.125
S2324-G0299,A. Lawson,2,9.766666666666666,9.766666666666653
S2324-G0299,A. Lawson,3,9.738095238095237,9.738095238095198
S2324-G0299,B. Biyombo,1,5.166666666666667,5.1666666666666465
S2324-G0299,B. Biyombo,2,0.8,0.799999999999998
S2324-G0299,B. Biyombo,3,0.9333333333333332,0.9333333333333365
S2324-G0299,D. Bane,1,15.1,15.099999999999945
S2324-G0299,D. Bane,2,24.781372549019608,24.780915598058613
S2324-G0299,D. Bane,3,14.186666666666666,14.186771428571392
S2324-G0299,D. Bane,4,23.866153846153846,23.860213682395994
S2324-G0299,D. Exum,1,5.425,5.424999999999979
S2324-G0299,D. Exum,2,25.705882352941178,25.717101007325997
S2324-G0299,D. Exum,3,7.475,7.474999999999983
S2324-G0299,D. Exum,4,6.207058823529413,6.203527909835275
S2324-G0299,D. Jones Jr.,1,15.266666666666666,15.266049725274767
S2324-G0299,D. Lively II,1,13.823809523809523,13.822825937950912
S2324-G0299,D. Lively II,2,5.1923076923076925,5.193326923076938
S2324-G0299,D. Lively II,3,11.993181818181819,11.993280591630535
S2324-G0299,D. Lively II,4,9.472527472527473,9.472539835164795
S2324-G0299,D. Powell,1,3.233333333333333,3.233333333333346
S2324-G0299,D. Powell,3,0.8666666666666667,0.8666666666666676
S2324-G0299,D. Powell,4,5.1,5.100000000000014
S2324-G0299,D. Roddy,1,5.525,5.524999999999992
S2324-G0299,D. Roddy,2,7.506666666666667,7.5066666666666615
S2324-G0299,D. Roddy,3,8.564285714285713,8.564285714285694
S2324-G0299,D. Roddy,4,11.033333333333333,11.032228679653663
S2324-G0299,D. Rose,1,5.4,5.39999999999999
S2324-G0299,D. Rose,2,7.503030303030304,7.5028777056277045
S2324-G0299,D. Rose,3,12.93,12.929999999999982
S2324-G0299,J. Hardy,1,9.67142857142857,9.671428571428576
S2324-G0299,J. Hardy,2,16.76666666666667,16.787517857142905
S2324-G0299,J. Hardy,3,7.4,7.400000000000017
S2324-G0299,J. Hardy,4,23.036507936507938,23.03369791156554
S2324-G0299,J. Jackson Jr.,1,23.525396825396825,23.52170585656175
S2324-G0299,J. Jackson Jr.,2,24.753333333333334,24.75389744928279
S2324-G0299,J. Jackson Jr.,3,32.67333333333333,32.6826144790666
S2324-G0299,J. Jackson Jr.,4,30.816666666666666,30.765431793004836
S2324-G0299,J. Konchar,1,10.877777777777778,10.877777777777748
S2324-G0299,J. Konchar,2,0.8666666666666667,0.8666666666666676
S2324-G0299,J. Konchar,4,8.677777777777777,8.683872394272377
S2324-G0299,J. Nowell,1,5.466666666666667,5.46666666666669
S2324-G0299,J. Nowell,2,0.8666666666666667,0.8666666666666683
S2324-G0299,L. Doncic,1,23.5,23.46450510681271
S2324-G0299,L. Doncic,2,22.142857142857142,22.13573162507429
S2324-G0299,L. Doncic,3,23.080952380952382,23.07263197619375
S2324-G0299,L. Doncic,4,18.46785714285714,18.471392889055377
S2324-G0299,M. Morris,2,3.233333333333333,3.233333333333346
S2324-G0299,M. Morris,3,11.5,11.501284104784107
S2324-G0299,M. Morris,4,5.5,5.5
S2324-G0299,O. Prosper,1,12.833333333333332,12.83333333333334
S2324-G0299,O. Prosper,2,3.195238095238095,3.1951666666666676
S2324-G0299,O. Prosper,3,6.166666666666667,6.166666666666664
S2324-G0299,O. Prosper,4,8.514285714285714,8.514285714285732
S2324-G0299,S. Aldama,1,8.629999999999999,8.630000000000042
S2324-G0299,S. Aldama,2,0.8666666666666667,0.8666666666666687
S2324-G0299,S. Aldama,3,13.175,13.174250166500178
S2324-G0299,S. Curry,1,3.1,3.0999999999999948
S2324-G0299,S. Curry,2,7.46969696969697,7.469696969696992
S2324-G0299,S. Curry,3,9.614285714285714,9.614285714285689
S2324-G0299,S. Curry,4,0.8666666666666667,0.8666666666666687
S2324-G0299,V. Williams Jr.,1,3.233333333333333,3.233333333333346
S2324-G0299,V. Williams Jr.,2,0.8666666666666667,0.8666666666666683
S2324-G0299,V. Williams Jr.,3,0.8666666666666667,0.8666666666666673
S2324-G0299,V. Williams Jr.,4,17.986153846153847,18.022394086469106
S2324-G0299,X. Tillman,2,3.071428571428571,3.071428571428564
S2324-G0299,X. Tillman,3,1.0666666666666667,1.0666666666666644
S2324-G0299,Z. Williams,2,8.466666666666667,8.466666666666692
S2324-G0299,Z. Williams,3,7.466666666666667,7.466666666666693
S2324-G0299,Z. Williams,4,3.233333333333333,3.233333333333346
S2324-G0304,A. Simons,1,18.1030303030303,18.10311488511482
S2324-G0304,A. Simons,2,20.51298701298701,20.512496753246822
S2324-G0304,A. Simons,3,18.15,18.150000000000063
S2324-G0304,A. Simons,4,38.116239316239316,38.04105316422499
S2324-G0304,D. Reath,1,9.864285714285714,9.864285714285689
S2324-G0304,D. Reath,2,12.19,12.190105555555597
S2324-G0304,D. Reath,3,16.184415584415586,16.184415584415557
S2324-G0304,D. Reath,4,0.8666666666666667,0.866666666666668
S2324-G0304,D. Theis,1,8.4,8.400000000000027
S2324-G0304,D. Theis,2,3.233333333333333,3.233333333333346
S2324-G0304,D. Theis,3,0.8666666666666667,0.8666666666666673
S2324-G0304,D. Theis,4,0.8,0.799999999999998
S2324-G0304,I. Zubac,1,35.74583333333333,35.71496888400553
S2324-G0304,I. Zubac,2,0.8,0.8000000000000006
S2324-G0304,I. Zubac,3,7.466666666666667,7.4666666666666925
S2324-G0304,I. Zubac,4,7.5600000000000005,7.559877777777742
S2324-G0304,J. Harden,1,5.3,5.29999999999998
S2324-G0304,J. Harden,2,21.733333333333334,21.732779197191622
S2324-G0304,J. Harden,3,15.866666666666665,15.866666666666676
S2324-G0304,J. Harden,4,13.2,13.199999999999983
S2324-G0304,J. Walker,1,2.838095238095238,2.8380952380952453
S2324-G0304,J. Walker,2,10.613675213675215,10.620031046731064
S2324-G0304,J. Walker,3,3.1666666666666665,3.166666666666666
S2324-G0304,J. Walker,4,5.199999999999999,5.20000000000002
S2324-G0304,K. Brown,2,3.1666666666666665,3.166666666666666
S2324-G0304,K. Leonard,1,19.155844155844154,19.155435425685376
S2324-G0304,K. Leonard,2,5.425,5.424999999999979
S2324-G0304,K. Leonard,3,34.418181818181814,34.4439590614451
S2324-G0304,K. Leonard,4,22.54090909090909,22.546508688117033
S2324-G0304,M. Brown,1,5.199999999999999,5.20000000000002
S2324-G0304,M. Brown,2,12.011111111111113,12.011455591630586
S2324-G0304,M. Brown,4,7.941558441558442,7.939725829725842
S2324-G0304,M. Thybulle,1,7.466666666666667,7.466666666666693
S2324-G0304,M. Thybulle,2,0.9000000000000001,0.9000000000000038
S2324-G0304,M. Thybulle,3,19.099999999999998,19.099981851481797
S2324-G0304,M. Thybulle,4,0.8,0.7999999999999986
S2324-G0304,N. Powell,1,6.25,6.25
S2324-G0304,N. Powell,2,23.75824175824176,23.75488490471947
S2324-G0304,N. Powell,3,5.166666666666667,5.1666666666666465
S2324-G0304,N. Powell,4,5.203030303030303,5.20303030303032
S2324-G0304,P. George,1,9.803030303030303,9.802415151515117
S2324-G0304,P. George,2,19.395238095238096,19.395238095238156
S2324-G0304,P. George,3,6.166666666666667,6.166666666666664
S2324-G0304,P. George,4,27.383333333333333,27.39144989430502
S2324-G0304,R. Westbrook,1,12.806666666666667,12.806666666666672
S2324-G0304,R. Westbrook,3,17.212987012987014,17.212852813852816
S2324-G0304,R. Westbrook,4,0.8,0.7999999999999997
S2324-G0304,S. Henderson,1,17.1030303030303,17.101345454545402
S2324-G0304,S. Henderson,2,24.175,24.171095324120383
S2324-G0304,S. Henderson,3,17.511111111111113,17.511211233211178
S2324-G0304,S. Henderson,4,0.8,0.8000000000000006
S2324-G0304,S. Sharpe,1,28.314285714285717,28.331559266112237
S2324-G0304,S. Sharpe,2,10.49,10.252760294117659
S2324-G0304,S. Sharpe,3,18.455844155844154,18.455831601731674
S2324-G0304,S. Sharpe,4,12.89,12.89000000000001
S2324-G0304,T. Camara,1,0.825,0.8249999999999992
S2324-G0304,T. Camara,3,3.14,3.139999999999989
S2324-G0304,T. Camara,4,19.4275,19.424152620805348
S2324-G0304,T. Mann,1,10.425,10.424999999999972
S2324-G0304,T. Mann,2,3.2,3.2000000000000095
S2324-G0304,T. Mann,3,7.55,7.549999999999972
S2324-G0304,T. Mann,4,5.204761904761904,5.204761904761888
S2324-G0307,A. Dosunmu,1,3.155555555555556,3.1555555555555634
S2324-G0307,A. Dosunmu,2,3.071428571428571,3.0714285714285636
S2324-G0307,A. Dosunmu,3,7.233333333333333,7.233691486291495
S2324-G0307,A. Dosunmu,4,15.095238095238095,15.093793073593055
S2324-G0307,A. Drummond,1,1.0666666666666667,1.0666666666666644
S2324-G0307,A. Drummond,2,5.204761904761904,5.205119047619032
S2324-G0307,A. Drummond,3,7.65,7.650000000000019
S2324-G0307,A. Drummond,4,7.326666666666667,7.324874567099565
S2324-G0307,A. Gordon,1,7.533333333333334,7.533333333333316
S2324-G0307,A. Gordon,2,19.903030303030302,19.844992751692793
S2324-G0307,A. Gordon,3,5.1,5.100000000000014
S2324-G0307,A. Gordon,4,15.2,15.20285178155175
S2324-G0307,C. Braun,1,14.755555555555555,14.776664971139958
S2324-G0307,C. Braun,2,7.16969696969697,7.172874109224118
S2324-G0307,C. Braun,3,3.125,3.125
S2324-G0307,C. Braun,4,5.125,5.125
S2324-G0307,C. White,1,17.484415584415583,17.484415584415622
S2324-G0307,C. White,2,12.425454545454544,12.451617528549889
S2324-G0307,C. White,3,25.755844155844155,25.75318765123761
S2324-G0307,C. White,4,9.52967032967033,9.524745879120873
S2324-G0307,D. DeRozan,1,17.525,17.524884018759078
S2324-G0307,D. DeRozan,2,10.379999999999999,10.402844191919215
S2324-G0307,D. DeRozan,3,14.401098901098901,14.408635186545519
S2324-G0307,D. DeRozan,4,5.183333333333333,5.181488827838807
S2324-G0307,D. Jordan,1,1.0833333333333335,1.0834273809523833
S2324-G0307,D. Jordan,2,9.6,9.59636675824173
S2324-G0307,D. Jordan,3,3.1333333333333333,3.12558333333333
S2324-G0307,D. Jordan,4,8.567499999999999,8.569493040293052
S2324-G0307,D. Terry,2,7.546666666666667,7.546666666666642
S2324-G0307,D. Terry,4,0.8666666666666667,0.8666666666666687
S2324-G0307,J. Carter,1,16.211111111111112,16.211111111111187
S2324-G0307,J. Carter,2,5.4,5.399772727272717
S2324-G0307,J. Carter,3,13.104761904761904,13.105689862914842
S2324-G0307,J. Carter,4,0.8666666666666667,0.8666666666666681
S2324-G0307,J. Holiday,1,6.166666666666667,6.166666666666664
S2324-G0307,J. Holiday,2,0.8,0.7999999999999983
S2324-G0307,J. Holiday,3,6.166666666666667,6.166666666666664
S2324-G0307,J. Holiday,4,7.475,7.474999999999983
S2324-G0307,J. Phillips,2,3.1333333333333333,3.133333333333328
S2324-G0307,J. Strawther,1,0.9466666666666665,0.9466666666666658
S2324-G0307,J. Strawther,2,3.1,3.0999999999999948
S2324-G0307,J. Strawther,3,20.192307692307693,20.18997205674868
S2324-G0307,J. Strawther,4,16.057142857142857,16.058797522412267
S2324-G0307,K. Caldwell-Pope,1,5.1,5.100000000000014
S2324-G0307,K. Caldwell-Pope,2,9.806666666666667,9.80666666666663
S2324-G0307,M. Porter Jr.,1,18.766666666666666,18.76682828282837
S2324-G0307,M. Porter Jr.,2,7.455555555555556,7.455555555555535
S2324-G0307,M. Porter Jr.,3,28.0475,28.050079196538764
S2324-G0307,M. Porter Jr.,4,3.204761904761905,3.2047619047618925
S2324-G0307,N. Jokic,1,11.88095238095238,11.881737591575053
S2324-G0307,N. Jokic,2,5.555555555555555,5.555555555555554
S2324-G0307,N. Vucevic,1,20.895238095238096,20.89439373143198
S2324-G0307,N. Vucevic,2,23.96923076923077,23.96095440115441
S2324-G0307,N. Vucevic,3,16.072527472527472,16.072552197802167
S2324-G0307,N. Vucevic,4,17.53,17.53033863636371
S2324-G0307,P. Watson,1,14.475,14.473326714951686
S2324-G0307,P. Watson,2,0.8,0.7999999999999983
S2324-G0307,P. Watson,3,5.133333333333333,5.133388888888883
S2324-G0307,P. Watson,4,0.8,0.799999999999998
S2324-G0307,P. Williams,1,10.833333333333332,10.833333333333313
S2324-G0307,P. Williams,2,5.6000000000000005,5.600000000000007
S2324-G0307,P. Williams,3,0.8666666666666667,0.8666666666666675
S2324-G0307,P. Williams,4,11.93,11.929999999999996
S2324-G0307,R. Jackson,1,20.395238095238096,20.395435149572716
S2324-G0307,R. Jackson,2,20.305128205128206,20.321452202828162
S2324-G0307,R. Jackson,3,12.814285714285713,12.814426018426
S2324-G0307,R. Jackson,4,11.799999999999999,11.799999999999997
S2324-G0307,T. Craig,1,3.35,3.350000000000013
S2324-G0307,T. Craig,2,0.8200000000000001,0.8356828282828276
S2324-G0307,T. Craig,3,7.533333333333333,7.533333333333318
S2324-G0307,T. Craig,4,3.1,3.0999999999999956
S2324-G0307,T. Taylor,4,5.25,5.25
S2324-G0310,A. Burks,2,10.864285714285714,10.864285714285698
S2324-G0310,A. Burks,3,10.304761904761905,10.293737698412729
S2324-G0310,A. Thompson,1,5.125,5.125
S2324-G0310,A. Thompson,2,5.4363636363636365,5.436363636363613
S2324-G0310,A. Thompson,3,9.57777777777778,9.577777777777781
S2324-G0310,A. Thompson,4,9.614285714285714,9.614285714285689
S2324-G0310,B. Bogdanovic,1,24.742307692307694,24.741827245793502
S2324-G0310,B. Bogdanovic,2,21.66785714285714,21.674069716394683
S2324-G0310,B. Bogdanovic,3,9.503030303030304,9.503030303030302
S2324-G0310,B. Bogdanovic,4,24.395238095238096,24.38892732863544
S2324-G0310,C. Cunningham,1,12.35,12.39680779775779
S2324-G0310,C. Cunningham,2,27.778609625668448,27.776444339698813
S2324-G0310,C. Cunningham,3,22.796791443850267,22.799136133483
S2324-G0310,D. House Jr.,4,7.671428571428571,7.671599206349211
S2324-G0310,D. Melton,1,10.912987012987012,10.912987012987033
S2324-G0310,D. Melton,2,7.5,7.5
S2324-G0310,D. Melton,3,15.167307692307691,15.167291666666632
S2324-G0310,F. Korkmaz,4,3.1666666666666665,3.166666666666666
S2324-G0310,I. Livers,1,5.3,5.298595238095219
S2324-G0310,I. Livers,2,3.1666666666666665,3.166666666666666
S2324-G0310,I. Livers,4,5.533333333333334,5.5333333333333234
S2324-G0310,I. Stewart,1,3.3,3.2999999999999967
S2324-G0310,I. Stewart,2,2.9,2.8999999999999893
S2324-G0310,I. Stewart,3,7.491666666666667,7.490746897710125
S2324-G0310,J. Embiid,1,38.645833333333336,39.46837439187055
S2324-G0310,J. Embiid,2,28.084415584415584,28.073892002441962
S2324-G0310,J. Embiid,3,32.69838056680162,32.69856068879514
S2324-G0310,J. Ivey,1,5.4,5.39999999999999
S2324-G0310,J. Ivey,2,4.1,4.068063492063501
S2324-G0310,J. Ivey,3,14.226666666666667,14.22590357142853
S2324-G0310,J. Ivey,4,5.699999999999999,5.7000000000000215
S2324-G0310,J. Springer,4,10.546666666666665,10.546666666666635
S2324-G0310,J. Wiseman,1,22.775,22.775082264957287
S2324-G0310,J. Wiseman,2,5.175,5.174999999999982
S2324-G0310,J. Wiseman,3,0.8,0.8000000000000007
S2324-G0310,J. Wiseman,4,1.1,1.100166666666663
S2324-G0310,K. Hayes,1,14.117857142857142,14.117439560439621
S2324-G0310,K. Hayes,2,0.8666666666666667,0.8666666666666668
S2324-G0310,K. Hayes,3,7.466666666666667,7.466666666666693
S2324-G0310,K. Hayes,4,5.371428571428571,5.371428571428598
S2324-G0310,K. Knox II,4,19.57012987012987,19.570106884781836
S2324-G0310,K. Martin,4,5.333333333333333,5.333333333333344
S2324-G0310,K. Oubre Jr.,1,11.614285714285714,11.614285714285709
S2324-G0310,K. Oubre Jr.,2,10.55,10.549999999999976
S2324-G0310,K. Oubre Jr.,3,9.55,9.549999999999969
S2324-G0310,K. Oubre Jr.,4,9.755555555555555,9.755988888888858
S2324-G0310,M. Bamba,4,5.166666666666667,5.1666666666666465
S2324-G0310,M. Morris Sr.,1,1.0,1.0
S2324-G0310,M. Morris Sr.,2,9.59,9.589999999999968
S2324-G0310,M. Morris Sr.,3,1.15,1.1499166666666705
S2324-G0310,M. Morris Sr.,4,0.8666666666666667,0.8666666666666678
S2324-G0310,M. Sasser,4,15.933333333333334,15.943460714285742
S2324-G0310,N. Batum,1,0.8666666666666667,0.8666666666666686
S2324-G0310,N. Batum,2,5.125,5.125
S2324-G0310,N. Batum,3,6.199999999999999,6.200000000000022
S2324-G0310,P. Beverley,1,10.864285714285714,10.864285714285698
S2324-G0310,P. Beverley,3,0.9000000000000001,0.9000000000000038
S2324-G0310,P. Reed,2,3.3666666666666667,3.366666666666673
S2324-G0310,P. Reed,4,10.517857142857142,10.517998376623364
S2324-G0310,R. Covington,2,3.1363636363636362,3.1363636363636282
S2324-G0310,R. Covington,4,12.816666666666668,12.817375163725142
S2324-G0310,T. Harris,1,14.933333333333334,14.932457500832522
S2324-G0310,T. Harris,2,10.625,10.626607142857145
S2324-G0310,T. Harris,3,17.099999999999998,17.100108928571373
S2324-G0310,T. Harris,4,5.1,5.100000000000014
S2324-G0310,T. Maxey,1,11.184415584415584,11.172194155844165
S2324-G0310,T. Maxey,2,7.506666666666667,7.5066666666666615
S2324-G0310,T. Maxey,3,9.625,9.625089285714285
S2324-G0310,T. Maxey,4,14.471428571428572,14.51774563492064
S2324-G0322,A. Brooks,3,3.3666666666666667,3.366666666666674
S2324-G0322,A. Brooks,4,25.549999999999997,25.468347882019966
S2324-G0322,A. Gordon,1,7.466666666666667,7.466666666666693
S2324-G0322,A. Gordon,2,12.966666666666667,12.966666666666688
S2324-G0322,A. Gordon,3,16.2125,16.218869978061097
S2324-G0322,C. Braun,1,3.35,3.350000000000013
S2324-G0322,C. Braun,2,3.2,3.2000000000000095
S2324-G0322,C. Braun,4,29.3675,29.361316324009653
S2324-G0322,C. Johnson,1,8.438095238095238,8.438095238095231
S2324-G0322,C. Johnson,2,9.716666666666667,9.720005461205481
S2324-G0322,C. Johnson,3,17.46923076923077,17.48037206780149
S2324-G0322,C. Thomas,1,11.74,11.74004999999998
S2324-G0322,C. Thomas,2,24.067058823529415,24.057919752272156
S2324-G0322,C. Thomas,3,9.75,9.75232786102786
S2324-G0322,D. Finney-Smith,1,0.8666666666666667,0.866666666666668
S2324-G0322,D. Finney-Smith,2,5.504761904761905,5.504761904761916
S2324-G0322,D. Finney-Smith,3,3.35,3.350000000000013
S2324-G0322,D. Jordan,1,0.8666666666666667,0.866666666666669
S2324-G0322,D. Jordan,2,7.59,7.5900166666666475
S2324-G0322,D. Jordan,4,0.95,0.9499999999999976
S2324-G0322,D. Sharpe,1,3.2,3.2000000000000095
S2324-G0322,D. Sharpe,2,7.85,7.898654820179825
S2324-G0322,D. Sharpe,3,0.925,0.9250000000000022
S2324-G0322,D. Sharpe,4,20.695238095238093,20.63783662171165
S2324-G0322,H. Giles III,3,9.733333333333334,9.73404166666668
S2324-G0322,H. Giles III,4,24.295804195804198,24.215992236521675
S2324-G0322,H. Tyson,4,0.8666666666666667,0.866666666666669
S2324-G0322,J. Holiday,1,9.9,9.900000000000036
S2324-G0322,J. Holiday,2,3.3666666666666663,3.366666666666672
S2324-G0322,J. Holiday,3,3.2142857142857144,3.2142857142857086
S2324-G0322,J. Holiday,4,3.1,3.0999999999999943
S2324-G0322,J. Murray,1,21.511111111111113,21.508297557997498
S2324-G0322,J. Murray,2,22.34166666666667,22.25083595016093
S2324-G0322,J. Murray,3,9.89,9.890000000000041
S2324-G0322,J. Pickett,4,6.166666666666667,6.166666666666664
S2324-G0322,J. Strawther,1,3.566666666666667,3.5666666666666793
S2324-G0322,J. Strawther,2,7.533333333333334,7.533333333333316
S2324-G0322,J. Strawther,3,10.766666666666666,10.766666666666662
S2324-G0322,J. Strawther,4,15.427272727272726,15.426728736949357
S2324-G0322,J. Wilson,2,3.2,3.2000000000000024
S2324-G0322,J. Wilson,4,12.8,12.801060409035408
S2324-G0322,M. Bridges,1,14.792857142857143,14.797811463536442
S2324-G0322,M. Bridges,2,7.371428571428571,7.371428571428604
S2324-G0322,M. Bridges,3,7.736363636363636,7.736401598401609
S2324-G0322,M. Porter Jr.,1,12.19,12.19000000000004
S2324-G0322,M. Porter Jr.,2,3.5,3.4958333333333336
S2324-G0322,M. Porter Jr.,3,14.93,14.929974999999963
S2324-G0322,N. Claxton,1,7.503030303030304,7.503020646020644
S2324-G0322,N. Claxton,2,14.18095238095238,14.181432364367708
S2324-G0322,N. Claxton,3,11.788888888888888,11.789359554334494
S2324-G0322,N. Jokic,1,9.533333333333333,9.533333333333314
S2324-G0322,N. Jokic,2,16.37142857142857,16.35219674769675
S2324-G0322,N. Jokic,3,30.962105263157895,30.992852443024866
S2324-G0322,P. Watson,1,11.9,11.900000000000043
S2324-G0322,P. Watson,2,3.225,3.225000000000012
S2324-G0322,P. Watson,3,7.433333333333333,7.4333333333333345
S2324-G0322,P. Watson,4,22.45873015873016,22.45413374893083
S2324-G0322,R. Jackson,1,14.033333333333335,14.033686507936487
S2324-G0322,R. Jackson,2,13.106666666666666,13.106666666666612
S2324-G0322,R. Jackson,3,0.8666666666666667,0.8666666666666686
S2324-G0322,R. Jackson,4,17.767307692307693,17.751707849993135
S2324-G0322,R. O'Neale,1,0.8,0.799999999999999
S2324-G0322,R. O'Neale,3,5.3,5.29999999999998
S2324-G0322,S. Dinwiddie,1,14.299999999999999,14.292334435009465
S2324-G0322,S. Dinwiddie,2,7.4399999999999995,7.440000000000035
S2324-G0322,S. Dinwiddie,3,23.407058823529415,23.410706781943553
S2324-G0322,T. Watford,1,9.78,9.780127777777755
S2324-G0322,T. Watford,2,3.105555555555555,3.1055555555555645
S2324-G0322,T. Watford,4,20.916666666666668,20.893722197247147
S2324-G0322,Z. Nnaji,4,10.5,10.499725274725277
S2324-G0324,A. Vezenkov,1,3.1,3.0999999999999948
S2324-G0324,A. Vezenkov,2,3.155555555555556,3.1555555555555634
S2324-G0324,A. Vezenkov,4,8.475,8.474999999999973
S2324-G0324,A. Wiggins,2,16.133333333333333,16.133333333333322
S2324-G0324,C. Holmgren,1,5.533333333333333,5.5333333333333234
S2324-G0324,C. Holmgren,2,5.1439560439560434,5.143950591075576
S2324-G0324,C. Holmgren,3,13.74,13.73999999999995
S2324-G0324,C. Holmgren,4,20.767543859649123,20.757663130462575
S2324-G0324,C. Wallace,1,0.8666666666666667,0.8666666666666686
S2324-G0324,C. Wallace,2,6.055555555555555,6.054106371406376
S2324-G0324,C. Wallace,3,0.8666666666666667,0.8666666666666685
S2324-G0324,C. Wallace,4,5.371428571428571,5.371428571428598
S2324-G0324,D. Bertans,4,3.1153846153846154,3.1196321178821282
S2324-G0324,D. Fox,1,10.85,10.850518162393127
S2324-G0324,D. Fox,2,25.7675,25.764396021462204
S2324-G0324,D. Fox,3,28.48095238095238,28.467708136789273
S2324-G0324,D. Fox,4,37.23333333333333,38.66150608668526
S2324-G0324,D. Sabonis,1,7.591452991452991,7.591078754578773
S2324-G0324,D. Sabonis,2,26.133333333333333,26.138031181318656
S2324-G0324,D. Sabonis,3,17.225,17.22537008547003
S2324-G0324,D. Sabonis,4,3.175,3.1749999999999985
S2324-G0324,H. Barnes,1,10.864285714285714,10.864285714285698
S2324-G0324,H. Barnes,3,3.2142857142857144,3.2142857142857086
S2324-G0324,H. Barnes,4,9.833333333333332,9.833333333333306
S2324-G0324,I. Joe,1,8.6,8.599999999999973
S2324-G0324,I. Joe,2,5.371428571428571,5.371428571428598
S2324-G0324,I. Joe,3,6.199999999999999,6.200000000000022
S2324-G0324,I. Joe,4,5.345454545454546,5.345112665112676
S2324-G0324,J. Giddey,1,7.612987012987014,7.612987012987033
S2324-G0324,J. Giddey,2,3.204761904761905,3.2047619047618925
S2324-G0324,J. Giddey,3,24.7275,24.726863031756697
S2324-G0324,J. Giddey,4,18.354545454545455,18.3579956388039
S2324-G0324,J. McGee,1,5.333333333333333,5.333333333333344
S2324-G0324,J. McGee,2,0.8666666666666667,0.8666666666666678
S2324-G0324,J. Williams,1,17.792307692307695,17.78155776102984
S2324-G0324,J. Williams,2,15.402380952380952,15.401446966535381
S2324-G0324,J. Williams,3,5.4,5.442026190476195
S2324-G0324,J. Williams,4,12.047222222222222,12.065037081056182
S2324-G0324,K. Ellis,1,8.614285714285714,8.614285714285694
S2324-G0324,K. Ellis,2,10.4,10.400125000000038
S2324-G0324,K. Ellis,3,6.3,6.299999999999978
S2324-G0324,K. Ellis,4,13.743956043956043,13.743076323676371
S2324-G0324,K. Huerter,1,14.233333333333334,14.236372979797935
S2324-G0324,K. Huerter,2,5.514285714285714,5.51428571428573
S2324-G0324,K. Huerter,3,5.514285714285714,5.51428571428573
S2324-G0324,K. Murray,1,14.166666666666666,14.166666666666647
S2324-G0324,K. Murray,2,0.9,0.9000000000000035
S2324-G0324,K. Murray,3,12.94155844155844,12.941631507381503
S2324-G0324,K. Murray,4,9.203030303030303,9.244432173382188
S2324-G0324,K. Thomas,4,1.2,1.200000000000001
S2324-G0324,K. Williams,2,12.125,12.125
S2324-G0324,K. Williams,4,3.1,3.0999999999999943
S2324-G0324,L. Dort,1,10.552380952380952,10.552355555555527
S2324-G0324,L. Dort,2,4.175,4.172072619047608
S2324-G0324,L. Dort,3,6.4,6.392834523809525
S2324-G0324,L. Dort,4,17.95,18.03589002386505
S2324-G0324,M. Monk,1,10.355555555555556,10.355584415584453
S2324-G0324,M. Monk,2,12.716666666666667,12.716083333333353
S2324-G0324,M. Monk,3,22.8,22.809330727605783
S2324-G0324,M. Monk,4,10.042857142857143,10.052030511155497
S2324-G0324,O. Dieng,1,8.514285714285714,8.514285714285732
S2324-G0324,O. Dieng,3,8.371428571428572,8.371428571428606
S2324-G0324,S. Gilgeous-Alexander,1,35.73888888888889,35.735515297933034
S2324-G0324,S. Gilgeous-Alexander,2,13.82,13.822144008769039
S2324-G0324,S. Gilgeous-Alexander,3,33.41212121212121,33.41087348052274
S2324-G0324,S. Gilgeous-Alexander,4,26.092307692307692,26.091538322779673
S2324-G0324,T. Lyles,1,6.125,6.125
S2324-G0324,T. Lyles,2,3.2,3.2000000000000024
S2324-G0324,T. Lyles,3,7.664285714285715,7.66428571428575
S2324-G0324,T. Lyles,4,3.1666666666666665,3.166666666666666
S2324-G0328,A. Nesmith,1,13.705555555555556,13.705739641937038
S2324-G0328,A. Nesmith,2,8.45,8.45807222222224
S2324-G0328,A. Nesmith,3,7.765454545454546,7.756966483516478
S2324-G0328,A. Nesmith,4,8.584415584415584,8.584781385281419
S2324-G0328,B. Brown,1,9.877777777777778,9.87777777777775
S2324-G0328,B. Brown,2,9.766666666666666,9.766666666666653
S2324-G0328,B. Brown,3,3.255844155844156,3.255701298701289
S2324-G0328,B. Brown,4,0.8666666666666667,0.8666666666666676
S2324-G0328,B. Coulibaly,1,13.875,13.875048174048173
S2324-G0328,B. Coulibaly,2,15.836507936507935,15.836587173937218
S2324-G0328,B. Coulibaly,3,3.1666666666666665,3.166666666666666
S2324-G0328,B. Coulibaly,4,8.525,8.525000000000027
S2324-G0328,B. Hield,1,3.311111111111111,3.3111111111111224
S2324-G0328,B. Hield,2,7.9,7.896828138528159
S2324-G0328,B. Hield,3,20.68888888888889,20.683558998681036
S2324-G0328,B. Hield,4,15.133333333333333,15.13316666666666
S2324-G0328,B. Mathurin,1,11.4,11.400812004662045
S2324-G0328,B. Mathurin,2,9.685454545454546,9.684997319347334
S2324-G0328,B. Mathurin,3,13.025454545454545,13.040153790653775
S2324-G0328,B. Mathurin,4,3.0,3.0
S2324-G0328,B. Sheppard,2,0.8,0.7999999999999986
S2324-G0328,B. Sheppard,4,3.3666666666666667,3.366666666666674
S2324-G0328,C. Kispert,1,5.166666666666667,5.1666666666666465
S2324-G0328,C. Kispert,2,20.513333333333335,20.513256790595022
S2324-G0328,C. Kispert,3,12.833333333333332,12.83333333333334
S2324-G0328,C. Kispert,4,20.336363636363636,20.340463716838748
S2324-G0328,D. Avdija,1,9.586666666666666,9.586666666666638
S2324-G0328,D. Avdija,2,7.725,7.724999999999979
S2324-G0328,D. Avdija,3,5.533333333333334,5.5333333333333234
S2324-G0328,D. Avdija,4,7.564285714285714,7.564285714285693
S2324-G0328,D. Gafford,1,4.266666666666667,4.261061322011316
S2324-G0328,D. Gafford,2,0.9142857142857144,0.9142857142857117
S2324-G0328,D. Gafford,3,20.553333333333335,20.559481491874127
S2324-G0328,D. Gafford,4,0.9642857142857143,0.9642857142857153
S2324-G0328,D. Gallinari,1,3.0,3.0
S2324-G0328,D. Gallinari,2,7.5777777777777775,7.577735042735046
S2324-G0328,I. Jackson,1,18.56969696969697,18.553643320568334
S2324-G0328,I. Jackson,2,13.817857142857143,13.821450493950458
S2324-G0328,I. Jackson,3,0.9,0.9000000000000035
S2324-G0328,I. Jackson,4,20.568181818181817,20.567525898224652
S2324-G0328,J. Butler,4,5.25,5.25
S2324-G0328,J. Nwora,4,13.957142857142857,13.9567307692308
S2324-G0328,J. Poole,1,19.484415584415583,19.484415584415633
S2324-G0328,J. Poole,2,28.080952380952382,28.08619805672912
S2324-G0328,J. Poole,3,26.78095238095238,26.778160929021887
S2324-G0328,J. Poole,4,0.8666666666666667,0.8666666666666666
S2324-G0328,J. Walker,4,15.146666666666667,15.146666666666652
S2324-G0328,K. Kuzma,1,18.7075,18.712598205475278
S2324-G0328,K. Kuzma,2,20.442307692307693,20.442415766178218
S2324-G0328,K. Kuzma,3,23.78095238095238,23.779942353479804
S2324-G0328,K. Kuzma,4,24.898701298701297,24.90842391627981
S2324-G0328,M. Muscala,1,0.8666666666666667,0.8666666666666677
S2324-G0328,M. Muscala,2,0.8666666666666667,0.8666666666666675
S2324-G0328,M. Muscala,4,3.071428571428571,3.071428571428564
S2324-G0328,M. Turner,1,12.89,12.89000000000001
S2324-G0328,M. Turner,2,12.436363636363637,12.42909981962486
S2324-G0328,M. Turner,3,6.492857142857142,6.501536824286831
S2324-G0328,O. Toppin,1,19.417307692307695,19.41747656239952
S2324-G0328,O. Toppin,2,0.825,0.8249999999999992
S2324-G0328,O. Toppin,3,16.852380952380955,16.847883902208892
S2324-G0328,O. Toppin,4,0.8666666666666667,0.8666666666666683
S2324-G0328,O. Tshiebwe,4,5.166666666666667,5.1666666666666465
S2324-G0328,P. Baldwin Jr.,4,7.633333333333333,7.633333333333363
S2324-G0328,T. Haliburton,1,15.5,15.502547793872793
S2324-G0328,T. Haliburton,2,19.742307692307694,19.743099969475043
S2324-G0328,T. Haliburton,3,25.61045751633987,25.661295182522153
S2324-G0328,T. Jones,1,11.766666666666666,11.766666666666683
S2324-G0328,T. Jones,2,5.166666666666667,5.1666666666666465
S2324-G0328,T. Jones,3,10.586363636363636,10.573734459984472
S2324-G0328,T. Jones,4,5.206666666666667,5.206666666666683
S2324-G0328,T. McConnell,1,7.55,7.549999999999972
S2324-G0328,T. McConnell,2,5.355555555555555,5.355404040404069
S2324-G0328,T. McConnell,3,5.25,5.25
S2324-G0328,T. McConnell,4,17.467307692307692,17.467567528060194
S2324-G0329,A. Black,1,5.2272727272727275,5.227272727272743
S2324-G0329,A. Black,2,6.166666666666667,6.166666666666664
S2324-G0329,A. Black,3,9.76969696969697,9.769696969696955
S2324-G0329,A. Black,4,13.825,13.824999999999978
S2324-G0329,A. Schofield,4,3.4333333333333336,3.4333333333333225
S2324-G0329,C. Anthony,1,7.6,7.599999999999982
S2324-G0329,C. Anthony,2,15.805555555555555,15.809067183796644
S2324-G0329,C. Anthony,3,5.204761904761904,5.204761904761888
S2324-G0329,C. Anthony,4,10.479999999999999,10.480000000000013
S2324-G0329,C. Houstan,2,3.1,3.0999999999999948
S2324-G0329,C. Houstan,3,3.071428571428571,3.0714285714285636
S2324-G0329,C. Houstan,4,12.933333333333334,12.934619949494975
S2324-G0329,C. Okeke,4,3.1666666666666665,3.166666666666666
S2324-G0329,D. Schayes,1,1.2,1.200000000000001
S2324-G0329,D. White,1,10.066666666666666,10.06683116883115
S2324-G0329,D. White,2,9.997142857142858,9.996942857142818
S2324-G0329,D. White,3,15.877777777777778,15.87927777777775
S2324-G0329,D. White,4,21.513675213675214,21.514161136249296
S2324-G0329,F. Wagner,1,16.543181818181818,16.538188131313166
S2324-G0329,F. Wagner,2,16.217307692307692,16.217513476800995
S2324-G0329,F. Wagner,3,12.936363636363637,12.930758447108438
S2324-G0329,F. Wagner,4,7.425,7.424999999999971
S2324-G0329,G. Bitadze,1,13.833333333333332,13.83333333333335
S2324-G0329,G. Bitadze,2,6.29,6.289999999999981
S2324-G0329,G. Bitadze,3,16.229166666666664,16.233172909198593
S2324-G0329,G. Bitadze,4,0.838095238095238,0.8380952380952358
S2324-G0329,G. Harris,1,3.1666666666666665,3.166666666666666
S2324-G0329,G. Harris,2,5.1,5.100509090909107
S2324-G0329,G. Harris,3,3.1666666666666665,3.166666666666666
S2324-G0329,J. Brown,1,27.080952380952382,27.08098239538239
S2324-G0329,J. Brown,2,11.957142857142857,11.95919047619048
S2324-G0329,J. Brown,3,16.392307692307693,16.395135110232964
S2324-G0329,J. Holiday,1,3.2,3.200000000000003
S2324-G0329,J. Holiday,2,13.19,13.189508638910151
S2324-G0329,J. Holiday,3,8.4,8.400000000000027
S2324-G0329,J. Howard,4,3.3666666666666667,3.366666666666674
S2324-G0329,J. Ingles,1,3.2,3.2000000000000095
S2324-G0329,J. Isaac,2,11.7,11.699957292299207
S2324-G0329,J. Isaac,4,8.514285714285714,8.514285714285732
S2324-G0329,J. Suggs,1,15.233333333333333,15.233404166666606
S2324-G0329,J. Suggs,2,5.425,5.424999999999979
S2324-G0329,J. Suggs,3,13.766666666666666,13.76666666666671
S2324-G0329,J. Suggs,4,15.775,15.775000000000057
S2324-G0329,J. Tatum,1,21.8,21.80007023809532
S2324-G0329,J. Tatum,2,30.4625,30.44704002125319
S2324-G0329,J. Tatum,3,17.216666666666665,17.21580395160393
S2324-G0329,J. Tatum,4,15.244444444444445,15.244657142857191
S2324-G0329,K. Norman,1,1.2,1.200000000000001
S2324-G0329,L. Stevens,1,11.833333333333332,11.833333333333329
S2324-G0329,L. Stevens,3,8.657142857142858,8.658576312576304
S2324-G0329,L. Stevens,4,6.85,6.838404761904751
S2324-G0329,M. Wagner,1,0.8666666666666667,0.866666666666669
S2324-G0329,M. Wagner,2,3.2,3.2000000000000095
S2324-G0329,M. Wagner,3,3.3000000000000003,3.2999999999999967
S2324-G0329,M. Wagner,4,5.214285714285714,5.214285714285694
S2324-G0329,N. Queta,1,1.0666666666666667,1.0666666666666644
S2324-G0329,N. Queta,2,0.9047619047619047,0.9047619047619005
S2324-G0329,N. Queta,3,0.9000000000000001,0.9000000000000038
S2324-G0329,N. Queta,4,11.866666666666665,11.86673809523807
S2324-G0329,O. Brissett,2,14.78,14.780000000000046
S2324-G0329,O. Brissett,3,3.2666666666666666,3.26666666666666
S2324-G0329,O. Brissett,4,5.3,5.29999999999998
S2324-G0329,P. Banchero,1,15.177777777777777,15.17735360105584
S2324-G0329,P. Banchero,2,8.836363636363636,8.83104108946608
S2324-G0329,P. Banchero,3,27.655555555555555,27.68440508968152
S2324-G0329,P. Banchero,4,5.1,5.100000000000014
S2324-G0329,P. Pritchard,1,21.49,21.489918420631554
S2324-G0329,P. Pritchard,2,5.071428571428571,5.0714285714285605
S2324-G0329,P. Pritchard,3,12.506666666666666,12.506574603174599
S2324-G0329,P. Pritchard,4,8.506666666666666,8.506666666666662
S2324-G0329,S. Hauser,1,3.125,3.125
S2324-G0329,S. Hauser,2,12.957142857142857,12.956428571428594
S2324-G0329,S. Hauser,3,8.666666666666668,8.66666666666669
S2324-G0329,S. Hauser,4,8.492307692307692,8.492383653846197
S2324-G0329,S. Mykhailiuk,2,0.8666666666666667,0.8666666666666686
S2324-G0329,S. Mykhailiuk,4,3.1666666666666665,3.166666666666666
S2324-G0334,A. Burks,1,6.564285714285714,6.565044871794853
S2324-G0334,A. Green,1,8.666666666666668,8.66666666666669
S2324-G0334,A. Green,2,5.466666666666667,5.46666666666669
S2324-G0334,A. Green,3,6.166666666666667,6.166666666666664
S2324-G0334,A. Green,4,6.138095238095238,6.138095238095255
S2324-G0334,A. Jackson Jr.,1,12.911111111111111,12.911111111111076
S2324-G0334,A. Jackson Jr.,2,7.4363636363636365,7.436363636363635
S2324-G0334,A. Jackson Jr.,3,8.6,8.600086538461511
S2324-G0334,A. Jackson Jr.,4,3.0555555555555554,3.0555555555555456
S2324-G0334,A. Thompson,1,3.1380952380952376,3.1380952380952376
S2324-G0334,A. Thompson,2,5.175,5.174999999999982
S2324-G0334,A. Thompson,3,6.166666666666667,6.166666666666664
S2324-G0334,A. Thompson,4,9.93,9.93000000000002
S2324-G0334,B. Bogdanovic,1,12.19,12.19000000000004
S2324-G0334,B. Bogdanovic,2,24.433333333333334,24.439815133314422
S2324-G0334,B. Bogdanovic,3,19.343956043956045,19.3442186008436
S2324-G0334,B. Bogdanovic,4,6.264285714285714,6.264285714285729
S2324-G0334,B. Lopez,1,8.469696969696969,8.469750000000023
S2324-G0334,B. Lopez,2,5.214285714285714,5.214285714285694
S2324-G0334,B. Lopez,3,0.9333333333333332,0.9333333333333365
S2324-G0334,B. Lopez,4,0.9142857142857144,0.9142857142857117
S2324-G0334,B. Portis,1,1.0142857142857142,1.0142857142857122
S2324-G0334,B. Portis,2,39.72222222222222,40.062177450752685
S2324-G0334,B. Portis,3,13.146666666666667,13.14669523809524
S2324-G0334,B. Portis,4,22.525396825396825,22.52088909823838
S2324-G0334,C. Cunningham,1,21.473333333333333,21.47455185370187
S2324-G0334,C. Cunningham,2,16.0,15.998487179487167
S2324-G0334,C. Cunningham,3,17.436363636363637,17.436353328860726
S2324-G0334,C. Cunningham,4,12.964285714285714,12.963789610389627
S2324-G0334,C. Livingston,4,5.140000000000001,5.139999999999989
S2324-G0334,C. Payne,2,3.125,3.125
S2324-G0334,C. Payne,4,21.077124183006536,21.084670424020473
S2324-G0334,D. Lillard,1,39.105714285714285,39.067889946817914
S2324-G0334,D. Lillard,2,18.125,18.125140318015315
S2324-G0334,D. Lillard,3,29.334210526315786,29.342295199575993
S2324-G0334,G. Antetokounmpo,1,15.975,15.980833627483587
S2324-G0334,G. Antetokounmpo,2,8.546666666666667,8.54666666666664
S2324-G0334,G. Antetokounmpo,3,21.2,21.198474944173416
S2324-G0334,I. Livers,1,7.466666666666667,7.466666666666693
S2324-G0334,I. Livers,2,3.1666666666666665,3.166666666666666
S2324-G0334,I. Livers,3,5.664285714285715,5.661273809523817
S2324-G0334,I. Livers,4,7.966666666666667,7.9666547619047785
S2324-G0334,J. Harris,3,3.1666666666666665,3.166666666666666
S2324-G0334,J. Harris,4,0.8,0.7999999999999983
S2324-G0334,J. Ivey,1,14.34,14.346908538683552
S2324-G0334,J. Ivey,2,5.071428571428571,5.0714285714285605
S2324-G0334,J. Ivey,3,6.85,6.844571428571418
S2324-G0334,J. Ivey,4,29.736363636363638,29.71008333143888
S2324-G0334,J. Wiseman,1,5.125,5.125
S2324-G0334,J. Wiseman,2,5.4,5.401285714285703
S2324-G0334,J. Wiseman,3,7.65,7.650000000000019
S2324-G0334,J. Wiseman,4,23.572727272727274,23.56575962632142
S2324-G0334,K. Hayes,1,3.233333333333333,3.233333333333346
S2324-G0334,K. Hayes,2,5.214285714285714,5.214285714285694
S2324-G0334,K. Hayes,3,5.514285714285714,5.51428571428573
S2324-G0334,K. Knox II,2,0.825,0.8249999999999992
S2324-G0334,K. Knox II,4,5.666666666666667,5.666666666666661
S2324-G0334,L. Wigginton,4,16.266666666666666,16.277041403041462
S2324-G0334,M. Bagley III,1,12.226666666666667,12.215218681318664
S2324-G0334,M. Bagley III,2,11.725454545454545,11.72618209013208
S2324-G0334,M. Bagley III,3,16.25,16.249935245310247
S2324-G0334,M. Beauchamp,1,19.18095238095238,19.181670029970082
S2324-G0334,M. Beauchamp,2,5.29,5.289999999999985
S2324-G0334,M. Beauchamp,3,3.071428571428571,3.0714285714285636
S2324-G0334,M. Beauchamp,4,5.438095238095238,5.438095238095232
S2324-G0334,M. Sasser,1,0.8666666666666667,0.8666666666666686
S2324-G0334,M. Sasser,2,9.273333333333332,9.278831823731815
S2324-G0334,M. Sasser,3,6.25,6.25
S2324-G0334,M. Sasser,4,7.571428571428571,7.571428571428596
S2324-G0334,P. Connaughton,1,0.95,0.9499999999999977
S2324-G0334,P. Connaughton,2,6.199999999999999,6.200000000000022
S2324-G0334,P. Connaughton,3,6.140000000000001,6.139766666666674
S2324-G0334,R. Lopez,4,5.65,5.649999999999994
S2324-G0334,T. Antetokounmpo,2,0.8666666666666667,0.8666666666666686
S2324-G0334,T. Antetokounmpo,4,0.8666666666666667,0.8666666666666678
S2324-G0343,A. Coffey,1,5.371428571428571,5.371428571428598
S2324-G0343,A. Coffey,2,0.8666666666666667,0.8666666666666683
S2324-G0343,A. Coffey,3,0.8666666666666667,0.8666666666666677
S2324-G0343,A. Coffey,4,6.138095238095238,6.138095238095255
S2324-G0343,B. Boston Jr.,4,11.033333333333333,11.031993831168815
S2324-G0343,D. DiVincenzo,1,22.066666666666666,22.072750649350624
S2324-G0343,D. DiVincenzo,2,4.0,4.006185714285715
S2324-G0343,D. DiVincenzo,3,13.177777777777779,13.179219780219787
S2324-G0343,D. Jeffries,4,3.1666666666666665,3.166666666666666
S2324-G0343,D. Theis,1,0.8,0.7999999999999986
S2324-G0343,D. Theis,2,12.7,12.709366113053608
S2324-G0343,D. Theis,4,3.3142857142857145,3.314285714285699
S2324-G0343,I. Hartenstein,1,5.1,5.100000000000014
S2324-G0343,I. Hartenstein,2,20.55909090909091,20.559984610650808
S2324-G0343,I. Hartenstein,4,5.275,5.274355450105438
S2324-G0343,I. Quickley,1,5.300000000000001,5.29999999999998
S2324-G0343,I. Quickley,2,6.204761904761904,6.204738095238078
S2324-G0343,I. Quickley,3,5.633333333333333,5.633969877344881
S2324-G0343,I. Quickley,4,14.15,14.150000000000052
S2324-G0343,I. Zubac,1,25.927272727272726,25.922196160783674
S2324-G0343,I. Zubac,2,3.155555555555556,3.1555555555555634
S2324-G0343,I. Zubac,3,7.584415584415585,7.584841450216483
S2324-G0343,I. Zubac,4,0.8666666666666667,0.8666666666666683
S2324-G0343,J. Brunson,1,18.701098901098902,18.711376645576596
S2324-G0343,J. Brunson,2,21.54155844155844,21.542713153513255
S2324-G0343,J. Brunson,3,19.557142857142857,19.557216848940588
S2324-G0343,J. Brunson,4,5.246666666666667,5.246615151515154
S2324-G0343,J. Harden,1,5.264285714285714,5.2642857142857284
S2324-G0343,J. Harden,2,15.917857142857143,15.909707933732918
S2324-G0343,J. Harden,3,3.233333333333333,3.233333333333346
S2324-G0343,J. Harden,4,3.071428571428571,3.0714285714285636
S2324-G0343,J. Hart,1,3.2,3.2000000000000095
S2324-G0343,J. Hart,2,1.1333333333333333,1.1289285714285697
S2324-G0343,J. Miller,4,0.95,0.9499999999999977
S2324-G0343,J. Primo,4,7.675,7.674821428571402
S2324-G0343,J. Randle,1,24.825,24.825147291597204
S2324-G0343,J. Randle,2,13.311111111111112,13.309653571428587
S2324-G0343,J. Randle,3,23.918181818181818,23.930899904262382
S2324-G0343,J. Randle,4,3.1,3.0999999999999956
S2324-G0343,J. Sims,1,0.9000000000000001,0.9000000000000038
S2324-G0343,J. Sims,3,0.8666666666666667,0.8666666666666671
S2324-G0343,J. Sims,4,17.23,17.230144242195728
S2324-G0343,K. Brown,4,13.9,13.900000000000052
S2324-G0343,K. Leonard,1,24.423809523809524,24.436538690476176
S2324-G0343,K. Leonard,2,15.94155844155844,15.933448015872985
S2324-G0343,K. Leonard,3,35.475,35.454001507878964
S2324-G0343,M. McBride,4,14.175,14.173436810411836
S2324-G0343,N. Powell,1,11.814285714285713,11.814285714285694
S2324-G0343,N. Powell,2,9.46969696969697,9.468729209387128
S2324-G0343,N. Powell,3,6.366666666666667,6.366666666666651
S2324-G0343,N. Powell,4,15.117307692307692,15.117358653846226
S2324-G0343,P. George,1,12.155844155844155,12.155844155844118
S2324-G0343,P. George,2,14.08,14.079999999999961
S2324-G0343,P. George,3,29.125714285714285,29.10347206127203
S2324-G0343,P. George,4,14.766666666666666,14.766804070929124
S2324-G0343,Q. Grimes,2,10.806666666666667,10.80666666666664
S2324-G0343,Q. Grimes,3,5.25,5.25
S2324-G0343,Q. Grimes,4,13.133333333333333,13.133333333333347
S2324-G0343,R. Arcidiacono,4,3.1666666666666665,3.166666666666666
S2324-G0343,R. Barrett,1,13.166666666666666,13.166755411255401
S2324-G0343,R. Barrett,2,11.736363636363636,11.736363636363619
S2324-G0343,R. Barrett,3,25.877777777777776,25.85878714341214
S2324-G0343,R. Barrett,4,5.533333333333334,5.5333333333333234
S2324-G0343,R. Westbrook,1,9.666666666666666,9.664597469197496
S2324-G0343,R. Westbrook,3,9.9,9.900000000000036
S2324-G0343,R. Westbrook,4,9.629999999999999,9.630000000000049
S2324-G0343,T. Gibson,4,9.864285714285714,9.864285714285689
S2324-G0343,T. Mann,1,5.466666666666667,5.46666666666669
S2324-G0343,T. Mann,2,21.12,21.130970461482967
S2324-G0343,T. Mann,3,7.533333333333334,7.533333333333316
S2324-G0343,X. Moon,4,0.95,0.9499999999999977
S2324-G0345,B. Ingram,1,25.791452991452992,25.790551282051293
S2324-G0345,B. Ingram,2,17.375,17.363064665743636
S2324-G0345,B. Ingram,3,24.835897435897436,24.834640645465644
S2324-G0345,C. McCollum,1,11.506666666666666,11.506666666666662
S2324-G0345,C. McCollum,2,21.442857142857143,21.439416378719333
S2324-G0345,C. McCollum,3,16.133333333333333,16.133333333333322
S2324-G0345,C. McCollum,4,18.15,18.150000000000063
S2324-G0345,C. Osman,1,4.2,4.2000000000000135
S2324-G0345,C. Osman,2,23.442307692307693,23.4404362709186
S2324-G0345,C. Osman,3,5.3,5.29999999999998
S2324-G0345,C. Zeller,1,0.9142857142857144,0.9142857142857117
S2324-G0345,C. Zeller,2,0.8666666666666667,0.8666666666666681
S2324-G0345,C. Zeller,3,3.35,3.350000000000013
S2324-G0345,C. Zeller,4,5.2,5.199923076923096
S2324-G0345,D. Daniels,2,5.166666666666667,5.1666666666666465
S2324-G0345,D. Daniels,4,10.799999999999999,10.79999999999998
S2324-G0345,D. Graham,4,15.033333333333333,15.064707753357748
S2324-G0345,D. McDermott,1,9.944444444444445,9.944555555555512
S2324-G0345,D. McDermott,2,5.1,5.100000000000014
S2324-G0345,D. McDermott,3,8.4,8.400000000000027
S2324-G0345,D. McDermott,4,3.1,3.099999999999994
S2324-G0345,D. Vassell,1,10.799999999999999,10.79999999999998
S2324-G0345,D. Vassell,2,10.7,10.700000000000022
S2324-G0345,D. Vassell,3,21.714285714285715,21.719275326307685
S2324-G0345,D. Vassell,4,3.1,3.0999999999999956
S2324-G0345,H. Jones,1,7.833333333333333,7.833333333333317
S2324-G0345,H. Jones,2,5.125454545454545,5.124967055167055
S2324-G0345,H. Jones,3,3.3142857142857145,3.314285714285699
S2324-G0345,J. Alvarado,1,4.271428571428571,4.26548412698413
S2324-G0345,J. Alvarado,2,6.1,6.099999999999995
S2324-G0345,J. Alvarado,3,8.55,8.54999999999997
S2324-G0345,J. Alvarado,4,16.91111111111111,16.91371257631255
S2324-G0345,J. Champagnie,4,29.714285714285715,29.76249420889561
S2324-G0345,J. Hawkins,2,3.2,3.2000000000000095
S2324-G0345,J. Hawkins,4,19.633333333333333,19.62547364024861
S2324-G0345,J. Robinson-Earl,4,9.65,9.650000000000034
S2324-G0345,J. Sochan,1,7.677777777777778,7.678321678321663
S2324-G0345,J. Sochan,2,4.138095238095238,4.138104761904771
S2324-G0345,J. Sochan,3,12.19,12.19000000000004
S2324-G0345,J. Sochan,4,0.8666666666666667,0.8666666666666686
S2324-G0345,J. Valanciunas,1,10.903030303030302,10.909544588744623
S2324-G0345,J. Valanciunas,2,5.6571428571428575,5.656913924963915
S2324-G0345,J. Valanciunas,3,13.89145299145299,13.891452991453042
S2324-G0345,J. Valanciunas,4,16.344444444444445,16.33944997502497
S2324-G0345,K. Johnson,1,16.395238095238096,16.395458832833878
S2324-G0345,K. Johnson,2,9.536507936507936,9.53570427040278
S2324-G0345,K. Johnson,3,12.152380952380952,12.1515030608281
S2324-G0345,K. Johnson,4,20.167307692307695,20.1904849594849
S2324-G0345,M. Branham,1,9.914285714285713,9.914285714285766
S2324-G0345,M. Branham,2,14.06969696969697,14.069696969696938
S2324-G0345,M. Branham,3,2.9,2.8999999999999893
S2324-G0345,M. Branham,4,6.166666666666667,6.166666666666664
S2324-G0345,N. Marshall,1,8.59,8.589999999999973
S2324-G0345,N. Marshall,3,13.833333333333332,13.83333333333335
S2324-G0345,N. Marshall,4,5.2,5.20000000000002
S2324-G0345,S. Mamukelashvili,3,9.933333333333334,9.93333333333335
S2324-G0345,S. Mamukelashvili,4,3.1666666666666665,3.166666666666666
S2324-G0345,T. Jones,1,3.1,3.0999999999999948
S2324-G0345,T. Jones,2,3.1666666666666665,3.166666666666666
S2324-G0345,T. Jones,3,11.67142857142857,11.669541414141396
S2324-G0345,T. Murphy III,1,14.983333333333334,14.983585762848211
S2324-G0345,T. Murphy III,2,14.403030303030302,14.405393223443264
S2324-G0345,T. Murphy III,3,10.564285714285713,10.564285714285694
S2324-G0345,T. Murphy III,4,0.8666666666666667,0.866666666666668
S2324-G0345,V. Wembanyama,1,13.925714285714287,13.9199357364857
S2324-G0345,V. Wembanyama,2,14.225396825396825,14.23610634088136
S2324-G0345,V. Wembanyama,3,8.586666666666666,8.586495238095214
S2324-G0345,V. Wembanyama,4,14.203030303030303,14.202590656565626
S2324-G0345,Z. Collins,1,0.8,0.7999999999999986
S2324-G0345,Z. Collins,2,7.4399999999999995,7.440000000000035
S2324-G0345,Z. Collins,3,3.125,3.125
S2324-G0345,Z. Williamson,1,9.933333333333334,9.9328156843157
S2324-G0345,Z. Williamson,2,15.2,15.199999999999962
S2324-G0345,Z. Williamson,3,20.565714285714286,20.565418397658437
S2324-G0351,A. Caruso,1,9.495238095238095,9.495079365079386
S2324-G0351,A. Caruso,2,7.48,7.480000000000014
S2324-G0351,A. Caruso,3,7.4,7.400000000000017
S2324-G0351,A. Caruso,4,7.575,7.575060417360444
S2324-G0351,A. Dosunmu,1,0.9142857142857144,0.9142857142857117
S2324-G0351,A. Dosunmu,2,0.7714285714285714,0.7714285714285721
S2324-G0351,A. Dosunmu,3,9.67,9.670000649350674
S2324-G0351,A. Dosunmu,4,3.1666666666666665,3.166666666666666
S2324-G0351,A. Drummond,1,0.8,0.7999999999999986
S2324-G0351,A. Drummond,2,7.443956043956044,7.443897691197671
S2324-G0351,A. Drummond,3,2.2666666666666666,2.2666666666666635
S2324-G0351,A. Drummond,4,5.166666666666667,5.1666666666666465
S2324-G0351,C. White,1,32.333333333333336,32.3518593012079
S2324-G0351,C. White,2,8.466666666666667,8.466666666666692
S2324-G0351,C. White,3,16.525396825396825,16.521844669219703
S2324-G0351,C. White,4,9.59,9.589999999999968
S2324-G0351,D. DeRozan,1,2.875,2.8749734848484847
S2324-G0351,D. DeRozan,2,16.136507936507936,16.136158730158684
S2324-G0351,D. DeRozan,3,12.133333333333333,12.133349206349228
S2324-G0351,D. DeRozan,4,22.04705882352941,22.078330365175745
S2324-G0351,D. House Jr.,2,6.1,6.099999999999995
S2324-G0351,D. Melton,1,5.125,5.125
S2324-G0351,D. Melton,2,7.564285714285714,7.564285714285693
S2324-G0351,D. Melton,3,7.546666666666667,7.546666666666642
S2324-G0351,D. Terry,1,0.8666666666666667,0.866666666666669
S2324-G0351,D. Terry,2,5.125,5.125
S2324-G0351,D. Terry,4,0.8666666666666667,0.8666666666666675
S2324-G0351,J. Carter,2,20.65,20.66214732489734
S2324-G0351,J. Carter,3,13.766666666666666,13.76666666666671
S2324-G0351,J. Carter,4,5.466666666666667,5.46666666666669
S2324-G0351,J. Embiid,1,38.205714285714286,38.176689348882086
S2324-G0351,J. Embiid,2,19.233333333333334,19.234757933080004
S2324-G0351,J. Embiid,3,34.72142857142857,34.73209486840121
S2324-G0351,J. Embiid,4,16.484415584415583,16.48474613997117
S2324-G0351,K. Oubre Jr.,2,10.155844155844155,10.155886363636334
S2324-G0351,K. Oubre Jr.,3,5.633333333333333,5.633382575757579
S2324-G0351,K. Oubre Jr.,4,16.166666666666668,16.166666666666632
S2324-G0351,N. Batum,1,3.071428571428571,3.071428571428564
S2324-G0351,N. Batum,2,1.0666666666666667,1.0666666666666644
S2324-G0351,N. Batum,3,10.833333333333332,10.833333333333313
S2324-G0351,N. Vucevic,1,14.18095238095238,14.18106593406599
S2324-G0351,N. Vucevic,2,14.155844155844155,14.15584271284267
S2324-G0351,N. Vucevic,3,21.767307692307693,21.76204217726723
S2324-G0351,N. Vucevic,4,18.14666666666667,18.146723809523778
S2324-G0351,P. Beverley,1,5.4,5.39999999999999
S2324-G0351,P. Beverley,2,0.8666666666666667,0.8666666666666671
S2324-G0351,P. Beverley,3,7.4,7.400000000000017
S2324-G0351,P. Beverley,4,7.59,7.589999999999979
S2324-G0351,P. Reed,2,9.766666666666666,9.770484515484506
S2324-G0351,P. Reed,4,11.655555555555557,11.651936868686873
S2324-G0351,P. Williams,1,14.433333333333334,14.433377896613221
S2324-G0351,P. Williams,2,17.336363636363636,17.33647202797207
S2324-G0351,P. Williams,3,3.071428571428571,3.0714285714285636
S2324-G0351,P. Williams,4,11.629999999999999,11.629975000000059
S2324-G0351,R. Covington,1,3.3666666666666667,3.366666666666674
S2324-G0351,R. Covington,2,0.8666666666666667,0.8666666666666665
S2324-G0351,R. Covington,4,7.63,7.629975000000034
S2324-G0351,T. Harris,1,8.546666666666667,8.54666666666664
S2324-G0351,T. Harris,2,0.7714285714285714,0.7714285714285721
S2324-G0351,T. Harris,3,3.1,3.0999999999999943
S2324-G0351,T. Harris,4,1.0833333333333335,1.0857000000000026
S2324-G0351,T. Maxey,1,19.8,19.79471213786219
S2324-G0351,T. Maxey,2,14.016666666666667,14.01582867687872
S2324-G0351,T. Maxey,3,10.533333333333333,10.533333333333314
S2324-G0351,T. Maxey,4,41.413636363636364,41.405924370572656
S2324-G0356,A. Gordon,1,18.344444444444445,18.365658327783315
S2324-G0356,A. Gordon,2,13.783333333333333,13.72956341991343
S2324-G0356,A. Gordon,3,12.806666666666667,12.806666666666672
S2324-G0356,A. Lawson,3,7.35,7.349999999999984
S2324-G0356,A. Lawson,4,9.866666666666665,9.867464285714238
S2324-G0356,C. Braun,1,3.3142857142857145,3.314285714285699
S2324-G0356,C. Braun,2,5.1,5.100000000000014
S2324-G0356,C. Braun,3,7.5,7.499444444444444
S2324-G0356,C. Braun,4,2.99,3.000674289599292
S2324-G0356,C. Gillespie,4,3.3,3.2999999999999967
S2324-G0356,D. Exum,1,0.8,0.8000000000000007
S2324-G0356,D. Exum,2,13.74,13.73999999999995
S2324-G0356,D. Exum,3,10.475,10.474987637362599
S2324-G0356,D. Jones Jr.,1,14.366666666666665,14.375860454822966
S2324-G0356,D. Jones Jr.,2,7.564285714285714,7.564285714285693
S2324-G0356,D. Jones Jr.,3,7.371428571428571,7.371428571428604
S2324-G0356,D. Powell,1,13.85,13.852124331550765
S2324-G0356,D. Powell,2,0.8666666666666667,0.866666666666667
S2324-G0356,D. Powell,3,0.8666666666666667,0.8666666666666661
S2324-G0356,D. Powell,4,9.925,9.924655303030272
S2324-G0356,G. Brown III,4,10.714285714285715,10.70773298368301
S2324-G0356,G. Williams,1,7.466666666666667,7.466666666666693
S2324-G0356,G. Williams,2,8.425,8.424999999999972
S2324-G0356,G. Williams,3,12.133333333333333,12.133445887445909
S2324-G0356,J. Hardy,2,3.1380952380952376,3.1380952380952376
S2324-G0356,J. Hardy,3,3.1666666666666665,3.166666666666666
S2324-G0356,J. Hardy,4,26.091452991452993,26.088308240044217
S2324-G0356,J. Holiday,4,5.683333333333333,5.683333333333317
S2324-G0356,J. Murray,1,9.629999999999999,9.630000000000049
S2324-G0356,J. Murray,2,22.855555555555554,22.86645293317789
S2324-G0356,J. Murray,3,24.868181818181817,24.859013604451125
S2324-G0356,J. Strawther,1,3.1666666666666665,3.166666666666666
S2324-G0356,J. Strawther,2,8.533333333333333,8.533333333333315
S2324-G0356,J. Strawther,4,26.177777777777777,26.161954653679643
S2324-G0356,K. Caldwell-Pope,1,11.814285714285713,11.814285714285694
S2324-G0356,K. Caldwell-Pope,2,6.166666666666667,6.166666666666664
S2324-G0356,K. Caldwell-Pope,3,7.4399999999999995,7.440000000000035
S2324-G0356,L. Doncic,1,23.193333333333335,23.21030679656599
S2324-G0356,L. Doncic,2,43.607058823529414,44.617923492141955
S2324-G0356,L. Doncic,3,20.46785714285714,20.467520888158987
S2324-G0356,L. Doncic,4,10.01,10.011790476190468
S2324-G0356,M. Morris,1,5.25,5.25
S2324-G0356,M. Morris,2,0.8,0.799999999999998
S2324-G0356,M. Morris,3,5.4,5.39999999999999
S2324-G0356,M. Porter Jr.,1,7.93,7.930000000000008
S2324-G0356,M. Porter Jr.,2,13.933333333333334,13.93345238095241
S2324-G0356,M. Porter Jr.,3,7.63,7.630000000000033
S2324-G0356,N. Jokic,1,20.869683257918552,20.86266951725172
S2324-G0356,N. Jokic,2,0.8666666666666667,0.8666666666666666
S2324-G0356,N. Jokic,3,7.573333333333333,7.575720612720606
S2324-G0356,O. Prosper,1,0.8666666666666667,0.8666666666666686
S2324-G0356,O. Prosper,2,3.2,3.2000000000000095
S2324-G0356,O. Prosper,4,12.155844155844155,12.156930208680171
S2324-G0356,P. Watson,2,3.0,3.0
S2324-G0356,P. Watson,3,6.25,6.25
S2324-G0356,P. Watson,4,15.344444444444445,15.345116233766227
S2324-G0356,R. Holmes,4,14.741666666666667,14.725587662337668
S2324-G0356,R. Jackson,1,16.114285714285714,16.114285714285753
S2324-G0356,R. Jackson,2,9.814285714285713,9.814285714285694
S2324-G0356,R. Jackson,3,9.533333333333333,9.533333333333314
S2324-G0356,R. Jackson,4,15.89,15.890304342879329
S2324-G0356,S. Curry,2,0.8666666666666667,0.866666666666668
S2324-G0356,T. Hardaway Jr.,1,12.123809523809523,12.124703725686093
S2324-G0356,T. Hardaway Jr.,2,18.34,18.339960451639904
S2324-G0356,T. Hardaway Jr.,3,7.733333333333333,7.733692307692319
S2324-G0356,Z. Nnaji,1,1.0666666666666667,1.0666666666666644
S2324-G0356,Z. Nnaji,2,13.911111111111111,13.911149572649535
S2324-G0356,Z. Nnaji,3,3.1666666666666665,3.166666666666666
S2324-G0356,Z. Nnaji,4,18.31168831168831,18.303140816128305
S2324-G0359,A. Davis,1,14.293333333333333,14.287983927510401
S2324-G0359,A. Davis,2,21.674603174603174,21.640828518703575
S2324-G0359,A. Davis,3,31.6675,31.65887127289201
S2324-G0359,A. Davis,4,19.308333333333334,19.27832619047619
S2324-G0359,A. Reaves,1,18.0,18.000702594627597
S2324-G0359,A. Reaves,2,15.42967032967033,15.424692095649489
S2324-G0359,A. Reaves,3,8.466666666666667,8.466666666666692
S2324-G0359,A. Reaves,4,16.30666666666667,16.303242207792252
S2324-G0359,C. Reddish,1,12.244444444444445,12.244444444444486
S2324-G0359,C. Reddish,2,3.2,3.2000000000000024
S2324-G0359,C. Reddish,3,5.199999999999999,5.20000000000002
S2324-G0359,C. Reddish,4,7.866666666666666,7.844333266733243
S2324-G0359,D. DiVincenzo,1,12.804761904761905,12.804738095238163
S2324-G0359,D. DiVincenzo,2,0.8666666666666667,0.8666666666666685
S2324-G0359,D. DiVincenzo,3,8.55,8.54999999999997
S2324-G0359,D. Russell,1,13.127272727272727,13.127272727272747
S2324-G0359,D. Russell,2,18.427272727272726,18.42727272727277
S2324-G0359,D. Russell,3,0.8,0.8000000000000003
S2324-G0359,D. Russell,4,3.1,3.0999999999999948
S2324-G0359,I. Hartenstein,1,0.8666666666666667,0.8666666666666668
S2324-G0359,I. Hartenstein,2,3.9625,3.9819393356643342
S2324-G0359,I. Hartenstein,3,11.912987012987012,11.912987012987017
S2324-G0359,I. Hartenstein,4,5.5,5.494938095238098
S2324-G0359,I. Quickley,1,21.218181818181815,21.23911072065187
S2324-G0359,I. Quickley,2,12.036363636363637,12.041645021644998
S2324-G0359,I. Quickley,3,12.9,12.900000000000048
S2324-G0359,I. Quickley,4,12.133333333333333,12.133528138528158
S2324-G0359,J. Brunson,1,15.095238095238095,15.093793073593055
S2324-G0359,J. Brunson,2,19.366666666666667,19.36705397543636
S2324-G0359,J. Brunson,3,18.533333333333335,18.539633555556946
S2324-G0359,J. Brunson,4,28.177777777777777,28.166641514857712
S2324-G0359,J. Hart,1,0.8666666666666667,0.866666666666669
S2324-G0359,J. Hart,2,9.836363636363636,9.836444155844127
S2324-G0359,J. Hart,3,7.438095238095238,7.43809523809523
S2324-G0359,J. Hart,4,5.266666666666667,5.266666666666657
S2324-G0359,J. Hayes,2,5.138095238095238,5.138095238095252
S2324-G0359,J. Hayes,4,0.8,0.799999999999998
S2324-G0359,J. Randle,1,29.43888888888889,29.435148872777514
S2324-G0359,J. Randle,2,16.1030303030303,16.102687878787822
S2324-G0359,J. Randle,3,20.843181818181815,20.840273407148402
S2324-G0359,J. Randle,4,15.184415584415584,15.184360173160144
S2324-G0359,J. Sims,1,0.9000000000000001,0.9000000000000038
S2324-G0359,J. Vanderbilt,1,0.95,0.9499999999999977
S2324-G0359,J. Vanderbilt,2,0.95,0.9499999999999976
S2324-G0359,J. Vanderbilt,3,0.9,0.9000000000000037
S2324-G0359,J. Vanderbilt,4,0.8,0.7999999999999983
S2324-G0359,L. James,1,12.133333333333333,12.133333333333356
S2324-G0359,L. James,2,19.78545454545455,19.7925267995893
S2324-G0359,L. James,3,19.423809523809524,19.423270557220636
S2324-G0359,L. James,4,30.513636363636365,30.51332496209509
S2324-G0359,Q. Grimes,2,7.9,7.900666666666687
S2324-G0359,Q. Grimes,3,6.166666666666667,6.166666666666664
S2324-G0359,Q. Grimes,4,3.071428571428571,3.071428571428564
S2324-G0359,R. Barrett,1,14.2,14.200064935064908
S2324-G0359,R. Barrett,2,9.76969696969697,9.769952380952367
S2324-G0359,R. Barrett,3,7.233333333333333,7.233333333333344
S2324-G0359,R. Barrett,4,7.71,7.711424039849062
S2324-G0359,R. Hachimura,1,15.184415584415584,15.18441601731599
S2324-G0359,R. Hachimura,2,0.8666666666666667,0.8666666666666671
S2324-G0359,R. Hachimura,3,3.25,3.25
S2324-G0359,R. Hachimura,4,6.1,6.099999999999995
S2324-G0359,T. Gibson,2,0.825,0.8249999999999992
S2324-G0359,T. Gibson,4,0.825,0.8249999999999992
S2324-G0359,T. Prince,1,10.825,10.82500000000002
S2324-G0359,T. Prince,2,16.04,16.039924999999972
S2324-G0359,T. Prince,3,9.945454545454545,9.958811965811957
S2324-G0359,T. Prince,4,5.75,5.75
S2324-G0362,A. Horford,1,13.2,13.199999999999983
S2324-G0362,A. Horford,2,10.575,10.574973484848508
S2324-G0362,A. Horford,3,9.846666666666666,9.846666666666634
S2324-G0362,A. Horford,4,3.4333333333333336,3.4333333333333225
S2324-G0362,A. Horford,5,13.333333333333334,13.333052056277065
S2324-G0362,A. Wiggins,1,8.05,8.049333333333307
S2324-G0362,A. Wiggins,2,2.904761904761905,2.904761904761915
S2324-G0362,A. Wiggins,3,5.564285714285714,5.564285714285695
S2324-G0362,A. Wiggins,4,19.014285714285716,19.038922255522287
S2324-G0362,B. Podziemski,1,15.166666666666666,15.166666666666638
S2324-G0362,B. Podziemski,2,0.8952380952380952,0.8952380952380932
S2324-G0362,C. Joseph,3,11.864285714285714,11.86428571428571
S2324-G0362,C. Paul,1,3.1666666666666665,3.166666666666666
S2324-G0362,C. Paul,2,5.475,5.47500000000001
S2324-G0362,C. Paul,3,15.114285714285714,15.114285714285746
S2324-G0362,C. Paul,4,11.855844155844155,11.855844155844165
S2324-G0362,C. Paul,5,5.65,5.649999999999994
S2324-G0362,D. Saric,1,6.166666666666667,6.166666666666664
S2324-G0362,D. Saric,2,15.884415584415583,15.883108225108165
S2324-G0362,D. Saric,3,5.5,5.5
S2324-G0362,D. Saric,4,1.0,1.0
S2324-G0362,D. White,1,16.833333333333332,16.820552664002708
S2324-G0362,D. White,2,17.8,17.800968296409522
S2324-G0362,D. White,3,32.68095238095238,32.701685165470906
S2324-G0362,D. White,4,17.333333333333332,17.339054942279965
S2324-G0362,D. White,5,5.733333333333333,5.733441269841279
S2324-G0362,J. Brown,1,33.66042780748663,33.66601810464641
S2324-G0362,J. Brown,2,10.825,10.82487500000002
S2324-G0362,J. Brown,3,21.48095238095238,21.48096599185123
S2324-G0362,J. Brown,4,7.777142857142857,7.7688563492063665
S2324-G0362,J. Brown,5,10.100000000000001,10.091870634920603
S2324-G0362,J. Holiday,1,7.527272727272727,7.527272727272708
S2324-G0362,J. Holiday,2,9.846666666666666,9.846666666666634
S2324-G0362,J. Holiday,3,7.564285714285714,7.564285714285693
S2324-G0362,J. Holiday,4,17.257142857142856,17.256973881673815
S2324-G0362,J. Holiday,5,3.45,3.450250000000006
S2324-G0362,J. Kuminga,1,11.833333333333332,11.833333333333329
S2324-G0362,J. Kuminga,2,26.136363636363637,26.137142725330197
S2324-G0362,J. Kuminga,3,7.5,7.5
S2324-G0362,J. Kuminga,5,5.366666666666666,5.366666666666667
S2324-G0362,J. Tatum,1,11.93,11.930099999999996
S2324-G0362,J. Tatum,2,21.992857142857144,22.011201333023706
S2324-G0362,J. Tatum,3,8.564285714285713,8.564285714285694
S2324-G0362,J. Tatum,4,13.364285714285714,13.406861616161605
S2324-G0362,J. Tatum,5,3.1666666666666665,3.166666666666666
S2324-G0362,K. Looney,1,6.236363636363636,6.235220238095248
S2324-G0362,K. Looney,3,3.2142857142857144,3.2142857142857086
S2324-G0362,K. Thompson,1,24.727272727272727,24.73647314858343
S2324-G0362,K. Thompson,2,13.04,13.040049999999974
S2324-G0362,K. Thompson,3,17.51298701298701,17.512222258297317
S2324-G0362,K. Thompson,4,11.55,11.549999999999994
S2324-G0362,K. Thompson,5,10.333333333333334,10.327496897546872
S2324-G0362,M. Moody,1,5.55,5.549999999999978
S2324-G0362,M. Moody,2,10.833333333333332,10.833333333333313
S2324-G0362,M. Moody,3,6.166666666666667,6.166666666666664
S2324-G0362,M. Moody,4,11.8,11.812610794924021
S2324-G0362,N. Queta,1,10.15,10.145988095238128
S2324-G0362,N. Queta,2,9.527272727272727,9.527272727272708
S2324-G0362,N. Queta,3,5.166666666666667,5.1666666666666465
S2324-G0362,N. Queta,4,7.564285714285714,7.564285714285693
S2324-G0362,O. Brissett,1,13.85,13.84999999999995
S2324-G0362,O. Brissett,3,0.8666666666666667,0.8666666666666687
S2324-G0362,P. Pritchard,1,5.166666666666667,5.1666666666666465
S2324-G0362,P. Pritchard,2,10.705555555555556,10.70554914529913
S2324-G0362,P. Pritchard,3,6.166666666666667,6.166666666666664
S2324-G0362,P. Pritchard,4,6.233333333333333,6.233333333333344
S2324-G0362,S. Curry,1,12.823809523809523,12.823809523809507
S2324-G0362,S. Curry,2,12.836363636363636,12.83636363636364
S2324-G0362,S. Curry,3,13.23,13.232997222222235
S2324-G0362,S. Curry,4,30.084415584415584,30.085633945397568
S2324-G0362,S. Curry,5,17.337142857142858,17.33783138528135
S2324-G0362,S. Danilovic,3,1.2,1.200000000000001
S2324-G0362,S. Hauser,1,3.1666666666666665,3.166666666666666
S2324-G0362,S. Hauser,2,3.1380952380952376,3.1380952380952376
S2324-G0362,S. Hauser,3,3.25,3.25
S2324-G0362,S. Hauser,4,10.15,10.163401792651799
S2324-G0362,S. Mykhailiuk,1,3.1666666666666665,3.166666666666666
S2324-G0362,T. Jackson-Davis,2,5.286666666666667,5.286666666666655
S2324-G0362,T. Jackson-Davis,3,5.166666666666667,5.1666666666666465
S2324-G0362,T. Jackson-Davis,4,14.269841269841269,14.28023862420259
S2324-G0362,T. Jackson-Davis,5,5.433333333333333,5.43299999999998
S2324-G0364,C. LeVert,1,10.775,10.77500000000004
S2324-G0364,C. LeVert,2,7.6000000000000005,7.599999999999982
S2324-G0364,C. LeVert,3,15.825,15.825597713397686
S2324-G0364,C. LeVert,4,27.075000000000003,27.077415154328797
S2324-G0364,C. Porter Jr.,1,9.425,9.424999999999969
S2324-G0364,C. Porter Jr.,2,7.636363636363637,7.621434848484842
S2324-G0364,C. Porter Jr.,3,7.833333333333333,7.83340416666665
S2324-G0364,C. Porter Jr.,4,0.8666666666666667,0.8666666666666676
S2324-G0364,C. Sexton,1,17.136363636363637,17.136363636363615
S2324-G0364,C. Sexton,2,16.486666666666668,16.48685422077923
S2324-G0364,C. Sexton,3,19.766666666666666,19.76714134199144
S2324-G0364,C. Sexton,4,9.643181818181818,9.642496572871561
S2324-G0364,D. Wade,1,6.25,6.25
S2324-G0364,D. Wade,2,3.1363636363636362,3.1363636363636282
S2324-G0364,D. Wade,3,0.8,0.7999999999999997
S2324-G0364,D. Wade,4,3.45,3.4500000000000055
S2324-G0364,G. Niang,1,12.766666666666666,12.766666666666698
S2324-G0364,G. Niang,2,10.78,10.779999999999989
S2324-G0364,G. Niang,3,14.025,14.025201923076972
S2324-G0364,G. Niang,4,10.833333333333332,10.833333333333313
S2324-G0364,I. Okoro,1,5.525,5.524999999999992
S2324-G0364,I. Okoro,2,5.071428571428571,5.0714285714285605
S2324-G0364,I. Okoro,3,10.799999999999999,10.79999999999998
S2324-G0364,I. Okoro,4,3.2030303030303027,3.203030303030303
S2324-G0364,J. Allen,1,20.473333333333333,20.47818163780663
S2324-G0364,J. Allen,2,11.93,11.929999999999996
S2324-G0364,J. Allen,3,11.877777777777778,11.877777777777748
S2324-G0364,J. Allen,4,6.666666666666667,6.627217857142848
S2324-G0364,J. Collins,1,9.475,9.474999999999968
S2324-G0364,J. Collins,2,20.069444444444443,20.059087481962457
S2324-G0364,J. Collins,3,5.2,5.20000000000002
S2324-G0364,J. Collins,4,3.1,3.0999999999999956
S2324-G0364,K. Dunn,1,11.575,11.570693326118333
S2324-G0364,K. Dunn,2,0.7714285714285714,0.7714285714285721
S2324-G0364,K. Dunn,3,5.166666666666667,5.1666666666666465
S2324-G0364,K. Dunn,4,0.8666666666666667,0.8666666666666671
S2324-G0364,K. Olynyk,1,5.175,5.174999999999982
S2324-G0364,K. Olynyk,2,0.9000000000000001,0.9000000000000038
S2324-G0364,K. Olynyk,3,8.44,8.439850000000037
S2324-G0364,K. Olynyk,4,0.8666666666666667,0.8666666666666686
S2324-G0364,L. Markkanen,1,13.766666666666666,13.76666666666671
S2324-G0364,L. Markkanen,2,15.205555555555556,15.249366056166076
S2324-G0364,L. Markkanen,3,17.226666666666667,17.225641414141343
S2324-G0364,L. Markkanen,4,25.393181818181816,25.318887893479086
S2324-G0364,M. Strus,1,10.884415584415583,10.8844935064935
S2324-G0364,M. Strus,2,7.914285714285715,7.914285714285752
S2324-G0364,M. Strus,3,23.714285714285715,23.71643435812553
S2324-G0364,M. Strus,4,13.766666666666666,13.76666666666671
S2324-G0364,O. Agbaji,1,0.8666666666666667,0.866666666666669
S2324-G0364,O. Agbaji,2,6.1,6.099999999999995
S2324-G0364,O. Agbaji,3,1.05,1.0500000000000034
S2324-G0364,O. Agbaji,4,0.8,0.799999999999998
S2324-G0364,S. Fontecchio,1,7.683333333333333,7.685684065934071
S2324-G0364,S. Fontecchio,2,4.433333333333334,4.441455952380952
S2324-G0364,S. Fontecchio,3,15.76969696969697,15.769021103896167
S2324-G0364,S. Fontecchio,4,1.05,1.0500000000000034
S2324-G0364,S. Merrill,1,16.164285714285715,16.164285714285707
S2324-G0364,S. Merrill,2,28.033333333333335,28.050546075085094
S2324-G0364,S. Merrill,3,3.1666666666666665,3.166666666666666
S2324-G0364,S. Merrill,4,20.099999999999998,20.08898407163873
S2324-G0364,T. Horton-Tucker,1,9.738095238095237,9.738095238095198
S2324-G0364,T. Horton-Tucker,2,16.42,16.413453324453368
S2324-G0364,T. Horton-Tucker,3,5.138095238095238,5.138095238095252
S2324-G0364,T. Horton-Tucker,4,21.368181818181817,21.364716288368513
S2324-G0364,T. Thompson,1,9.683333333333334,9.683333333333348
S2324-G0364,T. Thompson,2,7.533333333333334,7.533333333333316
S2324-G0364,T. Thompson,3,5.2,5.20000000000002
S2324-G0364,T. Thompson,4,7.506666666666667,7.5066666666666615
S2324-G0364,W. Kessler,1,3.1,3.100000000000011
S2324-G0364,W. Kessler,2,7.443956043956044,7.443897691197671
S2324-G0364,W. Kessler,3,20.5,20.500022727272725
S2324-G0364,W. Kessler,4,1.0,1.0
S2324-G0366,A. Black,1,3.233333333333333,3.233333333333346
S2324-G0366,A. Black,2,5.1,5.100000000000016
S2324-G0366,A. Black,3,3.1666666666666665,3.166666666666666
S2324-G0366,A. Black,4,5.25,5.25
S2324-G0366,B. Adebayo,1,18.843181818181815,18.84602670099502
S2324-G0366,B. Adebayo,2,5.6,5.664166666666673
S2324-G0366,B. Adebayo,3,14.268181818181818,14.269751262626254
S2324-G0366,B. Adebayo,4,18.2,18.201912693352366
S2324-G0366,C. Anthony,1,17.133333333333333,17.133333333333315
S2324-G0366,C. Anthony,2,11.846666666666666,11.846666666666657
S2324-G0366,C. Anthony,3,12.914285714285713,12.914285714285734
S2324-G0366,C. Anthony,4,11.9,11.883852886002899
S2324-G0366,C. Houstan,2,5.466666666666667,5.46666666666669
S2324-G0366,C. Houstan,3,6.166666666666667,6.166666666666664
S2324-G0366,C. Houstan,4,23.003030303030304,23.01481073035152
S2324-G0366,C. Martin,1,8.495238095238095,8.495122619047637
S2324-G0366,C. Martin,3,5.286666666666667,5.286666666666655
S2324-G0366,C. Okeke,4,13.008333333333333,13.00665753968256
S2324-G0366,D. Robinson,1,0.8666666666666667,0.866666666666668
S2324-G0366,D. Robinson,2,20.257142857142856,20.2338797091797
S2324-G0366,D. Robinson,3,5.166666666666667,5.1666666666666465
S2324-G0366,D. Robinson,4,0.9000000000000001,0.9000000000000038
S2324-G0366,F. Wagner,1,21.867307692307694,21.854110121822664
S2324-G0366,F. Wagner,2,5.225,5.22511363636365
S2324-G0366,F. Wagner,3,16.512987012987015,16.50744339826845
S2324-G0366,F. Wagner,4,7.533333333333334,7.533333333333316
S2324-G0366,G. Bitadze,1,5.25,5.25
S2324-G0366,G. Bitadze,3,5.433333333333333,5.43299999999998
S2324-G0366,G. Bitadze,4,3.4000000000000004,3.3999999999999875
S2324-G0366,G. Harris,1,0.8666666666666667,0.866666666666669
S2324-G0366,G. Harris,2,3.2142857142857144,3.2142857142857086
S2324-G0366,G. Harris,3,0.8666666666666667,0.8666666666666685
S2324-G0366,G. Harris,4,3.2714285714285714,3.2651904761904724
S2324-G0366,H. Highsmith,1,3.3666666666666663,3.366666666666672
S2324-G0366,H. Highsmith,2,29.06923076923077,29.088470184717195
S2324-G0366,H. Highsmith,3,0.9,0.9000000000000035
S2324-G0366,H. Highsmith,4,13.167307692307691,13.167363858363847
S2324-G0366,J. Isaac,1,3.25,3.25
S2324-G0366,J. Isaac,2,19.2,19.19799073426567
S2324-G0366,J. Isaac,4,5.7,5.6991904761904975
S2324-G0366,J. Jaquez Jr.,1,11.806666666666667,11.80759999999999
S2324-G0366,J. Jaquez Jr.,2,3.225,3.225000000000012
S2324-G0366,J. Jaquez Jr.,3,9.89,9.890000000000041
S2324-G0366,J. Jaquez Jr.,4,11.803030303030303,11.803030303030297
S2324-G0366,J. Richardson,1,5.466666666666667,5.46666666666669
S2324-G0366,J. Richardson,2,13.85,13.84999999999995
S2324-G0366,J. Richardson,3,5.5,5.5
S2324-G0366,J. Richardson,4,18.34,18.340383178912635
S2324-G0366,J. Suggs,1,14.211111111111112,14.211111111111181
S2324-G0366,J. Suggs,2,6.166666666666667,6.166666666666664
S2324-G0366,J. Suggs,3,14.177777777777779,14.177817460317476
S2324-G0366,K. Lowry,1,3.1,3.0999999999999948
S2324-G0366,K. Lowry,3,6.1,6.099999999999995
S2324-G0366,M. Wagner,2,18.4675,18.46126746448003
S2324-G0366,M. Wagner,4,12.968181818181819,12.968060683760676
S2324-G0366,O. Robinson,4,0.8666666666666667,0.8666666666666686
S2324-G0366,P. Banchero,1,9.58095238095238,9.576001114163592
S2324-G0366,P. Banchero,2,10.036363636363637,10.036539294039272
S2324-G0366,P. Banchero,3,19.0,19.00878157953163
S2324-G0366,P. Banchero,4,2.838095238095238,2.8380952380952453
S2324-G0366,T. Bryant,1,11.85,11.849999999999957
S2324-G0366,T. Bryant,2,9.675,9.682398412698408
S2324-G0366,T. Bryant,3,7.5,7.5
S2324-G0366,T. Bryant,4,3.0,3.0
S2324-G0366,T. Herro,1,27.142307692307693,27.138909292096763
S2324-G0366,T. Herro,2,19.29714285714286,19.284661327561306
S2324-G0366,T. Herro,3,18.565714285714286,18.565583516483557
S2324-G0366,T. Herro,4,6.1,6.099999999999997
S2324-G0366,W. Carter Jr.,1,0.9333333333333332,0.9333333333333365
S2324-G0366,W. Carter Jr.,2,3.1666666666666665,3.166666666666666
S2324-G0366,W. Carter Jr.,3,0.838095238095238,0.8380952380952358
S2324-G0366,W. Carter Jr.,4,16.117142857142856,16.06185627983127
S2324-G0366,Z. Tabak,3,1.2,1.200000000000001
S2324-G0368,C. Johnson,1,10.766666666666666,10.766666666666662
S2324-G0368,C. Johnson,2,24.701098901098902,24.70816812354306
S2324-G0368,C. Johnson,3,17.095238095238095,17.095238095238077
S2324-G0368,C. Johnson,4,3.0666666666666664,3.0666666666666726
S2324-G0368,C. Thomas,1,13.06969696969697,13.06969696969694
S2324-G0368,C. Thomas,2,21.723809523809525,21.722895596070572
S2324-G0368,C. Thomas,3,26.995238095238097,26.998970398267925
S2324-G0368,C. Thomas,4,3.1,3.0999999999999956
S2324-G0368,D. DiVincenzo,1,22.918181818181818,22.918696389721354
S2324-G0368,D. DiVincenzo,2,14.264285714285714,14.260363095238056
S2324-G0368,D. DiVincenzo,3,23.52916666666667,23.538737450049936
S2324-G0368,D. Finney-Smith,1,8.629999999999999,8.630000000000042
S2324-G0368,D. Finney-Smith,2,0.8666666666666667,0.8666666666666687
S2324-G0368,D. Finney-Smith,4,21.767307692307693,21.767124974120136
S2324-G0368,D. Jeffries,4,11.833333333333332,11.833333333333329
S2324-G0368,D. Sharpe,1,3.433333333333333,3.437059523809513
S2324-G0368,D. Sharpe,2,8.638095238095238,8.640596392496422
S2324-G0368,D. Sharpe,3,0.8,0.7999999999999993
S2324-G0368,D. Sharpe,4,16.577142857142857,16.453480735930746
S2324-G0368,H. Giles III,4,3.3666666666666663,3.366666666666672
S2324-G0368,I. Hartenstein,1,3.325,3.3238750000000037
S2324-G0368,I. Hartenstein,2,0.8,0.7999999999999987
S2324-G0368,I. Hartenstein,3,7.546666666666667,7.546666666666642
S2324-G0368,I. Hartenstein,4,0.8,0.7999999999999983
S2324-G0368,I. Quickley,1,7.4,7.400000000000017
S2324-G0368,I. Quickley,2,18.51298701298701,18.512288600288656
S2324-G0368,I. Quickley,3,5.166666666666667,5.1666666666666465
S2324-G0368,I. Quickley,4,19.06,19.074063203463155
S2324-G0368,J. Brunson,1,6.612987012987014,6.615157842157852
S2324-G0368,J. Brunson,2,17.433333333333334,17.43333333333337
S2324-G0368,J. Brunson,3,20.775,20.774909998335062
S2324-G0368,J. Brunson,4,9.479999999999999,9.480000000000015
S2324-G0368,J. Hart,1,6.29,6.289999999999983
S2324-G0368,J. Hart,2,3.2333333333333334,3.23333333333334
S2324-G0368,J. Hart,3,0.8666666666666667,0.8666666666666685
S2324-G0368,J. Hart,4,14.942307692307692,14.939954992229975
S2324-G0368,J. Randle,1,33.80571428571428,33.79514748450289
S2324-G0368,J. Randle,2,17.35,17.35171190476187
S2324-G0368,J. Randle,3,19.836363636363636,19.806890922965948
S2324-G0368,J. Randle,4,5.166666666666667,5.1666666666666465
S2324-G0368,J. Wilson,4,7.683333333333333,7.683333333333337
S2324-G0368,M. Bridges,1,19.103174603174605,19.090016511266498
S2324-G0368,M. Bridges,2,9.833333333333332,9.833333333333306
S2324-G0368,M. Bridges,3,24.311111111111114,24.32253875683141
S2324-G0368,M. Bridges,4,13.926666666666666,13.9267745670996
S2324-G0368,M. McBride,4,3.1666666666666665,3.166666666666666
S2324-G0368,N. Claxton,1,5.2,5.20000000000002
S2324-G0368,N. Claxton,2,3.105555555555555,3.1055555555555645
S2324-G0368,N. Claxton,3,11.892857142857142,11.895017234236356
S2324-G0368,N. Claxton,4,0.8400000000000001,0.8400000000000027
S2324-G0368,Q. Grimes,1,0.8666666666666667,0.866666666666669
S2324-G0368,Q. Grimes,2,3.1,3.0999999999999948
S2324-G0368,Q. Grimes,4,19.812987012987012,19.780214213564186
S2324-G0368,R. Arcidiacono,4,3.25,3.25
S2324-G0368,R. Barrett,1,13.911111111111111,13.911111111111074
S2324-G0368,R. Barrett,2,11.875,11.875
S2324-G0368,R. Barrett,3,11.864285714285714,11.86428571428571
S2324-G0368,R. Barrett,4,5.764285714285714,5.761904761904774
S2324-G0368,R. O'Neale,1,0.8666666666666667,0.8666666666666677
S2324-G0368,R. O'Neale,2,18.492307692307694,18.492510642543806
S2324-G0368,R. O'Neale,3,5.514285714285714,5.51428571428573
S2324-G0368,R. O'Neale,4,10.067857142857143,10.081241945472819
S2324-G0368,R. Pack,1,1.2,1.200000000000001
S2324-G0368,S. Dinwiddie,1,21.692857142857143,21.697316429403894
S2324-G0368,S. Dinwiddie,2,10.655555555555555,10.655743145743154
S2324-G0368,S. Dinwiddie,3,5.55,5.549999999999978
S2324-G0368,S. Dinwiddie,4,0.7714285714285714,0.7714285714285721
S2324-G0368,T. Gibson,1,3.25,3.25
S2324-G0368,T. Gibson,2,5.214285714285714,5.214285714285694
S2324-G0368,T. Gibson,3,0.8666666666666667,0.8666666666666675
S2324-G0368,T. Gibson,4,0.9333333333333332,0.9333333333333365
S2324-G0368,T. Watford,2,0.9066666666666666,0.9066666666666664
S2324-G0368,T. Watford,4,11.85,11.849999999999957
S2324-G0372,A. Coffey,1,17.158730158730158,17.15873015873013
S2324-G0372,A. Coffey,3,0.8666666666666667,0.8672380952380948
S2324-G0372,A. Coffey,4,10.629999999999999,10.630000000000054
S2324-G0372,D. Exum,1,6.506666666666667,6.5073470779220735
S2324-G0372,D. Exum,2,11.725,11.724999999999957
S2324-G0372,D. Exum,3,14.203030303030303,14.20294588744586
S2324-G0372,D. Exum,4,14.97,14.969999999999953
S2324-G0372,D. Jones Jr.,1,17.142307692307693,17.142429824561464
S2324-G0372,D. Jones Jr.,2,6.199999999999999,6.200000000000022
S2324-G0372,D. Jones Jr.,3,16.072527472527472,16.072527472527444
S2324-G0372,D. Jones Jr.,4,8.433333333333334,8.434333333333342
S2324-G0372,D. Powell,1,5.214285714285714,5.214285714285694
S2324-G0372,D. Powell,2,1.875,1.8751583333333333
S2324-G0372,D. Powell,3,0.8,0.7999999999999983
S2324-G0372,D. Theis,1,6.25,6.25
S2324-G0372,D. Theis,2,11.611111111111112,11.610978023490103
S2324-G0372,D. Theis,4,5.264285714285714,5.2642857142857284
S2324-G0372,G. Williams,1,6.175,6.174999999999978
S2324-G0372,G. Williams,2,0.838095238095238,0.8380952380952358
S2324-G0372,G. Williams,3,16.158730158730158,16.16028104150749
S2324-G0372,G. Williams,4,5.503030303030304,5.503030303030301
S2324-G0372,I. Zubac,1,2.9238095238095236,2.9252915445665324
S2324-G0372,I. Zubac,2,13.933333333333334,13.935208333333362
S2324-G0372,I. Zubac,3,11.805882352941175,11.80385148046398
S2324-G0372,J. Harden,1,10.846666666666666,10.846666666666643
S2324-G0372,J. Harden,2,14.958119658119656,14.960788486513481
S2324-G0372,J. Harden,3,6.4399999999999995,6.44134880952384
S2324-G0372,J. Harden,4,16.19145299145299,16.182986727161683
S2324-G0372,J. Hardy,2,20.76969696969697,20.76965061327571
S2324-G0372,J. Hardy,3,13.08,13.079153979353944
S2324-G0372,J. Hardy,4,13.725,13.72499999999995
S2324-G0372,K. Leonard,1,27.133333333333333,27.13518201610477
S2324-G0372,K. Leonard,2,14.114285714285714,14.114594155844177
S2324-G0372,K. Leonard,3,18.5075,18.49155761942308
S2324-G0372,K. Leonard,4,25.017142857142858,24.954797546897538
S2324-G0372,L. Doncic,1,28.6875,28.698320988896707
S2324-G0372,L. Doncic,2,33.43333333333334,33.42585980196268
S2324-G0372,L. Doncic,3,10.167307692307691,10.165718781218802
S2324-G0372,L. Doncic,4,17.21785714285714,17.24043023773616
S2324-G0372,M. Morris,1,3.2142857142857144,3.2142857142857086
S2324-G0372,N. Powell,1,10.564285714285713,10.564285714285694
S2324-G0372,N. Powell,2,10.55,10.549999999999976
S2324-G0372,N. Powell,3,10.775,10.77500000000004
S2324-G0372,N. Powell,4,15.93,15.92982723665219
S2324-G0372,O. Prosper,1,0.8,0.7999999999999986
S2324-G0372,R. Westbrook,1,3.2142857142857144,3.2142857142857086
S2324-G0372,R. Westbrook,2,11.928571428571429,11.928467532467515
S2324-G0372,R. Westbrook,3,11.855844155844155,11.855844155844165
S2324-G0372,R. Westbrook,4,7.514285714285714,7.514285714285733
S2324-G0372,T. Dehere,1,1.2,1.200000000000001
S2324-G0372,T. Hardaway Jr.,1,12.2,12.200047619047616
S2324-G0372,T. Hardaway Jr.,2,25.367307692307694,25.34206052036195
S2324-G0372,T. Hardaway Jr.,3,22.793333333333333,22.78482937356765
S2324-G0372,T. Hardaway Jr.,4,12.825,12.82474999999999
S2324-G0372,T. Mann,1,12.85,12.849999999999952
S2324-G0372,T. Mann,2,3.2142857142857144,3.2142857142857086
S2324-G0372,T. Mann,3,7.864285714285715,7.864285714285702
S2324-G0372,T. Mann,4,5.264285714285714,5.2642857142857284
S2324-G0377,A. Nembhard,1,13.814285714285713,13.814285714285694
S2324-G0377,A. Nembhard,2,3.1380952380952376,3.1380952380952376
S2324-G0377,A. Nembhard,3,1.0,1.0
S2324-G0377,A. Nesmith,1,7.766666666666667,7.766666666666655
S2324-G0377,A. Nesmith,2,13.806666666666667,13.806666666666683
S2324-G0377,A. Nesmith,3,16.18095238095238,16.18059991250584
S2324-G0377,A. Nesmith,4,7.501098901098901,7.500523201798192
S2324-G0377,B. Biyombo,1,0.8666666666666667,0.866666666666668
S2324-G0377,B. Biyombo,2,3.1666666666666665,3.166666666666666
S2324-G0377,B. Biyombo,3,9.944444444444445,9.94520833333329
S2324-G0377,B. Brown,1,0.8666666666666667,0.8666666666666686
S2324-G0377,B. Brown,2,5.166666666666667,5.1666666666666465
S2324-G0377,B. Brown,3,3.1666666666666665,3.166666666666666
S2324-G0377,B. Brown,4,7.56969696969697,7.56956208513708
S2324-G0377,B. Hield,1,20.773333333333333,20.771710822510908
S2324-G0377,B. Hield,2,6.138095238095238,6.138095238095255
S2324-G0377,B. Hield,3,5.527272727272727,5.52727272727271
S2324-G0377,B. Hield,4,18.53,18.529750000000078
S2324-G0377,B. Mathurin,1,5.466666666666667,5.46666666666669
S2324-G0377,B. Mathurin,2,3.1,3.0999999999999943
S2324-G0377,B. Mathurin,3,12.146666666666667,12.14668415750917
S2324-G0377,B. Mathurin,4,11.755555555555555,11.755555555555516
S2324-G0377,D. Bane,1,24.17012987012987,24.17100083805086
S2324-G0377,D. Bane,2,19.1,19.129668614718636
S2324-G0377,D. Bane,3,29.98888888888889,29.99882045789179
S2324-G0377,D. Bane,4,21.55,21.55166417373483
S2324-G0377,I. Jackson,1,3.2142857142857144,3.2142857142857086
S2324-G0377,I. Jackson,3,0.95,0.9499999999999977
S2324-G0377,I. Jackson,4,5.366666666666667,5.366666666666669
S2324-G0377,J. Jackson Jr.,1,28.804545454545455,28.795089748684383
S2324-G0377,J. Jackson Jr.,2,5.25,5.25
S2324-G0377,J. Jackson Jr.,3,3.3,3.2989777722277687
S2324-G0377,J. Jackson Jr.,4,10.611111111111112,10.611111111111097
S2324-G0377,J. Kidd,3,1.2,1.200000000000001
S2324-G0377,J. Konchar,1,6.071428571428571,6.071428571428578
S2324-G0377,J. Konchar,2,6.166666666666667,6.166666666666664
S2324-G0377,J. Konchar,3,3.14,3.139999999999989
S2324-G0377,J. Konchar,4,3.225,3.225000000000012
S2324-G0377,J. Morant,1,19.133333333333333,19.133435347985316
S2324-G0377,J. Morant,2,3.1380952380952376,3.1380952380952376
S2324-G0377,J. Morant,3,21.125,21.13379836274834
S2324-G0377,J. Morant,4,17.203030303030303,17.21587041047184
S2324-G0377,M. Turner,1,9.643181818181818,9.642459956709946
S2324-G0377,M. Turner,2,17.116666666666664,17.10974038184037
S2324-G0377,M. Turner,3,7.55,7.549999999999972
S2324-G0377,M. Turner,4,7.52967032967033,7.537338106338115
S2324-G0377,O. Toppin,1,12.944444444444445,12.94444444444439
S2324-G0377,O. Toppin,2,18.117307692307694,18.115766025641094
S2324-G0377,O. Toppin,3,10.964285714285714,10.965064935064953
S2324-G0377,O. Toppin,4,16.1,16.099999999999945
S2324-G0377,S. Aldama,1,3.3666666666666667,3.366666666666674
S2324-G0377,S. Aldama,2,18.10666666666667,18.106348319327676
S2324-G0377,S. Aldama,3,0.7714285714285714,0.7714285714285721
S2324-G0377,S. Aldama,4,10.514285714285714,10.514285714285725
S2324-G0377,T. Haliburton,1,6.48,6.480312043512056
S2324-G0377,T. Haliburton,2,18.45,18.45073737373731
S2324-G0377,T. Haliburton,3,25.073333333333334,25.077940279981448
S2324-G0377,T. Haliburton,4,14.512987012987013,14.514565115440147
S2324-G0377,T. McConnell,2,5.233333333333333,5.233333333333346
S2324-G0377,V. Williams Jr.,1,5.466666666666667,5.46666666666669
S2324-G0377,V. Williams Jr.,2,0.8666666666666667,0.8666666666666687
S2324-G0377,V. Williams Jr.,3,7.575,7.574935417360443
S2324-G0377,V. Williams Jr.,4,3.1666666666666665,3.166666666666666
S2324-G0377,X. Tillman,1,5.166666666666667,5.1666666666666465
S2324-G0377,X. Tillman,2,3.225,3.225000000000012
S2324-G0377,X. Tillman,3,5.233333333333333,5.233333333333346
S2324-G0377,X. Tillman,4,1.9055555555555557,1.9128029581529633
S2324-G0377,Z. Williams,2,20.48095238095238,20.480722986164096
S2324-G0377,Z. Williams,3,12.738095238095237,12.73809523809524
S2324-G0377,Z. Williams,4,6.264285714285714,6.264285714285729
S2324-G0378,A. Black,1,0.9142857142857144,0.9142857142857117
S2324-G0378,A. Black,2,1.0666666666666667,1.0666666666666644
S2324-G0378,A. Black,3,2.0,2.0
S2324-G0378,A. Black,4,0.8,0.7999999999999982
S2324-G0378,A. Jackson Jr.,1,3.1666666666666665,3.166666666666666
S2324-G0378,A. Jackson Jr.,2,0.8666666666666667,0.8666666666666675
S2324-G0378,B. Lopez,1,10.5,10.499725274725277
S2324-G0378,B. Lopez,2,0.8666666666666667,0.8666666666666668
S2324-G0378,B. Lopez,3,12.912987012987012,12.913082178932168
S2324-G0378,B. Lopez,4,9.467857142857142,9.467258560883572
S2324-G0378,B. Portis,1,9.799999999999999,9.799999999999969
S2324-G0378,B. Portis,2,0.825,0.8249999999999992
S2324-G0378,B. Portis,3,14.39,14.37904145021644
S2324-G0378,B. Portis,4,3.1666666666666665,3.166666666666666
S2324-G0378,C. Anthony,1,12.736363636363636,12.736363636363603
S2324-G0378,C. Anthony,2,14.066666666666666,14.066666666666638
S2324-G0378,C. Anthony,3,19.825,19.674300432900434
S2324-G0378,C. Anthony,4,14.42705882352941,14.420300777400268
S2324-G0378,C. Houstan,2,0.8666666666666667,0.8666666666666686
S2324-G0378,C. Houstan,3,5.466666666666667,5.46666666666669
S2324-G0378,C. Houstan,4,3.2642857142857142,3.264285714285725
S2324-G0378,C. Payne,2,7.366666666666667,7.366666666666639
S2324-G0378,C. Payne,4,5.475,5.47500000000001
S2324-G0378,D. Lillard,1,20.4,20.400000000000063
S2324-G0378,D. Lillard,2,8.533333333333333,8.533333333333315
S2324-G0378,D. Lillard,3,26.44761904761905,26.438635716695558
S2324-G0378,D. Lillard,4,11.666666666666666,11.667851948051954
S2324-G0378,F. Wagner,1,20.436507936507937,20.43574580223699
S2324-G0378,F. Wagner,2,16.406666666666666,16.408258333333382
S2324-G0378,F. Wagner,3,10.97,10.969826298701305
S2324-G0378,F. Wagner,4,37.9923076923077,38.02795200449253
S2324-G0378,G. Antetokounmpo,1,37.1221052631579,37.09895359234847
S2324-G0378,G. Antetokounmpo,2,22.525,22.545552736724048
S2324-G0378,G. Antetokounmpo,3,15.192307692307692,15.192413308913272
S2324-G0378,G. Antetokounmpo,4,23.85909090909091,23.849123366665964
S2324-G0378,G. Harris,1,17.403030303030302,17.403240913253466
S2324-G0378,G. Harris,2,4.2,4.200333333333346
S2324-G0378,G. Harris,3,12.775,12.775000000000048
S2324-G0378,G. Harris,4,8.525,8.525000000000027
S2324-G0378,J. Isaac,1,7.666666666666667,7.666666666666682
S2324-G0378,J. Isaac,2,10.05,10.023955916305907
S2324-G0378,J. Isaac,4,5.625,5.6210865800865815
S2324-G0378,K. Middleton,1,5.63,5.630000000000007
S2324-G0378,K. Middleton,2,15.066666666666666,15.066666666666636
S2324-G0378,K. Middleton,3,10.514285714285714,10.514285714285725
S2324-G0378,K. Middleton,4,11.884415584415583,11.88441558441556
S2324-G0378,M. Beasley,1,3.1,3.100000000000011
S2324-G0378,M. Beasley,2,6.166666666666667,6.166666666666664
S2324-G0378,M. Beasley,3,10.846666666666666,10.846666666666643
S2324-G0378,M. Beasley,4,9.755555555555555,9.755805555555522
S2324-G0378,M. Beauchamp,2,12.803030303030303,12.803030303030312
S2324-G0378,M. Beauchamp,3,0.8666666666666667,0.8666666666666681
S2324-G0378,M. Wagner,1,19.133333333333333,19.133435347985316
S2324-G0378,M. Wagner,2,16.175,16.174715909090956
S2324-G0378,M. Wagner,3,7.6000000000000005,7.599999999999982
S2324-G0378,M. Wagner,4,16.466666666666665,16.46666666666669
S2324-G0378,P. Banchero,1,12.136507936507936,12.144188608613598
S2324-G0378,P. Banchero,2,16.136363636363637,16.136363636363622
S2324-G0378,P. Banchero,3,25.073333333333334,25.075720216303306
S2324-G0378,P. Banchero,4,12.636363636363637,12.630211310911308
S2324-G0378,P. Connaughton,1,3.2,3.200000000000003
S2324-G0378,P. Connaughton,2,10.803030303030303,10.80303030303028
S2324-G0378,P. Connaughton,3,6.233333333333333,6.233333333333344
S2324-G0378,P. Connaughton,4,5.138095238095238,5.138095238095252
S2324-G0378,W. Carter Jr.,1,5.514285714285714,5.51428571428573
S2324-G0378,W. Carter Jr.,2,5.071428571428571,5.0714285714285605
S2324-G0378,W. Carter Jr.,3,3.233333333333333,3.233333333333346
S2324-G0378,W. Carter Jr.,4,7.4399999999999995,7.440000000000035
S2324-G0383,A. Gordon,1,13.89,13.89
S2324-G0383,A. Gordon,2,12.528571428571428,12.657407625707606
S2324-G0383,A. Gordon,3,6.326666666666667,6.326515584415583
S2324-G0383,A. Gordon,4,3.0,2.9996666666666663
S2324-G0383,C. Braun,1,7.766666666666667,7.766666666666655
S2324-G0383,C. Braun,2,0.9,0.9000000000000037
S2324-G0383,C. Braun,4,2.838095238095238,2.8380095238095304
S2324-G0383,C. Johnson,1,8.425,8.424999999999972
S2324-G0383,C. Johnson,2,12.67142857142857,12.671349206349168
S2324-G0383,C. Johnson,3,10.611111111111112,10.611111111111097
S2324-G0383,C. Johnson,4,9.4,9.477854911754905
S2324-G0383,C. Thomas,1,12.1,12.099999999999955
S2324-G0383,C. Thomas,2,11.775,11.775000000000043
S2324-G0383,C. Thomas,3,23.135897435897437,23.135014235764174
S2324-G0383,C. Thomas,4,28.035338345864663,28.700929708866106
S2324-G0383,D. Finney-Smith,1,13.804761904761905,13.80740319402825
S2324-G0383,D. Finney-Smith,2,8.371428571428572,8.371428571428606
S2324-G0383,D. Finney-Smith,3,8.4,8.400000000000027
S2324-G0383,D. Finney-Smith,4,7.419047619047619,7.423711071281672
S2324-G0383,D. Jordan,2,5.1,5.100000000000014
S2324-G0383,D. Sharpe,1,10.006666666666666,9.99065768398267
S2324-G0383,D. Sharpe,2,11.545454545454545,11.56212247474748
S2324-G0383,D. Sharpe,3,8.764285714285714,8.734126984126995
S2324-G0383,D. Sharpe,4,5.133333333333333,5.13341666666666
S2324-G0383,D. Smith Jr.,1,5.199999999999999,5.20000000000002
S2324-G0383,D. Smith Jr.,2,7.405555555555555,7.405555555555565
S2324-G0383,D. Smith Jr.,3,3.45,3.4500000000000055
S2324-G0383,D. Smith Jr.,4,10.761538461538462,10.79904419191918
S2324-G0383,J. Murray,1,9.911111111111111,9.911111111111087
S2324-G0383,J. Murray,2,11.85,11.849999999999957
S2324-G0383,J. Murray,3,35.413333333333334,35.41664867224279
S2324-G0383,J. Murray,4,22.54155844155844,22.533550051548044
S2324-G0383,J. Strawther,1,0.8666666666666667,0.866666666666669
S2324-G0383,J. Strawther,2,5.6000000000000005,5.600000000000007
S2324-G0383,J. Strawther,3,3.1666666666666665,3.166666666666666
S2324-G0383,J. Strawther,4,5.699999999999999,5.7000000000000215
S2324-G0383,K. Caldwell-Pope,1,3.29,3.2899999999999987
S2324-G0383,K. Caldwell-Pope,2,0.8,0.7999999999999993
S2324-G0383,K. Caldwell-Pope,3,7.93,7.930000000000008
S2324-G0383,K. Caldwell-Pope,4,8.633333333333333,8.633333333333372
S2324-G0383,M. Bridges,1,16.475,16.475739599289547
S2324-G0383,M. Bridges,2,16.3,16.342894954228797
S2324-G0383,M. Bridges,3,11.74,11.739999999999979
S2324-G0383,M. Bridges,4,9.825,9.825000000000031
S2324-G0383,M. Porter Jr.,1,15.85,15.849886363636308
S2324-G0383,M. Porter Jr.,2,12.037142857142857,12.036257142857187
S2324-G0383,M. Porter Jr.,3,13.19,13.190225194250235
S2324-G0383,M. Porter Jr.,4,0.8,0.7999999999999992
S2324-G0383,N. Claxton,1,9.9,9.902506476856505
S2324-G0383,N. Claxton,2,9.501098901098901,9.500641433566422
S2324-G0383,N. Claxton,3,7.714285714285714,7.713055056055067
S2324-G0383,N. Claxton,4,5.142857142857142,5.159066666666654
S2324-G0383,N. Jokic,1,22.7675,22.75968467463905
S2324-G0383,N. Jokic,2,13.926666666666666,13.926704870129901
S2324-G0383,N. Jokic,3,18.24155844155844,18.240769774669804
S2324-G0383,N. Jokic,4,19.193333333333335,19.196273820623755
S2324-G0383,P. Watson,1,0.8,0.7999999999999988
S2324-G0383,P. Watson,2,12.705555555555556,12.705247863247882
S2324-G0383,P. Watson,3,0.8666666666666667,0.8666666666666685
S2324-G0383,P. Watson,4,9.425454545454544,9.420961907863388
S2324-G0383,R. Jackson,1,14.1,14.099999999999948
S2324-G0383,R. Jackson,2,12.23,12.229977777777792
S2324-G0383,R. Jackson,3,8.0,8.040321428571428
S2324-G0383,R. Jackson,4,7.514285714285714,7.514285714285733
S2324-G0383,R. O'Neale,1,7.3,7.297499999999975
S2324-G0383,R. O'Neale,2,9.479999999999999,9.480058333333348
S2324-G0383,R. O'Neale,3,6.366666666666667,6.365333333333318
S2324-G0383,R. O'Neale,4,9.804761904761905,9.804738095238148
S2324-G0383,S. Dinwiddie,1,6.071428571428571,6.071428571428578
S2324-G0383,S. Dinwiddie,2,3.105555555555555,3.1055555555555645
S2324-G0383,S. Dinwiddie,3,3.1,3.0999999999999943
S2324-G0383,S. Dinwiddie,4,6.066666666666666,6.066810606060617
S2324-G0383,Z. Nnaji,3,0.95,0.9499999999999977
S2324-G0383,Z. Nnaji,4,7.5,7.500303418803419
S2324-G0411,A. Edwards,1,24.835897435897436,24.834910225885224
S2324-G0411,A. Edwards,2,7.366666666666667,7.3794659590409575
S2324-G0411,A. Edwards,3,18.421212121212122,18.42674740259746
S2324-G0411,A. Edwards,4,15.166666666666666,15.166666666666638
S2324-G0411,A. Wiggins,2,3.1666666666666665,3.166666666666666
S2324-G0411,A. Wiggins,4,6.1,6.099999999999995
S2324-G0411,C. Holmgren,1,14.23,14.230000000000016
S2324-G0411,C. Holmgren,2,12.075,12.075
S2324-G0411,C. Holmgren,3,16.941558441558442,16.95598401269781
S2324-G0411,C. Holmgren,4,10.455555555555556,10.45527777777776
S2324-G0411,C. Wallace,2,7.466666666666667,7.466666666666693
S2324-G0411,C. Wallace,3,0.8,0.7999999999999985
S2324-G0411,C. Wallace,4,10.64,10.680580769230787
S2324-G0411,I. Joe,1,11.4,11.400000000000043
S2324-G0411,I. Joe,2,1.0666666666666667,1.0666666666666644
S2324-G0411,I. Joe,3,3.1,3.0999999999999943
S2324-G0411,I. Joe,4,5.214285714285714,5.214285714285694
S2324-G0411,J. Giddey,1,7.438095238095238,7.43809523809523
S2324-G0411,J. Giddey,2,0.8666666666666667,0.8666666666666683
S2324-G0411,J. Giddey,3,13.867307692307692,13.867264804639872
S2324-G0411,J. Giddey,4,7.425,7.4249999999999705
S2324-G0411,J. McDaniels,1,13.912987012987012,13.913021212121189
S2324-G0411,J. McDaniels,2,9.74,9.740000000000007
S2324-G0411,J. McDaniels,3,3.233333333333333,3.233333333333346
S2324-G0411,J. McDaniels,4,7.779999999999999,7.779999999999977
S2324-G0411,J. McLaughlin,3,7.666666666666667,7.666666666666682
S2324-G0411,J. McLaughlin,4,7.767857142857142,7.770130286380298
S2324-G0411,J. Minott,4,3.25,3.25
S2324-G0411,J. Rose,1,1.2,1.200000000000001
S2324-G0411,J. Williams,1,16.89,16.8920927100677
S2324-G0411,J. Williams,2,16.095238095238095,16.095238095238077
S2324-G0411,J. Williams,3,3.1666666666666665,3.166666666666666
S2324-G0411,J. Williams,4,13.8010989010989,13.79979129861369
S2324-G0411,K. Anderson,1,5.25,5.25
S2324-G0411,K. Anderson,2,8.405555555555555,8.405555555555564
S2324-G0411,K. Anderson,3,5.1,5.100000000000016
S2324-G0411,K. Anderson,4,0.8,0.799999999999998
S2324-G0411,K. Towns,1,9.514285714285714,9.513328730093434
S2324-G0411,K. Towns,2,11.88095238095238,11.878056056361908
S2324-G0411,K. Towns,3,15.936363636363637,15.91655030802534
S2324-G0411,K. Towns,4,5.5,5.5
S2324-G0411,K. Williams,1,6.166666666666667,6.166666666666664
S2324-G0411,K. Williams,2,6.25,6.249329545454546
S2324-G0411,K. Williams,3,3.3666666666666667,3.366666666666674
S2324-G0411,K. Williams,4,3.2,3.2000000000000095
S2324-G0411,L. Dort,1,12.918181818181818,12.918469696969735
S2324-G0411,L. Dort,2,11.6,11.59952640692637
S2324-G0411,L. Dort,3,14.803030303030303,14.803030303030335
S2324-G0411,L. Dort,4,5.277777777777778,5.277777777777801
S2324-G0411,L. Miller,4,14.933333333333334,14.938270140970168
S2324-G0411,M. Butler,3,1.2,1.200000000000001
S2324-G0411,M. Conley,1,6.1,6.099999999999995
S2324-G0411,M. Conley,2,8.425,8.42499999999997
S2324-G0411,M. Conley,3,18.066666666666666,18.067889346764314
S2324-G0411,M. Conley,4,10.766666666666666,10.766666666666662
S2324-G0411,N. Alexander-Walker,1,10.466666666666667,10.466666666666688
S2324-G0411,N. Alexander-Walker,2,0.7714285714285714,0.7714285714285721
S2324-G0411,N. Alexander-Walker,3,6.1,6.099999999999995
S2324-G0411,N. Alexander-Walker,4,0.8,0.799999999999998
S2324-G0411,N. Reid,1,10.833333333333332,10.833333333333313
S2324-G0411,N. Reid,2,6.175,6.174999999999978
S2324-G0411,N. Reid,3,0.825,0.8249999999999992
S2324-G0411,N. Reid,4,0.925,0.9250000000000022
S2324-G0411,R. Gobert,1,7.55,7.549999999999972
S2324-G0411,R. Gobert,2,9.326666666666666,9.324461888111887
S2324-G0411,R. Gobert,3,5.225,5.225000000000014
S2324-G0411,R. Gobert,4,5.5,5.5
S2324-G0411,S. Gilgeous-Alexander,1,23.57008547008547,23.567162597369983
S2324-G0411,S. Gilgeous-Alexander,2,17.427272727272726,17.42751948051952
S2324-G0411,S. Gilgeous-Alexander,3,31.073333333333334,31.095473517005917
S2324-G0411,S. Gilgeous-Alexander,4,9.533333333333333,9.533333333333314
S2324-G0411,T. Brown Jr.,2,3.1,3.0999999999999948
S2324-G0411,V. Micic,2,9.705555555555556,9.70555555555553
S2324-G0411,V. Micic,3,0.8666666666666667,0.8666666666666678
S2324-G0411,V. Micic,4,10.1010989010989,10.096692903420076
S2324-G0411,W. Moore Jr.,4,0.8666666666666667,0.866666666666669
S2324-G0414,A. Coffey,1,5.125,5.125
S2324-G0414,A. Coffey,2,3.1666666666666665,3.166666666666666
S2324-G0414,A. Coffey,3,5.066666666666666,5.067000000000024
S2324-G0414,B. McGowens,1,9.564285714285713,9.564285714285694
S2324-G0414,B. McGowens,2,5.05,5.051433072483055
S2324-G0414,B. McGowens,3,5.166666666666667,5.1666666666666465
S2324-G0414,B. McGowens,4,7.506666666666667,7.5066666666666615
S2324-G0414,C. Martin,1,10.93,10.930304761904772
S2324-G0414,C. Martin,2,9.633333333333335,9.63333333333338
S2324-G0414,C. Martin,3,5.514285714285714,5.51428571428573
S2324-G0414,C. Martin,4,3.1,3.0999999999999943
S2324-G0414,D. Theis,1,5.3,5.29999999999998
S2324-G0414,D. Theis,2,16.14666666666667,16.146666666666643
S2324-G0414,D. Theis,3,5.166666666666667,5.1666666666666465
S2324-G0414,D. Theis,4,3.233333333333333,3.233333333333346
S2324-G0414,G. Hayward,1,7.564285714285714,7.564285714285693
S2324-G0414,G. Hayward,2,12.200000000000001,12.20163463203463
S2324-G0414,G. Hayward,3,9.571428571428571,9.57190873015877
S2324-G0414,I. Smith,1,11.9,11.900000000000043
S2324-G0414,I. Smith,2,3.071428571428571,3.0714285714285636
S2324-G0414,I. Smith,3,0.8,0.7999999999999983
S2324-G0414,I. Smith,4,0.8666666666666667,0.8666666666666681
S2324-G0414,I. Zubac,1,9.833333333333332,9.836456487956482
S2324-G0414,I. Zubac,2,5.166666666666667,5.166666666666648
S2324-G0414,I. Zubac,3,12.990909090909092,12.994342402042411
S2324-G0414,I. Zubac,4,19.386153846153846,19.357698418248418
S2324-G0414,J. Harden,1,22.525714285714283,22.526333993784064
S2324-G0414,J. Harden,2,22.5,22.500178857253857
S2324-G0414,J. Harden,3,17.525396825396825,17.52573640248646
S2324-G0414,J. Harden,4,7.233333333333333,7.233378205128216
S2324-G0414,K. Brown,2,9.74,9.733879365079375
S2324-G0414,K. Brown,3,3.1666666666666665,3.166666666666666
S2324-G0414,K. Brown,4,0.8666666666666667,0.8666666666666683
S2324-G0414,M. Bridges,1,18.835897435897436,18.834060226701453
S2324-G0414,M. Bridges,2,16.525,16.52615996781002
S2324-G0414,M. Bridges,3,27.18034188034188,27.189850536963103
S2324-G0414,M. Bridges,4,15.5,15.502755735930734
S2324-G0414,N. Mensah,2,0.9142857142857144,0.9142857142857117
S2324-G0414,N. Powell,2,9.886666666666667,9.886666666666711
S2324-G0414,N. Powell,3,0.8666666666666667,0.8666666666666688
S2324-G0414,N. Powell,4,15.075,15.074975274725237
S2324-G0414,N. Richards,1,9.59,9.589999999999968
S2324-G0414,N. Richards,2,10.677777777777779,10.674693101343086
S2324-G0414,N. Richards,3,5.233333333333333,5.233333333333343
S2324-G0414,N. Richards,4,5.383333333333333,5.383333333333331
S2324-G0414,N. Smith Jr.,2,9.766666666666666,9.766666666666653
S2324-G0414,N. Smith Jr.,4,8.466666666666667,8.466666666666692
S2324-G0414,P. George,1,19.75,19.75958119135764
S2324-G0414,P. George,2,14.1,14.099999999999948
S2324-G0414,P. George,3,26.166666666666668,26.16506663712106
S2324-G0414,P. George,4,26.425,26.4327353771229
S2324-G0414,P. Washington,1,16.23,16.230000000000015
S2324-G0414,P. Washington,2,0.8,0.8000000000000007
S2324-G0414,P. Washington,3,18.184415584415582,18.183833766233732
S2324-G0414,P. Washington,4,9.7,9.699753801753825
S2324-G0414,R. Westbrook,1,10.5,10.499725274725277
S2324-G0414,R. Westbrook,2,6.37,6.3699999999999815
S2324-G0414,R. Westbrook,3,3.1,3.0999999999999956
S2324-G0414,R. Westbrook,4,16.266666666666666,16.259763891663923
S2324-G0414,T. Mann,1,5.425,5.424999999999979
S2324-G0414,T. Mann,3,9.644444444444446,9.644444444444405
S2324-G0414,T. Rozier,1,10.233333333333333,10.228687012987029
S2324-G0414,T. Rozier,2,11.736363636363636,11.736363636363619
S2324-G0414,T. Rozier,3,18.695238095238096,18.695075499500422
S2324-G0414,T. Rozier,4,34.07333333333334,33.98493433963691
S2324-G0416,A. Gill,4,0.8,0.7999999999999987
S2324-G0416,B. Coulibaly,1,4.35,4.35075555555557
S2324-G0416,B. Coulibaly,2,3.1380952380952376,3.1380952380952376
S2324-G0416,B. Coulibaly,3,12.825,12.824888888888877
S2324-G0416,B. Coulibaly,4,11.799999999999999,11.799999999999997
S2324-G0416,C. Boucher,1,6.333333333333333,6.333333333333331
S2324-G0416,C. Boucher,2,5.566666666666666,5.565086580086589
S2324-G0416,C. Boucher,3,8.371428571428572,8.371428571428606
S2324-G0416,C. Kispert,1,3.1666666666666665,3.166666666666666
S2324-G0416,C. Kispert,2,5.277777777777778,5.277777777777801
S2324-G0416,C. Kispert,3,18.125,18.125158716283714
S2324-G0416,C. Kispert,4,8.466666666666667,8.466666666666692
S2324-G0416,D. Avdija,1,12.766666666666666,12.766666666666698
S2324-G0416,D. Avdija,2,19.41785714285714,19.419213083321846
S2324-G0416,D. Avdija,3,0.8666666666666667,0.866666666666668
S2324-G0416,D. Avdija,4,0.8666666666666667,0.8666666666666683
S2324-G0416,D. Gafford,1,13.884415584415583,13.88441558441553
S2324-G0416,D. Gafford,2,7.492307692307692,7.492819230769263
S2324-G0416,D. Gafford,3,11.9,11.900000000000043
S2324-G0416,D. Gafford,4,3.1666666666666665,3.166666666666666
S2324-G0416,D. Gallinari,1,5.6,5.600000000000007
S2324-G0416,D. Gallinari,2,0.8666666666666667,0.8666666666666683
S2324-G0416,D. Manning,2,1.2,1.200000000000001
S2324-G0416,D. Schroder,1,0.8,0.7999999999999988
S2324-G0416,D. Schroder,2,7.4399999999999995,7.440000000000035
S2324-G0416,D. Schroder,3,10.371428571428572,10.371488095238133
S2324-G0416,D. Schroder,4,7.475,7.474999999999983
S2324-G0416,E. Omoruyi,4,17.37666666666667,17.34720894105892
S2324-G0416,G. Dick,4,6.35,6.349999999999995
S2324-G0416,G. Trent Jr.,1,18.105555555555558,18.124705246142724
S2324-G0416,G. Trent Jr.,2,5.666666666666667,5.666666666666661
S2324-G0416,G. Trent Jr.,3,11.795238095238094,11.795063492063482
S2324-G0416,G. Trent Jr.,4,3.1,3.0999999999999948
S2324-G0416,J. Davis,4,3.3666666666666667,3.366666666666674
S2324-G0416,J. McDaniels,2,9.74,9.739655555555563
S2324-G0416,J. McDaniels,3,0.8666666666666667,0.8666666666666688
S2324-G0416,J. McDaniels,4,14.15,14.152563213175751
S2324-G0416,J. Poeltl,1,5.25,5.25077735042735
S2324-G0416,J. Poeltl,2,3.0,3.0015739094239113
S2324-G0416,J. Poeltl,3,0.9,0.9000000000000035
S2324-G0416,J. Poeltl,4,18.433333333333334,18.436389747752287
S2324-G0416,J. Poole,1,19.513675213675214,19.513403357753276
S2324-G0416,J. Poole,2,5.138095238095238,5.138095238095252
S2324-G0416,J. Poole,3,7.525,7.525000000000018
S2324-G0416,J. Poole,4,13.105555555555556,13.135929761904759
S2324-G0416,K. Kuzma,1,10.877777777777778,10.877777777777748
S2324-G0416,K. Kuzma,2,15.175,15.175082264957302
S2324-G0416,K. Kuzma,3,14.185714285714287,14.190973637473647
S2324-G0416,K. Kuzma,4,7.475,7.474999999999983
S2324-G0416,L. Shamet,2,15.106666666666666,15.106666666666605
S2324-G0416,L. Shamet,3,5.166666666666667,5.1666666666666465
S2324-G0416,L. Shamet,4,0.8666666666666667,0.8666666666666675
S2324-G0416,M. Flynn,4,13.988888888888889,13.967153388278415
S2324-G0416,M. Muscala,1,3.3666666666666667,3.366666666666674
S2324-G0416,M. Muscala,2,5.626666666666667,5.642302597402603
S2324-G0416,O. Anunoby,1,21.723809523809525,21.722758041958013
S2324-G0416,O. Anunoby,2,29.02967032967033,29.038762558713206
S2324-G0416,O. Anunoby,3,14.743956043956043,14.744438189880277
S2324-G0416,O. Anunoby,4,0.8666666666666667,0.8666666666666671
S2324-G0416,O. Porter Jr.,1,0.8666666666666667,0.8666666666666677
S2324-G0416,O. Porter Jr.,2,5.175,5.174999999999982
S2324-G0416,O. Porter Jr.,4,9.405555555555555,9.40578472222223
S2324-G0416,P. Achiuwa,3,5.071428571428571,5.0714285714285605
S2324-G0416,P. Achiuwa,4,4.397142857142857,4.379534090909092
S2324-G0416,P. Baldwin Jr.,4,5.65,5.649999999999994
S2324-G0416,P. Siakam,1,23.15811965811966,23.157515063204805
S2324-G0416,P. Siakam,2,0.7454545454545454,0.7453418026418044
S2324-G0416,P. Siakam,3,26.747058823529414,26.76666948608674
S2324-G0416,P. Siakam,4,9.475,9.474999999999968
S2324-G0416,R. Rollins,4,9.9,9.900000000000036
S2324-G0416,S. Barnes,1,15.169230769230769,15.17348565323563
S2324-G0416,S. Barnes,2,22.792307692307695,22.79198946886445
S2324-G0416,S. Barnes,3,12.7,12.69999999999999
S2324-G0416,S. Barnes,4,9.867857142857142,9.849894028030768
S2324-G0416,T. Jones,1,8.533333333333333,8.533333333333315
S2324-G0416,T. Jones,2,12.19,12.18980000000004
S2324-G0416,T. Jones,3,16.066666666666666,16.066666666666634
S2324-G0416,T. Jones,4,5.514285714285714,5.51428571428573
S2324-G0416,T. Young,4,6.5,6.4938373015873045
S2324-G0421,A. Burks,1,0.95,0.9499999999999976
S2324-G0421,A. Burks,2,8.466666666666667,8.466666666666692
S2324-G0421,A. Burks,3,10.766666666666666,10.766666666666662
S2324-G0421,A. Burks,4,20.77777777777778,20.782959768009796
S2324-G0421,A. Burks,5,5.533333333333334,5.5333333333333234
S2324-G0421,A. Horford,1,0.8666666666666667,0.866666666666668
S2324-G0421,A. Horford,2,0.825,0.8249999999999992
S2324-G0421,A. Horford,3,12.814285714285713,12.814285714285694
S2324-G0421,A. Horford,4,6.25,6.25
S2324-G0421,A. Horford,5,0.9000000000000001,0.9000000000000038
S2324-G0421,A. Thompson,1,0.8,0.7999999999999986
S2324-G0421,A. Thompson,2,7.4,7.400000000000017
S2324-G0421,A. Thompson,3,0.838095238095238,0.8380952380952358
S2324-G0421,A. Thompson,4,0.8666666666666667,0.8666666666666681
S2324-G0421,B. Bogdanovic,1,9.977777777777778,9.97874603174607
S2324-G0421,B. Bogdanovic,2,7.455555555555556,7.455555555555535
S2324-G0421,B. Bogdanovic,3,14.04,14.039999999999973
S2324-G0421,B. Bogdanovic,4,26.417307692307695,26.42470297341545
S2324-G0421,B. Bogdanovic,5,12.264285714285714,12.264285714285693
S2324-G0421,C. Cunningham,1,29.418181818181818,29.435389850590596
S2324-G0421,C. Cunningham,2,24.46818181818182,24.482333442456238
S2324-G0421,C. Cunningham,3,7.683333333333333,7.686980186480192
S2324-G0421,C. Cunningham,4,14.242307692307692,14.222812124150362
S2324-G0421,C. Cunningham,5,10.59,10.58999999999997
S2324-G0421,D. White,1,12.177777777777779,12.177777777777774
S2324-G0421,D. White,2,3.175,3.1749999999999985
S2324-G0421,D. White,3,10.514285714285714,10.514285714285725
S2324-G0421,D. White,4,18.52857142857143,18.52557061688314
S2324-G0421,D. White,5,17.964285714285715,17.96686634754134
S2324-G0421,I. Livers,1,16.31111111111111,16.319440667665692
S2324-G0421,I. Livers,2,0.8,0.7999999999999998
S2324-G0421,I. Livers,3,8.425,8.424999999999972
S2324-G0421,I. Livers,4,3.125,3.125
S2324-G0421,I. Livers,5,1.0666666666666667,1.0666666666666644
S2324-G0421,J. Duren,1,6.314285714285714,6.314285714285694
S2324-G0421,J. Duren,2,11.546666666666665,11.546666666666635
S2324-G0421,J. Duren,3,5.206666666666667,5.206666666666683
S2324-G0421,J. Duren,4,7.63,7.630000000000033
S2324-G0421,J. Duren,5,2.933333333333333,2.933333333333329
S2324-G0421,J. Holiday,1,7.666666666666667,7.666666666666682
S2324-G0421,J. Holiday,2,11.855555555555554,11.855903294826101
S2324-G0421,J. Holiday,3,7.466666666666667,7.466666666666693
S2324-G0421,J. Holiday,4,3.2142857142857144,3.2142857142857086
S2324-G0421,J. Holiday,5,7.2,7.196779761904785
S2324-G0421,J. Ivey,1,15.314285714285715,15.314283008657986
S2324-G0421,J. Ivey,2,10.455555555555556,10.455555555555536
S2324-G0421,J. Ivey,3,3.233333333333333,3.233333333333346
S2324-G0421,J. Ivey,4,19.71111111111111,19.664693645243673
S2324-G0421,J. Ivey,5,12.89,12.89000000000001
S2324-G0421,J. Tatum,1,33.804761904761904,33.7818345030313
S2324-G0421,J. Tatum,2,16.477777777777778,16.47422586580084
S2324-G0421,J. Tatum,3,28.266666666666666,28.220056747827357
S2324-G0421,J. Tatum,4,23.549999999999997,23.461673623435374
S2324-G0421,J. Tatum,5,5.8,5.807519841269828
S2324-G0421,J. Wiseman,1,5.35,5.350000000000011
S2324-G0421,J. Wiseman,2,5.204761904761904,5.204761904761888
S2324-G0421,J. Wiseman,3,5.1,5.100000000000014
S2324-G0421,K. Hayes,1,7.466666666666667,7.466666666666693
S2324-G0421,K. Hayes,2,0.8666666666666667,0.8666666666666671
S2324-G0421,K. Hayes,3,3.1666666666666665,3.166666666666666
S2324-G0421,K. Knox II,1,5.564285714285714,5.564285714285695
S2324-G0421,K. Knox II,2,11.766666666666666,11.766666666666682
S2324-G0421,K. Knox II,3,12.264285714285714,12.264285714285693
S2324-G0421,K. Porzingis,1,23.129166666666666,23.123450248770848
S2324-G0421,K. Porzingis,2,0.9000000000000001,0.9000000000000038
S2324-G0421,K. Porzingis,3,22.23333333333333,22.227629997780003
S2324-G0421,K. Porzingis,4,28.299999999999997,28.25289809985767
S2324-G0421,K. Porzingis,5,13.899999999999999,13.900032967033018
S2324-G0421,N. Queta,1,5.166666666666667,5.1666666666666465
S2324-G0421,N. Queta,2,1.9466666666666663,1.9485446969696927
S2324-G0421,N. Queta,3,0.8666666666666667,0.8666666666666685
S2324-G0421,N. Queta,4,5.300000000000001,5.29999999999998
S2324-G0421,O. Brissett,2,0.8,0.7999999999999986
S2324-G0421,P. Pritchard,1,0.8,0.7999999999999988
S2324-G0421,P. Pritchard,2,30.65824175824176,30.65877913867181
S2324-G0421,P. Pritchard,3,3.1666666666666665,3.166666666666666
S2324-G0421,P. Pritchard,4,3.3000000000000003,3.2999999999999967
S2324-G0421,S. Hauser,1,8.466666666666667,8.466666666666692
S2324-G0421,S. Hauser,2,9.7,9.700000000000031
S2324-G0421,S. Hauser,3,3.35,3.350000000000013
S2324-G0424,B. Ingram,1,17.167307692307695,17.16751858974354
S2324-G0424,B. Ingram,2,10.075,10.07498763736267
S2324-G0424,B. Ingram,3,24.455555555555556,24.45888558777824
S2324-G0424,B. Ingram,4,19.44666666666667,19.446695238095277
S2324-G0424,C. McCollum,1,18.155844155844154,18.155844155844107
S2324-G0424,C. McCollum,2,18.53333333333333,18.53288965201463
S2324-G0424,C. McCollum,3,7.514285714285714,7.514285714285733
S2324-G0424,C. McCollum,4,18.53333333333333,18.53273278388276
S2324-G0424,C. Sexton,1,16.212987012987014,16.212988744588746
S2324-G0424,C. Sexton,2,9.738095238095237,9.738095238095198
S2324-G0424,C. Sexton,3,21.675,21.313183732933744
S2324-G0424,C. Sexton,4,21.535897435897436,21.540003707893394
S2324-G0424,D. Daniels,2,3.29,3.2899999999999987
S2324-G0424,D. Daniels,4,0.8,0.7999999999999988
S2324-G0424,H. Jones,1,7.466666666666667,7.466666666666693
S2324-G0424,H. Jones,2,5.138095238095238,5.138095238095252
S2324-G0424,H. Jones,3,0.825,0.8249999999999992
S2324-G0424,H. Jones,4,5.246666666666667,5.246552380952384
S2324-G0424,J. Alvarado,1,11.85,11.849999999999957
S2324-G0424,J. Alvarado,2,6.199999999999999,6.200000000000022
S2324-G0424,J. Clarkson,1,12.677777777777779,12.671868889443903
S2324-G0424,J. Clarkson,2,7.825,7.825000000000028
S2324-G0424,J. Clarkson,3,8.4,8.400000000000027
S2324-G0424,J. Clarkson,4,10.066666666666666,10.070001540126523
S2324-G0424,J. Collins,1,19.473333333333333,19.473631601731622
S2324-G0424,J. Collins,2,1.9642857142857144,1.9623079365079408
S2324-G0424,J. Collins,3,3.175,3.1749999999999985
S2324-G0424,J. Collins,4,3.3833333333333333,3.3834023809523757
S2324-G0424,J. Valanciunas,1,7.564285714285714,7.564285714285693
S2324-G0424,J. Valanciunas,2,0.9714285714285714,0.970404761904759
S2324-G0424,J. Valanciunas,3,14.414285714285713,14.387628138528143
S2324-G0424,J. Valanciunas,4,0.8666666666666667,0.8666666666666686
S2324-G0424,K. Dunn,1,5.199999999999999,5.20000000000002
S2324-G0424,K. Dunn,2,5.5,5.5
S2324-G0424,K. Dunn,3,0.8,0.799999999999998
S2324-G0424,K. Dunn,4,10.65,10.650277777777816
S2324-G0424,K. George,1,8.466666666666667,8.466666666666692
S2324-G0424,K. George,2,5.5,5.5
S2324-G0424,K. George,3,7.766666666666667,7.766666666666656
S2324-G0424,K. George,4,1.9000000000000001,1.8999999999999952
S2324-G0424,K. Olynyk,1,0.8666666666666667,0.8666666666666677
S2324-G0424,K. Olynyk,2,7.564285714285714,7.564285714285693
S2324-G0424,K. Olynyk,3,11.864285714285714,11.864257936507933
S2324-G0424,L. Markkanen,1,15.106666666666666,15.106666666666605
S2324-G0424,L. Markkanen,2,19.745454545454546,19.75806788211788
S2324-G0424,L. Markkanen,3,7.575,7.575000000000028
S2324-G0424,L. Markkanen,4,29.267307692307693,29.219168539793536
S2324-G0424,L. Nance Jr.,1,0.8,0.7999999999999997
S2324-G0424,L. Nance Jr.,2,12.833333333333332,12.83333333333334
S2324-G0424,L. Nance Jr.,3,0.9333333333333332,0.9333333333333365
S2324-G0424,L. Nance Jr.,4,11.767857142857142,11.76649445717682
S2324-G0424,N. Marshall,1,17.166666666666664,17.166666666666625
S2324-G0424,N. Marshall,3,5.1,5.100000000000014
S2324-G0424,N. Marshall,4,0.8,0.7999999999999983
S2324-G0424,O. Agbaji,2,3.1666666666666665,3.166666666666666
S2324-G0424,O. Agbaji,3,5.166666666666667,5.1666666666666465
S2324-G0424,O. Agbaji,4,0.8666666666666667,0.8666666666666683
S2324-G0424,S. Fontecchio,1,12.864285714285714,12.864285714285725
S2324-G0424,S. Fontecchio,2,3.1,3.0999999999999943
S2324-G0424,S. Fontecchio,3,1.0142857142857142,1.0142857142857122
S2324-G0424,S. Fontecchio,4,0.8666666666666667,0.8666666666666683
S2324-G0424,T. Horton-Tucker,3,9.755555555555555,9.755805555555522
S2324-G0424,T. Murphy III,1,0.95,0.9499999999999977
S2324-G0424,T. Murphy III,2,5.438095238095238,5.438095238095232
S2324-G0424,T. Murphy III,3,5.466666666666667,5.46666666666669
S2324-G0424,T. Murphy III,4,15.966666666666667,16.023480870681603
S2324-G0424,W. Kessler,1,5.277777777777778,5.277777777777801
S2324-G0424,W. Kessler,2,9.466666666666667,9.466666666666685
S2324-G0424,W. Kessler,3,6.125,6.125
S2324-G0424,W. Kessler,4,5.166666666666667,5.1666666666666465
S2324-G0424,Z. Williamson,1,19.133333333333333,19.133435347985316
S2324-G0424,Z. Williamson,2,9.495238095238095,9.495206349206372
S2324-G0424,Z. Williamson,3,12.311111111111112,12.298062121212133
S2324-G0424,Z. Williamson,4,16.025000000000002,16.023911630036654
S2324-G0425,B. Biyombo,1,7.704761904761904,7.6990535714285695
S2324-G0425,B. Biyombo,2,3.2,3.2000000000000095
S2324-G0425,B. Biyombo,3,3.1380952380952376,3.1380952380952376
S2324-G0425,B. Biyombo,4,0.8666666666666667,0.8666666666666675
S2324-G0425,B. Key,4,7.666666666666667,7.666666666666682
S2324-G0425,C. Braun,1,4.2,4.2000000000000135
S2324-G0425,C. Braun,2,8.614285714285714,8.614285714285694
S2324-G0425,C. Braun,3,5.166666666666667,5.1666666666666465
S2324-G0425,C. Braun,4,15.133333333333333,15.133070833333331
S2324-G0425,D. Bane,1,22.436507936507937,22.43505818070819
S2324-G0425,D. Bane,2,8.466666666666667,8.466666666666692
S2324-G0425,D. Bane,3,24.71785714285714,24.728805776168247
S2324-G0425,D. Jordan,2,3.3,3.300606060606056
S2324-G0425,D. Jordan,3,5.25,5.25
S2324-G0425,D. Jordan,4,5.203030303030303,5.203020646020662
S2324-G0425,D. Roddy,1,6.166666666666667,6.166666666666664
S2324-G0425,D. Roddy,2,0.8666666666666667,0.8666666666666675
S2324-G0425,D. Roddy,3,9.614285714285714,9.614119047619026
S2324-G0425,D. Roddy,4,22.813675213675214,22.816667705905196
S2324-G0425,J. Gilyard,4,13.725,13.72499999999995
S2324-G0425,J. Holiday,1,5.214285714285714,5.214285714285694
S2324-G0425,J. Holiday,2,8.371428571428572,8.371428571428606
S2324-G0425,J. Holiday,3,6.066666666666666,6.0675000000000106
S2324-G0425,J. Holiday,4,3.4000000000000004,3.3999999999999875
S2324-G0425,J. Jackson Jr.,1,18.8,18.79482519425025
S2324-G0425,J. Jackson Jr.,2,21.68888888888889,21.68903397297145
S2324-G0425,J. Jackson Jr.,3,10.899999999999999,10.900166666666705
S2324-G0425,J. Konchar,1,3.2,3.2000000000000095
S2324-G0425,J. Konchar,2,7.506666666666667,7.5066666666666615
S2324-G0425,J. Konchar,3,6.1,6.099999999999995
S2324-G0425,J. Konchar,4,17.598701298701297,17.596721869796838
S2324-G0425,J. Murray,1,10.506666666666666,10.506666666666662
S2324-G0425,J. Murray,2,20.511111111111113,20.511129053402673
S2324-G0425,J. Murray,3,22.395238095238096,22.392935314685342
S2324-G0425,J. Pickett,4,8.6,8.599999999999973
S2324-G0425,J. Strawther,1,3.1666666666666665,3.166666666666666
S2324-G0425,J. Strawther,2,10.933333333333334,10.933166666666686
S2324-G0425,J. Strawther,3,5.371428571428571,5.371428571428598
S2324-G0425,J. Strawther,4,26.017307692307693,26.018016176633836
S2324-G0425,K. Caldwell-Pope,1,5.071428571428571,5.0714285714285605
S2324-G0425,K. Caldwell-Pope,2,12.9,12.900000000000048
S2324-G0425,K. Caldwell-Pope,3,19.87012987012987,19.88194143356645
S2324-G0425,M. Porter Jr.,1,15.19145299145299,15.191424297924252
S2324-G0425,M. Porter Jr.,2,8.8,8.800607142857112
S2324-G0425,M. Porter Jr.,3,0.8,0.7999999999999997
S2324-G0425,M. Smart,1,12.184415584415584,12.184415584415557
S2324-G0425,M. Smart,2,15.106666666666666,15.106666666666605
S2324-G0425,M. Smart,3,24.885714285714286,24.888140972915934
S2324-G0425,N. Jokic,1,27.764705882352942,27.793100880492076
S2324-G0425,N. Jokic,2,5.433333333333333,5.432799242424222
S2324-G0425,N. Jokic,3,21.229149797570848,21.237407422805926
S2324-G0425,P. Watson,1,15.511111111111113,15.510302625152597
S2324-G0425,P. Watson,2,13.037142857142857,13.039169083694127
S2324-G0425,P. Watson,3,15.886666666666667,15.886441108891162
S2324-G0425,P. Watson,4,11.864285714285714,11.86428571428571
S2324-G0425,R. Jackson,1,7.533333333333334,7.533333333333316
S2324-G0425,R. Jackson,2,3.2777777777777777,3.2777777777777843
S2324-G0425,R. Jackson,3,3.1,3.0999999999999948
S2324-G0425,R. Jackson,4,14.755555555555555,14.778389541993949
S2324-G0425,V. Williams Jr.,1,8.506666666666666,8.506666666666662
S2324-G0425,V. Williams Jr.,2,9.869696969696971,9.869753246753197
S2324-G0425,V. Williams Jr.,3,3.2866666666666666,3.286354978354978
S2324-G0425,V. Williams Jr.,4,3.1666666666666665,3.166666666666666
S2324-G0425,X. Tillman,1,3.1666666666666665,3.166666666666666
S2324-G0425,X. Tillman,2,5.533333333333334,5.5333333333333234
S2324-G0425,X. Tillman,3,10.466666666666667,10.466666666666688
S2324-G0425,X. Tillman,4,6.664285714285715,6.65411861471863
S2324-G0425,Z. Nnaji,4,12.117142857142857,12.104901118326127
S2324-G0425,Z. Williams,1,6.166666666666667,6.166666666666664
S2324-G0425,Z. Williams,2,9.76969696969697,9.769696969696955
S2324-G0425,Z. Williams,3,0.8666666666666667,0.866666666666668
S2324-G0425,Z. Williams,4,12.266666666666666,12.266904761904787
S2324-G0429,A. Black,1,5.166666666666667,5.1666666666666465
S2324-G0429,A. Black,2,0.8666666666666667,0.8666666666666681
S2324-G0429,A. Black,3,5.246666666666667,5.246666666666669
S2324-G0429,A. Black,4,0.8,0.8000000000000007
S2324-G0429,C. Anthony,1,5.433333333333333,5.43324999999998
S2324-G0429,C. Anthony,2,14.043956043956044,14.043514102564075
S2324-G0429,C. Anthony,3,5.166666666666667,5.1666666666666465
S2324-G0429,C. Anthony,4,6.586666666666667,6.588407539682534
S2324-G0429,C. Herrera,1,1.2,1.200000000000001
S2324-G0429,C. Houstan,1,7.7,7.718646159396173
S2324-G0429,C. Houstan,2,3.3000000000000003,3.2999999999999967
S2324-G0429,C. Houstan,3,3.2,3.2000000000000024
S2324-G0429,C. Houstan,4,0.8666666666666667,0.8666666666666675
S2324-G0429,C. Okeke,1,0.8666666666666667,0.866666666666669
S2324-G0429,C. Okeke,2,9.814285714285713,9.814285714285694
S2324-G0429,C. Okeke,4,5.466666666666667,5.46666666666669
S2324-G0429,D. DiVincenzo,1,5.564285714285714,5.564285714285695
S2324-G0429,D. DiVincenzo,2,7.564285714285714,7.564285714285693
S2324-G0429,D. DiVincenzo,3,7.977777777777778,7.968554076479088
S2324-G0429,F. Wagner,1,7.611111111111111,7.61111111111109
S2324-G0429,F. Wagner,2,30.105555555555554,30.103742060407793
S2324-G0429,F. Wagner,3,21.898701298701297,21.893341855366888
S2324-G0429,F. Wagner,4,20.212987012987014,20.217800453880486
S2324-G0429,G. Bitadze,1,11.944444444444445,11.944358974358922
S2324-G0429,G. Bitadze,2,10.96969696969697,10.986965773115763
S2324-G0429,G. Bitadze,3,6.2844155844155845,6.284538455988463
S2324-G0429,G. Bitadze,4,6.433333333333333,6.419362698412687
S2324-G0429,I. Hartenstein,1,5.1923076923076925,5.193480769230785
S2324-G0429,I. Hartenstein,2,10.866666666666665,10.86616666666663
S2324-G0429,I. Hartenstein,3,3.0142857142857142,3.0139870129870228
S2324-G0429,I. Quickley,1,10.371428571428572,10.371488095238133
S2324-G0429,I. Quickley,2,3.1,3.0999999999999943
S2324-G0429,I. Quickley,3,6.25,6.25
S2324-G0429,I. Quickley,4,18.893181818181816,18.869092737654462
S2324-G0429,J. Brunson,1,14.158730158730158,14.158841269841243
S2324-G0429,J. Brunson,2,5.133333333333333,5.1319444444444375
S2324-G0429,J. Brunson,3,20.531372549019608,20.536306251265056
S2324-G0429,J. Brunson,4,18.717142857142857,18.68946696914195
S2324-G0429,J. Caffey,4,1.2,1.200000000000001
S2324-G0429,J. Hart,2,7.415384615384616,7.415575549450568
S2324-G0429,J. Hart,3,6.166666666666667,6.166666666666664
S2324-G0429,J. Hart,4,3.25,3.25
S2324-G0429,J. Randle,1,40.02914979757085,40.024080688661144
S2324-G0429,J. Randle,2,13.306666666666667,13.299073118548135
S2324-G0429,J. Randle,3,23.84090909090909,23.84303849810315
S2324-G0429,J. Randle,4,22.65,22.590643101343133
S2324-G0429,J. Suggs,1,17.185714285714283,17.188992918192934
S2324-G0429,J. Suggs,2,5.138095238095238,5.138095238095252
S2324-G0429,J. Suggs,3,27.403174603174605,27.40443119241866
S2324-G0429,J. Suggs,4,9.614285714285714,9.614285714285689
S2324-G0429,M. Wagner,1,3.1666666666666665,3.166666666666666
S2324-G0429,M. Wagner,2,0.99,0.9903584415584433
S2324-G0429,M. Wagner,3,3.1666666666666665,3.166666666666666
S2324-G0429,M. Wagner,4,21.99145299145299,21.9298892829393
S2324-G0429,P. Banchero,1,23.753333333333334,23.753692979827207
S2324-G0429,P. Banchero,2,12.833333333333332,12.831370851370854
S2324-G0429,P. Banchero,3,28.525714285714287,28.507029333085192
S2324-G0429,P. Banchero,4,11.7,11.708951118326128
S2324-G0429,Q. Grimes,1,0.8666666666666667,0.866666666666669
S2324-G0429,Q. Grimes,2,5.525,5.524999999999992
S2324-G0429,Q. Grimes,4,6.1,6.099999999999995
S2324-G0429,R. Barrett,1,9.89,9.890000000000041
S2324-G0429,R. Barrett,2,17.717307692307692,17.72312508733096
S2324-G0429,R. Barrett,3,12.886666666666667,12.886698793363557
S2324-G0429,R. Barrett,4,21.624786324786324,21.627372705072702
S2324-G0429,T. Gibson,1,0.8666666666666667,0.866666666666669
S2324-G0429,T. Gibson,2,1.0,1.0
S2324-G0429,T. Gibson,3,0.825,0.8249999999999992
S2324-G0429,T. Gibson,4,5.199999999999999,5.20000000000002
S2324-G0430,A. Tucker,1,1.2,1.200000000000001
S2324-G0430,B. Coulibaly,1,7.514285714285714,7.514285714285733
S2324-G0430,B. Coulibaly,2,0.838095238095238,0.8380952380952358
S2324-G0430,B. Coulibaly,3,5.175,5.174999999999982
S2324-G0430,B. Coulibaly,4,0.8,0.7999999999999983
S2324-G0430,C. Johnson,1,12.814285714285713,12.814285714285694
S2324-G0430,C. Johnson,2,10.533333333333333,10.533333333333314
S2324-G0430,C. Johnson,3,16.310000000000002,16.309213014762985
S2324-G0430,C. Johnson,4,5.475,5.47500000000001
S2324-G0430,C. Kispert,1,5.25,5.25
S2324-G0430,C. Kispert,2,10.864285714285714,10.864285714285698
S2324-G0430,C. Kispert,3,17.23333333333333,17.23876093073586
S2324-G0430,C. Kispert,4,8.466666666666667,8.466666666666692
S2324-G0430,C. Thomas,1,8.533333333333333,8.533333333333315
S2324-G0430,C. Thomas,2,19.46969696969697,19.469526419413942
S2324-G0430,C. Thomas,3,13.08,13.079999999999963
S2324-G0430,C. Thomas,4,12.025454545454545,12.026508985458975
S2324-G0430,D. Alston,2,1.2,1.200000000000001
S2324-G0430,D. Avdija,1,12.233333333333333,12.233374458874435
S2324-G0430,D. Avdija,2,16.842307692307692,16.844183166833176
S2324-G0430,D. Avdija,3,14.103030303030303,14.103030303030248
S2324-G0430,D. Avdija,4,23.25,23.218590823649983
S2324-G0430,D. Finney-Smith,1,3.1666666666666665,3.166666666666666
S2324-G0430,D. Finney-Smith,2,0.8055555555555556,0.805555555555554
S2324-G0430,D. Finney-Smith,3,11.799999999999999,11.799999999999997
S2324-G0430,D. Finney-Smith,4,10.3,10.35874033189035
S2324-G0430,D. Gafford,1,2.9844155844155846,2.982513383838379
S2324-G0430,D. Gafford,2,9.9,9.902333333333369
S2324-G0430,D. Gafford,3,3.433333333333333,3.432666666666656
S2324-G0430,D. Sharpe,1,11.825,11.825000000000005
S2324-G0430,D. Sharpe,2,5.195238095238095,5.195253968253967
S2324-G0430,D. Sharpe,3,11.899999999999999,11.900000000000043
S2324-G0430,D. Sharpe,4,0.9,0.9000000000000035
S2324-G0430,D. Smith Jr.,1,3.2142857142857144,3.2142857142857086
S2324-G0430,D. Smith Jr.,2,11.7,11.700000000000005
S2324-G0430,D. Smith Jr.,3,4.233333333333333,4.229000000000008
S2324-G0430,D. Smith Jr.,4,3.1333333333333333,3.133333333333328
S2324-G0430,D. Wright,1,0.8666666666666667,0.866666666666669
S2324-G0430,D. Wright,2,3.2,3.2000000000000095
S2324-G0430,D. Wright,3,5.3,5.299785714285697
S2324-G0430,D. Wright,4,5.233333333333333,5.233333333333346
S2324-G0430,E. Perry,3,1.2,1.200000000000001
S2324-G0430,J. Poole,1,7.475,7.474999999999983
S2324-G0430,J. Poole,2,5.433333333333334,5.43319999999998
S2324-G0430,J. Poole,3,8.425,8.424999999999972
S2324-G0430,K. Kuzma,1,26.125714285714285,26.150192119155346
S2324-G0430,K. Kuzma,2,5.564285714285714,5.564285714285695
S2324-G0430,K. Kuzma,3,25.06969696969697,25.062428076906723
S2324-G0430,K. Kuzma,4,23.91111111111111,23.90517664280161
S2324-G0430,L. Shamet,2,15.1,15.099999999999945
S2324-G0430,L. Shamet,4,10.775,10.77500000000004
S2324-G0430,M. Bridges,1,17.48095238095238,17.479152344387593
S2324-G0430,M. Bridges,2,7.533333333333334,7.533333333333316
S2324-G0430,M. Bridges,3,17.080000000000002,17.07936445221441
S2324-G0430,M. Bridges,4,12.858730158730157,12.858436180486143
S2324-G0430,M. Muscala,1,7.666666666666667,7.666666666666682
S2324-G0430,M. Muscala,2,13.825,13.823678174603153
S2324-G0430,M. Muscala,3,0.8666666666666667,0.8666666666666685
S2324-G0430,M. Muscala,4,13.123809523809523,13.122769913419926
S2324-G0430,N. Claxton,1,15.371428571428572,15.370356818181854
S2324-G0430,N. Claxton,2,7.466666666666667,7.466666666666693
S2324-G0430,N. Claxton,3,3.1666666666666665,3.166666666666666
S2324-G0430,N. Claxton,4,11.867307692307692,11.867432692307755
S2324-G0430,R. O'Neale,1,8.371428571428572,8.371428571428606
S2324-G0430,R. O'Neale,2,5.138095238095238,5.138095238095252
S2324-G0430,R. O'Neale,3,5.071428571428571,5.0714285714285605
S2324-G0430,S. Dinwiddie,1,5.514285714285714,5.51428571428573
S2324-G0430,S. Dinwiddie,2,14.277777777777779,14.277818376068415
S2324-G0430,S. Dinwiddie,3,16.23,16.230000000000015
S2324-G0430,S. Dinwiddie,4,21.77111111111111,21.771481569234847
S2324-G0430,T. Jones,1,9.466666666666667,9.466666666666685
S2324-G0430,T. Jones,2,14.075,14.075405952380926
S2324-G0430,T. Jones,3,11.74,11.739999999999979
S2324-G0430,T. Jones,4,0.8666666666666667,0.8666666666666686
S2324-G0433,A. Jackson Jr.,2,0.8,0.7999999999999986
S2324-G0433,B. Lopez,1,5.225,5.225000000000014
S2324-G0433,B. Lopez,2,13.19,13.190087373737418
S2324-G0433,B. Lopez,3,12.302564102564101,12.283149686424679
S2324-G0433,B. Lopez,4,5.166666666666667,5.1666666666666465
S2324-G0433,B. Portis,1,5.65,5.649999999999994
S2324-G0433,B. Portis,2,5.2555555555555555,5.255497474747483
S2324-G0433,B. Portis,3,10.514285714285714,10.514214285714298
S2324-G0433,B. Portis,4,5.26,5.260132417582411
S2324-G0433,C. LeVert,1,7.6,7.599999999999982
S2324-G0433,C. LeVert,2,14.423809523809522,14.423961281773819
S2324-G0433,C. LeVert,3,5.355555555555555,5.355555555555584
S2324-G0433,C. LeVert,4,14.446666666666665,14.44478214285718
S2324-G0433,C. Payne,2,3.204761904761905,3.2047619047618925
S2324-G0433,C. Porter Jr.,1,3.1666666666666665,3.166666666666666
S2324-G0433,C. Porter Jr.,3,0.8666666666666667,0.8666666666666675
S2324-G0433,C. Porter Jr.,4,35.67777777777778,35.66447494501112
S2324-G0433,D. Lillard,1,19.46923076923077,19.469515837104066
S2324-G0433,D. Lillard,2,3.2142857142857144,3.2142857142857086
S2324-G0433,D. Lillard,3,31.136363636363637,31.134499500091415
S2324-G0433,D. Lillard,4,17.977777777777778,17.982796489621485
S2324-G0433,D. Mitchell,1,28.017307692307693,28.03924556807573
S2324-G0433,D. Mitchell,2,20.434210526315788,20.43966987130516
S2324-G0433,D. Mitchell,3,28.055555555555557,28.051976277686922
S2324-G0433,D. Mitchell,4,14.071794871794872,14.0916292166167
S2324-G0433,D. Wade,1,5.48,5.480000000000013
S2324-G0433,D. Wade,2,3.1380952380952376,3.1380952380952376
S2324-G0433,D. Wade,3,0.9142857142857144,0.9142857142857117
S2324-G0433,G. Antetokounmpo,1,20.792307692307695,20.794634925123844
S2324-G0433,G. Antetokounmpo,2,22.847619047619048,22.84365588855587
S2324-G0433,G. Antetokounmpo,3,31.18034188034188,31.186011531605626
S2324-G0433,G. Antetokounmpo,4,14.125,14.091084680597165
S2324-G0433,G. Niang,1,5.1,5.100000000000014
S2324-G0433,G. Niang,2,10.136363636363637,10.132671403596436
S2324-G0433,G. Niang,3,5.4,5.39999999999999
S2324-G0433,I. Okoro,1,3.0,3.0037857142857156
S2324-G0433,I. Okoro,2,0.8666666666666667,0.8666666666666675
S2324-G0433,I. Okoro,3,7.55,7.549999999999972
S2324-G0433,I. Okoro,4,11.855844155844155,11.855819047619057
S2324-G0433,J. Allen,1,35.44761904761905,35.48022268947511
S2324-G0433,J. Allen,2,7.664285714285715,7.663509157509191
S2324-G0433,J. Allen,3,20.417307692307695,20.417039918414854
S2324-G0433,J. Allen,4,9.405555555555555,9.405527777777786
S2324-G0433,K. Middleton,1,5.166666666666667,5.1666666666666465
S2324-G0433,K. Middleton,2,12.311111111111112,12.298912806637821
S2324-G0433,K. Middleton,3,7.614285714285715,7.614464285714276
S2324-G0433,K. Middleton,4,14.823809523809523,14.824092490842459
S2324-G0433,M. Beasley,1,13.877777777777778,13.877777777777746
S2324-G0433,M. Beasley,2,13.814285714285713,13.814285714285694
S2324-G0433,M. Beasley,3,6.204761904761904,6.204761904761886
S2324-G0433,M. Beasley,4,5.657142857142857,5.656241341991332
S2324-G0433,M. Beauchamp,1,12.877777777777778,12.877777777777746
S2324-G0433,M. Beauchamp,4,0.8,0.7999999999999997
S2324-G0433,M. Strus,1,18.767307692307693,18.753589867975187
S2324-G0433,M. Strus,2,14.971428571428572,14.976762169774668
S2324-G0433,M. Strus,3,10.103030303030303,10.103675316350285
S2324-G0433,M. Strus,4,13.092857142857142,13.089505153180156
S2324-G0433,P. Connaughton,1,10.814285714285713,10.814285714285694
S2324-G0433,P. Connaughton,2,0.8,0.7999999999999983
S2324-G0433,P. Connaughton,4,0.8666666666666667,0.8666666666666683
S2324-G0433,S. Merrill,2,8.466666666666667,8.466666666666692
S2324-G0433,S. Merrill,3,5.5,5.5
S2324-G0433,S. Merrill,4,0.8666666666666667,0.8666666666666681
S2324-G0433,T. Thompson,2,7.56969696969697,7.569874999999995
S2324-G0433,T. Thompson,3,1.1,1.1123333333333298
S2324-G0434,A. Holiday,1,7.6000000000000005,7.599999999999982
S2324-G0434,A. Holiday,2,5.533333333333334,5.5333333333333234
S2324-G0434,A. Holiday,3,0.8666666666666667,0.8666666666666685
S2324-G0434,A. Holiday,4,7.48,7.480000000000014
S2324-G0434,A. Sengun,1,10.904545454545454,10.898403319487564
S2324-G0434,A. Sengun,2,13.943181818181818,13.94513159618162
S2324-G0434,A. Sengun,3,30.133333333333333,30.14013994853186
S2324-G0434,A. Sengun,4,13.998701298701299,14.011070901320897
S2324-G0434,A. Thompson,1,0.8,0.7999999999999988
S2324-G0434,A. Thompson,2,4.4,4.354371031746024
S2324-G0434,D. House Jr.,2,0.9142857142857144,0.9142857142857117
S2324-G0434,D. House Jr.,4,0.8666666666666667,0.8666666666666681
S2324-G0434,D. Melton,1,7.5,7.5
S2324-G0434,D. Melton,2,7.6,7.599999999999982
S2324-G0434,D. Melton,3,13.211111111111112,13.211123931624
S2324-G0434,D. Melton,4,18.184415584415582,18.184503896103866
S2324-G0434,F. VanVleet,1,30.3275,30.328784152122452
S2324-G0434,F. VanVleet,2,11.638095238095238,11.613916971916973
S2324-G0434,F. VanVleet,3,16.943181818181817,16.932993846431376
S2324-G0434,F. VanVleet,4,14.912987012987012,14.912973809523779
S2324-G0434,J. Green,1,31.675757575757576,31.686457785944736
S2324-G0434,J. Green,2,27.05873015873016,27.058485550887063
S2324-G0434,J. Green,3,31.779166666666665,31.76346106932284
S2324-G0434,J. Green,4,23.386124401913875,23.403568514290146
S2324-G0434,J. Landale,1,9.546666666666665,9.546666666666637
S2324-G0434,J. Landale,2,7.525,7.525000000000018
S2324-G0434,J. Landale,4,3.3666666666666667,3.366666666666674
S2324-G0434,J. Tate,1,5.125,5.125
S2324-G0434,J. Tate,2,3.1666666666666665,3.166666666666666
S2324-G0434,J. Tate,3,3.1666666666666665,3.166666666666666
S2324-G0434,J. Tate,4,5.233333333333333,5.233333333333346
S2324-G0434,K. Oubre Jr.,1,10.866666666666665,10.866666666666626
S2324-G0434,K. Oubre Jr.,2,12.438095238095238,12.434827655677656
S2324-G0434,K. Oubre Jr.,3,8.514285714285714,8.514285714285732
S2324-G0434,M. Bamba,1,5.205555555555556,5.2055555555555415
S2324-G0434,M. Morris Sr.,1,3.15,3.149916666666655
S2324-G0434,M. Morris Sr.,2,5.4,5.39999999999999
S2324-G0434,M. Morris Sr.,3,7.65,7.650000000000019
S2324-G0434,M. Morris Sr.,4,20.44242424242424,20.34145014413687
S2324-G0434,P. Beverley,1,3.1666666666666665,3.166666666666666
S2324-G0434,P. Beverley,3,0.8666666666666667,0.8666666666666678
S2324-G0434,P. Beverley,4,16.944444444444446,16.943412796925248
S2324-G0434,P. Reed,1,7.466666666666667,7.466666666666693
S2324-G0434,P. Reed,2,4.223809523809524,4.228547175047177
S2324-G0434,P. Reed,3,9.533333333333333,9.533333333333314
S2324-G0434,R. Covington,1,6.1,6.099999999999999
S2324-G0434,R. Covington,2,0.8,0.7999999999999982
S2324-G0434,R. Covington,3,10.033333333333333,10.031824675324662
S2324-G0434,R. Covington,4,5.255844155844156,5.255225649350628
S2324-G0434,T. Eason,1,5.525,5.524999999999992
S2324-G0434,T. Eason,2,20.793939393939393,20.77097440995112
S2324-G0434,T. Eason,3,7.666666666666667,7.666666666666682
S2324-G0434,T. Eason,4,9.766666666666666,9.76248351648351
S2324-G0434,T. Harris,1,11.89145299145299,11.887853357753379
S2324-G0434,T. Harris,2,14.836507936507935,14.83574280441786
S2324-G0434,T. Harris,3,20.877777777777776,20.86616907953153
S2324-G0434,T. Harris,4,19.8,19.811215404040432
S2324-G0434,T. Maxey,1,27.417307692307695,27.43348652450486
S2324-G0434,T. Maxey,2,42.99393939393939,42.923103132978085
S2324-G0434,T. Maxey,3,20.618181818181817,20.632636102786076
S2324-G0434,T. Maxey,4,15.100000000000001,15.10823952158951
S2324-G0439,B. Adebayo,1,11.936363636363637,11.935853463203475
S2324-G0439,B. Adebayo,2,20.4475,20.449319158374372
S2324-G0439,B. Adebayo,3,21.288888888888888,21.305416024416733
S2324-G0439,B. Adebayo,4,8.512987012987013,8.42722110389612
S2324-G0439,C. Sexton,1,15.146666666666667,15.146666666666652
S2324-G0439,C. Sexton,2,25.813675213675214,25.813528266178256
S2324-G0439,C. Sexton,3,9.566666666666666,9.615840476190497
S2324-G0439,C. Sexton,4,7.438095238095238,7.43809523809523
S2324-G0439,D. Robinson,1,6.1,6.099999999999995
S2324-G0439,D. Robinson,2,8.492857142857142,8.495036983849506
S2324-G0439,D. Robinson,3,8.6,8.599999999999973
S2324-G0439,D. Robinson,4,9.76969696969697,9.768603030303018
S2324-G0439,H. Highsmith,1,3.3,3.301261904761901
S2324-G0439,H. Highsmith,2,5.542307692307692,5.538298717948719
S2324-G0439,H. Highsmith,3,7.438095238095238,7.43809523809523
S2324-G0439,H. Highsmith,4,3.0,3.0
S2324-G0439,J. Butler,1,0.8,0.7999999999999993
S2324-G0439,J. Butler,2,7.5,7.5
S2324-G0439,J. Butler,3,9.404761904761905,9.292152053502058
S2324-G0439,J. Cain,4,16.123809523809523,16.123809523809538
S2324-G0439,J. Clarkson,1,7.800000000000001,7.817690476190455
S2324-G0439,J. Clarkson,2,14.34,14.343756113331127
S2324-G0439,J. Clarkson,3,10.55,10.549999999999976
S2324-G0439,J. Clarkson,4,3.2,3.2000000000000024
S2324-G0439,J. Collins,1,9.866666666666665,9.86666666666662
S2324-G0439,J. Collins,2,0.8666666666666667,0.8666666666666676
S2324-G0439,J. Collins,3,7.864285714285715,7.864285714285702
S2324-G0439,J. Collins,4,20.642857142857142,20.6318388542014
S2324-G0439,J. Jaquez Jr.,1,8.504761904761905,8.505095238095222
S2324-G0439,J. Jaquez Jr.,2,11.76969696969697,11.769783778966145
S2324-G0439,J. Jaquez Jr.,3,5.371428571428571,5.371428571428598
S2324-G0439,J. Jaquez Jr.,4,7.533333333333333,7.533333333333318
S2324-G0439,K. Dunn,1,9.855844155844155,9.843047619047596
S2324-G0439,K. Dunn,2,3.25,3.25
S2324-G0439,K. Dunn,3,3.175,3.1749999999999985
S2324-G0439,K. George,1,10.846666666666666,10.846666666666643
S2324-G0439,K. George,2,0.9,0.9000000000000036
S2324-G0439,K. George,3,11.67,11.678306421356453
S2324-G0439,K. George,4,24.5,24.49952572427571
S2324-G0439,K. Love,1,19.5,19.512528288378252
S2324-G0439,K. Love,2,5.5,5.499892857142856
S2324-G0439,K. Love,3,8.564285714285713,8.564285714285694
S2324-G0439,K. Love,4,7.6000000000000005,7.599999999999982
S2324-G0439,K. Olynyk,1,12.9,12.90013333333338
S2324-G0439,K. Olynyk,2,13.78,13.780179304029339
S2324-G0439,K. Olynyk,3,7.408333333333333,7.399164682539672
S2324-G0439,K. Olynyk,4,16.595238095238095,16.57977587412585
S2324-G0439,L. Markkanen,1,8.899999999999999,8.897056118881132
S2324-G0439,L. Markkanen,2,16.557142857142857,16.55751356421361
S2324-G0439,L. Markkanen,3,14.266666666666666,14.265637770562819
S2324-G0439,L. Markkanen,4,6.25,6.25
S2324-G0439,N. Jovic,1,6.364285714285715,6.364535714285715
S2324-G0439,N. Jovic,3,6.264285714285714,6.264285714285729
S2324-G0439,O. Agbaji,1,3.1666666666666665,3.166666666666666
S2324-G0439,O. Agbaji,2,5.5055555555555555,5.506138888888893
S2324-G0439,O. Agbaji,4,3.1,3.0999999999999943
S2324-G0439,R. Hampton,1,3.2,3.200000000000003
S2324-G0439,S. Fontecchio,1,6.166666666666667,6.166666666666664
S2324-G0439,S. Fontecchio,2,5.633333333333333,5.633333333333337
S2324-G0439,S. Fontecchio,3,19.325,19.319161521811523
S2324-G0439,S. Fontecchio,4,5.666666666666667,5.666333333333328
S2324-G0439,T. Herro,1,20.5,20.49995
S2324-G0439,T. Herro,2,22.733333333333334,22.734376276990925
S2324-G0439,T. Herro,3,19.433333333333334,19.434003489394204
S2324-G0439,T. Herro,4,16.81111111111111,16.821128274503277
S2324-G0439,W. Kessler,1,9.425,9.424999999999969
S2324-G0439,W. Kessler,2,9.475,9.474999999999968
S2324-G0439,W. Kessler,3,5.246666666666667,5.246666666666669
S2324-G0439,W. Kessler,4,0.9,0.9000000000000036
S2324-G0448,A. Horford,1,0.9142857142857144,0.9142857142857117
S2324-G0448,A. Horford,2,12.775,12.775000000000048
S2324-G0448,A. Horford,3,7.59,7.589999999999979
S2324-G0448,B. Wesley,2,0.8,0.7999999999999986
S2324-G0448,B. Wesley,4,9.046031746031746,9.020320887445898
S2324-G0448,C. Osman,1,3.1,3.099999999999996
S2324-G0448,C. Osman,2,5.1,5.100000000000014
S2324-G0448,C. Osman,3,8.6,8.599999999999973
S2324-G0448,C. Osman,4,0.8,0.799999999999998
S2324-G0448,D. Banton,4,9.625396825396825,9.630621184371176
S2324-G0448,D. Barlow,3,6.714285714285714,6.668353282828301
S2324-G0448,D. Barlow,4,17.346031746031745,17.332965404040376
S2324-G0448,D. Graham,4,19.377142857142857,19.3607113053613
S2324-G0448,D. McDermott,1,5.666666666666667,5.666666666666661
S2324-G0448,D. McDermott,2,0.8666666666666667,0.8666666666666683
S2324-G0448,D. McDermott,3,3.1666666666666665,3.166666666666666
S2324-G0448,D. McDermott,4,0.8666666666666667,0.8666666666666675
S2324-G0448,D. Vassell,1,23.853333333333335,23.85427858546685
S2324-G0448,D. Vassell,2,12.025,12.025130952380996
S2324-G0448,D. Vassell,3,12.78,12.779985714285736
S2324-G0448,D. Vassell,4,11.475,11.474987637362595
S2324-G0448,D. White,1,18.133333333333333,18.133333333333308
S2324-G0448,D. White,2,15.15,15.150000000000055
S2324-G0448,D. White,3,11.864285714285714,11.86428571428571
S2324-G0448,J. Brown,1,18.114285714285714,18.114659007659053
S2324-G0448,J. Brown,2,5.466666666666667,5.46666666666669
S2324-G0448,J. Brown,3,33.195454545454545,33.17129479295222
S2324-G0448,J. Champagnie,1,3.1666666666666665,3.166666666666666
S2324-G0448,J. Champagnie,2,0.8,0.799999999999998
S2324-G0448,J. Champagnie,3,3.25,3.25
S2324-G0448,J. Sochan,1,10.133333333333333,10.133304166666715
S2324-G0448,J. Sochan,2,23.642857142857142,23.643946500721537
S2324-G0448,J. Sochan,3,3.1666666666666665,3.166666666666666
S2324-G0448,J. Tatum,1,10.766666666666666,10.766666666666662
S2324-G0448,J. Tatum,2,26.825714285714284,26.822809198889384
S2324-G0448,J. Tatum,3,29.445833333333333,29.447025159300644
S2324-G0448,J. Tatum,4,0.8666666666666667,0.8666666666666666
S2324-G0448,K. Porzingis,1,16.817307692307693,16.79411131091129
S2324-G0448,K. Porzingis,2,11.71,11.710820670995696
S2324-G0448,K. Porzingis,3,20.836363636363636,20.83707620500845
S2324-G0448,L. Kornet,1,11.629999999999999,11.62969743589749
S2324-G0448,L. Kornet,2,5.1,5.100000000000014
S2324-G0448,L. Kornet,4,14.08,14.079999999999961
S2324-G0448,L. Stevens,4,5.35,5.350000000000011
S2324-G0448,M. Branham,1,0.8666666666666667,0.8666666666666686
S2324-G0448,M. Branham,2,14.875,14.871804861804863
S2324-G0448,M. Branham,3,18.717307692307692,18.717267874690684
S2324-G0448,N. Queta,4,10.629999999999999,10.630004487179542
S2324-G0448,O. Brissett,1,0.8,0.7999999999999988
S2324-G0448,O. Brissett,2,3.35,3.350000000000013
S2324-G0448,O. Brissett,3,6.266666666666667,6.213499999999994
S2324-G0448,O. Brissett,4,9.46969696969697,9.468497180451152
S2324-G0448,P. Pritchard,1,3.1666666666666665,3.166666666666666
S2324-G0448,P. Pritchard,2,15.066666666666666,15.066515151515121
S2324-G0448,P. Pritchard,3,5.166666666666667,5.1666666666666465
S2324-G0448,P. Pritchard,4,7.4051282051282055,7.403341480741494
S2324-G0448,S. Cissoko,4,5.657142857142857,5.654893939393929
S2324-G0448,S. Hauser,1,6.25,6.25
S2324-G0448,S. Hauser,2,3.1666666666666665,3.166666666666666
S2324-G0448,S. Hauser,3,0.8666666666666667,0.8666666666666686
S2324-G0448,S. Hauser,4,18.125,18.125028518703513
S2324-G0448,S. Mamukelashvili,1,10.966666666666667,10.967196428571446
S2324-G0448,S. Mamukelashvili,2,5.35,5.350000000000011
S2324-G0448,S. Mamukelashvili,4,14.677142857142858,14.649100288600307
S2324-G0448,S. Mykhailiuk,4,10.092307692307692,10.100394726107211
S2324-G0448,T. Jones,1,9.914285714285713,9.914285714285766
S2324-G0448,T. Jones,2,5.125,5.125
S2324-G0448,T. Jones,3,9.533333333333333,9.533333333333314
S2324-G0448,T. Jones,4,10.19,10.1906301587302
S2324-G0448,V. Wembanyama,1,22.82857142857143,22.834443137418155
S2324-G0448,V. Wembanyama,2,19.336363636363636,19.33309313235788
S2324-G0448,V. Wembanyama,3,16.275,16.27420972360978
S2324-G0448,V. Wembanyama,4,3.311111111111111,3.3109444444444556
S2324-G0454,A. Avent,1,1.2,1.200000000000001
S2324-G0454,A. Jackson Jr.,1,0.8666666666666667,0.866666666666669
S2324-G0454,A. Jackson Jr.,2,0.8,0.7999999999999983
S2324-G0454,A. Nembhard,1,7.55,7.549999999999972
S2324-G0454,A. Nembhard,2,0.8666666666666667,0.8666666666666687
S2324-G0454,A. Nesmith,1,4.246666666666667,4.24815164835165
S2324-G0454,A. Nesmith,2,17.711111111111112,17.708697574157824
S2324-G0454,A. Nesmith,3,5.611111111111111,5.611111111111093
S2324-G0454,A. Nesmith,4,3.25,3.25
S2324-G0454,B. Hield,1,3.2,3.2000000000000095
S2324-G0454,B. Hield,2,5.371428571428571,5.375789405039424
S2324-G0454,B. Hield,3,7.725,7.724999999999979
S2324-G0454,B. Lopez,1,7.533333333333333,7.533333333333318
S2324-G0454,B. Lopez,2,21.466666666666665,21.46674226190477
S2324-G0454,B. Lopez,3,19.803030303030305,19.766845812520828
S2324-G0454,B. Lopez,4,15.314285714285715,15.316987445887426
S2324-G0454,B. Mathurin,1,12.533333333333333,12.529834759684741
S2324-G0454,B. Mathurin,2,10.583333333333334,10.57778528138526
S2324-G0454,B. Mathurin,3,23.14761904761905,23.139365152004856
S2324-G0454,B. Mathurin,4,17.213675213675213,17.21366239316244
S2324-G0454,B. Portis,1,7.89,7.890000000000027
S2324-G0454,B. Portis,2,10.1,10.056497374847375
S2324-G0454,B. Portis,3,16.466666666666665,16.467367784992806
S2324-G0454,B. Portis,4,5.300000000000001,5.29999999999998
S2324-G0454,C. Payne,2,4.266666666666667,4.261061322011316
S2324-G0454,C. Payne,3,3.0666666666666664,3.0666666666666726
S2324-G0454,C. Payne,4,9.725,9.724999999999966
S2324-G0454,D. Lillard,1,19.275,19.273139868464913
S2324-G0454,D. Lillard,2,5.55,5.549999999999978
S2324-G0454,D. Lillard,3,21.033333333333335,21.033185560109835
S2324-G0454,D. Lillard,4,7.8999999999999995,7.89988888888891
S2324-G0454,G. Antetokounmpo,1,24.893333333333334,24.894042409306383
S2324-G0454,G. Antetokounmpo,2,13.917307692307691,13.914253704628688
S2324-G0454,G. Antetokounmpo,3,16.285714285714285,16.283381743256733
S2324-G0454,G. Antetokounmpo,4,25.288888888888888,25.250475872330256
S2324-G0454,G. Sutton,2,1.2,1.200000000000001
S2324-G0454,I. Jackson,1,9.911111111111111,9.911111111111087
S2324-G0454,I. Jackson,2,11.698701298701298,11.698720901320913
S2324-G0454,I. Jackson,3,7.206666666666667,7.206719047619071
S2324-G0454,I. Jackson,4,13.943181818181818,13.947559410034435
S2324-G0454,J. Smith,1,14.49,14.49288069985565
S2324-G0454,J. Smith,2,7.533333333333334,7.533333333333316
S2324-G0454,J. Smith,3,10.864285714285714,10.864285714285698
S2324-G0454,K. Middleton,1,7.533333333333334,7.533333333333316
S2324-G0454,K. Middleton,2,19.185714285714283,19.205684165834153
S2324-G0454,K. Middleton,3,5.166666666666667,5.1666666666666465
S2324-G0454,K. Middleton,4,22.854545454545455,22.854596103896156
S2324-G0454,M. Beasley,1,19.133333333333333,19.133435347985316
S2324-G0454,M. Beasley,2,3.125,3.125
S2324-G0454,M. Beasley,3,8.577777777777778,8.577777777777781
S2324-G0454,M. Beasley,4,3.3666666666666667,3.366666666666674
S2324-G0454,M. Turner,1,3.3,3.301261904761901
S2324-G0454,M. Turner,2,12.775,12.775000000000048
S2324-G0454,M. Turner,3,7.225,7.225108333333318
S2324-G0454,M. Turner,4,5.217142857142857,5.152442099567085
S2324-G0454,O. Toppin,1,8.564285714285713,8.564285714285694
S2324-G0454,O. Toppin,2,13.725454545454545,13.72643538508272
S2324-G0454,O. Toppin,3,7.666666666666667,7.666666666666682
S2324-G0454,O. Toppin,4,5.438095238095238,5.438095238095232
S2324-G0454,P. Connaughton,2,10.76969696969697,10.769215151515148
S2324-G0454,P. Connaughton,3,0.8666666666666667,0.8666666666666678
S2324-G0454,P. Connaughton,4,0.9,0.9000000000000037
S2324-G0454,T. Haliburton,1,20.812987012987012,20.814094372294313
S2324-G0454,T. Haliburton,2,12.133333333333333,12.120639450663733
S2324-G0454,T. Haliburton,3,23.615384615384617,23.6369942751693
S2324-G0454,T. Haliburton,4,24.003174603174603,23.95744664502161
S2324-G0454,T. McConnell,1,7.6,7.599999999999982
S2324-G0454,T. McConnell,2,5.271428571428571,5.271428571428577
S2324-G0454,T. McConnell,3,3.1666666666666665,3.166666666666666
S2324-G0454,T. McConnell,4,24.6,24.60540139239848
S2324-G0459,A. Caruso,1,16.271794871794874,16.299498293373336
S2324-G0459,A. Caruso,2,11.166666666666666,11.199791347541357
S2324-G0459,A. Caruso,3,6.264285714285714,6.264285714285729
S2324-G0459,A. Dosunmu,1,10.114285714285714,10.115374458874435
S2324-G0459,A. Dosunmu,2,12.655555555555555,12.65754151404152
S2324-G0459,A. Dosunmu,3,11.765454545454546,11.764925641025657
S2324-G0459,A. Dosunmu,4,16.08888888888889,16.09114099511599
S2324-G0459,A. Drummond,1,14.385714285714286,14.411208996559012
S2324-G0459,A. Drummond,2,5.267307692307693,5.268583438783428
S2324-G0459,A. Drummond,3,24.195454545454545,24.168896256684476
S2324-G0459,A. Drummond,4,0.8666666666666667,0.8666666666666675
S2324-G0459,A. Sanogo,4,16.16031746031746,16.07537339882337
S2324-G0459,B. Thompson,2,1.2,1.200000000000001
S2324-G0459,C. Morris,3,1.2,1.200000000000001
S2324-G0459,C. White,1,12.043956043956044,12.043946947496941
S2324-G0459,C. White,2,21.391666666666666,21.39212492050439
S2324-G0459,C. White,3,17.772222222222222,17.766863401304594
S2324-G0459,D. DeRozan,1,20.09111111111111,20.10905979645999
S2324-G0459,D. DeRozan,2,11.767857142857142,11.7681222943723
S2324-G0459,D. DeRozan,3,9.805555555555555,9.806708333333374
S2324-G0459,D. House Jr.,1,7.55,7.549999999999972
S2324-G0459,D. House Jr.,2,0.8666666666666667,0.8666666666666675
S2324-G0459,D. House Jr.,4,10.76969696969697,10.769935023310019
S2324-G0459,D. Terry,2,5.438461538461539,5.432198207348199
S2324-G0459,D. Terry,3,3.2,3.2000000000000024
S2324-G0459,D. Terry,4,16.1875,16.19268623770018
S2324-G0459,J. Carter,1,3.1,3.0999999999999948
S2324-G0459,J. Carter,2,3.1,3.099999999999994
S2324-G0459,J. Carter,3,16.075,16.07490900488396
S2324-G0459,J. Carter,4,15.417307692307691,15.401439035955418
S2324-G0459,J. Embiid,1,21.832330827067672,21.833020591121993
S2324-G0459,J. Embiid,2,34.529870129870126,34.51615382542297
S2324-G0459,J. Embiid,3,24.015438596491226,23.96403349567095
S2324-G0459,J. Phillips,3,12.725,12.724999999999952
S2324-G0459,J. Phillips,4,7.425454545454546,7.422610389610396
S2324-G0459,J. Springer,1,0.8666666666666667,0.866666666666669
S2324-G0459,J. Springer,2,3.175,3.1749999999999985
S2324-G0459,J. Springer,3,0.8666666666666667,0.8666666666666685
S2324-G0459,J. Springer,4,11.792307692307691,11.792307692307691
S2324-G0459,K. Lofton Jr.,4,5.733333333333333,5.72809797979799
S2324-G0459,K. Martin,4,7.766666666666667,7.766666666666655
S2324-G0459,K. Oubre Jr.,1,25.492307692307694,25.48450868020872
S2324-G0459,K. Oubre Jr.,2,6.25,6.25
S2324-G0459,K. Oubre Jr.,3,5.59,5.5900000000000025
S2324-G0459,M. Bamba,4,3.2844155844155845,3.284415584415578
S2324-G0459,M. Morris Sr.,1,3.1666666666666665,3.166666666666666
S2324-G0459,M. Morris Sr.,2,6.525,6.525102822177829
S2324-G0459,M. Morris Sr.,4,1.9714285714285713,1.9704583333333365
S2324-G0459,N. Batum,1,11.546666666666665,11.546666666666635
S2324-G0459,N. Batum,2,3.2,3.2000000000000024
S2324-G0459,N. Batum,3,3.29,3.2899999999999987
S2324-G0459,P. Beverley,1,6.25,6.25
S2324-G0459,P. Beverley,3,1.0666666666666667,1.0666666666666644
S2324-G0459,P. Reed,2,5.133333333333333,5.133388888888883
S2324-G0459,P. Reed,4,5.467857142857143,5.464687715062726
S2324-G0459,P. Williams,1,5.425454545454546,5.425907059607045
S2324-G0459,P. Williams,2,6.2,6.200000000000022
S2324-G0459,R. Council IV,4,3.1666666666666665,3.166666666666666
S2324-G0459,T. Harris,1,17.191452991452994,17.19133821733819
S2324-G0459,T. Harris,2,12.966666666666667,12.968917857142872
S2324-G0459,T. Harris,3,22.85,22.851205358693576
S2324-G0459,T. Maxey,1,12.911111111111111,12.911111111111076
S2324-G0459,T. Maxey,2,14.04,14.040148484848457
S2324-G0459,T. Maxey,3,15.85,15.849999999999943
S2324-G0459,T. Maxey,4,9.629999999999999,9.630000000000049
S2324-G0459,T. Taylor,1,0.9000000000000001,0.9000000000000038
S2324-G0459,T. Taylor,2,5.625,5.627348484848485
S2324-G0459,T. Taylor,3,3.0666666666666664,3.0666666666666726
S2324-G0459,T. Taylor,4,5.59,5.5900000000000025
S2324-G0479,C. Sexton,1,16.266666666666666,16.26589941169948
S2324-G0479,C. Sexton,2,18.46923076923077,18.469648279824742
S2324-G0479,C. Sexton,3,8.89,8.887086319236342
S2324-G0479,D. Banton,4,10.833333333333334,10.791701226551215
S2324-G0479,D. White,1,15.184415584415584,15.184415584415556
S2324-G0479,D. White,2,10.542307692307691,10.54335840964592
S2324-G0479,D. White,3,7.775,7.775000000000021
S2324-G0479,J. Brown,1,16.484415584415583,16.48351709956713
S2324-G0479,J. Brown,2,7.705555555555556,7.704220862470843
S2324-G0479,J. Brown,3,19.193333333333335,19.195507153957088
S2324-G0479,J. Clarkson,1,8.083333333333334,8.08636428571427
S2324-G0479,J. Clarkson,2,5.5,5.5
S2324-G0479,J. Clarkson,3,7.55,7.549999999999972
S2324-G0479,J. Collins,1,3.325,3.3246250000000037
S2324-G0479,J. Collins,2,7.525,7.525000000000018
S2324-G0479,J. Collins,3,22.600452488687782,22.613763658284462
S2324-G0479,J. Holiday,1,15.106666666666666,15.106666666666605
S2324-G0479,J. Holiday,2,10.52967032967033,10.530739346764365
S2324-G0479,J. Holiday,3,9.55,9.549999999999969
S2324-G0479,J. Koncak,3,1.2,1.200000000000001
S2324-G0479,J. Tatum,1,13.998701298701299,14.011884487734479
S2324-G0479,J. Tatum,2,34.18888888888889,34.71447034749738
S2324-G0479,J. Tatum,3,12.612987012987013,12.615676828726867
S2324-G0479,K. Dunn,1,5.466666666666667,5.46666666666669
S2324-G0479,K. Dunn,2,9.89,9.890000000000041
S2324-G0479,K. Dunn,3,0.99,0.9900000000000017
S2324-G0479,K. Dunn,4,5.697142857142857,5.694476262626239
S2324-G0479,K. George,1,15.314285714285713,15.323600427350422
S2324-G0479,K. George,2,3.1,3.0999999999999943
S2324-G0479,K. George,3,10.600000000000001,10.59999999999996
S2324-G0479,K. George,4,9.89,9.890000000000041
S2324-G0479,K. Olynyk,1,3.1666666666666665,3.166666666666666
S2324-G0479,K. Olynyk,2,3.204761904761905,3.2047619047618925
S2324-G0479,K. Olynyk,3,7.214285714285714,7.267830952380964
S2324-G0479,K. Porzingis,1,15.205714285714286,15.198603907203895
S2324-G0479,K. Porzingis,2,8.275,8.274315714840732
S2324-G0479,K. Porzingis,3,14.615384615384615,14.585104463591962
S2324-G0479,L. Kornet,2,7.63,7.630000000000033
S2324-G0479,L. Kornet,3,0.95,0.9499999999999977
S2324-G0479,L. Kornet,4,3.3642857142857143,3.3642976190476266
S2324-G0479,L. Markkanen,1,14.395238095238094,14.395238095238124
S2324-G0479,L. Markkanen,2,21.57,21.56925980685985
S2324-G0479,L. Markkanen,3,20.91111111111111,20.894776792943862
S2324-G0479,L. Samanic,4,14.066666666666668,14.06163290182039
S2324-G0479,L. Stevens,4,14.275,14.27292528027532
S2324-G0479,N. Queta,4,3.233333333333333,3.233333333333346
S2324-G0479,O. Agbaji,1,3.566666666666667,3.5666666666666793
S2324-G0479,O. Agbaji,2,3.1,3.0999999999999948
S2324-G0479,O. Agbaji,3,7.55,7.549999999999972
S2324-G0479,O. Agbaji,4,6.368181818181818,6.387997474747485
S2324-G0479,O. Brissett,1,0.8,0.7999999999999987
S2324-G0479,O. Brissett,2,9.514285714285714,9.51428571428573
S2324-G0479,O. Brissett,3,7.8,7.799999999999972
S2324-G0479,O. Brissett,4,3.357142857142857,3.3569226190476193
S2324-G0479,O. Yurtseven,4,10.393181818181818,10.356240720390737
S2324-G0479,P. Pritchard,1,5.866666666666667,5.866666666666658
S2324-G0479,P. Pritchard,2,0.8666666666666667,0.8666666666666668
S2324-G0479,P. Pritchard,3,10.95,10.950616666666685
S2324-G0479,P. Pritchard,4,16.525714285714287,16.523870698745732
S2324-G0479,S. Fontecchio,1,10.142307692307691,10.139268220668214
S2324-G0479,S. Fontecchio,2,7.433333333333333,7.4383412698412705
S2324-G0479,S. Fontecchio,3,8.55,8.54999999999997
S2324-G0479,S. Hauser,1,10.683333333333334,10.683709956709977
S2324-G0479,S. Hauser,2,8.466666666666667,8.466666666666692
S2324-G0479,S. Hauser,3,7.533333333333334,7.533333333333316
S2324-G0479,S. Hauser,4,13.133333333333333,13.133333333333347
S2324-G0479,S. Mykhailiuk,3,0.8666666666666667,0.866666666666669
S2324-G0479,S. Mykhailiuk,4,20.244444444444447,20.198739305139334
S2324-G0479,T. Horton-Tucker,4,35.2,35.125114787001834
S2324-G0479,W. Kessler,1,7.614285714285715,7.614285714285704
S2324-G0479,W. Kessler,2,5.408333333333333,5.408165476190467
S2324-G0483,D. DiVincenzo,1,13.56969696969697,13.556410384060362
S2324-G0483,D. DiVincenzo,2,6.166666666666667,6.166666666666664
S2324-G0483,D. DiVincenzo,3,10.97,10.969925000000007
S2324-G0483,D. House Jr.,1,0.8666666666666667,0.8666666666666677
S2324-G0483,D. House Jr.,2,0.9000000000000001,0.9000000000000038
S2324-G0483,D. House Jr.,3,5.175,5.174999999999982
S2324-G0483,D. House Jr.,4,5.55,5.549999999999978
S2324-G0483,I. Hartenstein,1,6.255844155844156,6.251441558441552
S2324-G0483,I. Hartenstein,2,13.806666666666667,13.806688888888905
S2324-G0483,I. Hartenstein,3,11.86,11.860657142857127
S2324-G0483,I. Hartenstein,4,9.525,9.525000000000034
S2324-G0483,J. Brunson,1,15.19,15.190000000000046
S2324-G0483,J. Brunson,2,35.4,35.40766949103964
S2324-G0483,J. Brunson,3,14.184415584415584,14.184415584415556
S2324-G0483,J. Brunson,4,14.200000000000001,14.200918470418442
S2324-G0483,J. Embiid,1,24.984415584415583,24.959442712842744
S2324-G0483,J. Embiid,2,21.0,20.95418882783877
S2324-G0483,J. Embiid,3,31.545833333333334,31.521848542320303
S2324-G0483,J. Embiid,4,9.816666666666668,9.80624777999777
S2324-G0483,J. Hart,1,12.041666666666666,12.040468326118322
S2324-G0483,J. Hart,2,7.546666666666667,7.546666666666642
S2324-G0483,J. Hart,3,3.233333333333333,3.233333333333346
S2324-G0483,J. Hart,4,7.280952380952381,7.277210023310022
S2324-G0483,J. Randle,1,16.812987012987012,16.80919112554108
S2324-G0483,J. Randle,2,9.626666666666667,9.626190476190526
S2324-G0483,J. Randle,3,9.965714285714286,9.95195199049316
S2324-G0483,J. Springer,2,9.806666666666667,9.80666666666663
S2324-G0483,J. Springer,3,5.666666666666667,5.666666666666661
S2324-G0483,J. Springer,4,6.666666666666667,6.669454617604614
S2324-G0483,K. Martin,4,0.95,0.9499999999999977
S2324-G0483,K. Oubre Jr.,1,8.495238095238095,8.495122619047637
S2324-G0483,K. Oubre Jr.,2,17.593181818181815,17.59841980388028
S2324-G0483,K. Oubre Jr.,3,6.3,6.300790476190453
S2324-G0483,K. Oubre Jr.,4,13.938461538461539,13.960776201576216
S2324-G0483,M. Bamba,4,5.357142857142857,5.356740079365091
S2324-G0483,M. Flynn,4,0.8666666666666667,0.866666666666669
S2324-G0483,M. McBride,1,24.597142857142856,24.561925052725083
S2324-G0483,M. McBride,2,3.1,3.0999999999999948
S2324-G0483,M. McBride,3,4.1,4.184285714285717
S2324-G0483,M. McBride,4,5.425,5.424999999999979
S2324-G0483,M. Morris Sr.,1,3.1666666666666665,3.166666666666666
S2324-G0483,M. Morris Sr.,2,0.8666666666666667,0.8666666666666675
S2324-G0483,M. Morris Sr.,4,0.8666666666666667,0.8666666666666675
S2324-G0483,N. Batum,1,0.9000000000000001,0.9000000000000038
S2324-G0483,N. Batum,2,5.783333333333333,5.773165873015873
S2324-G0483,N. Batum,3,0.9142857142857144,0.9142857142857117
S2324-G0483,N. Batum,4,0.8666666666666667,0.8666666666666681
S2324-G0483,O. Anunoby,1,5.438095238095238,5.438095238095232
S2324-G0483,O. Anunoby,2,17.133333333333333,17.13180109710549
S2324-G0483,O. Anunoby,3,9.725,9.724999999999966
S2324-G0483,O. Anunoby,4,7.425,7.424999999999971
S2324-G0483,P. Achiuwa,2,6.125,6.125
S2324-G0483,P. Achiuwa,4,7.525,7.525000000000018
S2324-G0483,P. Beverley,1,3.0666666666666664,3.0666666666666726
S2324-G0483,P. Beverley,3,3.2666666666666666,3.266705128205121
S2324-G0483,P. Beverley,4,0.8,0.7999999999999983
S2324-G0483,P. Reed,2,5.214285714285714,5.214285714285694
S2324-G0483,P. Reed,4,14.125,14.125023351648352
S2324-G0483,Q. Grimes,1,5.666666666666667,5.666666666666661
S2324-G0483,Q. Grimes,2,3.29,3.2899999999999987
S2324-G0483,Q. Grimes,3,3.25,3.25
S2324-G0483,Q. Grimes,4,40.71754385964912,40.782838279569575
S2324-G0483,R. Arcidiacono,4,3.071428571428571,3.071428571428564
S2324-G0483,T. Harris,1,17.423809523809524,17.423927976190544
S2324-G0483,T. Harris,2,0.8666666666666667,0.8666666666666675
S2324-G0483,T. Harris,3,3.125,3.125
S2324-G0483,T. Maxey,1,29.403174603174605,29.40517061149628
S2324-G0483,T. Maxey,2,22.5,22.500127752802754
S2324-G0483,T. Maxey,3,9.586666666666666,9.586770833333304
S2324-G0483,T. Maxey,4,15.405128205128205,15.439364529914517
S2324-G0486,A. Coffey,2,7.533333333333334,7.533333333333316
S2324-G0486,A. Coffey,4,7.644444444444445,7.644444444444408
S2324-G0486,B. Boston Jr.,4,10.166666666666668,10.164583333333363
S2324-G0486,B. Hyland,4,7.957142857142856,7.956904761904758
S2324-G0486,B. Ingram,1,5.133333333333333,5.133388888888883
S2324-G0486,B. Ingram,2,12.055555555555555,12.056874891774935
S2324-G0486,B. Ingram,3,15.2,15.199999999999962
S2324-G0486,B. Ingram,4,4.0,4.001309523809524
S2324-G0486,C. McCollum,1,13.133333333333333,13.133333333333347
S2324-G0486,C. McCollum,2,13.205555555555556,13.225496969696978
S2324-G0486,C. McCollum,3,18.51298701298701,18.51298701298708
S2324-G0486,C. McCollum,4,0.8666666666666667,0.8666666666666683
S2324-G0486,C. Person,3,1.2,1.200000000000001
S2324-G0486,C. Zeller,4,4.41,4.428959523809528
S2324-G0486,D. Daniels,2,3.2,3.196944444444447
S2324-G0486,D. Daniels,3,3.2,3.2000000000000095
S2324-G0486,D. Daniels,4,7.48,7.479975000000014
S2324-G0486,D. Theis,1,3.3833333333333333,3.383333333333328
S2324-G0486,D. Theis,2,0.8666666666666667,0.8666666666666681
S2324-G0486,D. Theis,4,7.614285714285715,7.614285714285704
S2324-G0486,H. Jones,1,7.425,7.424999999999971
S2324-G0486,H. Jones,2,3.1,3.0999999999999943
S2324-G0486,H. Jones,3,14.833333333333332,14.83311474358977
S2324-G0486,I. Zubac,1,8.866666666666665,8.853983333333302
S2324-G0486,I. Zubac,2,9.504761904761905,9.504761904761882
S2324-G0486,I. Zubac,3,16.043181818181818,16.033300086025086
S2324-G0486,J. Alvarado,1,3.1666666666666665,3.166666666666666
S2324-G0486,J. Alvarado,2,5.371428571428571,5.371428571428598
S2324-G0486,J. Alvarado,4,12.1,12.111783508158494
S2324-G0486,J. Harden,1,10.86,10.860068253968223
S2324-G0486,J. Harden,2,12.799999999999999,12.80000000000001
S2324-G0486,J. Harden,3,3.1,3.099999999999996
S2324-G0486,J. Hawkins,4,30.185714285714287,30.16974287966939
S2324-G0486,J. Valanciunas,1,19.265714285714285,19.265278135899177
S2324-G0486,J. Valanciunas,2,3.1,3.0999999999999965
S2324-G0486,J. Valanciunas,3,14.566666666666666,14.566489894827377
S2324-G0486,J. Valanciunas,4,7.48,7.480000000000014
S2324-G0486,K. Brown,4,3.1666666666666665,3.166666666666666
S2324-G0486,K. Leonard,1,14.5,14.49676109739932
S2324-G0486,K. Leonard,2,9.6,9.62424040404041
S2324-G0486,K. Leonard,3,21.175,21.18151066156065
S2324-G0486,K. Leonard,4,12.244444444444445,12.244507936507977
S2324-G0486,L. Nance Jr.,1,0.8666666666666667,0.866666666666669
S2324-G0486,L. Nance Jr.,2,10.899999999999999,10.90000000000004
S2324-G0486,L. Nance Jr.,3,11.983333333333334,11.983333333333315
S2324-G0486,L. Nance Jr.,4,0.8666666666666667,0.8666666666666687
S2324-G0486,M. Plumlee,4,13.808333333333334,13.722820576645585
S2324-G0486,N. Marshall,1,12.9,12.90013333333338
S2324-G0486,N. Marshall,4,18.817307692307693,18.812678307803274
S2324-G0486,N. Powell,1,12.9,12.900000000000048
S2324-G0486,N. Powell,2,12.08,12.078528787878756
S2324-G0486,N. Powell,3,6.166666666666667,6.166666666666664
S2324-G0486,N. Powell,4,15.486666666666666,15.486620634920646
S2324-G0486,P. George,1,19.4,19.3999615384616
S2324-G0486,P. George,2,18.28571428571429,18.28411434815182
S2324-G0486,P. George,3,23.813675213675214,23.813931738849377
S2324-G0486,R. Westbrook,1,6.364285714285715,6.364285714285716
S2324-G0486,R. Westbrook,2,9.925,9.923805952380922
S2324-G0486,R. Westbrook,3,6.166666666666667,6.166666666666664
S2324-G0486,R. Westbrook,4,3.2333333333333334,3.23333333333334
S2324-G0486,T. Mann,1,8.7,8.699916666666697
S2324-G0486,T. Mann,2,6.25,6.25
S2324-G0486,T. Mann,3,3.0142857142857142,3.0131587301587395
S2324-G0486,T. Mann,4,0.8666666666666667,0.8666666666666683
S2324-G0486,T. Murphy III,1,5.55,5.549999999999978
S2324-G0486,T. Murphy III,2,13.125,13.125
S2324-G0486,T. Murphy III,4,7.6854545454545455,7.679270707070711
S2324-G0486,Z. Williamson,1,10.666666666666666,10.675124314574337
S2324-G0486,Z. Williamson,2,14.346666666666666,14.32993239538241
S2324-G0486,Z. Williamson,3,11.01,11.01069285714286
S2324-G0487,A. Lawson,1,1.0666666666666667,1.0666666666666644
S2324-G0487,A. Lawson,2,3.233333333333333,3.233333333333346
S2324-G0487,A. Lawson,3,12.933333333333334,12.932807700632722
S2324-G0487,A. Lawson,4,19.258119658119657,19.257322160295875
S2324-G0487,A. Simons,1,7.846666666666667,7.846666666666648
S2324-G0487,A. Simons,2,16.48095238095238,16.492705414030414
S2324-G0487,A. Simons,3,2.8,2.8019166666666706
S2324-G0487,B. Williams,4,15.075,15.079472691197685
S2324-G0487,D. Jones Jr.,1,11.842307692307692,11.842307692307708
S2324-G0487,D. Jones Jr.,2,0.9066666666666666,0.9066666666666664
S2324-G0487,D. Jones Jr.,3,15.799999999999999,15.800338965201496
S2324-G0487,D. Powell,1,4.205555555555556,4.206988961038952
S2324-G0487,D. Powell,2,6.277777777777778,6.2841380952381
S2324-G0487,D. Powell,3,7.455555555555556,7.455555555555535
S2324-G0487,D. Reath,1,6.277777777777778,6.278457264957292
S2324-G0487,D. Reath,2,23.792307692307695,23.792701735764222
S2324-G0487,D. Reath,3,3.2142857142857144,3.2142857142857086
S2324-G0487,D. Reath,4,14.277777777777779,14.277944444444483
S2324-G0487,G. Brown III,3,3.3666666666666667,3.366666666666674
S2324-G0487,G. Brown III,4,17.275324675324676,17.264569788544744
S2324-G0487,I. Badji,1,3.204761904761905,3.2047619047618925
S2324-G0487,I. Badji,3,0.95,0.9499999999999977
S2324-G0487,I. Badji,4,0.8666666666666667,0.8666666666666685
S2324-G0487,J. Grant,1,19.484415584415583,19.484415584415633
S2324-G0487,J. Grant,2,23.6,23.610373628495708
S2324-G0487,J. Grant,3,3.1,3.0999999999999956
S2324-G0487,J. Green,1,13.766666666666666,13.766809523809568
S2324-G0487,J. Green,2,11.806666666666667,11.806666666666658
S2324-G0487,J. Green,3,9.425,9.424999999999969
S2324-G0487,J. Hardy,1,6.25,6.25
S2324-G0487,J. Hardy,2,27.017857142857142,27.02217014430788
S2324-G0487,J. Hardy,3,8.01,8.01787142857142
S2324-G0487,J. Hardy,4,13.944444444444445,13.944444444444384
S2324-G0487,K. Irving,1,29.114705882352943,29.112233479347477
S2324-G0487,K. Irving,2,15.392307692307691,15.395900041135375
S2324-G0487,K. Irving,3,23.715384615384615,23.717392975651766
S2324-G0487,K. Murray,3,10.89,10.890000000000034
S2324-G0487,K. Murray,4,19.475,19.47372153679648
S2324-G0487,M. Brogdon,1,7.738095238095237,7.7380952380952035
S2324-G0487,M. Brogdon,2,3.1666666666666665,3.166666666666666
S2324-G0487,M. Brogdon,3,14.277777777777779,14.277818376068415
S2324-G0487,M. Thybulle,1,3.35,3.350000000000013
S2324-G0487,M. Thybulle,2,3.1666666666666665,3.166666666666666
S2324-G0487,M. Thybulle,3,0.8666666666666667,0.8666666666666681
S2324-G0487,O. Prosper,2,1.0666666666666667,1.0666666666666644
S2324-G0487,O. Prosper,3,3.1,3.0999999999999948
S2324-G0487,O. Prosper,4,22.976666666666667,22.91223582667331
S2324-G0487,R. Rupert,3,7.657142857142857,7.657142857142845
S2324-G0487,R. Rupert,4,12.886666666666667,12.886666666666724
S2324-G0487,S. Curry,1,15.133333333333333,15.13328571428571
S2324-G0487,S. Curry,2,9.736363636363636,9.736363636363647
S2324-G0487,S. Curry,3,7.55,7.549999999999972
S2324-G0487,S. Curry,4,0.8,0.8000000000000007
S2324-G0487,S. Henderson,1,21.727272727272727,21.72683982683976
S2324-G0487,S. Henderson,2,0.95,0.9499999999999976
S2324-G0487,S. Henderson,3,7.814285714285714,7.814285714285693
S2324-G0487,S. Henderson,4,24.775,24.772871370296357
S2324-G0487,S. Sharpe,1,9.314285714285713,9.345388711288692
S2324-G0487,S. Sharpe,2,5.466666666666667,5.466794871794894
S2324-G0487,S. Sharpe,3,17.674603174603174,17.61666532035216
S2324-G0487,S. Sharpe,4,21.125,21.125423515373488
S2324-G0487,T. Camara,1,8.475,8.474999999999973
S2324-G0487,T. Camara,2,6.277777777777778,6.278277777777804
S2324-G0487,T. Camara,3,5.59,5.5900000000000025
S2324-G0487,T. Camara,4,16.557142857142857,16.557461616161664
S2324-G0487,T. Hardaway Jr.,1,21.736363636363638,21.73699287919674
S2324-G0487,T. Hardaway Jr.,2,7.4399999999999995,7.440000000000035
S2324-G0487,T. Hardaway Jr.,3,22.366666666666667,22.367953490953518
S2324-G0487,T. Hardaway Jr.,4,3.233333333333333,3.233333333333346
S2324-G0494,A. Gill,4,6.3,6.299999999999978
S2324-G0494,B. Coulibaly,1,7.525,7.525000000000018
S2324-G0494,B. Coulibaly,2,3.204761904761905,3.2047619047618925
S2324-G0494,B. Coulibaly,3,5.1,5.100000000000014
S2324-G0494,B. Coulibaly,4,3.2,3.2000000000000095
S2324-G0494,C. Kispert,1,3.3,3.2999999999999967
S2324-G0494,C. Kispert,2,11.611111111111112,11.611041002014845
S2324-G0494,C. Kispert,3,0.8666666666666667,0.8666666666666686
S2324-G0494,C. Kispert,4,5.166666666666667,5.1666666666666465
S2324-G0494,D. Avdija,1,6.271428571428571,6.271170634920625
S2324-G0494,D. Avdija,2,15.245714285714287,15.24204325951825
S2324-G0494,D. Avdija,3,26.838914027149322,26.83087388102095
S2324-G0494,D. Avdija,4,8.7,8.71447687590189
S2324-G0494,D. DiVincenzo,1,13.766666666666666,13.76666666666671
S2324-G0494,D. DiVincenzo,2,3.25,3.25
S2324-G0494,D. DiVincenzo,3,18.857142857142858,18.84778858878047
S2324-G0494,D. Gafford,1,9.575,9.575164529914561
S2324-G0494,D. Gafford,2,2.2,2.187333333333327
S2324-G0494,D. Gafford,3,0.9010989010989011,0.9103491175491178
S2324-G0494,D. Gafford,4,2.0142857142857142,2.014535714285719
S2324-G0494,D. Wright,1,3.1666666666666665,3.166666666666666
S2324-G0494,D. Wright,2,7.775,7.775304304029323
S2324-G0494,D. Wright,3,3.1,3.0999999999999943
S2324-G0494,D. Wright,4,5.199999999999999,5.20000000000002
S2324-G0494,E. Omoruyi,4,3.3,3.2999999999999967
S2324-G0494,I. Hartenstein,1,14.2625,14.267259387834372
S2324-G0494,I. Hartenstein,2,5.280952380952381,5.285744047619041
S2324-G0494,I. Hartenstein,3,5.264285714285714,5.2642857142857284
S2324-G0494,I. Hartenstein,4,5.568181818181818,5.559126440226435
S2324-G0494,J. Brunson,1,17.31,17.310280555555508
S2324-G0494,J. Brunson,2,14.926666666666666,14.927999458874481
S2324-G0494,J. Brunson,3,26.193181818181817,26.177297794689004
S2324-G0494,J. Brunson,4,20.133333333333333,20.130706128511978
S2324-G0494,J. Butler,4,15.9,15.89989682539688
S2324-G0494,J. Davis,4,7.55,7.549999999999972
S2324-G0494,J. Hart,1,3.1666666666666665,3.166666666666666
S2324-G0494,J. Hart,2,11.825,11.825023351648353
S2324-G0494,J. Hart,4,15.084848484848484,15.08773171371116
S2324-G0494,J. Poole,1,3.2066666666666666,3.2066666666666697
S2324-G0494,J. Poole,2,13.911111111111111,13.911111111111074
S2324-G0494,J. Poole,3,16.475,16.475914529914476
S2324-G0494,J. Poole,4,3.2,3.2000000000000095
S2324-G0494,J. Randle,1,30.179166666666667,30.184778816354793
S2324-G0494,J. Randle,2,20.57012987012987,20.567702468364907
S2324-G0494,J. Randle,3,24.893181818181816,24.896178166278155
S2324-G0494,J. Randle,4,20.45873015873016,20.458687950938007
S2324-G0494,K. Kuzma,1,25.403174603174605,25.4036848368951
S2324-G0494,K. Kuzma,2,9.614285714285714,9.614285714285689
S2324-G0494,K. Kuzma,3,28.022222222222222,28.05006629391853
S2324-G0494,K. Kuzma,4,16.189999999999998,16.190000000000044
S2324-G0494,M. Flynn,4,3.1666666666666665,3.166666666666666
S2324-G0494,M. McBride,1,5.366666666666666,5.366666666666667
S2324-G0494,M. McBride,2,8.5,8.5
S2324-G0494,M. McBride,4,7.699999999999999,7.7003484848485115
S2324-G0494,M. Muscala,1,2.0,2.0
S2324-G0494,M. Muscala,2,7.977777777777778,7.969270815295826
S2324-G0494,M. Muscala,4,3.1,3.0999999999999943
S2324-G0494,O. Anunoby,1,7.564285714285714,7.564285714285693
S2324-G0494,O. Anunoby,2,7.465454545454545,7.465993127705642
S2324-G0494,O. Anunoby,3,6.214285714285714,6.214285714285707
S2324-G0494,O. Anunoby,4,7.514285714285714,7.514285714285733
S2324-G0494,P. Achiuwa,2,0.8,0.7999999999999986
S2324-G0494,P. Achiuwa,4,5.166666666666667,5.1666666666666465
S2324-G0494,Q. Grimes,1,0.8666666666666667,0.8666666666666677
S2324-G0494,Q. Grimes,2,10.914285714285713,10.913285714285758
S2324-G0494,Q. Grimes,4,8.355555555555556,8.355590277777816
S2324-G0494,T. Jones,1,13.125,13.125
S2324-G0494,T. Jones,2,9.766666666666666,9.766666666666653
S2324-G0494,T. Jones,3,10.886666666666667,10.886666666666718
S2324-G0494,T. Jones,4,10.814285714285713,10.814285714285694
S2324-G0495,C. Sexton,1,9.714285714285714,9.715448268398287
S2324-G0495,C. Sexton,2,14.177777777777779,14.177777777777795
S2324-G0495,C. Sexton,3,15.314285714285715,15.317637914862893
S2324-G0495,C. Sexton,4,19.19,19.189569133644174
S2324-G0495,D. Rivers,3,1.2,1.200000000000001
S2324-G0495,J. Clarkson,1,15.164285714285713,15.16422763347763
S2324-G0495,J. Clarkson,2,12.842307692307692,12.842307692307708
S2324-G0495,J. Clarkson,3,5.63,5.630000000000007
S2324-G0495,J. Clarkson,4,20.558119658119658,20.5593579407521
S2324-G0495,J. Collins,1,13.911111111111111,13.911111111111074
S2324-G0495,J. Collins,2,21.475,21.475022727272684
S2324-G0495,J. Collins,3,5.233333333333333,5.233333333333346
S2324-G0495,J. Collins,4,5.166666666666667,5.1666666666666465
S2324-G0495,J. Springer,1,7.825,7.825000000000028
S2324-G0495,J. Springer,2,0.8666666666666667,0.8666666666666681
S2324-G0495,J. Springer,3,0.8666666666666667,0.8666666666666681
S2324-G0495,J. Springer,4,0.9,0.9000000000000037
S2324-G0495,K. Dunn,1,0.8666666666666667,0.866666666666668
S2324-G0495,K. Dunn,2,3.1696969696969695,3.169803030303027
S2324-G0495,K. Dunn,3,0.9777777777777779,0.9777777777777799
S2324-G0495,K. George,1,1.0666666666666667,1.0666666666666644
S2324-G0495,K. George,2,0.8666666666666667,0.8666666666666683
S2324-G0495,K. George,3,11.914285714285713,11.914285714285745
S2324-G0495,K. George,4,5.166666666666667,5.1666666666666465
S2324-G0495,K. Martin,1,7.504761904761905,7.504761904761895
S2324-G0495,K. Martin,2,8.555555555555555,8.545150983738509
S2324-G0495,K. Martin,3,5.199999999999999,5.20000000000002
S2324-G0495,K. Martin,4,7.355555555555555,7.355555555555592
S2324-G0495,K. Olynyk,1,0.8666666666666667,0.866666666666669
S2324-G0495,K. Olynyk,2,7.533333333333333,7.533333333333318
S2324-G0495,K. Olynyk,3,6.166666666666667,6.166666666666664
S2324-G0495,K. Olynyk,4,0.8666666666666667,0.8666666666666678
S2324-G0495,K. Oubre Jr.,1,7.614285714285715,7.614285714285704
S2324-G0495,K. Oubre Jr.,2,22.778609625668448,22.775076012188723
S2324-G0495,K. Oubre Jr.,3,31.3475,31.36322444081543
S2324-G0495,K. Oubre Jr.,4,7.6000000000000005,7.599999999999982
S2324-G0495,L. Markkanen,1,24.9,24.89615897713396
S2324-G0495,L. Markkanen,2,13.855844155844155,13.855844155844192
S2324-G0495,L. Markkanen,3,30.5,30.489186205787632
S2324-G0495,L. Markkanen,4,11.611111111111112,11.610645238095245
S2324-G0495,M. Bamba,1,7.466666666666667,7.466666666666693
S2324-G0495,M. Bamba,2,14.203174603174602,14.205658441884875
S2324-G0495,M. Bamba,3,7.855844155844156,7.8410784632034485
S2324-G0495,M. Morris Sr.,1,12.877777777777778,12.877777777777746
S2324-G0495,M. Morris Sr.,2,3.225,3.225000000000012
S2324-G0495,M. Morris Sr.,3,12.16969696969697,12.169821386946385
S2324-G0495,M. Morris Sr.,4,18.211111111111112,18.21111111111119
S2324-G0495,N. Batum,1,7.795238095238095,7.785173881673891
S2324-G0495,N. Batum,2,0.8166666666666665,0.8085507326007308
S2324-G0495,N. Batum,3,3.0854545454545454,3.085454545454544
S2324-G0495,N. Batum,4,7.6000000000000005,7.599999999999982
S2324-G0495,O. Agbaji,2,3.2642857142857142,3.264285714285725
S2324-G0495,O. Agbaji,3,1.0666666666666667,1.0666666666666644
S2324-G0495,O. Agbaji,4,3.2,3.2000000000000024
S2324-G0495,P. Beverley,1,11.814285714285713,11.814285714285694
S2324-G0495,P. Beverley,2,22.723809523809525,22.723206024531013
S2324-G0495,P. Beverley,3,3.25,3.25
S2324-G0495,P. Beverley,4,7.766666666666667,7.766666666666655
S2324-G0495,P. Reed,1,16.16730769230769,16.16730961538457
S2324-G0495,P. Reed,2,9.44,9.440000000000039
S2324-G0495,P. Reed,3,9.85,9.849999999999964
S2324-G0495,P. Reed,4,11.866666666666665,11.86666666666664
S2324-G0495,S. Fontecchio,1,10.912987012987012,10.912987012987033
S2324-G0495,S. Fontecchio,2,3.3000000000000003,3.2999999999999967
S2324-G0495,S. Fontecchio,3,9.600000000000001,9.600290909090878
S2324-G0495,S. Fontecchio,4,7.966666666666666,7.966555555555572
S2324-G0495,T. Maxey,1,19.442307692307693,19.442389496124743
S2324-G0495,T. Maxey,2,16.717307692307692,16.699423578219143
S2324-G0495,T. Maxey,3,14.066666666666666,14.066666666666638
S2324-G0495,T. Maxey,4,33.67857142857143,33.68591901385502
S2324-G0495,W. Kessler,1,9.425,9.424999999999969
S2324-G0495,W. Kessler,2,0.9000000000000001,0.9000000000000038
S2324-G0495,W. Kessler,3,0.8666666666666667,0.8666666666666685
S2324-G0495,W. Kessler,4,11.611111111111112,11.61096625878422
S2324-G0498,A. Simons,1,22.9875,23.006677793040335
S2324-G0498,A. Simons,2,17.066666666666666,17.066396103896068
S2324-G0498,A. Simons,3,18.4,18.399794871794935
S2324-G0498,A. Simons,4,32.4625,32.49703638597807
S2324-G0498,A. Simons,5,9.433333333333334,9.434612945387949
S2324-G0498,C. Johnson,1,7.506666666666667,7.5066666666666615
S2324-G0498,C. Johnson,2,2.0,1.9994999999999998
S2324-G0498,C. Johnson,3,14.718181818181819,14.713781926406915
S2324-G0498,C. Johnson,4,12.066666666666666,12.066666666666642
S2324-G0498,C. Johnson,5,10.9,10.900000000000041
S2324-G0498,C. Thomas,1,0.8,0.7999999999999986
S2324-G0498,C. Thomas,2,21.717307692307692,21.715648519536007
S2324-G0498,C. Thomas,3,7.6000000000000005,7.672926406926425
S2324-G0498,C. Thomas,4,3.1666666666666665,3.166666666666666
S2324-G0498,D. Finney-Smith,1,5.4,5.39999999999999
S2324-G0498,D. Finney-Smith,2,3.45,3.4500000000000055
S2324-G0498,D. Finney-Smith,3,19.228571428571428,19.218651462426422
S2324-G0498,D. Finney-Smith,4,3.2142857142857144,3.2142857142857086
S2324-G0498,D. Finney-Smith,5,0.8666666666666667,0.8666666666666685
S2324-G0498,D. Reath,1,10.275,10.270585894660917
S2324-G0498,D. Reath,2,7.305555555555555,7.285210064935063
S2324-G0498,D. Reath,3,13.74,13.73999999999995
S2324-G0498,D. Reath,4,10.633333333333333,10.633333333333375
S2324-G0498,D. Reath,5,1.1333333333333333,1.1440369047619066
S2324-G0498,D. Sharpe,1,19.31111111111111,19.31567853812853
S2324-G0498,D. Sharpe,2,0.875,0.875
S2324-G0498,D. Sharpe,3,0.9,0.9000000000000036
S2324-G0498,D. Sharpe,4,9.817307692307692,9.817829990842478
S2324-G0498,D. Smith Jr.,1,3.25,3.25
S2324-G0498,D. Smith Jr.,2,7.475,7.474999999999983
S2324-G0498,D. Smith Jr.,3,7.204761904761904,7.206183333333315
S2324-G0498,D. Smith Jr.,4,11.7,11.704980769230788
S2324-G0498,D. Smith Jr.,5,3.3000000000000003,3.2999999999999967
S2324-G0498,I. Badji,1,0.838095238095238,0.8380952380952358
S2324-G0498,I. Badji,2,0.8,0.7999999999999983
S2324-G0498,I. Badji,3,0.8,0.799999999999998
S2324-G0498,J. Grant,1,18.455844155844154,18.45584415584423
S2324-G0498,J. Grant,2,19.76,19.7429906010656
S2324-G0498,J. Grant,3,26.736363636363638,26.775063587818245
S2324-G0498,J. Grant,4,10.233333333333334,10.238926984126985
S2324-G0498,J. Grant,5,11.966666666666667,11.966666666666688
S2324-G0498,K. Murray,1,0.9142857142857144,0.9142857142857117
S2324-G0498,K. Murray,2,5.6000000000000005,5.600000000000007
S2324-G0498,L. Walker IV,2,7.866666666666667,7.917922258297268
S2324-G0498,M. Bridges,1,27.79285714285714,27.786989179417887
S2324-G0498,M. Bridges,2,5.533333333333334,5.5333333333333234
S2324-G0498,M. Bridges,3,29.091452991452993,29.089824858801258
S2324-G0498,M. Bridges,4,24.636363636363637,24.646664704447595
S2324-G0498,M. Bridges,5,19.608333333333334,19.6046003579754
S2324-G0498,M. Brogdon,1,8.35,8.350416666666641
S2324-G0498,M. Brogdon,2,3.071428571428571,3.0714285714285636
S2324-G0498,M. Brogdon,3,5.4,5.39999999999999
S2324-G0498,M. Brogdon,4,8.314285714285713,8.314901298701276
S2324-G0498,M. Brogdon,5,15.9,15.90033333333339
S2324-G0498,N. Claxton,1,13.9,13.900000000000052
S2324-G0498,N. Claxton,2,5.280952380952381,5.2842874042623995
S2324-G0498,N. Claxton,3,5.266666666666667,5.266666666666657
S2324-G0498,N. Claxton,4,9.553333333333333,9.563488740834334
S2324-G0498,N. Claxton,5,5.333333333333333,5.333333333333344
S2324-G0498,R. O'Neale,1,3.1,3.0999999999999948
S2324-G0498,R. O'Neale,2,10.46969696969697,10.469225524475545
S2324-G0498,R. O'Neale,3,6.166666666666667,6.166666666666664
S2324-G0498,R. O'Neale,4,3.1380952380952376,3.1380952380952376
S2324-G0498,S. Dinwiddie,1,3.2642857142857142,3.264285714285725
S2324-G0498,S. Dinwiddie,2,10.564285714285713,10.564285714285694
S2324-G0498,S. Dinwiddie,3,3.071428571428571,3.0714285714285636
S2324-G0498,S. Dinwiddie,4,5.466666666666667,5.46666666666669
S2324-G0498,S. Henderson,1,8.533333333333333,8.533333333333315
S2324-G0498,S. Henderson,2,10.715384615384615,10.71752522477525
S2324-G0498,S. Henderson,3,11.78,11.780000000000006
S2324-G0498,S. Sharpe,1,8.5,8.5
S2324-G0498,S. Sharpe,2,17.375,17.37458544649794
S2324-G0498,S. Sharpe,3,12.775,12.775000000000048
S2324-G0498,S. Sharpe,4,17.10666666666667,17.106799999999936
S2324-G0498,S. Sharpe,5,2.2666666666666666,2.2666666666666635
S2324-G0498,T. Camara,1,3.9466666666666663,3.9934587246087245
S2324-G0498,T. Camara,2,3.1,3.100000000000011
S2324-G0498,T. Camara,3,7.714285714285714,7.713880966255971
S2324-G0498,T. Camara,4,3.071428571428571,3.0714285714285636
S2324-G0498,T. Watford,5,0.8666666666666667,0.866666666666669
S2324-G0514,A. Simons,1,17.133333333333333,17.133333333333315
S2324-G0514,A. Simons,2,22.3875,22.394960098153437
S2324-G0514,A. Simons,3,7.506666666666667,7.5066666666666615
S2324-G0514,D. DiVincenzo,1,15.218181818181819,15.218621212121164
S2324-G0514,D. DiVincenzo,2,5.7,5.70350000000002
S2324-G0514,D. DiVincenzo,3,15.817307692307692,15.815033684371144
S2324-G0514,D. Reath,1,3.2,3.2000000000000095
S2324-G0514,D. Reath,2,19.423809523809524,19.424054395604475
S2324-G0514,D. Reath,3,0.8666666666666667,0.866666666666668
S2324-G0514,D. Reath,4,0.8666666666666667,0.8666666666666683
S2324-G0514,I. Badji,1,0.9333333333333332,0.9333333333333365
S2324-G0514,I. Badji,2,5.371428571428571,5.371428571428598
S2324-G0514,I. Badji,3,3.3142857142857145,3.314285714285699
S2324-G0514,I. Badji,4,9.625714285714286,9.626601703851717
S2324-G0514,I. Hartenstein,1,0.9558441558441558,0.9525029886779874
S2324-G0514,I. Hartenstein,2,4.033333333333333,4.020429029304026
S2324-G0514,I. Hartenstein,3,5.304545454545455,5.305779276279271
S2324-G0514,J. Brunson,1,14.238095238095237,14.244203354978376
S2324-G0514,J. Brunson,2,13.823809523809523,13.823048160173132
S2324-G0514,J. Brunson,3,12.177777777777779,12.177805555555551
S2324-G0514,J. Grant,1,32.44090909090909,32.42059965669864
S2324-G0514,J. Grant,2,11.705555555555556,11.70600663780664
S2324-G0514,J. Grant,3,16.433333333333334,16.434041666666698
S2324-G0514,J. Hart,1,0.95,0.9499999999999977
S2324-G0514,J. Hart,2,9.823809523809523,9.826332415786844
S2324-G0514,J. Hart,3,0.8,0.799999999999999
S2324-G0514,J. Hart,4,3.2,3.200000000000003
S2324-G0514,J. Minaya,4,13.2,13.198761822001513
S2324-G0514,J. Randle,1,19.76,19.755465942390973
S2324-G0514,J. Randle,2,12.783333333333333,12.782755050505031
S2324-G0514,J. Randle,3,29.52987012987013,29.50956659045714
S2324-G0514,J. Sims,4,0.8666666666666667,0.866666666666668
S2324-G0514,K. Murray,3,10.05,10.049666666666635
S2324-G0514,K. Murray,4,24.165714285714284,24.15498875830053
S2324-G0514,M. Brogdon,1,3.25,3.25
S2324-G0514,M. Brogdon,2,5.506666666666667,5.5066666666666615
S2324-G0514,M. Brogdon,3,7.55,7.549999999999972
S2324-G0514,M. Flynn,4,5.566666666666667,5.567000000000018
S2324-G0514,M. McBride,1,22.857142857142858,22.85632552308797
S2324-G0514,M. McBride,2,0.8666666666666667,0.8666666666666671
S2324-G0514,M. McBride,3,12.766666666666666,12.766666666666698
S2324-G0514,M. McBride,4,13.066666666666666,13.066919054801383
S2324-G0514,M. Thybulle,1,0.95,0.9499999999999976
S2324-G0514,M. Thybulle,2,0.8,0.7999999999999982
S2324-G0514,M. Thybulle,3,3.1666666666666665,3.166666666666666
S2324-G0514,O. Anunoby,1,33.113675213675215,33.105320081062786
S2324-G0514,O. Anunoby,2,6.584415584415585,6.587580588855598
S2324-G0514,O. Anunoby,3,9.59,9.589999999999968
S2324-G0514,O. Anunoby,4,5.1,5.100000000000014
S2324-G0514,P. Achiuwa,1,3.4333333333333336,3.4333333333333225
S2324-G0514,P. Achiuwa,2,9.755555555555555,9.7553333333333
S2324-G0514,P. Achiuwa,4,12.566666666666666,12.53496334776334
S2324-G0514,Q. Grimes,2,13.836363636363636,13.83636363636365
S2324-G0514,Q. Grimes,3,8.55,8.54999999999997
S2324-G0514,Q. Grimes,4,22.833333333333336,22.825973967698978
S2324-G0514,R. Arcidiacono,4,3.1666666666666665,3.166666666666666
S2324-G0514,R. Rupert,4,16.614285714285714,16.61976229326233
S2324-G0514,S. Henderson,1,7.46969696969697,7.469696969696992
S2324-G0514,S. Henderson,2,9.736363636363636,9.738541125541136
S2324-G0514,S. Henderson,3,11.886666666666667,11.886666666666722
S2324-G0514,S. Sharpe,1,5.6000000000000005,5.600000000000007
S2324-G0514,S. Sharpe,2,8.503030303030304,8.503030303030302
S2324-G0514,S. Sharpe,3,16.177777777777777,16.177721153846186
S2324-G0514,T. Camara,1,0.8666666666666667,0.866666666666668
S2324-G0514,T. Camara,2,0.8666666666666667,0.8666666666666671
S2324-G0514,T. Camara,3,0.8,0.7999999999999982
S2324-G0514,T. Camara,4,15.245714285714287,15.24204325951825
S2324-G0515,A. Lawson,2,0.8,0.7999999999999986
S2324-G0515,A. Lawson,4,11.033333333333335,11.03266666666665
S2324-G0515,A. Peeler,2,1.2,1.200000000000001
S2324-G0515,B. Biyombo,1,7.506666666666667,7.5066666666666615
S2324-G0515,B. Biyombo,3,0.875,0.875
S2324-G0515,B. Biyombo,4,0.8666666666666667,0.8666666666666683
S2324-G0515,B. Williams,4,3.3666666666666667,3.366666666666674
S2324-G0515,D. Bane,1,38.44583333333333,38.44054278817582
S2324-G0515,D. Bane,2,7.475,7.474999999999983
S2324-G0515,D. Bane,3,34.91111111111111,34.83761576528048
S2324-G0515,D. Bane,4,17.46969696969697,17.46745575535578
S2324-G0515,D. Jones Jr.,1,3.2142857142857144,3.2142857142857086
S2324-G0515,D. Jones Jr.,2,10.504761904761905,10.504761904761878
S2324-G0515,D. Jones Jr.,3,14.016666666666667,14.015515545565584
S2324-G0515,D. Jones Jr.,4,7.425,7.4249999999999705
S2324-G0515,D. Powell,1,11.855555555555554,11.855825091575102
S2324-G0515,D. Powell,3,0.7714285714285714,0.7714285714285721
S2324-G0515,D. Powell,4,0.825,0.8249999999999992
S2324-G0515,D. Roddy,1,3.1666666666666665,3.166666666666666
S2324-G0515,D. Roddy,2,18.836363636363636,18.841190949328478
S2324-G0515,D. Roddy,3,5.733333333333333,5.7280979797979885
S2324-G0515,D. Roddy,4,3.1,3.0999999999999956
S2324-G0515,G. Jackson II,4,5.666666666666667,5.666666666666661
S2324-G0515,G. Williams,1,3.1,3.0999999999999948
S2324-G0515,G. Williams,2,3.125,3.125
S2324-G0515,J. Green,1,3.1380952380952376,3.1380952380952376
S2324-G0515,J. Green,2,5.405555555555555,5.405555555555563
S2324-G0515,J. Green,3,0.8,0.7999999999999983
S2324-G0515,J. Green,4,0.8,0.799999999999998
S2324-G0515,J. Hardy,2,12.725,12.724999999999952
S2324-G0515,J. Hardy,3,7.425,7.4249999999999705
S2324-G0515,J. Hardy,4,8.533333333333333,8.533333333333315
S2324-G0515,J. Konchar,1,3.2142857142857144,3.2142857142857086
S2324-G0515,J. Konchar,2,0.8666666666666667,0.8666666666666681
S2324-G0515,J. Konchar,3,5.366666666666666,5.366666666666667
S2324-G0515,J. Konchar,4,5.3,5.29999999999998
S2324-G0515,J. LaRavia,4,3.3666666666666667,3.366666666666674
S2324-G0515,K. Irving,1,22.83809523809524,22.839839668080472
S2324-G0515,K. Irving,2,21.79838056680162,21.792913400896545
S2324-G0515,K. Irving,3,35.334210526315786,35.404216725594736
S2324-G0515,K. Irving,4,14.473333333333333,14.472770859859109
S2324-G0515,L. Doncic,1,25.050877192982455,25.0609781876234
S2324-G0515,L. Doncic,2,19.212987012987014,19.213163311688305
S2324-G0515,L. Doncic,3,14.192307692307692,14.191955586080548
S2324-G0515,L. Doncic,4,24.813333333333333,24.812970045232603
S2324-G0515,L. Kennard,1,6.214285714285714,6.214285714285707
S2324-G0515,L. Kennard,2,13.875,13.874577922077924
S2324-G0515,L. Kennard,3,0.8,0.7999999999999983
S2324-G0515,L. Kennard,4,12.767857142857142,12.767300033300057
S2324-G0515,M. Morris,2,0.8,0.7999999999999986
S2324-G0515,M. Morris,4,0.8666666666666667,0.8666666666666677
S2324-G0515,M. Smart,1,20.45,20.450249999999922
S2324-G0515,M. Smart,2,23.0075,23.014583998354638
S2324-G0515,M. Smart,3,19.314285714285717,19.315298322510824
S2324-G0515,R. Holmes,2,0.9000000000000001,0.9000000000000038
S2324-G0515,S. Curry,1,5.166666666666667,5.1666666666666465
S2324-G0515,S. Curry,3,0.9000000000000001,0.9000000000000038
S2324-G0515,S. Curry,4,3.1666666666666665,3.166666666666666
S2324-G0515,T. Hardaway Jr.,1,5.4,5.39999999999999
S2324-G0515,T. Hardaway Jr.,2,12.7,12.69999999999999
S2324-G0515,T. Hardaway Jr.,3,7.205555555555556,7.2102452131201975
S2324-G0515,T. Hardaway Jr.,4,0.8,0.7999999999999987
S2324-G0515,V. Williams Jr.,1,3.3666666666666667,3.366666666666673
S2324-G0515,V. Williams Jr.,2,8.584415584415584,8.58461428571432
S2324-G0515,V. Williams Jr.,3,13.08,13.080105494505458
S2324-G0515,V. Williams Jr.,4,3.1166666666666663,3.116666666666672
S2324-G0515,X. Tillman,1,1.0666666666666667,1.0666666666666644
S2324-G0515,X. Tillman,2,17.173333333333336,17.173533333333285
S2324-G0515,X. Tillman,3,13.05,13.048403968253979
S2324-G0515,X. Tillman,4,7.495238095238095,7.495238095238105
S2324-G0515,Z. Williams,1,9.533333333333333,9.533333333333314
S2324-G0515,Z. Williams,2,16.433333333333334,16.433218614718648
S2324-G0515,Z. Williams,3,6.166666666666667,6.166666666666664
S2324-G0515,Z. Williams,4,6.214285714285714,6.214285714285707
S2324-G0523,A. Caldwell,1,1.2,1.200000000000001
S2324-G0523,A. Caruso,1,7.8,7.799999999999972
S2324-G0523,A. Caruso,2,8.206666666666667,8.209964327339344
S2324-G0523,A. Caruso,3,9.614285714285714,9.614285714285689
S2324-G0523,A. Caruso,4,7.566666666666667,7.566666666666664
S2324-G0523,A. Caruso,5,6.733333333333333,6.733907936507946
S2324-G0523,A. Dosunmu,1,7.9,7.900000000000022
S2324-G0523,A. Dosunmu,2,6.1,6.099999999999995
S2324-G0523,A. Dosunmu,3,7.6,7.599999999999982
S2324-G0523,A. Dosunmu,4,8.506666666666666,8.506666666666662
S2324-G0523,A. Drummond,1,5.166666666666667,5.1666666666666465
S2324-G0523,A. Drummond,2,5.071428571428571,5.0714285714285605
S2324-G0523,A. Drummond,4,0.9777777777777779,0.9777777777777799
S2324-G0523,A. Holiday,1,7.6,7.599999999999982
S2324-G0523,A. Holiday,2,2.925,2.924898809523811
S2324-G0523,A. Holiday,4,3.233333333333333,3.233333333333346
S2324-G0523,A. Holiday,5,0.8666666666666667,0.8666666666666686
S2324-G0523,A. Sengun,1,7.9,7.898573504273514
S2324-G0523,A. Sengun,2,5.48,5.480000000000013
S2324-G0523,A. Sengun,3,13.899999999999999,13.900032967033018
S2324-G0523,A. Sengun,4,31.275757575757577,31.17922162306653
S2324-G0523,A. Sengun,5,15.311111111111112,15.309021284271287
S2324-G0523,A. Thompson,1,3.2,3.2000000000000095
S2324-G0523,A. Thompson,2,7.514285714285714,7.514285714285733
S2324-G0523,A. Thompson,3,5.166666666666667,5.1666666666666465
S2324-G0523,A. Thompson,4,9.9,9.900000000000036
S2324-G0523,C. White,1,12.036363636363637,12.036363636363612
S2324-G0523,C. White,2,18.925,18.985397026584536
S2324-G0523,C. White,3,21.442857142857143,21.44149828406888
S2324-G0523,C. White,4,15.114285714285714,15.114285714285746
S2324-G0523,C. White,5,6.25,6.25
S2324-G0523,C. Whitmore,1,3.2,3.2000000000000095
S2324-G0523,C. Whitmore,2,8.18,8.179288802863814
S2324-G0523,C. Whitmore,3,12.775,12.775000000000048
S2324-G0523,C. Whitmore,4,11.85,11.849999999999957
S2324-G0523,C. Whitmore,5,12.283333333333333,12.282993290043269
S2324-G0523,D. DeRozan,1,24.803174603174604,24.802116464237557
S2324-G0523,D. DeRozan,2,12.136363636363637,12.1365865800866
S2324-G0523,D. DeRozan,3,12.7,12.69999999999999
S2324-G0523,D. DeRozan,4,16.8,16.803165717615727
S2324-G0523,D. DeRozan,5,0.8666666666666667,0.8666666666666676
S2324-G0523,D. Terry,2,6.166666666666667,6.166666666666664
S2324-G0523,F. VanVleet,1,21.835897435897436,21.83898802651596
S2324-G0523,F. VanVleet,2,19.692307692307693,19.69919154456652
S2324-G0523,F. VanVleet,3,9.6,9.593636599511571
S2324-G0523,F. VanVleet,4,12.033333333333333,12.033333333333312
S2324-G0523,F. VanVleet,5,5.438095238095238,5.438095238095232
S2324-G0523,J. Green,1,29.38137254901961,29.3980931320314
S2324-G0523,J. Green,2,22.76969696969697,22.75944956868468
S2324-G0523,J. Green,3,24.123931623931625,24.11075516336091
S2324-G0523,J. Green,4,7.575,7.575250000000027
S2324-G0523,J. Green,5,3.25,3.25
S2324-G0523,J. Smith Jr.,1,11.884415584415583,11.88441558441556
S2324-G0523,J. Smith Jr.,2,13.76969696969697,13.769696969697014
S2324-G0523,J. Smith Jr.,3,15.213675213675213,15.213775183150226
S2324-G0523,J. Smith Jr.,4,13.266153846153847,13.275749927849901
S2324-G0523,J. Smith Jr.,5,0.8666666666666667,0.8666666666666666
S2324-G0523,J. Tate,1,4.264285714285714,4.264214285714298
S2324-G0523,J. Tate,2,7.533333333333334,7.533333333333316
S2324-G0523,J. Tate,3,0.8666666666666667,0.8666666666666687
S2324-G0523,N. Vucevic,1,18.503174603174603,18.506477052032913
S2324-G0523,N. Vucevic,2,7.59,7.589999999999979
S2324-G0523,N. Vucevic,3,11.76969696969697,11.769696969696984
S2324-G0523,N. Vucevic,4,16.57777777777778,16.57981735209227
S2324-G0523,N. Vucevic,5,7.733333333333333,7.7343968253968365
S2324-G0523,P. Williams,1,10.4,10.40000000000004
S2324-G0523,P. Williams,2,5.466666666666667,5.46666666666669
S2324-G0523,P. Williams,3,3.2,3.200000000000003
S2324-G0523,P. Williams,4,3.1,3.0999999999999956
S2324-G0523,Z. LaVine,1,13.16,13.160300396825392
S2324-G0523,Z. LaVine,2,14.014285714285714,14.006464249639247
S2324-G0523,Z. LaVine,3,18.18095238095238,18.180766233766295
S2324-G0523,Z. LaVine,4,7.668181818181818,7.673166086691099
S2324-G0523,Z. LaVine,5,11.783333333333333,11.786755663780648
S2324-G0530,D. DiVincenzo,1,20.511111111111113,20.510709822633444
S2324-G0530,D. DiVincenzo,2,5.366666666666666,5.366666666666667
S2324-G0530,D. DiVincenzo,3,20.71785714285714,20.716945195082687
S2324-G0530,D. DiVincenzo,4,6.383333333333333,6.383471428571443
S2324-G0530,D. Jones Jr.,1,12.799999999999999,12.80000000000001
S2324-G0530,D. Jones Jr.,2,7.433333333333334,7.4312722222222245
S2324-G0530,D. Jones Jr.,3,5.438095238095238,5.438095238095232
S2324-G0530,D. Jones Jr.,4,9.783333333333333,9.783615505327989
S2324-G0530,D. Powell,1,0.99,0.9900000000000017
S2324-G0530,D. Powell,2,9.443956043956044,9.440027933177914
S2324-G0530,D. Powell,3,3.175,3.1749999999999985
S2324-G0530,D. Powell,4,0.8254545454545453,0.8260969696969684
S2324-G0530,D. Royal,1,1.2,1.200000000000001
S2324-G0530,G. Williams,1,6.166666666666667,6.166666666666664
S2324-G0530,G. Williams,2,10.633333333333333,10.682462524975035
S2324-G0530,G. Williams,3,5.504761904761905,5.504761904761916
S2324-G0530,G. Williams,4,8.286666666666667,8.287101282051262
S2324-G0530,I. Hartenstein,1,5.5,5.524033333333336
S2324-G0530,I. Hartenstein,2,5.255844155844156,5.255512987012964
S2324-G0530,I. Hartenstein,3,0.9000000000000001,0.9000000000000038
S2324-G0530,I. Hartenstein,4,7.385714285714285,7.388312265512269
S2324-G0530,J. Brunson,1,18.525,18.524982462274625
S2324-G0530,J. Brunson,2,24.13233082706767,24.109048854860312
S2324-G0530,J. Brunson,3,10.405555555555555,10.40561111111112
S2324-G0530,J. Brunson,4,31.5,31.502998673548646
S2324-G0530,J. Green,1,25.755844155844155,25.75370235320231
S2324-G0530,J. Green,2,0.8055555555555556,0.805555555555554
S2324-G0530,J. Green,3,5.166666666666667,5.1666666666666465
S2324-G0530,J. Green,4,17.366666666666667,17.367963782051298
S2324-G0530,J. Hardy,1,9.504761904761905,9.504761904761882
S2324-G0530,J. Hardy,2,11.842857142857142,11.839138215950712
S2324-G0530,J. Hardy,3,5.5,5.5
S2324-G0530,J. Hardy,4,3.1,3.0999999999999948
S2324-G0530,J. Hart,1,3.2,3.2000000000000024
S2324-G0530,J. Hart,2,8.666666666666666,8.666012445887468
S2324-G0530,J. Hart,3,4.45,4.449666666666681
S2324-G0530,J. Hart,4,0.8666666666666667,0.8666666666666675
S2324-G0530,J. Randle,1,18.742307692307694,18.738794269619323
S2324-G0530,J. Randle,2,18.575324675324676,18.5789371836497
S2324-G0530,J. Randle,3,43.02914979757085,43.0043508369983
S2324-G0530,J. Randle,4,8.6,8.600015151515125
S2324-G0530,K. Irving,1,22.475,22.47533247863246
S2324-G0530,K. Irving,2,25.042245989304813,25.04929008083423
S2324-G0530,K. Irving,3,41.69230769230769,41.36285733883856
S2324-G0530,K. Irving,4,18.332679738562092,18.330150134179565
S2324-G0530,M. McBride,1,8.504761904761905,8.504761904761887
S2324-G0530,M. McBride,3,5.75,5.75
S2324-G0530,M. McBride,4,5.1,5.100000000000014
S2324-G0530,M. Morris,1,3.1666666666666665,3.166666666666666
S2324-G0530,M. Morris,2,2.9,2.8999999999999893
S2324-G0530,M. Morris,4,0.8666666666666667,0.8666666666666676
S2324-G0530,O. Anunoby,1,0.8666666666666667,0.8666666666666686
S2324-G0530,O. Anunoby,2,9.85,9.849999999999964
S2324-G0530,O. Anunoby,3,3.175,3.1749999999999985
S2324-G0530,O. Anunoby,4,22.7275,22.72448803695443
S2324-G0530,P. Achiuwa,2,15.022222222222222,15.027437565212542
S2324-G0530,P. Achiuwa,3,0.8333333333333333,0.8396666666666676
S2324-G0530,P. Achiuwa,4,0.8,0.7999999999999997
S2324-G0530,Q. Grimes,1,10.799999999999999,10.80232997557996
S2324-G0530,Q. Grimes,2,0.9000000000000001,0.9000000000000038
S2324-G0530,Q. Grimes,4,13.705555555555556,13.70693235477975
S2324-G0530,S. Curry,2,0.8,0.7999999999999986
S2324-G0530,S. Curry,3,0.8666666666666667,0.8666666666666677
S2324-G0530,S. Curry,4,3.071428571428571,3.0714285714285636
S2324-G0530,T. Hardaway Jr.,1,23.452380952380953,23.448371051488895
S2324-G0530,T. Hardaway Jr.,2,19.41785714285714,19.41942821998257
S2324-G0530,T. Hardaway Jr.,3,10.450000000000001,10.45066956376959
S2324-G0530,T. Hardaway Jr.,4,28.25964912280702,28.360437887830262
S2324-G0536,A. Caruso,1,8.5,8.5
S2324-G0536,A. Caruso,2,0.8,0.7999999999999982
S2324-G0536,A. Caruso,3,7.766666666666667,7.767066666666656
S2324-G0536,A. Caruso,4,6.071428571428571,6.071428571428578
S2324-G0536,A. Dosunmu,1,6.055555555555555,6.0555555555555625
S2324-G0536,A. Dosunmu,2,6.071428571428571,6.071428571428578
S2324-G0536,A. Dosunmu,3,5.525,5.524999999999992
S2324-G0536,A. Drummond,1,5.35,5.350000000000011
S2324-G0536,A. Drummond,2,0.8,0.799999999999998
S2324-G0536,A. Drummond,3,1.9000000000000001,1.8999999999999952
S2324-G0536,A. Drummond,4,5.166666666666667,5.1666666666666465
S2324-G0536,A. Wiggins,1,21.455844155844154,21.454129870129922
S2324-G0536,A. Wiggins,2,14.177777777777779,14.177478632478637
S2324-G0536,A. Wiggins,3,7.46969696969697,7.469696969696992
S2324-G0536,A. Wiggins,4,7.533333333333334,7.533333333333316
S2324-G0536,B. Podziemski,1,3.1,3.0999999999999948
S2324-G0536,B. Podziemski,2,13.04,13.039686111111084
S2324-G0536,B. Podziemski,3,5.199999999999999,5.20000000000002
S2324-G0536,B. Podziemski,4,5.4363636363636365,5.436363636363613
S2324-G0536,C. Joseph,2,7.514285714285714,7.514285714285733
S2324-G0536,C. Joseph,3,0.9,0.9000000000000037
S2324-G0536,C. Joseph,4,3.1,3.0999999999999943
S2324-G0536,C. White,1,20.225,20.232325793453228
S2324-G0536,C. White,2,23.433333333333334,23.431992149517193
S2324-G0536,C. White,3,5.271428571428571,5.271428571428577
S2324-G0536,C. White,4,9.766666666666666,9.766666666666653
S2324-G0536,D. DeRozan,1,15.067857142857143,15.069037698412656
S2324-G0536,D. DeRozan,2,25.685714285714287,25.727622351259832
S2324-G0536,D. DeRozan,3,25.700000000000003,25.73345812104562
S2324-G0536,D. DeRozan,4,24.517307692307693,24.504166290490566
S2324-G0536,D. Saric,1,16.891452991452994,16.892914174714168
S2324-G0536,D. Saric,2,3.0555555555555554,3.0555555555555456
S2324-G0536,D. Saric,3,7.59,7.589999999999979
S2324-G0536,D. Saric,4,1.9714285714285713,1.9698571428571463
S2324-G0536,D. Terry,2,9.766666666666666,9.766666666666653
S2324-G0536,D. Terry,3,5.433333333333334,5.43319999999998
S2324-G0536,J. Kuminga,1,10.55,10.549999999999976
S2324-G0536,J. Kuminga,2,14.795238095238094,14.795840410977865
S2324-G0536,J. Kuminga,3,19.304761904761907,19.971185401689795
S2324-G0536,J. Kuminga,4,10.72,10.751163192363194
S2324-G0536,J. Robinson,2,1.9000000000000001,1.8999999999999952
S2324-G0536,K. Looney,1,5.264285714285714,5.2642857142857284
S2324-G0536,K. Looney,2,5.166666666666667,5.1666666666666465
S2324-G0536,K. Looney,3,10.546666666666665,10.546628571428542
S2324-G0536,K. Looney,4,0.9142857142857144,0.9142857142857117
S2324-G0536,K. Thompson,1,17.492307692307694,17.49239514652022
S2324-G0536,K. Thompson,2,9.666666666666666,9.666339665889693
S2324-G0536,K. Thompson,3,31.773333333333333,31.798630784076543
S2324-G0536,K. Thompson,4,18.536363636363635,18.507697702297705
S2324-G0536,N. Vucevic,1,12.117307692307692,12.118801587301649
S2324-G0536,N. Vucevic,2,10.555844155844156,10.555160173160184
S2324-G0536,N. Vucevic,3,9.775,9.775000000000036
S2324-G0536,N. Vucevic,4,12.814285714285713,12.814285714285694
S2324-G0536,P. Williams,1,5.125,5.125
S2324-G0536,P. Williams,2,12.736363636363636,12.736363636363603
S2324-G0536,P. Williams,3,5.466666666666667,5.46666666666669
S2324-G0536,P. Williams,4,7.466666666666667,7.466666666666693
S2324-G0536,R. Smits,1,1.2,1.200000000000001
S2324-G0536,S. Curry,1,12.466666666666665,12.473741000666013
S2324-G0536,S. Curry,2,15.955555555555556,15.969073737373744
S2324-G0536,S. Curry,3,20.778609625668448,20.78302649091108
S2324-G0536,S. Curry,4,36.6275,36.682227743378036
S2324-G0536,T. Jackson-Davis,1,4.0,4.001434523809524
S2324-G0536,T. Jackson-Davis,2,5.25,5.25
S2324-G0536,T. Jackson-Davis,3,12.833333333333332,12.83333333333334
S2324-G0536,T. Jackson-Davis,4,6.333333333333333,6.333333333333331
S2324-G0536,Z. LaVine,1,6.214285714285714,6.214285714285707
S2324-G0536,Z. LaVine,2,18.186666666666667,18.185397198879524
S2324-G0536,Z. LaVine,3,9.483333333333334,9.478268131868143
S2324-G0536,Z. LaVine,4,29.435897435897438,29.437881195460008
S2324-G0539,A. Gordon,1,16.533333333333335,16.533374458874437
S2324-G0539,A. Gordon,2,5.166666666666667,5.1666666666666465
S2324-G0539,A. Gordon,3,19.545714285714286,19.546880939163227
S2324-G0539,A. Gordon,4,5.071428571428571,5.0714285714285605
S2324-G0539,B. Ingram,1,14.186666666666666,14.186666666666632
S2324-G0539,B. Ingram,2,8.525,8.525000000000027
S2324-G0539,B. Ingram,3,12.103030303030303,12.104401473526432
S2324-G0539,B. Ingram,4,3.1,3.0999999999999948
S2324-G0539,B. Key,4,0.8,0.7999999999999986
S2324-G0539,C. Braun,1,6.25,6.25
S2324-G0539,C. Braun,2,3.2066666666666666,3.2066666666666697
S2324-G0539,C. Braun,3,1.975,1.9757500000000052
S2324-G0539,C. Braun,4,5.425,5.424999999999979
S2324-G0539,C. Gillespie,4,5.1,5.100000000000014
S2324-G0539,C. McCollum,1,17.475,17.47499999999994
S2324-G0539,C. McCollum,2,16.066666666666666,16.066666666666634
S2324-G0539,C. McCollum,3,3.071428571428571,3.071428571428564
S2324-G0539,C. McCollum,4,1.9030303030303028,1.8810895104895102
S2324-G0539,D. Daniels,2,5.5055555555555555,5.50641666666667
S2324-G0539,D. Daniels,4,7.523809523809525,7.523809523809555
S2324-G0539,D. Jordan,1,3.4666666666666663,3.463666666666666
S2324-G0539,D. Jordan,2,5.2,5.199923076923096
S2324-G0539,D. Jordan,4,5.166666666666667,5.1666666666666465
S2324-G0539,D. West,1,1.2,1.200000000000001
S2324-G0539,E. Liddell,4,0.8666666666666667,0.866666666666669
S2324-G0539,H. Jones,1,6.1,6.099999999999995
S2324-G0539,H. Jones,2,5.333333333333333,5.33412674825176
S2324-G0539,H. Jones,3,8.438095238095238,8.438095238095231
S2324-G0539,J. Alvarado,1,10.438095238095238,10.438095238095231
S2324-G0539,J. Alvarado,2,8.5,8.5
S2324-G0539,J. Alvarado,3,5.5,5.5
S2324-G0539,J. Alvarado,4,5.3,5.29999999999998
S2324-G0539,J. Holiday,4,0.8666666666666667,0.866666666666669
S2324-G0539,J. Huff,4,0.95,0.9499999999999977
S2324-G0539,J. Murray,1,9.864285714285714,9.864285714285689
S2324-G0539,J. Murray,2,19.466666666666665,19.466738095238117
S2324-G0539,J. Murray,3,6.4399999999999995,6.442577020202048
S2324-G0539,J. Murray,4,22.45,22.46721449661447
S2324-G0539,J. Starks,3,1.2,1.200000000000001
S2324-G0539,J. Valanciunas,1,7.864285714285715,7.864285714285702
S2324-G0539,J. Valanciunas,2,18.425,18.42912767232772
S2324-G0539,J. Valanciunas,3,18.985714285714284,18.983077812465293
S2324-G0539,J. Valanciunas,4,0.825,0.8249999999999992
S2324-G0539,K. Caldwell-Pope,1,8.5,8.499
S2324-G0539,K. Caldwell-Pope,2,3.25,3.25
S2324-G0539,K. Caldwell-Pope,3,15.127272727272727,15.127272727272727
S2324-G0539,K. Caldwell-Pope,4,8.5,8.5
S2324-G0539,L. Nance Jr.,1,5.1,5.100000000000014
S2324-G0539,L. Nance Jr.,2,8.466666666666667,8.466666666666692
S2324-G0539,L. Nance Jr.,3,10.611111111111112,10.611111111111097
S2324-G0539,L. Nance Jr.,4,6.125,6.12509478021978
S2324-G0539,M. Porter Jr.,1,16.235897435897435,16.235675213675275
S2324-G0539,M. Porter Jr.,2,12.97,12.972338339438318
S2324-G0539,M. Porter Jr.,3,14.825,14.824722619047586
S2324-G0539,M. Porter Jr.,4,7.533333333333333,7.533333333333318
S2324-G0539,N. Jokic,1,30.368181818181817,30.38095684423083
S2324-G0539,N. Jokic,2,12.077142857142858,12.077257251082274
S2324-G0539,N. Jokic,3,15.886363636363637,15.898157778332816
S2324-G0539,N. Jokic,4,11.968181818181819,11.970542857142847
S2324-G0539,N. Marshall,3,12.297142857142857,12.29687348484849
S2324-G0539,N. Marshall,4,7.35,7.349999999999984
S2324-G0539,P. Watson,1,11.5,11.49972329059829
S2324-G0539,P. Watson,2,5.25,5.2497727272727275
S2324-G0539,P. Watson,3,5.866666666666667,5.866666666666658
S2324-G0539,P. Watson,4,5.533333333333334,5.5333333333333234
S2324-G0539,R. Jackson,1,3.2142857142857144,3.2142857142857086
S2324-G0539,R. Jackson,2,17.066666666666666,17.066547619047583
S2324-G0539,R. Jackson,3,12.766666666666666,12.7666666666667
S2324-G0539,R. Jackson,4,5.466666666666667,5.46666666666669
S2324-G0539,T. Murphy III,1,5.65,5.649999999999994
S2324-G0539,T. Murphy III,2,8.438095238095238,8.438095238095231
S2324-G0539,T. Murphy III,3,3.25,3.25
S2324-G0539,T. Murphy III,4,13.015384615384615,13.018915251415226
S2324-G0539,Z. Nnaji,4,3.1666666666666665,3.166666666666666
S2324-G0539,Z. Williamson,1,20.78095238095238,20.78170879528969
S2324-G0539,Z. Williamson,2,7.871428571428571,7.872927958152986
S2324-G0539,Z. Williamson,3,18.427272727272726,18.42727272727277
S2324-G0539,Z. Williamson,4,37.4275,37.53513994331263
S2324-G0542,A. Holiday,3,5.166666666666667,5.1666666666666465
S2324-G0542,A. Holiday,4,15.436363636363637,15.439735510078199
S2324-G0542,A. Horford,1,2.8,2.7998333333333365
S2324-G0542,A. Horford,2,8.438095238095238,8.438095238095231
S2324-G0542,A. Horford,3,5.25,5.25
S2324-G0542,A. Horford,4,0.7714285714285714,0.7714285714285721
S2324-G0542,A. Sengun,1,18.5,18.51163809523812
S2324-G0542,A. Sengun,2,27.204761904761902,27.20304786724713
S2324-G0542,A. Sengun,3,15.55,15.545382001332035
S2324-G0542,A. Thompson,1,3.35,3.350000000000013
S2324-G0542,A. Thompson,2,7.7444444444444445,7.74533333333335
S2324-G0542,A. Thompson,3,7.466666666666667,7.466666666666693
S2324-G0542,A. Thompson,4,18.498039215686276,18.503857644153246
S2324-G0542,B. Marjanovic,4,12.417142857142858,12.38929206349208
S2324-G0542,C. Whitmore,1,13.9,13.90007857142862
S2324-G0542,C. Whitmore,2,7.438095238095238,7.43809523809523
S2324-G0542,C. Whitmore,3,15.2,15.199999999999962
S2324-G0542,C. Whitmore,4,19.269841269841272,19.2681383741259
S2324-G0542,D. Brooks,1,7.614285714285715,7.614285714285704
S2324-G0542,D. Brooks,2,11.864285714285714,11.86428571428571
S2324-G0542,D. Brooks,3,13.90952380952381,13.908862434787403
S2324-G0542,D. White,1,17.475,17.47487499999994
S2324-G0542,D. White,2,13.864285714285714,13.864285714285733
S2324-G0542,D. White,3,0.8,0.7999999999999997
S2324-G0542,D. White,4,5.2,5.20000000000002
S2324-G0542,F. VanVleet,1,9.804761904761905,9.804761904761959
S2324-G0542,F. VanVleet,2,3.25,3.25
S2324-G0542,F. VanVleet,3,8.577777777777778,8.577846153846158
S2324-G0542,J. Brown,1,19.213333333333335,19.214067740592682
S2324-G0542,J. Brown,2,5.246666666666667,5.246666666666669
S2324-G0542,J. Brown,3,45.106072874493925,44.91808110700114
S2324-G0542,J. Green,1,27.053333333333335,27.054400388500408
S2324-G0542,J. Green,2,9.666666666666666,9.663380772005798
S2324-G0542,J. Green,3,17.336363636363636,17.336237096237138
S2324-G0542,J. Holiday,1,3.1,3.0999999999999948
S2324-G0542,J. Holiday,2,9.783333333333333,9.782004470529454
S2324-G0542,J. Holiday,3,14.212987012987012,14.213305131143365
S2324-G0542,J. Holiday,4,10.514285714285714,10.514285714285725
S2324-G0542,J. Landale,4,16.775,16.773718312243346
S2324-G0542,J. Smith Jr.,1,12.913675213675212,12.912825957375917
S2324-G0542,J. Smith Jr.,2,12.066666666666666,12.066977777777755
S2324-G0542,J. Smith Jr.,3,12.2,12.201475324675323
S2324-G0542,J. Tate,1,0.7714285714285714,0.7714285714285721
S2324-G0542,J. Tatum,1,19.452380952380953,19.452362619325026
S2324-G0542,J. Tatum,2,29.778609625668448,29.794090196370544
S2324-G0542,J. Tatum,3,12.925,12.924943181818191
S2324-G0542,J. Tatum,4,8.1,8.074063095238088
S2324-G0542,K. Porzingis,1,26.895833333333332,26.89203611032069
S2324-G0542,K. Porzingis,2,6.1,6.099999999999995
S2324-G0542,K. Porzingis,3,12.133333333333333,12.120639450663733
S2324-G0542,L. Kornet,2,3.233333333333333,3.233333333333346
S2324-G0542,L. Kornet,4,5.3,5.295571428571422
S2324-G0542,L. Stevens,4,5.65,5.649999999999994
S2324-G0542,N. Williams,4,12.93,12.929999999999982
S2324-G0542,O. Brissett,4,10.600000000000001,10.600593795093758
S2324-G0542,P. Pritchard,2,6.166666666666667,6.166666666666664
S2324-G0542,P. Pritchard,3,11.533333333333333,11.533333333333314
S2324-G0542,P. Pritchard,4,27.15811965811966,27.172671401087765
S2324-G0542,R. Bullock Jr.,2,6.199999999999999,6.200000000000022
S2324-G0542,R. Bullock Jr.,4,0.9642857142857143,0.9642857142857153
S2324-G0542,S. Hauser,1,3.1666666666666665,3.166666666666666
S2324-G0542,S. Hauser,2,3.2,3.2000000000000024
S2324-G0542,S. Hauser,3,10.655555555555555,10.655555555555564
S2324-G0542,S. Hauser,4,13.103030303030303,13.103030303030252
S2324-G0542,S. Mykhailiuk,4,18.5,18.508994931457444
S2324-G0543,A. Griffin,4,3.25,3.25
S2324-G0543,B. Bogdanovic,1,7.833333333333333,7.82633333333332
S2324-G0543,B. Bogdanovic,2,19.767307692307693,19.763363068304287
S2324-G0543,B. Bogdanovic,3,3.071428571428571,3.0714285714285636
S2324-G0543,B. Bogdanovic,4,16.755555555555556,16.75260892024638
S2324-G0543,B. Coulibaly,1,6.566666666666667,6.565000000000006
S2324-G0543,B. Coulibaly,2,5.41,5.408806060606056
S2324-G0543,B. Coulibaly,3,0.8,0.7999999999999983
S2324-G0543,B. Coulibaly,4,21.8075,21.797591591690754
S2324-G0543,B. Fernando,4,7.433333333333333,7.431919877344877
S2324-G0543,C. Capela,1,7.533333333333333,7.533333333333318
S2324-G0543,C. Capela,2,7.514285714285714,7.514285714285733
S2324-G0543,C. Capela,3,10.364285714285714,10.364841774891762
S2324-G0543,C. Capela,4,0.8,0.8000000000000007
S2324-G0543,C. Kispert,1,8.65,8.650000000000027
S2324-G0543,C. Kispert,2,8.475,8.474999999999973
S2324-G0543,C. Kispert,3,6.35,6.349999999999995
S2324-G0543,C. Kispert,4,9.846666666666666,9.846666666666634
S2324-G0543,D. Avdija,1,9.925,9.925968052780528
S2324-G0543,D. Avdija,2,8.644444444444446,8.644555555555518
S2324-G0543,D. Avdija,3,15.913675213675212,15.913517094017024
S2324-G0543,D. Avdija,4,16.225396825396825,16.22563331431637
S2324-G0543,D. Gafford,1,9.638095238095238,9.622399278499289
S2324-G0543,D. Gafford,2,7.314285714285714,7.314285714285694
S2324-G0543,D. Gafford,3,5.166666666666667,5.1666666666666465
S2324-G0543,D. Gafford,4,0.8666666666666667,0.8666666666666683
S2324-G0543,D. Murray,1,17.427272727272726,17.42716883116887
S2324-G0543,D. Murray,2,16.484415584415583,16.48465468975472
S2324-G0543,D. Murray,3,14.423809523809522,14.42360173160177
S2324-G0543,D. Murray,4,2.8333333333333335,2.837841269841269
S2324-G0543,D. Wright,1,3.25,3.25
S2324-G0543,D. Wright,2,0.8666666666666667,0.8666666666666667
S2324-G0543,D. Wright,3,10.864285714285714,10.864285714285698
S2324-G0543,D. Wright,4,12.666666666666666,12.706483094683094
S2324-G0543,G. Mathews,1,6.25,6.25
S2324-G0543,G. Mathews,2,0.8,0.799999999999998
S2324-G0543,G. Mathews,3,8.65,8.650000000000027
S2324-G0543,G. Mathews,4,9.875,9.87525
S2324-G0543,H. Diallo,4,7.67,7.670000000000012
S2324-G0543,J. Bernard,4,7.775,7.775000000000021
S2324-G0543,J. Johnson,1,10.866666666666665,10.866666666666626
S2324-G0543,J. Johnson,2,9.806666666666667,9.80666666666663
S2324-G0543,J. Johnson,3,0.9272727272727272,0.942609307359307
S2324-G0543,J. Johnson,4,3.105555555555555,3.1055555555555645
S2324-G0543,J. Poole,1,10.799999999999999,10.79999999999998
S2324-G0543,J. Poole,2,17.675,17.635568284566308
S2324-G0543,J. Poole,3,31.35873015873016,31.35242596460553
S2324-G0543,K. Kuzma,1,30.15811965811966,30.155212143330584
S2324-G0543,K. Kuzma,2,26.271428571428572,26.251367636895278
S2324-G0543,K. Kuzma,3,21.7475,21.74837339077163
S2324-G0543,M. Blaylock,2,1.2,1.200000000000001
S2324-G0543,O. Okongwu,1,7.59,7.589999999999979
S2324-G0543,O. Okongwu,2,6.526666666666666,6.507503571428568
S2324-G0543,O. Okongwu,3,5.3,5.29999999999998
S2324-G0543,O. Okongwu,4,5.225,5.225000000000014
S2324-G0543,P. Baldwin Jr.,1,5.566666666666667,5.567000000000018
S2324-G0543,P. Baldwin Jr.,2,5.666666666666667,5.666333333333328
S2324-G0543,P. Baldwin Jr.,3,0.8666666666666667,0.8666666666666677
S2324-G0543,P. Baldwin Jr.,4,18.53421052631579,18.534790124254794
S2324-G0543,S. Bey,1,12.266666666666666,12.256487279387288
S2324-G0543,S. Bey,2,12.933333333333334,12.93674278499281
S2324-G0543,S. Bey,3,21.857142857142858,21.858769024194704
S2324-G0543,S. Bey,4,3.0,2.9998
S2324-G0543,S. Lundy,4,4.65,4.638964285714274
S2324-G0543,T. Forrest,1,7.438095238095238,7.43809523809523
S2324-G0543,T. Forrest,2,3.071428571428571,3.0714285714285636
S2324-G0543,T. Forrest,3,3.2,3.2000000000000095
S2324-G0543,T. Forrest,4,3.1833333333333336,3.132383333333329
S2324-G0543,T. Jones,1,7.806666666666667,7.806666666666633
S2324-G0543,T. Jones,2,7.657142857142857,7.657142857142845
S2324-G0543,T. Jones,3,16.15,16.150000000000055
S2324-G0543,T. Young,1,20.666666666666668,20.677601604441257
S2324-G0543,T. Young,2,8.886666666666667,8.873856277056273
S2324-G0543,T. Young,3,27.125396825396827,27.1239411079117
S2324-G0543,T. Young,4,11.938095238095238,11.937146861471858
S2324-G0544,D. DiVincenzo,1,10.799999999999999,10.79999999999998
S2324-G0544,D. DiVincenzo,2,5.6,5.600000000000007
S2324-G0544,D. DiVincenzo,3,24.886153846153846,24.871603020264093
S2324-G0544,D. DiVincenzo,4,8.041666666666666,8.024945129870144
S2324-G0544,D. Roddy,1,12.85,12.849999999999952
S2324-G0544,D. Roddy,2,3.175,3.1749999999999985
S2324-G0544,D. Roddy,3,7.525,7.525000000000018
S2324-G0544,D. Roddy,4,21.825,21.8303029676206
S2324-G0544,G. Jackson II,1,12.806666666666667,12.806666666666672
S2324-G0544,G. Jackson II,2,21.642857142857142,21.664425829725793
S2324-G0544,G. Jackson II,3,9.438095238095238,9.438095238095231
S2324-G0544,G. Jackson II,4,11.884415584415583,11.88441558441556
S2324-G0544,I. Hartenstein,1,5.305714285714285,5.307208827283831
S2324-G0544,I. Hartenstein,2,5.6,5.534657142857148
S2324-G0544,I. Hartenstein,3,9.722222222222223,9.724629292929288
S2324-G0544,I. Hartenstein,4,9.657142857142858,9.65853246753246
S2324-G0544,J. Gilyard,1,8.514285714285714,8.514285714285732
S2324-G0544,J. Gilyard,2,9.772527472527472,9.760763672438651
S2324-G0544,J. Gilyard,3,5.533333333333334,5.5333333333333234
S2324-G0544,J. Gilyard,4,3.2,3.2000000000000095
S2324-G0544,J. Hart,1,3.1666666666666665,3.166666666666666
S2324-G0544,J. Hart,2,8.533333333333333,8.533192513368967
S2324-G0544,J. Hart,3,0.8666666666666667,0.8666666666666687
S2324-G0544,J. Hart,4,15.2125,15.2203094488844
S2324-G0544,J. Konchar,1,0.7714285714285714,0.7714285714285721
S2324-G0544,J. Konchar,2,5.4051282051282055,5.40237248307249
S2324-G0544,J. Konchar,3,5.65,5.649999999999994
S2324-G0544,J. Konchar,4,0.8666666666666667,0.8666666666666681
S2324-G0544,J. LaRavia,1,3.1,3.0996666666666783
S2324-G0544,J. Randle,1,32.81470588235294,32.77604232253811
S2324-G0544,J. Randle,2,10.166666666666668,10.162904761904791
S2324-G0544,J. Randle,3,23.22222222222222,23.201344771894806
S2324-G0544,J. Randle,4,10.666666666666666,10.665936904761928
S2324-G0544,L. Kennard,1,7.806666666666667,7.806666666666633
S2324-G0544,L. Kennard,2,26.755844155844155,26.75045579371605
S2324-G0544,L. Kennard,3,5.166666666666667,5.1666666666666465
S2324-G0544,L. Kennard,4,7.933333333333333,7.934083333333339
S2324-G0544,M. Flynn,1,5.166666666666667,5.1666666666666465
S2324-G0544,M. Flynn,2,17.277777777777775,17.280690656565675
S2324-G0544,M. McBride,1,11.6,11.599999999999957
S2324-G0544,M. McBride,2,10.466666666666667,10.466666666666688
S2324-G0544,M. McBride,3,8.677777777777779,8.676824847374832
S2324-G0544,M. McBride,4,15.177777777777779,15.177777777777804
S2324-G0544,O. Anunoby,1,11.314285714285715,11.266082234432249
S2324-G0544,O. Anunoby,2,18.46923076923077,18.470001346692516
S2324-G0544,O. Anunoby,3,14.911111111111111,14.911056227106187
S2324-G0544,O. Anunoby,4,12.05,12.024865079365076
S2324-G0544,P. Achiuwa,2,0.9333333333333332,0.9333333333333365
S2324-G0544,Q. Grimes,2,8.5,8.5
S2324-G0544,Q. Grimes,4,7.814285714285714,7.814285714285693
S2324-G0544,V. Williams Jr.,1,24.793162393162394,24.790470005811162
S2324-G0544,V. Williams Jr.,2,9.9,9.902321428571463
S2324-G0544,V. Williams Jr.,3,8.803030303030303,8.790134046509039
S2324-G0544,V. Williams Jr.,4,7.633333333333333,7.5381071428571325
S2324-G0544,X. Tillman,1,9.81111111111111,9.79695899264134
S2324-G0544,X. Tillman,2,7.475,7.474999999999983
S2324-G0544,X. Tillman,3,20.786363636363635,20.785893054597622
S2324-G0544,X. Tillman,4,12.146666666666667,12.147558333333345
S2324-G0544,Z. Williams,1,5.533333333333334,5.5333333333333234
S2324-G0544,Z. Williams,2,8.138095238095238,8.137799783549806
S2324-G0544,Z. Williams,3,5.564285714285714,5.564285714285695
S2324-G0544,Z. Williams,4,12.966666666666667,12.967540079365087
S2324-G0546,A. Black,1,9.600000000000001,9.599999999999966
S2324-G0546,A. Black,2,6.60952380952381,6.586741189366189
S2324-G0546,A. Black,3,11.614285714285714,11.614285714285709
S2324-G0546,A. Black,4,7.6,7.599999999999982
S2324-G0546,A. Wiggins,2,5.67,5.669999999999991
S2324-G0546,A. Wiggins,4,0.9000000000000001,0.9000000000000038
S2324-G0546,B. Grant,2,1.2,1.200000000000001
S2324-G0546,C. Anthony,1,0.8666666666666667,0.8666666666666677
S2324-G0546,C. Anthony,2,12.88095238095238,12.880912953712913
S2324-G0546,C. Anthony,3,0.8666666666666667,0.8666666666666686
S2324-G0546,C. Anthony,4,28.45811965811966,28.46563060130447
S2324-G0546,C. Holmgren,1,9.866666666666665,9.86666666666662
S2324-G0546,C. Holmgren,2,12.146666666666667,12.146666666666679
S2324-G0546,C. Holmgren,3,25.775,25.775446889548356
S2324-G0546,C. Holmgren,4,3.2555555555555555,3.2098744588744577
S2324-G0546,C. Houstan,1,23.073333333333334,23.095270405493206
S2324-G0546,C. Houstan,2,5.55,5.549659090909069
S2324-G0546,C. Houstan,3,18.099999999999998,18.099999999999937
S2324-G0546,C. Houstan,4,0.8666666666666667,0.8666666666666686
S2324-G0546,C. Okeke,1,10.864285714285714,10.864285714285698
S2324-G0546,C. Okeke,2,5.25,5.25
S2324-G0546,C. Okeke,3,3.1,3.0999999999999943
S2324-G0546,C. Okeke,4,3.45,3.4500000000000055
S2324-G0546,C. Wallace,1,0.8666666666666667,0.866666666666669
S2324-G0546,C. Wallace,2,4.433333333333334,4.4554523809523845
S2324-G0546,C. Wallace,3,7.800000000000001,7.800166666666639
S2324-G0546,C. Wallace,4,3.0555555555555554,3.0555555555555456
S2324-G0546,G. Bitadze,1,7.585714285714285,7.588967155067134
S2324-G0546,G. Bitadze,2,7.48,7.480000000000014
S2324-G0546,G. Bitadze,3,9.55,9.549999999999969
S2324-G0546,I. Joe,1,5.4,5.39999999999999
S2324-G0546,I. Joe,2,3.4000000000000004,3.3999999999999875
S2324-G0546,I. Joe,3,10.438095238095238,10.438294642857135
S2324-G0546,I. Joe,4,11.725454545454545,11.730568009768001
S2324-G0546,J. Giddey,1,9.911111111111111,9.911111111111087
S2324-G0546,J. Giddey,2,5.2,5.198082251082269
S2324-G0546,J. Giddey,3,15.1,15.099999999999945
S2324-G0546,J. Giddey,4,13.275,13.276933982684026
S2324-G0546,J. Isaac,1,0.8666666666666667,0.866666666666669
S2324-G0546,J. Isaac,2,3.1666666666666665,3.166666666666666
S2324-G0546,J. Isaac,4,7.184415584415585,7.259826870351881
S2324-G0546,J. Suggs,1,7.466666666666667,7.466666666666693
S2324-G0546,J. Suggs,2,11.928571428571429,11.928415584415566
S2324-G0546,J. Suggs,3,10.833333333333332,10.833333333333313
S2324-G0546,J. Williams,1,3.3142857142857145,3.314285714285699
S2324-G0546,J. Williams,2,17.33846153846154,17.36628601814852
S2324-G0546,J. Williams,3,6.1,6.099999999999995
S2324-G0546,J. Williams,4,29.617543859649125,29.6492346284735
S2324-G0546,K. Williams,1,0.8,0.7999999999999988
S2324-G0546,K. Williams,2,8.385454545454545,8.385386247086283
S2324-G0546,K. Williams,3,0.8,0.7999999999999983
S2324-G0546,K. Williams,4,0.8666666666666667,0.8666666666666686
S2324-G0546,L. Dort,1,12.833333333333332,12.83333333333334
S2324-G0546,L. Dort,2,3.071428571428571,3.0714285714285636
S2324-G0546,L. Dort,3,15.08,15.079682356532315
S2324-G0546,L. Dort,4,2.9714285714285715,2.9714285714285715
S2324-G0546,M. Wagner,1,5.55,5.549999999999978
S2324-G0546,M. Wagner,2,0.9642857142857143,0.9642857142857153
S2324-G0546,M. Wagner,3,11.944444444444445,11.944444444444391
S2324-G0546,M. Wagner,4,3.1,3.0999999999999948
S2324-G0546,O. Dieng,1,5.514285714285714,5.51428571428573
S2324-G0546,O. Dieng,3,0.8666666666666667,0.8666666666666686
S2324-G0546,P. Banchero,1,12.169230769230769,12.17875015262515
S2324-G0546,P. Banchero,2,10.966666666666665,10.94085936008438
S2324-G0546,P. Banchero,3,25.125,25.1250321126586
S2324-G0546,P. Banchero,4,19.711111111111112,19.694335692085712
S2324-G0546,S. Gilgeous-Alexander,1,31.023809523809526,31.04583628374555
S2324-G0546,S. Gilgeous-Alexander,2,22.76969696969697,22.756548929046552
S2324-G0546,S. Gilgeous-Alexander,3,18.269841269841272,18.269382836607868
S2324-G0546,S. Gilgeous-Alexander,4,14.966666666666667,14.979238311688318
S2324-G0546,T. Queen,1,7.6,7.599999999999981
S2324-G0546,T. Queen,2,5.18,5.180099999999978
S2324-G0546,T. Queen,4,10.884415584415583,10.884041125541119
S2324-G0546,V. Micic,2,15.200000000000001,15.200419913419875
S2324-G0546,V. Micic,4,5.105555555555555,5.105555555555583
S2324-G0549,A. Davis,1,13.024786324786326,13.019520632145621
S2324-G0549,A. Davis,2,14.233333333333333,14.220786037165439
S2324-G0549,A. Davis,3,27.738095238095237,27.69354719626777
S2324-G0549,A. Davis,4,12.467307692307692,12.463073448773452
S2324-G0549,A. Henderson,4,1.2,1.200000000000001
S2324-G0549,A. Reaves,1,24.49145299145299,24.493025169275178
S2324-G0549,A. Reaves,2,5.138095238095238,5.138095238095252
S2324-G0549,A. Reaves,3,6.203030303030303,6.203020646020666
S2324-G0549,A. Reaves,4,5.328571428571429,5.389119047619041
S2324-G0549,C. Reddish,1,3.1,3.0999999999999948
S2324-G0549,C. Reddish,2,0.8,0.799999999999998
S2324-G0549,C. Sexton,1,11.85,11.849999999999957
S2324-G0549,C. Sexton,2,26.113675213675215,26.113484701573014
S2324-G0549,C. Sexton,3,9.425,9.352141741591755
S2324-G0549,C. Sexton,4,13.706666666666665,13.693581449106427
S2324-G0549,C. Wood,2,24.815384615384616,24.79946736190368
S2324-G0549,C. Wood,3,1.0666666666666667,1.0666666666666644
S2324-G0549,C. Wood,4,15.142307692307691,15.142307692307742
S2324-G0549,D. Russell,1,29.145714285714284,29.1347777848785
S2324-G0549,D. Russell,2,23.027058823529412,23.022702087394933
S2324-G0549,D. Russell,3,24.642857142857142,24.65197436357503
S2324-G0549,D. Russell,4,25.7075,25.7017448281466
S2324-G0549,J. Clarkson,1,9.564285714285713,9.564285714285694
S2324-G0549,J. Clarkson,2,33.67860962566844,33.68881442987264
S2324-G0549,J. Clarkson,3,3.2,3.2000000000000024
S2324-G0549,J. Clarkson,4,19.86969696969697,19.823175868575895
S2324-G0549,J. Collins,1,17.293181818181818,17.291736215173753
S2324-G0549,J. Collins,2,6.166666666666667,6.166666666666664
S2324-G0549,J. Collins,3,10.633333333333333,10.633776085026128
S2324-G0549,J. Collins,4,9.71,9.713025901875925
S2324-G0549,J. Vanderbilt,2,0.9000000000000001,0.9000000000000038
S2324-G0549,J. Vanderbilt,3,6.328571428571428,6.326120879120874
S2324-G0549,J. Vanderbilt,4,5.166666666666667,5.1666666666666465
S2324-G0549,K. Dunn,1,11.85,11.849999999999957
S2324-G0549,K. Dunn,3,6.2,6.200000000000022
S2324-G0549,K. Dunn,4,0.9,0.9000000000000036
S2324-G0549,K. George,1,7.4,7.400000000000017
S2324-G0549,K. George,2,5.425,5.424999999999979
S2324-G0549,K. George,3,15.74,15.738932142857074
S2324-G0549,K. George,4,19.167307692307695,19.167001648351587
S2324-G0549,K. Olynyk,1,5.666666666666667,5.666666666666661
S2324-G0549,K. Olynyk,2,14.12,14.115694563769502
S2324-G0549,K. Olynyk,3,3.1,3.0999999999999943
S2324-G0549,K. Olynyk,4,3.29,3.2899999999999987
S2324-G0549,L. Markkanen,1,20.095238095238095,20.097976498501477
S2324-G0549,L. Markkanen,2,13.285714285714286,13.285491694416702
S2324-G0549,L. Markkanen,3,29.1475,29.088605652564627
S2324-G0549,L. Markkanen,4,7.29,7.287788095238076
S2324-G0549,M. Christie,1,8.6,8.599999999999973
S2324-G0549,M. Christie,2,0.8,0.7999999999999982
S2324-G0549,M. Christie,3,0.9000000000000001,0.9000000000000038
S2324-G0549,O. Agbaji,1,3.25,3.25
S2324-G0549,O. Agbaji,2,3.125,3.125
S2324-G0549,O. Agbaji,3,3.3666666666666667,3.366666666666674
S2324-G0549,O. Agbaji,4,7.533333333333334,7.533333333333316
S2324-G0549,R. Hachimura,1,9.9,9.900000000000036
S2324-G0549,R. Hachimura,2,6.225,6.224999999999997
S2324-G0549,R. Hachimura,3,11.9,11.900000000000043
S2324-G0549,R. Hachimura,4,20.5,20.49981637806638
S2324-G0549,S. Fontecchio,1,5.5,5.5
S2324-G0549,S. Fontecchio,2,3.2642857142857142,3.264285714285725
S2324-G0549,S. Fontecchio,3,5.59,5.5900000000000025
S2324-G0549,S. Mays,3,3.25,3.25
S2324-G0549,S. Mays,4,3.14,3.139999999999989
S2324-G0549,T. Prince,1,12.804761904761905,12.804761904761971
S2324-G0549,T. Prince,2,8.4,8.400000000000027
S2324-G0549,T. Prince,3,7.4363636363636365,7.436364260739258
S2324-G0549,T. Prince,4,5.1,5.100000000000014
S2324-G0549,W. Kessler,1,3.325,3.3246250000000037
S2324-G0549,W. Kessler,2,5.1,5.100000000000014
S2324-G0549,W. Kessler,3,7.5,7.499944444444445
S2324-G0549,W. Kessler,4,0.9000000000000001,0.9000000000000038
S2324-G0553,A. Coffey,1,0.95,0.9499999999999976
S2324-G0553,A. Coffey,2,0.8,0.799999999999998
S2324-G0553,A. Coffey,3,3.1666666666666665,3.166666666666666
S2324-G0553,A. Edwards,1,13.957142857142857,13.957972943722972
S2324-G0553,A. Edwards,2,12.928571428571429,12.928571428571422
S2324-G0553,A. Edwards,3,41.71666666666666,41.96288571865017
S2324-G0553,A. Edwards,4,5.206666666666667,5.2065285714285885
S2324-G0553,D. Theis,1,8.666666666666666,8.66666666666669
S2324-G0553,D. Theis,2,0.8666666666666667,0.8666666666666675
S2324-G0553,D. Theis,3,3.1380952380952376,3.1380952380952376
S2324-G0553,D. Theis,4,0.8666666666666667,0.8666666666666683
S2324-G0553,E. Montross,3,1.2,1.200000000000001
S2324-G0553,J. Harden,1,6.566666666666667,6.560155003330003
S2324-G0553,J. Harden,2,13.142307692307691,13.142276556776583
S2324-G0553,J. Harden,3,17.484415584415583,17.483875490196116
S2324-G0553,J. Harden,4,12.833333333333332,12.83333333333334
S2324-G0553,J. McDaniels,1,10.56923076923077,10.583036324786333
S2324-G0553,J. McDaniels,2,5.466666666666667,5.46666666666669
S2324-G0553,J. McDaniels,3,11.803030303030303,11.803030303030297
S2324-G0553,J. McDaniels,4,12.766666666666666,12.7666666666667
S2324-G0553,K. Anderson,1,7.65,7.650000000000019
S2324-G0553,K. Anderson,2,7.466666666666667,7.466666666666693
S2324-G0553,K. Anderson,3,0.9000000000000001,0.9000000000000038
S2324-G0553,K. Anderson,4,11.575,11.575638994338995
S2324-G0553,K. Leonard,1,22.843181818181815,22.84443786075026
S2324-G0553,K. Leonard,2,18.633333333333336,18.623886507936486
S2324-G0553,K. Leonard,3,20.2275,20.202800614955212
S2324-G0553,K. Leonard,4,12.244444444444445,12.242744444444483
S2324-G0553,K. Towns,1,22.845714285714283,22.84813080669328
S2324-G0553,K. Towns,2,5.533333333333334,5.5333333333333234
S2324-G0553,K. Towns,3,9.35,9.35699640522873
S2324-G0553,K. Towns,4,10.491666666666667,10.489417069042055
S2324-G0553,M. Conley,1,10.725,10.72499999999996
S2324-G0553,M. Conley,2,8.527272727272727,8.527450216450196
S2324-G0553,M. Conley,3,3.1,3.0999999999999956
S2324-G0553,M. Conley,4,3.1363636363636362,3.1362587412587333
S2324-G0553,M. Plumlee,1,9.55,9.549999999999969
S2324-G0553,M. Plumlee,2,5.266666666666667,5.266666666666657
S2324-G0553,M. Plumlee,3,0.8666666666666667,0.8666666666666681
S2324-G0553,M. Plumlee,4,7.506666666666667,7.506777777777772
S2324-G0553,N. Alexander-Walker,2,10.76969696969697,10.7695303030303
S2324-G0553,N. Alexander-Walker,3,6.166666666666667,6.166666666666664
S2324-G0553,N. Alexander-Walker,4,5.506666666666667,5.506711111111105
S2324-G0553,N. Powell,1,6.35,6.349999999999995
S2324-G0553,N. Powell,2,18.040000000000003,18.041042002441973
S2324-G0553,N. Powell,3,3.1666666666666665,3.166666666666666
S2324-G0553,N. Powell,4,27.8,27.801912226662253
S2324-G0553,N. Reid,1,10.65,10.650277777777816
S2324-G0553,N. Reid,2,10.85,10.84999999999996
S2324-G0553,N. Reid,3,0.825,0.8249999999999992
S2324-G0553,P. George,1,10.1,10.099999999999964
S2324-G0553,P. George,2,17.78666666666667,17.775532328782354
S2324-G0553,P. George,3,20.35,20.449592143967138
S2324-G0553,P. George,4,15.257142857142858,15.257831890331827
S2324-G0553,R. Gobert,1,0.9142857142857144,0.9142857142857117
S2324-G0553,R. Gobert,2,2.05,2.051066594516595
S2324-G0553,R. Gobert,3,9.58095238095238,9.576001938339415
S2324-G0553,R. Gobert,4,17.967942583732057,17.97577129912574
S2324-G0553,R. Westbrook,1,0.8666666666666667,0.8666666666666677
S2324-G0553,R. Westbrook,2,5.175,5.174999999999982
S2324-G0553,R. Westbrook,3,10.103030303030303,10.103481468531436
S2324-G0553,R. Westbrook,4,17.977272727272727,17.96794059967806
S2324-G0553,T. Mann,1,3.1666666666666665,3.166666666666666
S2324-G0553,T. Mann,2,5.25,5.25
S2324-G0553,T. Mann,3,0.9000000000000001,0.9000000000000038
S2324-G0561,A. Caruso,1,7.766666666666667,7.767049999999988
S2324-G0561,A. Caruso,2,17.136363636363637,17.136305555555534
S2324-G0561,A. Caruso,3,6.2,6.200214285714309
S2324-G0561,A. Caruso,4,3.1,3.099545454545466
S2324-G0561,A. Dosunmu,1,3.1,3.0999999999999948
S2324-G0561,A. Dosunmu,2,0.8,0.799999999999998
S2324-G0561,A. Dosunmu,3,22.503030303030304,22.503229638009053
S2324-G0561,A. Dosunmu,4,3.1666666666666665,3.166666666666666
S2324-G0561,A. Drummond,1,0.9642857142857143,0.9642857142857153
S2324-G0561,A. Drummond,2,0.8,0.7999999999999983
S2324-G0561,A. Drummond,3,6.33,6.33
S2324-G0561,A. Drummond,4,10.52705882352941,10.523030225330212
S2324-G0561,C. LeVert,1,19.466666666666665,19.46666666666669
S2324-G0561,C. LeVert,2,3.204761904761905,3.2047619047618925
S2324-G0561,C. LeVert,3,7.875,7.874973484848486
S2324-G0561,C. LeVert,4,28.367307692307694,28.37035030752705
S2324-G0561,C. White,1,13.133333333333333,13.133333333333347
S2324-G0561,C. White,2,18.101098901098904,18.102083155733087
S2324-G0561,C. White,3,10.917307692307691,10.924035162060179
S2324-G0561,C. White,4,14.1,14.11433590021087
S2324-G0561,D. DeRozan,1,5.166666666666667,5.1666666666666465
S2324-G0561,D. DeRozan,2,14.166666666666666,14.166666666666647
S2324-G0561,D. DeRozan,3,3.2,3.200000000000003
S2324-G0561,D. DeRozan,4,5.42,5.426780186480176
S2324-G0561,D. Mitchell,1,22.525,22.52764809357312
S2324-G0561,D. Mitchell,2,26.28888888888889,26.308778052503072
S2324-G0561,D. Mitchell,3,20.133333333333333,20.131029488158866
S2324-G0561,D. Mitchell,4,17.24155844155844,17.24240725108228
S2324-G0561,D. Terry,1,5.371428571428571,5.371428571428598
S2324-G0561,D. Terry,4,3.1666666666666665,3.166666666666666
S2324-G0561,D. Wade,1,8.577777777777778,8.577777777777781
S2324-G0561,D. Wade,2,7.766666666666667,7.766666666666656
S2324-G0561,D. Wade,3,5.527272727272727,5.52727272727271
S2324-G0561,D. Wade,4,17.037142857142857,16.987382822732794
S2324-G0561,G. Niang,1,16.775,16.76757589126564
S2324-G0561,G. Niang,2,5.371428571428571,5.371428571428598
S2324-G0561,G. Niang,3,10.244444444444445,10.24651071151074
S2324-G0561,G. Niang,4,5.466666666666667,5.46666666666669
S2324-G0561,I. Okoro,1,9.725,9.724999999999966
S2324-G0561,I. Okoro,2,10.125,10.124955627705628
S2324-G0561,I. Okoro,3,15.133333333333333,15.133333333333328
S2324-G0561,I. Okoro,4,3.3,3.2999999999999967
S2324-G0561,J. Allen,1,13.925714285714287,13.920066783216749
S2324-G0561,J. Allen,2,2.92,2.9238273920523925
S2324-G0561,J. Allen,3,5.166666666666667,5.1666666666666465
S2324-G0561,J. Allen,4,3.2466666666666666,3.2466000000000026
S2324-G0561,J. Carter,1,8.4,8.400000000000027
S2324-G0561,J. Carter,2,7.4399999999999995,7.440000000000035
S2324-G0561,J. Carter,4,0.8666666666666667,0.8666666666666686
S2324-G0561,M. Strus,1,5.514285714285714,5.51428571428573
S2324-G0561,M. Strus,2,3.1380952380952376,3.1380952380952376
S2324-G0561,M. Strus,3,5.664285714285715,5.664285714285723
S2324-G0561,M. Strus,4,9.877777777777778,9.87777777777775
S2324-G0561,N. Vucevic,1,18.417307692307695,18.417160576923017
S2324-G0561,N. Vucevic,2,5.611111111111111,5.611236874236856
S2324-G0561,N. Vucevic,3,28.380952380952383,28.37913642524913
S2324-G0561,N. Vucevic,4,12.033333333333333,12.077330097516835
S2324-G0561,S. Merrill,1,6.25,6.25
S2324-G0561,S. Merrill,2,14.78,14.780170997629867
S2324-G0561,S. Merrill,3,8.733333333333334,8.733333333333347
S2324-G0561,S. Merrill,4,5.166666666666667,5.1666666666666465
S2324-G0561,T. Taylor,2,3.233333333333333,3.233333333333346
S2324-G0561,T. Thompson,1,5.514285714285714,5.51428571428573
S2324-G0561,T. Thompson,2,9.514285714285714,9.51428571428573
S2324-G0561,T. Thompson,4,0.8666666666666667,0.8666666666666681
S2324-G0561,Z. LaVine,1,19.395238095238096,19.395160515873073
S2324-G0561,Z. LaVine,2,16.433333333333334,16.434041666666698
S2324-G0561,Z. LaVine,3,10.825,10.82500000000002
S2324-G0561,Z. LaVine,4,6.1,6.088270142602496
S2324-G0562,B. Adebayo,1,11.9,11.900000000000043
S2324-G0562,B. Adebayo,2,19.1,19.182411717694052
S2324-G0562,B. Adebayo,3,3.2333333333333334,3.23333333333334
S2324-G0562,B. Adebayo,4,17.615837104072398,17.599737685852098
S2324-G0562,B. Adebayo,5,3.25,3.25
S2324-G0562,C. Johnson,1,5.6000000000000005,5.600000000000007
S2324-G0562,C. Johnson,2,12.164285714285713,12.164285714285741
S2324-G0562,C. Johnson,3,12.177777777777779,12.17896306471306
S2324-G0562,C. Johnson,4,9.825,9.825000000000031
S2324-G0562,C. Martin,2,9.479999999999999,9.480000000000015
S2324-G0562,C. Martin,3,12.814285714285713,12.814285714285694
S2324-G0562,C. Martin,4,3.1696969696969695,3.169803030303027
S2324-G0562,C. Martin,5,5.55,5.549999999999978
S2324-G0562,C. Thomas,1,21.5,21.499897435897438
S2324-G0562,C. Thomas,2,10.78,10.779999999999989
S2324-G0562,C. Thomas,3,12.9,12.900314285714332
S2324-G0562,C. Thomas,4,16.425,16.434467873058335
S2324-G0562,C. Thomas,5,12.35,12.431291666666668
S2324-G0562,D. Finney-Smith,1,5.614285714285715,5.614285714285725
S2324-G0562,D. Finney-Smith,2,7.733333333333333,7.733125000000012
S2324-G0562,D. Finney-Smith,3,8.564285714285713,8.564285714285694
S2324-G0562,D. Finney-Smith,4,0.7714285714285714,0.7714285714285721
S2324-G0562,D. Robinson,1,3.25,3.25
S2324-G0562,D. Robinson,2,5.46969696969697,5.469241666666687
S2324-G0562,D. Robinson,3,3.1666666666666665,3.166666666666666
S2324-G0562,D. Robinson,4,0.8666666666666667,0.8666666666666678
S2324-G0562,D. Smith Jr.,1,4.364285714285714,4.35535714285715
S2324-G0562,D. Smith Jr.,2,7.7,7.703666666666692
S2324-G0562,D. Smith Jr.,3,10.55,10.549999999999976
S2324-G0562,D. Smith Jr.,4,7.8238095238095235,7.815921474358972
S2324-G0562,D. Smith Jr.,5,0.9000000000000001,0.9000000000000038
S2324-G0562,H. Highsmith,1,3.2,3.2000000000000095
S2324-G0562,H. Highsmith,2,3.071428571428571,3.0714285714285636
S2324-G0562,J. Butler,1,16.2,16.199999999999953
S2324-G0562,J. Butler,2,9.733333333333334,9.734589718614732
S2324-G0562,J. Butler,3,22.0,22.068028805344966
S2324-G0562,J. Butler,4,12.866666666666665,12.866666666666651
S2324-G0562,J. Butler,5,3.0666666666666664,3.0666666666666726
S2324-G0562,J. Richardson,1,3.3000000000000003,3.2999999999999967
S2324-G0562,J. Richardson,2,11.264285714285714,11.234177763902764
S2324-G0562,J. Richardson,3,6.166666666666667,6.166666666666664
S2324-G0562,J. Richardson,4,19.8,19.79838861277614
S2324-G0562,J. Richardson,5,3.45,3.4500000000000055
S2324-G0562,K. Lowry,1,9.833333333333332,9.833333333333306
S2324-G0562,K. Lowry,2,3.1666666666666665,3.166666666666666
S2324-G0562,K. Lowry,3,0.8666666666666667,0.8666666666666676
S2324-G0562,K. Lowry,4,3.3666666666666667,3.3669047619047685
S2324-G0562,L. Walker IV,2,5.644444444444445,5.644444444444415
S2324-G0562,L. Walker IV,4,3.1,3.0999999999999956
S2324-G0562,M. Bridges,1,22.060427807486633,22.058227390110773
S2324-G0562,M. Bridges,2,21.017142857142858,20.962019386332585
S2324-G0562,M. Bridges,3,16.184415584415586,16.184415584415557
S2324-G0562,M. Bridges,4,14.864285714285714,14.864148046398077
S2324-G0562,M. Bridges,5,9.85,9.849999999999964
S2324-G0562,N. Claxton,1,11.899999999999999,11.900000000000043
S2324-G0562,N. Claxton,2,15.285714285714286,15.267284992785012
S2324-G0562,N. Claxton,3,5.466666666666667,5.46666666666669
S2324-G0562,N. Claxton,4,0.9047619047619047,0.9047619047619005
S2324-G0562,N. Claxton,5,1.0,1.0
S2324-G0562,N. Jovic,1,9.833333333333332,9.833333333333304
S2324-G0562,N. Jovic,3,6.175,6.174999999999978
S2324-G0562,R. O'Neale,2,8.6,8.599999999999973
S2324-G0562,R. O'Neale,3,6.3,6.299999999999978
S2324-G0562,R. O'Neale,4,20.866666666666667,20.868267921947353
S2324-G0562,R. O'Neale,5,6.35,6.349999999999995
S2324-G0562,S. Dinwiddie,1,13.164285714285713,13.163882395382407
S2324-G0562,S. Dinwiddie,2,0.8666666666666667,0.8666666666666678
S2324-G0562,S. Dinwiddie,3,5.618181818181818,5.646505411255406
S2324-G0562,T. Bryant,2,0.8666666666666667,0.8666666666666686
S2324-G0562,T. Herro,1,12.166666666666666,12.166666666666668
S2324-G0562,T. Herro,2,11.869696969696971,11.86969696969694
S2324-G0562,T. Herro,3,29.211688311688313,29.189809840159818
S2324-G0562,T. Herro,4,15.377142857142857,15.390848088023045
S2324-G0562,T. Herro,5,16.333333333333332,16.33131630591634
S2324-G0562,T. Watford,3,3.233333333333333,3.233333333333346
S2324-G0567,A. Len,2,0.9,0.9000000000000036
S2324-G0567,A. Len,3,0.8666666666666667,0.8666666666666678
S2324-G0567,A. Len,4,0.9642857142857143,0.9642857142857153
S2324-G0567,A. Vezenkov,1,7.666666666666667,7.666666666666682
S2324-G0567,A. Vezenkov,2,22.40555555555556,22.46182686969893
S2324-G0567,A. Vezenkov,3,3.1,3.0999999999999943
S2324-G0567,A. Vezenkov,4,5.071428571428571,5.0714285714285605
S2324-G0567,B. Beal,1,20.755844155844155,20.755892857142786
S2324-G0567,B. Beal,2,10.82,10.820172161172149
S2324-G0567,B. Beal,3,5.525,5.524999999999992
S2324-G0567,B. Beal,4,11.736363636363636,11.736363636363619
S2324-G0567,C. Metu,1,7.371428571428571,7.371428571428604
S2324-G0567,C. Metu,3,7.55,7.549999999999972
S2324-G0567,C. Metu,4,5.175,5.174999999999982
S2324-G0567,D. Booker,1,20.767307692307693,20.766479792429863
S2324-G0567,D. Booker,2,6.6000000000000005,6.603054761904758
S2324-G0567,D. Booker,3,21.492307692307694,21.493567095812768
S2324-G0567,D. Booker,4,3.2,3.2000000000000095
S2324-G0567,D. Eubanks,2,0.9047619047619047,0.9047619047619005
S2324-G0567,D. Eubanks,3,6.35,6.349999999999995
S2324-G0567,D. Eubanks,4,0.8666666666666667,0.8666666666666681
S2324-G0567,D. Fox,1,19.477777777777778,19.47726495726492
S2324-G0567,D. Fox,2,27.05873015873016,27.055981913756224
S2324-G0567,D. Fox,3,18.136363636363637,18.135630050505025
S2324-G0567,D. Fox,4,27.360427807486634,27.3654567624498
S2324-G0567,D. Sabonis,1,20.49145299145299,20.49166233211237
S2324-G0567,D. Sabonis,2,8.517307692307693,8.516116773504255
S2324-G0567,D. Sabonis,3,10.425,10.424999999999972
S2324-G0567,D. Sabonis,4,10.511111111111111,10.507862362637377
S2324-G0567,E. Gordon,1,3.1,3.099999999999996
S2324-G0567,E. Gordon,2,5.46969696969697,5.470080086580106
S2324-G0567,E. Gordon,3,17.066666666666666,17.066547619047583
S2324-G0567,E. Gordon,4,13.799999999999999,13.800000000000022
S2324-G0567,G. Allen,1,23.392307692307693,23.40539333444334
S2324-G0567,G. Allen,2,23.825,23.824996509630637
S2324-G0567,G. Allen,3,13.1,13.100175824175778
S2324-G0567,G. Allen,4,11.506666666666666,11.508799999999994
S2324-G0567,H. Barnes,1,20.433333333333334,20.433333333333373
S2324-G0567,H. Barnes,2,3.1380952380952376,3.1380952380952376
S2324-G0567,H. Barnes,3,7.775,7.775000000000021
S2324-G0567,H. Barnes,4,0.95,0.9499999999999977
S2324-G0567,J. Nurkic,1,7.6431818181818185,7.633283860583841
S2324-G0567,J. Nurkic,2,7.344444444444444,7.345648412698406
S2324-G0567,J. Nurkic,3,9.593333333333332,9.59497722000219
S2324-G0567,J. Okogie,2,5.4,5.39999999999999
S2324-G0567,J. Okogie,4,5.125,5.125
S2324-G0567,K. Durant,1,3.25,3.25
S2324-G0567,K. Durant,2,14.817857142857143,14.818614682539648
S2324-G0567,K. Durant,3,17.575,17.57816964146963
S2324-G0567,K. Durant,4,32.082995951417004,32.08722548178516
S2324-G0567,K. Huerter,1,9.869230769230768,9.863831754356731
S2324-G0567,K. Huerter,2,8.455555555555556,8.455456349206328
S2324-G0567,K. Huerter,3,15.155844155844155,15.155844155844111
S2324-G0567,K. Huerter,4,0.8666666666666667,0.8666666666666683
S2324-G0567,K. Murray,1,21.7,21.71712311365102
S2324-G0567,K. Murray,2,3.1,3.099999999999996
S2324-G0567,K. Murray,3,18.272727272727273,18.266952743416734
S2324-G0567,K. Murray,4,6.1,6.099999999999995
S2324-G0567,M. Monk,1,10.600000000000001,10.59999999999996
S2324-G0567,M. Monk,2,15.442857142857143,15.43875760628264
S2324-G0567,M. Monk,3,9.766666666666666,9.766666666666653
S2324-G0567,M. Monk,4,17.738888888888887,17.76041987554928
S2324-G0567,T. Lyles,1,0.8666666666666667,0.866666666666669
S2324-G0567,T. Lyles,2,5.533333333333334,5.5333333333333234
S2324-G0567,T. Lyles,3,0.8666666666666667,0.8666666666666667
S2324-G0567,T. Lyles,4,0.8,0.799999999999998
S2324-G0573,A. Holiday,3,0.8666666666666667,0.866666666666669
S2324-G0573,A. McKie,2,1.2,1.200000000000001
S2324-G0573,A. Sengun,1,14.538095238095238,14.539390720390696
S2324-G0573,A. Sengun,2,15.985454545454544,15.974072673160192
S2324-G0573,A. Sengun,3,5.52,5.517259523809515
S2324-G0573,A. Sengun,4,22.585470085470085,22.570202033870814
S2324-G0573,A. Thompson,1,5.3,5.29999999999998
S2324-G0573,A. Thompson,2,3.2,3.2000000000000024
S2324-G0573,A. Thompson,4,5.140000000000001,5.139990476190466
S2324-G0573,C. Whitmore,1,3.2,3.2000000000000095
S2324-G0573,C. Whitmore,2,5.6,5.59980952380953
S2324-G0573,D. Brooks,1,9.7,9.700759595959626
S2324-G0573,D. Brooks,2,13.072527472527472,13.070495329670322
S2324-G0573,D. Brooks,3,11.803030303030303,11.803030303030297
S2324-G0573,D. Brooks,4,9.725,9.724999999999966
S2324-G0573,D. DiVincenzo,1,3.2642857142857142,3.264285714285725
S2324-G0573,D. DiVincenzo,2,10.725,10.72499999999996
S2324-G0573,D. DiVincenzo,3,9.85,9.849999999999964
S2324-G0573,F. VanVleet,1,5.355555555555555,5.355555555555584
S2324-G0573,F. VanVleet,2,16.36969696969697,16.370541125541138
S2324-G0573,F. VanVleet,3,32.52727272727273,32.581217538369785
S2324-G0573,F. VanVleet,4,17.19,17.190000000000044
S2324-G0573,I. Hartenstein,1,12.842307692307692,12.842498460689653
S2324-G0573,I. Hartenstein,2,7.536363636363637,7.536363636363618
S2324-G0573,I. Hartenstein,3,0.9142857142857144,0.9142857142857117
S2324-G0573,I. Hartenstein,4,0.903030303030303,0.9072824675324695
S2324-G0573,J. Brunson,1,18.466666666666665,18.46666666666669
S2324-G0573,J. Brunson,2,7.205555555555556,7.211028896103878
S2324-G0573,J. Brunson,3,25.113675213675215,25.1152388343683
S2324-G0573,J. Brunson,4,31.441558441558442,31.416593263461735
S2324-G0573,J. Green,1,31.446616541353386,31.4356650547981
S2324-G0573,J. Green,2,18.547619047619047,18.57523177476118
S2324-G0573,J. Green,3,9.858730158730157,9.85695422077923
S2324-G0573,J. Green,4,11.792307692307691,11.791971153846148
S2324-G0573,J. Hart,1,0.8,0.7999999999999988
S2324-G0573,J. Hart,2,9.979999999999999,9.96378833666335
S2324-G0573,J. Hart,3,5.866666666666667,5.866666666666658
S2324-G0573,J. Hart,4,22.76818181818182,22.767368560687682
S2324-G0573,J. Randle,1,29.37222222222222,29.374211885246645
S2324-G0573,J. Randle,2,9.633333333333333,9.633497835497879
S2324-G0573,J. Randle,3,23.577777777777776,23.568756066156087
S2324-G0573,J. Randle,4,16.186666666666667,16.186666666666632
S2324-G0573,J. Smith Jr.,1,17.184415584415582,17.184415584415554
S2324-G0573,J. Smith Jr.,2,0.75,0.7517396658896659
S2324-G0573,J. Smith Jr.,3,9.55,9.549999999999969
S2324-G0573,J. Smith Jr.,4,7.725,7.724999999999979
S2324-G0573,J. Tate,1,3.1666666666666665,3.166666666666666
S2324-G0573,J. Tate,2,5.166666666666667,5.1666666666666465
S2324-G0573,J. Tate,3,0.8666666666666667,0.8666666666666677
S2324-G0573,J. Tate,4,0.8666666666666667,0.8666666666666675
S2324-G0573,M. Bryant,1,1.2,1.200000000000001
S2324-G0573,M. McBride,1,3.1666666666666665,3.166666666666666
S2324-G0573,M. McBride,2,5.9,5.904166666666665
S2324-G0573,M. McBride,4,3.2142857142857144,3.2142857142857086
S2324-G0573,O. Anunoby,1,5.220000000000001,5.22060000000002
S2324-G0573,O. Anunoby,2,5.125,5.125
S2324-G0573,O. Anunoby,3,25.129166666666666,25.129480140692632
S2324-G0573,O. Anunoby,4,6.204761904761904,6.2055357142856975
S2324-G0573,P. Achiuwa,2,5.9,5.8960535714285705
S2324-G0573,P. Achiuwa,4,0.8666666666666667,0.8666666666666673
S2324-G0573,Q. Grimes,1,3.566666666666667,3.5666666666666793
S2324-G0573,Q. Grimes,2,16.066666666666666,15.98543960157488
S2324-G0573,Q. Grimes,3,3.1666666666666665,3.166666666666666
S2324-G0573,Q. Grimes,4,10.804761904761905,10.805154761904818
S2324-G0589,A. Bowie,2,1.2,1.200000000000001
S2324-G0589,A. Wiggins,1,19.49145299145299,19.491341880341913
S2324-G0589,A. Wiggins,2,5.55,5.549999999999978
S2324-G0589,A. Wiggins,3,24.436507936507937,24.431863202973503
S2324-G0589,A. Wiggins,4,14.095238095238095,14.095387404262388
S2324-G0589,B. Podziemski,1,3.233333333333333,3.233333333333346
S2324-G0589,B. Podziemski,2,0.8696969696969696,0.8699927156177182
S2324-G0589,B. Podziemski,3,5.233333333333333,5.233333333333346
S2324-G0589,B. Podziemski,4,8.492307692307692,8.49226730769235
S2324-G0589,C. Paul,1,12.766666666666666,12.766666666666698
S2324-G0589,C. Paul,2,7.438095238095238,7.43809523809523
S2324-G0589,C. Paul,3,10.55,10.549999999999976
S2324-G0589,C. Paul,4,12.04,12.041827875882264
S2324-G0589,D. Exum,1,3.1,3.100000000000011
S2324-G0589,D. Exum,2,6.155555555555555,6.155704040404049
S2324-G0589,D. Exum,3,3.1,3.0999999999999943
S2324-G0589,D. Exum,4,0.7714285714285714,0.7714285714285721
S2324-G0589,D. Gafford,1,9.886666666666667,9.886666666666711
S2324-G0589,D. Gafford,2,5.29,5.289999999999985
S2324-G0589,D. Gafford,3,5.105555555555555,5.105555555555583
S2324-G0589,D. Gafford,4,11.985714285714286,11.985751623376641
S2324-G0589,D. Green,1,10.97012987012987,10.969797397047355
S2324-G0589,D. Green,2,7.46969696969697,7.469803030303052
S2324-G0589,D. Green,3,0.7555555555555555,0.7555555555555578
S2324-G0589,D. Green,4,13.964285714285714,13.963716522366553
S2324-G0589,D. Jones Jr.,1,0.8666666666666667,0.866666666666668
S2324-G0589,D. Jones Jr.,2,5.455555555555556,5.454027777777764
S2324-G0589,D. Jones Jr.,3,5.345454545454546,5.345720590520606
S2324-G0589,D. Powell,1,0.8666666666666667,0.866666666666669
S2324-G0589,D. Powell,2,1.1,1.1029999999999962
S2324-G0589,G. Payton II,1,7.875,7.875
S2324-G0589,G. Payton II,2,9.466666666666667,9.46560606060608
S2324-G0589,G. Payton II,3,7.6,7.599999999999982
S2324-G0589,G. Payton II,4,5.1,5.100000000000014
S2324-G0589,J. Hardy,2,8.425,8.424999999999972
S2324-G0589,J. Hardy,3,5.4,5.39999999999999
S2324-G0589,K. Irving,1,10.517307692307691,10.515101037851032
S2324-G0589,K. Irving,2,19.372527472527473,19.368507858807888
S2324-G0589,K. Irving,3,19.742307692307694,19.73465726079478
S2324-G0589,K. Irving,4,24.825,24.824905907980824
S2324-G0589,K. Looney,1,0.8666666666666667,0.866666666666668
S2324-G0589,K. Looney,4,0.7555555555555555,0.7555555555555578
S2324-G0589,K. Thompson,1,6.214285714285714,6.214285714285707
S2324-G0589,K. Thompson,2,7.475,7.474999999999983
S2324-G0589,K. Thompson,3,12.1,12.099999999999955
S2324-G0589,K. Thompson,4,24.09285714285714,24.090035749389948
S2324-G0589,L. Doncic,1,33.7275,33.73961229113172
S2324-G0589,L. Doncic,2,15.19145299145299,15.191709523809477
S2324-G0589,L. Doncic,3,25.7275,25.715406266334302
S2324-G0589,L. Doncic,4,9.957142857142857,9.960993290043294
S2324-G0589,M. Kleber,1,0.8666666666666667,0.8666666666666677
S2324-G0589,M. Kleber,2,3.233333333333333,3.233333333333346
S2324-G0589,M. Kleber,3,3.125,3.125
S2324-G0589,M. Kleber,4,5.504761904761905,5.504761904761916
S2324-G0589,M. Moody,1,8.666666666666666,8.66666666666669
S2324-G0589,M. Moody,2,10.806666666666667,10.806711111111085
S2324-G0589,M. Moody,3,11.5,11.5017538017538
S2324-G0589,M. Moody,4,3.1,3.0999999999999956
S2324-G0589,P. Washington,1,22.742857142857144,22.746802332634715
S2324-G0589,P. Washington,2,10.123809523809523,10.123253146853159
S2324-G0589,P. Washington,3,11.736363636363636,11.736363636363619
S2324-G0589,P. Washington,4,22.742307692307694,22.739174450549516
S2324-G0589,S. Curry,1,10.766666666666666,10.766666666666662
S2324-G0589,S. Curry,2,27.56923076923077,27.537522715193383
S2324-G0589,S. Curry,3,14.5,14.500407992007993
S2324-G0589,S. Curry,4,5.5,5.5
S2324-G0589,T. Hardaway Jr.,1,5.504761904761905,5.504761904761916
S2324-G0589,T. Hardaway Jr.,2,7.55,7.549999999999972
S2324-G0589,T. Hardaway Jr.,3,6.166666666666667,6.166666666666664
S2324-G0589,T. Hardaway Jr.,4,5.166666666666667,5.166666666666648
S2324-G0589,T. Jackson-Davis,1,9.575,9.575164529914561
S2324-G0589,T. Jackson-Davis,2,3.1,3.099999999999996
S2324-G0589,T. Jackson-Davis,3,0.9333333333333332,0.9333333333333352
S2324-G0590,A. McDyess,4,1.2,1.200000000000001
S2324-G0590,A. Nesmith,1,13.19,13.189945454545498
S2324-G0590,A. Nesmith,2,3.2,3.2000000000000024
S2324-G0590,A. Nesmith,3,11.55,11.549204545454538
S2324-G0590,A. Nesmith,4,8.636363636363637,8.633117063492083
S2324-G0590,B. Barry,4,1.2,1.200000000000001
S2324-G0590,B. Hield,1,16.1,16.099999999999945
S2324-G0590,B. Hield,2,16.036363636363635,16.03636363636361
S2324-G0590,B. Hield,3,16.2,16.199999999999953
S2324-G0590,B. Hield,4,3.1666666666666665,3.1666726190476187
S2324-G0590,B. Mathurin,1,8.825,8.825734595959624
S2324-G0590,B. Mathurin,2,7.772527472527472,7.769404222166703
S2324-G0590,B. Mathurin,3,4.300000000000001,4.302464285714272
S2324-G0590,B. Mathurin,4,3.1,3.0999999999999948
S2324-G0590,B. Sheppard,1,8.425,8.424999999999972
S2324-G0590,B. Sheppard,2,5.466666666666667,5.46666666666669
S2324-G0590,B. Sheppard,4,0.8666666666666667,0.8666666666666683
S2324-G0590,D. Ayton,1,18.485714285714284,18.486018731595284
S2324-G0590,D. Ayton,2,14.257142857142858,14.256396338383782
S2324-G0590,D. Ayton,3,12.525,12.51995681818185
S2324-G0590,D. Ayton,4,5.314285714285714,5.314285714285695
S2324-G0590,D. Reath,1,5.366666666666666,5.366666666666667
S2324-G0590,D. Reath,2,0.8666666666666667,0.8666666666666683
S2324-G0590,D. Reath,3,0.825,0.8249999999999992
S2324-G0590,D. Reath,4,2.038095238095238,2.0399047619047708
S2324-G0590,J. Grant,1,18.1475,18.155329187234337
S2324-G0590,J. Grant,2,35.986363636363635,36.080891239647045
S2324-G0590,J. Grant,3,29.404545454545456,29.40593113830611
S2324-G0590,J. Grant,4,21.885714285714286,21.877799152180774
S2324-G0590,J. Minaya,3,0.8,0.7999999999999986
S2324-G0590,J. Smith,1,7.466666666666667,7.466666666666693
S2324-G0590,J. Smith,2,0.8,0.7999999999999992
S2324-G0590,J. Smith,3,5.6,5.600000000000007
S2324-G0590,J. Smith,4,8.204761904761904,8.19924325396824
S2324-G0590,J. Walker,1,5.555844155844156,5.555844155844167
S2324-G0590,J. Walker,2,9.552380952380952,9.552439713064683
S2324-G0590,J. Walker,3,12.106666666666666,12.106666666666616
S2324-G0590,J. Walker,4,15.0,14.983927747252753
S2324-G0590,K. Murray,1,0.95,0.9499999999999977
S2324-G0590,K. Murray,2,0.8666666666666667,0.8666666666666675
S2324-G0590,K. Murray,3,5.166666666666667,5.1666666666666465
S2324-G0590,K. Murray,4,6.166666666666667,6.166666666666664
S2324-G0590,M. Brogdon,1,27.067307692307693,27.063648504599954
S2324-G0590,M. Brogdon,2,16.34285714285714,16.333818861693864
S2324-G0590,M. Brogdon,3,13.78,13.780000000000035
S2324-G0590,M. Brogdon,4,18.2987012987013,18.297709912309948
S2324-G0590,M. Thybulle,1,0.8,0.7999999999999987
S2324-G0590,M. Thybulle,2,5.166666666666667,5.1666666666666465
S2324-G0590,M. Thybulle,3,3.1,3.0999999999999943
S2324-G0590,M. Thybulle,4,2.903030303030303,2.9019313603063477
S2324-G0590,M. Turner,1,13.985714285714286,13.987333621933653
S2324-G0590,M. Turner,2,18.072527472527472,18.071327170052125
S2324-G0590,M. Turner,3,11.966666666666667,11.950541125541129
S2324-G0590,M. Turner,4,28.105714285714285,28.105434255497695
S2324-G0590,O. Toppin,1,3.1666666666666665,3.166666666666666
S2324-G0590,O. Toppin,2,3.1,3.0999999999999943
S2324-G0590,O. Toppin,3,3.25,3.25
S2324-G0590,O. Toppin,4,0.9,0.9000000000000037
S2324-G0590,P. Siakam,1,14.884415584415583,14.884529220779168
S2324-G0590,P. Siakam,2,15.06969696969697,15.069696969696937
S2324-G0590,P. Siakam,3,16.42967032967033,16.439849300862562
S2324-G0590,P. Siakam,4,10.666666666666666,10.651453499278523
S2324-G0590,S. Henderson,1,15.899999999999999,15.899792032967088
S2324-G0590,S. Henderson,2,5.264285714285714,5.2642857142857284
S2324-G0590,T. Camara,1,0.95,0.9499999999999977
S2324-G0590,T. Camara,2,0.8666666666666667,0.8666666666666675
S2324-G0590,T. Camara,3,11.816666666666668,11.816744139194121
S2324-G0590,T. Haliburton,1,6.166666666666667,6.166666666666664
S2324-G0590,T. Haliburton,2,6.475,6.478356168831165
S2324-G0590,T. Haliburton,3,19.5,19.499789736407383
S2324-G0590,T. Haliburton,4,24.86969696969697,24.858516603185322
S2324-G0590,T. McConnell,1,3.4000000000000004,3.3999999999999875
S2324-G0590,T. McConnell,2,5.1,5.100000000000014
S2324-G0590,T. McConnell,3,5.466666666666667,5.46666666666669
S2324-G0590,T. McConnell,4,0.8666666666666667,0.8666666666666686
S2324-G0591,A. Davis,1,19.326153846153847,19.332281349206347
S2324-G0591,A. Davis,2,15.944444444444445,15.951829834054797
S2324-G0591,A. Davis,3,15.209523809523809,15.20990455377956
S2324-G0591,A. Davis,4,9.67012987012987,9.671392135642106
S2324-G0591,A. Reaves,1,12.855844155844155,12.85584415584418
S2324-G0591,A. Reaves,2,10.114285714285714,10.1194264069264
S2324-G0591,A. Reaves,3,14.066666666666666,14.066666666666638
S2324-G0591,A. Reaves,4,3.1,3.100000000000011
S2324-G0591,C. Johnson,1,3.1666666666666665,3.166666666666666
S2324-G0591,C. Johnson,2,10.833333333333332,10.833333333333313
S2324-G0591,C. Johnson,3,15.211111111111112,15.211111111111183
S2324-G0591,C. Johnson,4,5.214285714285714,5.214285714285694
S2324-G0591,C. Thomas,1,28.666666666666668,28.68650662833898
S2324-G0591,C. Thomas,2,20.775,20.774905003330062
S2324-G0591,C. Thomas,3,10.5,10.501861138861141
S2324-G0591,C. Thomas,4,18.1675,18.16763851124365
S2324-G0591,C. Wood,2,7.938095238095238,7.938217532467526
S2324-G0591,C. Wood,4,12.933333333333334,12.933013927738948
S2324-G0591,D. Finney-Smith,1,6.52,6.516629437229426
S2324-G0591,D. Finney-Smith,2,3.3,3.2999999999999967
S2324-G0591,D. Finney-Smith,3,12.184415584415584,12.184398268398242
S2324-G0591,D. Finney-Smith,4,3.175,3.1749999999999985
S2324-G0591,D. Russell,1,32.36470588235294,32.36510110641001
S2324-G0591,D. Russell,2,9.6,9.62380223665224
S2324-G0591,D. Russell,3,7.806666666666667,7.806666666666633
S2324-G0591,D. Russell,4,6.266666666666667,6.266880952380942
S2324-G0591,D. Smith Jr.,1,8.633333333333333,8.633333333333372
S2324-G0591,D. Smith Jr.,2,0.9000000000000001,0.9000000000000038
S2324-G0591,D. Smith Jr.,3,3.1666666666666665,3.166666666666666
S2324-G0591,D. Smith Jr.,4,18.225,18.225186863463282
S2324-G0591,H. Giles III,1,0.9142857142857144,0.9142857142857117
S2324-G0591,H. Giles III,4,3.1666666666666665,3.166666666666666
S2324-G0591,J. Hayes,4,3.1666666666666665,3.166666666666666
S2324-G0591,J. Hood-Schifino,4,3.7666666666666666,3.724999999999997
S2324-G0591,J. Vanderbilt,1,5.071428571428571,5.0714285714285605
S2324-G0591,J. Vanderbilt,2,5.1,5.100000000000014
S2324-G0591,J. Vanderbilt,3,11.55,11.55014772727272
S2324-G0591,J. Vanderbilt,4,5.125,5.125
S2324-G0591,L. James,1,9.814285714285713,9.814285714285694
S2324-G0591,L. James,2,33.44230769230769,33.40455358767045
S2324-G0591,L. James,3,14.491452991452991,14.49162503656474
S2324-G0591,L. James,4,20.992307692307694,20.930779448655905
S2324-G0591,L. Walker IV,2,22.466666666666665,22.466333333333317
S2324-G0591,L. Walker IV,4,10.405555555555555,10.405555555555564
S2324-G0591,M. Bridges,1,8.506666666666666,8.506666666666662
S2324-G0591,M. Bridges,2,11.4,11.400000000000043
S2324-G0591,M. Bridges,3,15.15,15.149821428571483
S2324-G0591,M. Bridges,4,10.964285714285714,10.964285714285738
S2324-G0591,M. Christie,1,6.166666666666667,6.166666666666664
S2324-G0591,M. Christie,2,3.1666666666666665,3.166666666666666
S2324-G0591,M. Christie,3,6.1,6.099999999999995
S2324-G0591,M. Christie,4,0.8666666666666667,0.8666666666666675
S2324-G0591,N. Claxton,1,9.425,9.424999999999969
S2324-G0591,N. Claxton,2,18.55,18.550692057942122
S2324-G0591,N. Claxton,3,18.2625,18.27072005282299
S2324-G0591,N. Claxton,4,16.41730769230769,16.406019515207014
S2324-G0591,R. Hachimura,1,3.1,3.0999999999999948
S2324-G0591,R. Hachimura,2,5.75,5.75
S2324-G0591,R. Hachimura,3,7.766666666666667,7.766666666666655
S2324-G0591,R. O'Neale,1,5.466666666666667,5.46666666666669
S2324-G0591,R. O'Neale,2,5.52,5.519999999999987
S2324-G0591,R. O'Neale,4,3.2,3.2000238095238127
S2324-G0591,S. Dinwiddie,1,13.23,13.230197222222237
S2324-G0591,S. Dinwiddie,2,8.533333333333333,8.533333333333315
S2324-G0591,S. Dinwiddie,3,23.203030303030303,23.179571109446155
S2324-G0591,S. Dinwiddie,4,3.1,3.0999999999999948
S2324-G0591,T. Prince,1,8.564285714285713,8.564285714285694
S2324-G0591,T. Prince,2,8.566666666666666,8.566666666666658
S2324-G0591,T. Prince,3,7.514285714285714,7.514285714285733
S2324-G0591,T. Prince,4,5.204761904761904,5.204761904761888
S2324-G0591,T. Watford,3,5.533333333333334,5.5333333333333234
S2324-G0595,A. Griffin,4,7.55,7.549999999999972
S2324-G0595,B. Bogdanovic,1,15.22857142857143,15.228595238095217
S2324-G0595,B. Bogdanovic,2,10.546666666666665,10.546666666666635
S2324-G0595,B. Bogdanovic,3,5.466666666666667,5.46666666666669
S2324-G0595,B. Bogdanovic,4,11.814285714285713,11.814285714285694
S2324-G0595,B. Fernando,4,3.3666666666666667,3.366666666666674
S2324-G0595,C. Capela,1,9.94155844155844,9.94147619047622
S2324-G0595,C. Capela,2,1.1333333333333333,1.1357499999999987
S2324-G0595,C. Capela,3,14.311111111111112,14.30894896214898
S2324-G0595,C. Capela,4,3.1,3.0999999999999948
S2324-G0595,C. Porter Jr.,1,3.0666666666666664,3.0666666666666726
S2324-G0595,C. Porter Jr.,2,7.4363636363636365,7.436388611388609
S2324-G0595,C. Porter Jr.,3,0.8666666666666667,0.8666666666666683
S2324-G0595,C. Porter Jr.,4,3.1696969696969695,3.169696969696966
S2324-G0595,D. Mitchell,1,14.06969696969697,14.069696969696938
S2324-G0595,D. Mitchell,2,18.452380952380953,18.452285714285622
S2324-G0595,D. Mitchell,3,12.152380952380952,12.15225097125101
S2324-G0595,D. Mitchell,4,16.2,16.197041278166253
S2324-G0595,D. Murray,1,23.080952380952382,23.079815404938234
S2324-G0595,D. Murray,2,15.164285714285713,15.164158730158727
S2324-G0595,D. Murray,3,21.493333333333336,21.493867804709893
S2324-G0595,D. Murray,4,11.833333333333332,11.833333333333329
S2324-G0595,D. Wade,1,5.166666666666667,5.1666666666666465
S2324-G0595,D. Wade,2,3.3666666666666667,3.366666666666674
S2324-G0595,D. Wade,3,16.93,16.929355158511033
S2324-G0595,D. Wade,4,11.564285714285713,11.564285714285694
S2324-G0595,G. Mathews,2,5.425,5.424999999999979
S2324-G0595,G. Mathews,4,7.138095238095238,7.13799393939396
S2324-G0595,G. Niang,1,5.1,5.100000000000014
S2324-G0595,G. Niang,2,16.212987012987014,16.212987012987014
S2324-G0595,G. Niang,3,6.1,6.099999999999995
S2324-G0595,G. Niang,4,10.766666666666666,10.766666666666662
S2324-G0595,I. Okoro,1,19.433333333333334,19.438549286987552
S2324-G0595,I. Okoro,2,8.52,8.520824999999995
S2324-G0595,I. Okoro,3,7.546666666666667,7.546666666666642
S2324-G0595,I. Okoro,4,0.838095238095238,0.8380952380952358
S2324-G0595,J. Allen,1,7.613333333333333,7.613464552114546
S2324-G0595,J. Allen,2,5.166666666666667,5.1666666666666465
S2324-G0595,J. Allen,3,9.536363636363637,9.536363636363616
S2324-G0595,J. Allen,4,13.823809523809523,13.823809523809496
S2324-G0595,J. Johnson,1,14.169230769230769,14.170437728937708
S2324-G0595,J. Johnson,2,22.742307692307694,22.73910912698419
S2324-G0595,J. Johnson,3,8.633333333333333,8.632528317515852
S2324-G0595,J. Johnson,4,15.152380952380952,15.152400000000046
S2324-G0595,M. Strus,1,9.814285714285713,9.814285714285694
S2324-G0595,M. Strus,2,15.225,15.226890922965895
S2324-G0595,M. Strus,3,13.875,13.875082264957266
S2324-G0595,O. Okongwu,1,3.2,3.2000000000000095
S2324-G0595,O. Okongwu,2,0.8055555555555556,0.805555555555554
S2324-G0595,O. Okongwu,3,4.3,4.303999999999987
S2324-G0595,O. Okongwu,4,3.1,3.100000000000011
S2324-G0595,P. Mills,1,0.8666666666666667,0.866666666666669
S2324-G0595,P. Mills,2,0.8666666666666667,0.8666666666666675
S2324-G0595,P. Mills,3,13.864285714285714,13.864085836385858
S2324-G0595,P. Nance,4,5.666666666666667,5.666666666666661
S2324-G0595,S. Bey,1,7.779999999999999,7.779999999999977
S2324-G0595,S. Bey,2,7.833333333333333,7.833333333333317
S2324-G0595,S. Bey,3,10.266666666666666,10.278327669552647
S2324-G0595,S. Bey,4,5.6000000000000005,5.600000000000007
S2324-G0595,S. Lundy,4,8.55,8.54999999999997
S2324-G0595,S. Merrill,1,14.19145299145299,14.191452991452945
S2324-G0595,S. Merrill,2,13.725,13.725094780219731
S2324-G0595,S. Merrill,3,25.099999999999998,25.097080434434833
S2324-G0595,S. Merrill,4,5.666666666666667,5.666666666666661
S2324-G0595,T. Forrest,1,3.2,3.2000000000000095
S2324-G0595,T. Thompson,1,3.25,3.25
S2324-G0595,T. Thompson,2,9.436363636363637,9.43659523809528
S2324-G0595,T. Thompson,3,0.8666666666666667,0.8666666666666681
S2324-G0595,T. Thompson,4,5.35,5.350000000000011
S2324-G0595,T. Young,1,8.506666666666666,8.506666666666662
S2324-G0595,T. Young,2,21.717307692307692,21.7170148046398
S2324-G0595,T. Young,3,9.806666666666667,9.80666666666663
S2324-G0595,T. Young,4,6.1,6.099999999999995
S2324-G0610,A. Edwards,1,3.1,3.0999999999999948
S2324-G0610,A. Edwards,2,0.8666666666666667,0.8666666666666677
S2324-G0610,A. Edwards,3,19.701098901098902,19.704043609658296
S2324-G0610,A. Edwards,4,14.05,14.058408735708756
S2324-G0610,A. Peeler,3,1.2,1.200000000000001
S2324-G0610,B. McGowens,2,5.1,5.100000000000014
S2324-G0610,B. Miller,1,14.766666666666666,14.766666666666723
S2324-G0610,B. Miller,2,15.985714285714286,15.99199390886894
S2324-G0610,B. Miller,3,12.85,12.849999999999952
S2324-G0610,B. Miller,4,17.175,17.174639693639747
S2324-G0610,I. Smith,1,9.466666666666667,9.466666666666685
S2324-G0610,I. Smith,3,5.166666666666667,5.1666666666666465
S2324-G0610,J. McDaniels,1,10.877777777777778,10.877777777777748
S2324-G0610,J. McDaniels,2,11.855844155844155,11.855844155844165
S2324-G0610,J. McDaniels,3,7.405555555555555,7.405555555555565
S2324-G0610,J. McDaniels,4,3.2285714285714286,3.2383452380952393
S2324-G0610,J. McLaughlin,1,3.233333333333333,3.233333333333346
S2324-G0610,J. McLaughlin,3,0.8666666666666667,0.8666666666666675
S2324-G0610,J. McLaughlin,4,3.1,3.099999999999994
S2324-G0610,J. Thor,1,1.9642857142857144,1.964534632034636
S2324-G0610,J. Thor,2,3.1,3.0999999999999943
S2324-G0610,J. Thor,3,6.35,6.349999999999995
S2324-G0610,J. Thor,4,6.277777777777778,6.278598290598317
S2324-G0610,K. Anderson,1,0.8666666666666667,0.866666666666669
S2324-G0610,K. Anderson,2,8.564285714285713,8.564297619047597
S2324-G0610,K. Anderson,3,2.904761904761905,2.9050865800865906
S2324-G0610,K. Anderson,4,0.7666666666666666,0.7666666666666682
S2324-G0610,K. Towns,1,46.1158371040724,46.22062015830877
S2324-G0610,K. Towns,2,39.15991902834008,38.288010265920846
S2324-G0610,K. Towns,3,33.431372549019606,33.43169227039301
S2324-G0610,K. Towns,4,27.872727272727275,27.691653808571065
S2324-G0610,L. Ball,1,14.177777777777779,14.177777777777795
S2324-G0610,L. Ball,2,14.842307692307692,14.84495135420137
S2324-G0610,L. Ball,3,22.227272727272727,22.202744198856667
S2324-G0610,L. Ball,4,12.103030303030303,12.101365367965322
S2324-G0610,L. Black,2,13.033333333333335,13.037998593073574
S2324-G0610,L. Black,4,3.1,3.096690476190487
S2324-G0610,M. Blaylock,2,1.2,1.200000000000001
S2324-G0610,M. Bridges,1,32.35,32.353828565436125
S2324-G0610,M. Bridges,2,14.0,14.00104337329339
S2324-G0610,M. Bridges,3,30.79206349206349,30.770936935286944
S2324-G0610,M. Bridges,4,7.466666666666667,7.466666666666693
S2324-G0610,N. Alexander-Walker,1,10.466666666666667,10.466666666666688
S2324-G0610,N. Alexander-Walker,2,3.1,3.0999999999999943
S2324-G0610,N. Alexander-Walker,3,18.2,18.200238095238035
S2324-G0610,N. Alexander-Walker,4,10.377777777777778,10.449768292818298
S2324-G0610,N. Mensah,1,0.8666666666666667,0.866666666666669
S2324-G0610,N. Mensah,2,5.233333333333333,5.233333333333346
S2324-G0610,N. Mensah,3,1.0666666666666667,1.0666666666666644
S2324-G0610,N. Mensah,4,0.8,0.799999999999998
S2324-G0610,N. Reid,1,9.983333333333334,9.983333333333347
S2324-G0610,N. Reid,2,0.8,0.8000000000000007
S2324-G0610,N. Reid,3,8.438095238095238,8.438095238095231
S2324-G0610,N. Smith Jr.,2,5.136363636363637,5.136363636363629
S2324-G0610,N. Smith Jr.,4,13.804761904761905,13.806901043401096
S2324-G0610,P. Washington,1,7.525,7.525000000000018
S2324-G0610,P. Washington,2,0.8055555555555556,0.805555555555554
S2324-G0610,P. Washington,3,7.506666666666667,7.5066666666666615
S2324-G0610,P. Washington,4,15.823809523809523,15.821520263559938
S2324-G0610,R. Gobert,1,5.2272727272727275,5.227272727272743
S2324-G0610,R. Gobert,2,9.425,9.424999999999969
S2324-G0610,R. Gobert,3,5.138095238095238,5.138095238095252
S2324-G0610,R. Gobert,4,10.558730158730159,10.559101330042536
S2324-G0610,S. Milton,2,7.514285714285714,7.514285714285733
S2324-G0610,S. Milton,3,5.166666666666667,5.1666666666666465
S2324-G0610,S. Milton,4,5.533333333333334,5.5333333333333234
S2324-G0610,T. Rozier,1,6.575,6.5752500000000245
S2324-G0610,T. Rozier,2,7.466666666666667,7.466666666666693
S2324-G0610,T. Rozier,3,9.833333333333332,9.833333333333306
S2324-G0610,T. Rozier,4,18.406666666666666,18.406688888888944
S2324-G0611,A. Horford,1,7.5,7.5
S2324-G0611,A. Horford,2,13.799999999999999,13.800000000000022
S2324-G0611,A. Horford,3,8.504761904761905,8.504761904761887
S2324-G0611,A. Horford,4,0.95,0.9499999999999977
S2324-G0611,D. Jones Jr.,1,5.564285714285714,5.564285714285695
S2324-G0611,D. Jones Jr.,2,5.066666666666666,5.066666666666691
S2324-G0611,D. Jones Jr.,3,13.055555555555555,13.056287734487789
S2324-G0611,D. Jones Jr.,4,0.8666666666666667,0.8666666666666686
S2324-G0611,D. Lively II,1,0.875,0.875
S2324-G0611,D. Lively II,2,9.46969696969697,9.469696969696992
S2324-G0611,D. Lively II,3,5.246666666666667,5.246666666666669
S2324-G0611,D. Lively II,4,0.8,0.7999999999999997
S2324-G0611,D. White,1,7.806666666666667,7.806666666666633
S2324-G0611,D. White,2,8.466666666666667,8.466666666666692
S2324-G0611,D. White,3,8.884415584415583,8.882521489784715
S2324-G0611,D. White,4,12.184415584415584,12.18434285714283
S2324-G0611,G. Williams,1,3.1666666666666665,3.166666666666666
S2324-G0611,G. Williams,2,5.405555555555555,5.4056483516483596
S2324-G0611,G. Williams,3,7.425,7.4249999999999705
S2324-G0611,J. Brown,1,20.825,20.82453554778548
S2324-G0611,J. Brown,2,23.400000000000002,23.40615024962998
S2324-G0611,J. Brown,3,17.095238095238095,17.09510912698411
S2324-G0611,J. Brown,4,27.242857142857144,27.219234017371537
S2324-G0611,J. Green,1,18.136363636363637,18.13630681818179
S2324-G0611,J. Green,2,6.125,6.125
S2324-G0611,J. Green,3,10.823809523809523,10.823994505494516
S2324-G0611,J. Green,4,7.89,7.890000000000027
S2324-G0611,J. Hardy,1,3.1666666666666665,3.166666666666666
S2324-G0611,J. Holiday,1,10.886666666666667,10.886666666666718
S2324-G0611,J. Holiday,2,18.42,18.42160594046481
S2324-G0611,J. Holiday,3,13.799999999999999,13.800000000000022
S2324-G0611,J. Holiday,4,7.504761904761905,7.504761904761895
S2324-G0611,J. Newman,2,1.2,1.200000000000001
S2324-G0611,J. Tatum,1,27.88034188034188,27.874739341807107
S2324-G0611,J. Tatum,2,17.39934640522876,17.417491043386466
S2324-G0611,J. Tatum,3,22.675,22.650376768656187
S2324-G0611,J. Tatum,4,23.614285714285714,23.5718559497692
S2324-G0611,K. Irving,1,20.817307692307693,20.807314196914167
S2324-G0611,K. Irving,2,8.4,8.400000000000027
S2324-G0611,K. Irving,3,21.76,21.764031512785547
S2324-G0611,K. Irving,4,21.825,21.827805909776473
S2324-G0611,L. Doncic,1,30.84583333333333,30.780157770626282
S2324-G0611,L. Doncic,2,21.0375,21.085262989478675
S2324-G0611,L. Doncic,3,19.492307692307694,19.492935776942428
S2324-G0611,L. Doncic,4,34.93555555555555,34.83442033923246
S2324-G0611,L. Kornet,1,1.0666666666666667,1.0666666666666644
S2324-G0611,L. Kornet,2,7.4,7.400000000000017
S2324-G0611,L. Kornet,3,3.2142857142857144,3.2142857142857086
S2324-G0611,L. Kornet,4,0.8666666666666667,0.866666666666668
S2324-G0611,M. Kleber,1,0.8,0.7999999999999987
S2324-G0611,M. Kleber,2,7.371428571428571,7.371428571428604
S2324-G0611,M. Kleber,3,0.9,0.9000000000000037
S2324-G0611,M. Kleber,4,17.614285714285714,17.587823729048676
S2324-G0611,P. Pritchard,1,3.35,3.350000000000013
S2324-G0611,P. Pritchard,2,12.685454545454546,12.686113947163928
S2324-G0611,P. Pritchard,3,5.533333333333334,5.5333333333333234
S2324-G0611,P. Pritchard,4,3.18,3.179999999999995
S2324-G0611,S. Hauser,1,3.1,3.0999999999999948
S2324-G0611,S. Hauser,2,6.125,6.12509478021978
S2324-G0611,S. Hauser,3,5.166666666666667,5.1666666666666465
S2324-G0611,S. Hauser,4,0.8666666666666667,0.8666666666666681
S2324-G0611,T. Hardaway Jr.,1,8.4,8.400000000000027
S2324-G0611,T. Hardaway Jr.,2,32.01428571428571,31.8136062515143
S2324-G0611,T. Hardaway Jr.,3,5.438095238095238,5.438095238095232
S2324-G0611,T. Hardaway Jr.,4,7.633333333333333,7.633333333333363
S2324-G0615,C. Johnson,1,23.557142857142857,23.54561865079368
S2324-G0615,C. Johnson,2,3.1666666666666665,3.166666666666666
S2324-G0615,C. Johnson,3,20.511111111111113,20.510889737163357
S2324-G0615,C. Johnson,4,7.833333333333333,7.833333333333317
S2324-G0615,C. Thomas,1,10.914285714285713,10.914285714285759
S2324-G0615,C. Thomas,2,12.85,12.849999999999952
S2324-G0615,C. Thomas,3,12.033333333333335,12.036443001442983
S2324-G0615,C. Thomas,4,7.466666666666667,7.466666666666693
S2324-G0615,D. DiVincenzo,1,8.527272727272727,8.527272727272708
S2324-G0615,D. DiVincenzo,2,7.964285714285714,7.965073809523819
S2324-G0615,D. DiVincenzo,3,18.10666666666667,18.1066666666666
S2324-G0615,D. DiVincenzo,4,3.2,3.2000000000000024
S2324-G0615,D. Finney-Smith,1,14.455844155844154,14.453055194805254
S2324-G0615,D. Finney-Smith,2,3.233333333333333,3.233333333333346
S2324-G0615,D. Finney-Smith,3,3.1666666666666665,3.166666666666666
S2324-G0615,D. Finney-Smith,4,10.806666666666667,10.80666666666664
S2324-G0615,D. Smith Jr.,1,5.25,5.25
S2324-G0615,D. Smith Jr.,2,9.803030303030303,9.803932201132172
S2324-G0615,D. Smith Jr.,3,7.611111111111111,7.61111111111109
S2324-G0615,D. Smith Jr.,4,9.807058823529411,9.808571862288016
S2324-G0615,J. Brunson,1,22.785714285714285,22.788053391053392
S2324-G0615,J. Brunson,2,24.752380952380953,24.74415359640358
S2324-G0615,J. Brunson,3,16.15,16.15145619658125
S2324-G0615,J. Brunson,4,20.752380952380953,20.75311903537636
S2324-G0615,J. Hart,1,3.35,3.350000000000013
S2324-G0615,J. Hart,2,5.438095238095238,5.438095238095232
S2324-G0615,J. Hart,3,3.1,3.0999999999999943
S2324-G0615,J. Hart,4,9.836363636363636,9.835361363636332
S2324-G0615,J. Randle,1,26.20909090909091,26.210904689428233
S2324-G0615,J. Randle,2,11.864285714285714,11.86428571428571
S2324-G0615,J. Randle,3,20.395238095238096,20.3951992368743
S2324-G0615,J. Randle,4,19.275,19.273019011544058
S2324-G0615,J. Sims,1,11.875,11.875074999999999
S2324-G0615,J. Sims,2,1.0666666666666667,1.0666666666666644
S2324-G0615,J. Sims,3,5.199999999999999,5.20000000000002
S2324-G0615,L. Walker IV,2,7.9,7.900000000000022
S2324-G0615,L. Walker IV,4,17.285454545454545,17.312595621045663
S2324-G0615,M. Bridges,1,28.71818181818182,28.732784509303027
S2324-G0615,M. Bridges,2,18.114285714285714,18.11427922077927
S2324-G0615,M. Bridges,3,37.425714285714285,37.625822134809646
S2324-G0615,M. Bridges,4,15.486666666666666,15.489705214230224
S2324-G0615,M. McBride,2,8.514285714285714,8.514285714285732
S2324-G0615,M. McBride,3,0.8666666666666667,0.8666666666666681
S2324-G0615,M. McBride,4,12.89,12.889916666666675
S2324-G0615,N. Claxton,1,3.312987012987013,3.3022517482517544
S2324-G0615,N. Claxton,2,16.525396825396825,16.522059718059754
S2324-G0615,N. Claxton,3,9.57777777777778,9.577777777777781
S2324-G0615,N. Claxton,4,3.1696969696969695,3.169696969696966
S2324-G0615,O. Anunoby,1,7.5777777777777775,7.577777777777782
S2324-G0615,O. Anunoby,2,3.14,3.139999999999989
S2324-G0615,O. Anunoby,3,3.0642857142857145,3.057666666666655
S2324-G0615,O. Anunoby,4,18.56969696969697,18.552515945165947
S2324-G0615,P. Achiuwa,2,9.886666666666667,9.886666666666711
S2324-G0615,P. Achiuwa,3,0.8666666666666667,0.8666666666666688
S2324-G0615,P. Achiuwa,4,11.866666666666665,11.86666666666664
S2324-G0615,Q. Grimes,1,0.8666666666666667,0.866666666666669
S2324-G0615,Q. Grimes,2,12.825,12.824777777777767
S2324-G0615,Q. Grimes,3,3.1,3.0999999999999948
S2324-G0615,Q. Grimes,4,3.1,3.0999999999999943
S2324-G0615,R. O'Neale,1,6.214285714285714,6.214285714285707
S2324-G0615,R. O'Neale,2,7.48,7.480000000000014
S2324-G0615,R. O'Neale,4,6.045454545454545,6.047951670551653
S2324-G0615,S. Dinwiddie,1,5.425,5.424999999999979
S2324-G0615,S. Dinwiddie,2,5.55,5.549999999999978
S2324-G0615,S. Dinwiddie,3,0.8,0.799999999999998
S2324-G0615,S. Dinwiddie,4,0.8666666666666667,0.8666666666666675
S2324-G0627,A. Nembhard,1,18.5,18.499696428571436
S2324-G0627,A. Nembhard,2,3.3285714285714283,3.3287142857142804
S2324-G0627,A. Nembhard,3,20.87777777777778,20.866954256854225
S2324-G0627,A. Nembhard,4,14.877777777777778,14.877232905982876
S2324-G0627,A. Nesmith,1,5.614285714285715,5.614285714285725
S2324-G0627,A. Nesmith,2,21.346031746031745,21.26466436112907
S2324-G0627,A. Nesmith,3,5.1,5.100000000000014
S2324-G0627,A. Nesmith,4,6.115384615384615,6.125693140193135
S2324-G0627,A. Toolson,2,1.2,1.200000000000001
S2324-G0627,B. Hield,1,10.466666666666667,10.466666666666688
S2324-G0627,B. Hield,2,6.1,6.099999999999995
S2324-G0627,B. Hield,3,6.166666666666667,6.166666666666664
S2324-G0627,B. Hield,4,5.466666666666667,5.46666666666669
S2324-G0627,B. Mathurin,1,5.466666666666667,5.46666666666669
S2324-G0627,B. Mathurin,2,24.825,24.824305089939212
S2324-G0627,B. Mathurin,3,13.155844155844155,13.156250721500683
S2324-G0627,B. Mathurin,4,3.1166666666666663,3.116666666666672
S2324-G0627,B. Sheppard,1,5.3,5.29999999999998
S2324-G0627,B. Sheppard,2,5.571428571428571,5.57142857142857
S2324-G0627,B. Sheppard,3,0.8666666666666667,0.8666666666666685
S2324-G0627,B. Sheppard,4,3.2,3.2003333333333357
S2324-G0627,D. House Jr.,1,9.799999999999999,9.799999999999969
S2324-G0627,D. House Jr.,2,7.404761904761904,7.361640728715741
S2324-G0627,D. House Jr.,3,5.071428571428571,5.0714285714285605
S2324-G0627,D. House Jr.,4,5.166666666666667,5.1666666666666465
S2324-G0627,F. Korkmaz,3,5.366666666666666,5.366666666666667
S2324-G0627,F. Korkmaz,4,3.1666666666666665,3.166666666666666
S2324-G0627,I. Jackson,2,0.8666666666666667,0.8666666666666686
S2324-G0627,I. Jackson,3,0.8666666666666667,0.8666666666666678
S2324-G0627,I. Jackson,4,3.204761904761905,3.2047619047618925
S2324-G0627,J. Embiid,1,39.36571428571428,39.279706397648354
S2324-G0627,J. Embiid,2,16.225714285714286,16.22621273171272
S2324-G0627,J. Embiid,3,24.565714285714286,24.555611860361854
S2324-G0627,J. Smith,1,0.8666666666666667,0.8666666666666677
S2324-G0627,J. Smith,2,1.0,1.0
S2324-G0627,J. Smith,3,11.82,11.82008003663004
S2324-G0627,J. Smith,4,5.199999999999999,5.20000000000002
S2324-G0627,J. Springer,1,7.766666666666667,7.61239999999999
S2324-G0627,J. Springer,2,0.8,0.7999999999999983
S2324-G0627,J. Springer,3,3.0666666666666664,3.0666666666666726
S2324-G0627,J. Springer,4,7.5,7.5
S2324-G0627,K. Martin,1,3.175,3.1749999999999985
S2324-G0627,K. Martin,2,5.166666666666667,5.1666666666666465
S2324-G0627,K. Martin,3,3.2142857142857144,3.2142857142857086
S2324-G0627,K. Martin,4,17.042857142857144,17.0124457070707
S2324-G0627,K. Oubre Jr.,1,5.506666666666667,5.5066666666666615
S2324-G0627,K. Oubre Jr.,2,0.8,0.7999999999999993
S2324-G0627,K. Oubre Jr.,3,11.97012987012987,11.969472593582836
S2324-G0627,M. Turner,1,17.193333333333335,17.193896636696604
S2324-G0627,M. Turner,2,8.506666666666666,8.506666666666662
S2324-G0627,M. Turner,3,24.895833333333332,24.896471285658826
S2324-G0627,N. Batum,1,5.233333333333333,5.233333333333343
S2324-G0627,N. Batum,2,12.655555555555555,12.655411255411261
S2324-G0627,N. Batum,3,6.166666666666667,6.166666666666664
S2324-G0627,O. Toppin,1,11.766666666666666,11.766666666666682
S2324-G0627,O. Toppin,2,19.372527472527473,19.368984926184957
S2324-G0627,O. Toppin,3,0.8666666666666667,0.8666666666666688
S2324-G0627,O. Toppin,4,9.73267973856209,9.750013850283702
S2324-G0627,P. Beverley,1,3.1666666666666665,3.166666666666666
S2324-G0627,P. Beverley,2,9.55,9.575487745587743
S2324-G0627,P. Beverley,3,7.977777777777778,7.96924310966812
S2324-G0627,P. Reed,2,0.8999999999999999,0.9000000000000032
S2324-G0627,P. Reed,4,19.525714285714283,19.524543345543403
S2324-G0627,P. Siakam,1,20.522727272727273,20.523006377935875
S2324-G0627,P. Siakam,2,12.964285714285714,12.966936463536486
S2324-G0627,P. Siakam,3,12.666666666666666,12.654602947052938
S2324-G0627,P. Siakam,4,13.81111111111111,13.811298015873026
S2324-G0627,R. Council IV,4,25.927272727272726,25.894919887547093
S2324-G0627,T. Maxey,1,16.366666666666667,16.37319971694974
S2324-G0627,T. Maxey,2,36.73888888888889,36.71808759245569
S2324-G0627,T. Maxey,3,10.775,10.774714285714325
S2324-G0627,T. McConnell,1,5.166666666666667,5.1666666666666465
S2324-G0627,T. McConnell,2,0.7714285714285714,0.7714285714285721
S2324-G0627,T. McConnell,3,5.125,5.125
S2324-G0627,T. McConnell,4,14.155555555555555,14.154482142857157
S2324-G0627,T. Smith,4,16.825714285714284,16.817846403596413
S2324-G0629,A. Edwards,1,24.11818181818182,24.116290193140212
S2324-G0629,A. Edwards,2,14.944444444444445,14.944444444444382
S2324-G0629,A. Edwards,3,34.04571428571428,34.04453618741505
S2324-G0629,A. Edwards,4,7.966666666666666,7.967368686868701
S2324-G0629,C. Johnson,1,10.564285714285713,10.564285714285694
S2324-G0629,C. Johnson,2,0.8666666666666667,0.8666666666666686
S2324-G0629,C. Johnson,3,5.59,5.590050000000002
S2324-G0629,C. Johnson,4,3.1380952380952376,3.1380952380952376
S2324-G0629,C. Thomas,1,9.466666666666667,9.466666666666685
S2324-G0629,C. Thomas,2,23.825,23.825163961038875
S2324-G0629,C. Thomas,3,9.706666666666665,9.702271103896118
S2324-G0629,C. Thomas,4,20.525396825396825,20.52708155733162
S2324-G0629,D. Finney-Smith,1,8.371428571428572,8.371428571428606
S2324-G0629,D. Finney-Smith,2,6.166666666666667,6.166666666666664
S2324-G0629,D. Finney-Smith,3,9.814285714285713,9.814285714285694
S2324-G0629,D. Finney-Smith,4,0.8,0.7999999999999983
S2324-G0629,D. Smith Jr.,1,7.966666666666667,7.967142857142874
S2324-G0629,D. Smith Jr.,2,0.8,0.799999999999998
S2324-G0629,D. Smith Jr.,4,3.1,3.0999999999999943
S2324-G0629,F. Roberts,1,1.2,1.200000000000001
S2324-G0629,J. McDaniels,1,7.438095238095238,7.43809523809523
S2324-G0629,J. McDaniels,2,10.466666666666667,10.466666666666688
S2324-G0629,J. McDaniels,3,5.1,5.100000000000014
S2324-G0629,J. McDaniels,4,3.1,3.0999999999999943
S2324-G0629,J. McLaughlin,2,7.4,7.400000000000017
S2324-G0629,J. McLaughlin,4,0.8,0.799999999999998
S2324-G0629,K. Anderson,1,2.0666666666666664,2.0666666666666633
S2324-G0629,K. Anderson,2,5.071428571428571,5.0714285714285605
S2324-G0629,K. Anderson,3,5.733333333333333,5.72804116161617
S2324-G0629,K. Anderson,4,0.9,0.9000000000000037
S2324-G0629,K. Towns,1,17.099999999999998,17.09999450549445
S2324-G0629,K. Towns,2,18.15,18.151885547785604
S2324-G0629,K. Towns,3,7.55,7.549999999999972
S2324-G0629,K. Towns,4,22.6008547008547,22.58127068671352
S2324-G0629,L. Walker IV,1,5.25,5.25
S2324-G0629,L. Walker IV,2,7.7696969696969695,7.770556110556098
S2324-G0629,L. Walker IV,4,3.2142857142857144,3.2142857142857086
S2324-G0629,M. Bridges,1,21.773333333333333,21.769103179989994
S2324-G0629,M. Bridges,2,10.106666666666666,10.106565349927811
S2324-G0629,M. Bridges,3,15.19,15.190000000000046
S2324-G0629,M. Bridges,4,19.1030303030303,19.103034620642454
S2324-G0629,M. Conley,1,8.504761904761905,8.504761904761887
S2324-G0629,M. Conley,2,12.803030303030303,12.803030303030312
S2324-G0629,M. Conley,3,5.1,5.100000000000014
S2324-G0629,M. Conley,4,0.7714285714285714,0.7714285714285721
S2324-G0629,N. Alexander-Walker,2,3.2,3.2000000000000095
S2324-G0629,N. Alexander-Walker,3,6.166666666666667,6.166666666666664
S2324-G0629,N. Alexander-Walker,4,8.575,8.5746785714286
S2324-G0629,N. Claxton,1,18.225396825396828,18.225770118770075
S2324-G0629,N. Claxton,2,7.5,7.5
S2324-G0629,N. Claxton,3,13.944444444444445,13.944763492063435
S2324-G0629,N. Claxton,4,3.1363636363636362,3.1363636363636282
S2324-G0629,N. Reid,1,3.2,3.2000000000000095
S2324-G0629,N. Reid,2,17.403030303030302,17.402222209734756
S2324-G0629,N. Reid,3,0.95,0.9499999999999977
S2324-G0629,N. Reid,4,3.2642857142857142,3.264285714285725
S2324-G0629,R. Gobert,1,14.254545454545456,14.25281031329784
S2324-G0629,R. Gobert,2,5.2272727272727275,5.227272727272743
S2324-G0629,R. Gobert,3,9.833333333333332,9.833333333333306
S2324-G0629,R. Gobert,4,5.33,5.330000000000015
S2324-G0629,R. O'Neale,1,0.95,0.9499999999999976
S2324-G0629,R. O'Neale,2,7.886666666666667,7.888561904761932
S2324-G0629,R. O'Neale,3,0.95,0.9499999999999977
S2324-G0629,R. O'Neale,4,6.071428571428571,6.071428571428578
S2324-G0629,S. Dinwiddie,1,9.814285714285713,9.814285714285694
S2324-G0629,S. Dinwiddie,2,8.666666666666668,8.66666666666669
S2324-G0629,S. Dinwiddie,3,19.036363636363635,19.039471694971663
S2324-G0629,S. Dinwiddie,4,3.2642857142857142,3.264285714285725
S2324-G0630,A. Gilliam,2,1.2,1.200000000000001
S2324-G0630,A. Horford,1,6.25,6.25
S2324-G0630,A. Horford,2,5.206666666666667,5.206666666666683
S2324-G0630,A. Horford,3,3.1666666666666665,3.166666666666666
S2324-G0630,A. Horford,4,6.25,6.25
S2324-G0630,B. Adebayo,1,9.466666666666667,9.467433455433474
S2324-G0630,B. Adebayo,2,15.103030303030303,15.103030303030245
S2324-G0630,B. Adebayo,3,18.57777777777778,18.577805408480334
S2324-G0630,B. Adebayo,4,11.89,11.89000000000002
S2324-G0630,C. Martin,1,7.525,7.525000000000018
S2324-G0630,C. Martin,2,13.214285714285714,13.214285714285745
S2324-G0630,C. Martin,3,10.966666666666667,10.966619047619067
S2324-G0630,C. Martin,4,7.9,7.900000000000022
S2324-G0630,C. Swider,4,5.6,5.600000000000007
S2324-G0630,D. Banton,4,3.2,3.2000000000000095
S2324-G0630,D. Robinson,1,10.466666666666667,10.466666666666688
S2324-G0630,D. Robinson,2,0.8,0.799999999999998
S2324-G0630,D. Robinson,3,7.833333333333333,7.833333333333317
S2324-G0630,D. Robinson,4,3.1,3.0999999999999943
S2324-G0630,D. White,1,17.184415584415582,17.184415584415554
S2324-G0630,D. White,2,15.211111111111112,15.211111111111183
S2324-G0630,D. White,3,3.1666666666666665,3.166666666666666
S2324-G0630,D. White,4,10.864285714285714,10.864285714285698
S2324-G0630,H. Highsmith,1,8.564285714285713,8.564285714285694
S2324-G0630,H. Highsmith,2,8.571428571428571,8.571571428571461
S2324-G0630,H. Highsmith,3,0.8666666666666667,0.8666666666666686
S2324-G0630,H. Highsmith,4,15.983333333333334,15.978306218781185
S2324-G0630,J. Brown,1,18.205714285714286,18.203550546675544
S2324-G0630,J. Brown,2,17.099999999999998,17.100333928571377
S2324-G0630,J. Brown,3,10.825,10.825216666666687
S2324-G0630,J. Butler,1,14.036363636363637,14.036363636363612
S2324-G0630,J. Butler,2,12.93,12.929999999999982
S2324-G0630,J. Butler,3,18.155844155844154,18.15605519480515
S2324-G0630,J. Holiday,1,3.233333333333333,3.233333333333346
S2324-G0630,J. Holiday,2,11.466666666666667,11.466666666666686
S2324-G0630,J. Holiday,3,23.505714285714284,23.52780087910457
S2324-G0630,J. Richardson,2,16.12727272727273,16.127386363636354
S2324-G0630,J. Richardson,4,14.5,14.494202239427237
S2324-G0630,J. Tatum,1,15.852380952380951,15.851760714285703
S2324-G0630,J. Tatum,2,18.503174603174603,18.506723283089443
S2324-G0630,J. Tatum,3,26.84155844155844,26.80818598239997
S2324-G0630,J. Tatum,4,3.25,3.25
S2324-G0630,J. Walsh,4,0.8666666666666667,0.866666666666669
S2324-G0630,K. Porzingis,1,31.067307692307693,31.053506631354576
S2324-G0630,K. Porzingis,2,8.4,8.400000000000027
S2324-G0630,K. Porzingis,3,3.0642857142857145,3.0645880952380815
S2324-G0630,L. Kornet,2,2.9066666666666667,2.906367959817965
S2324-G0630,L. Kornet,3,16.037142857142857,16.035951404151458
S2324-G0630,L. Kornet,4,5.166666666666667,5.1666666666666465
S2324-G0630,L. Stevens,4,9.864285714285714,9.864285714285689
S2324-G0630,N. Jovic,4,13.377142857142857,13.331624711399716
S2324-G0630,N. Queta,4,1.15,1.1499166666666705
S2324-G0630,O. Brissett,4,9.466666666666667,9.466666666666685
S2324-G0630,O. Robinson,4,6.75,6.670416666666659
S2324-G0630,P. Pritchard,2,11.864285714285714,11.86428571428571
S2324-G0630,P. Pritchard,4,17.226666666666667,17.225747366522295
S2324-G0630,S. Hauser,1,5.166666666666667,5.1666666666666465
S2324-G0630,S. Hauser,4,6.166666666666667,6.166666666666664
S2324-G0630,S. Mykhailiuk,4,11.55,11.549999999999994
S2324-G0630,T. Bryant,1,3.1666666666666665,3.166666666666666
S2324-G0630,T. Bryant,2,15.01,15.01743702686207
S2324-G0630,T. Bryant,3,0.9000000000000001,0.9000000000000038
S2324-G0630,T. Herro,1,24.014285714285716,24.0256768398268
S2324-G0630,T. Herro,2,8.55,8.549886363636334
S2324-G0630,T. Herro,3,21.436507936507937,21.434279612054624
S2324-G0630,T. Rozier,1,14.106666666666666,14.106666666666609
S2324-G0630,T. Rozier,2,8.533333333333333,8.533333333333315
S2324-G0630,T. Rozier,3,5.6,5.600000000000007
S2324-G0630,T. Rozier,4,5.6000000000000005,5.600000000000007
S2324-G0637,A. Coffey,1,0.8666666666666667,0.866666666666669
S2324-G0637,A. Coffey,2,0.838095238095238,0.8380952380952358
S2324-G0637,A. Coffey,3,6.366666666666667,6.366666666666651
S2324-G0637,A. Coffey,4,5.223809523809524,5.223997252747267
S2324-G0637,B. Boston Jr.,4,5.25,5.25
S2324-G0637,B. Brown,1,3.2642857142857142,3.264285714285725
S2324-G0637,B. Brown,2,7.514285714285714,7.514285714285733
S2324-G0637,B. Brown,3,19.58034188034188,19.575004093945324
S2324-G0637,B. Brown,4,0.8666666666666667,0.866666666666668
S2324-G0637,B. Hyland,4,3.1666666666666665,3.166666666666666
S2324-G0637,B. Owens,2,1.2,1.200000000000001
S2324-G0637,C. Boucher,1,5.65,5.649999999999994
S2324-G0637,C. Boucher,2,5.233333333333333,5.233333333333346
S2324-G0637,C. Boucher,3,13.85,13.849886363636312
S2324-G0637,C. Boucher,4,6.614285714285715,6.624931385281385
S2324-G0637,D. Schroder,1,10.775,10.77500000000004
S2324-G0637,D. Schroder,2,15.892857142857142,15.896267224442258
S2324-G0637,D. Schroder,3,9.85,9.849999999999964
S2324-G0637,D. Schroder,4,0.8,0.7999999999999998
S2324-G0637,D. Theis,1,0.8666666666666667,0.866666666666669
S2324-G0637,D. Theis,2,5.1,5.100509090909107
S2324-G0637,D. Theis,3,7.683333333333333,7.683194444444447
S2324-G0637,D. Theis,4,5.214285714285714,5.214285714285694
S2324-G0637,G. Dick,1,3.25,3.25
S2324-G0637,G. Dick,2,14.04,14.039799999999973
S2324-G0637,G. Dick,3,0.95,0.9499999999999977
S2324-G0637,G. Dick,4,7.415384615384616,7.4154326923077125
S2324-G0637,G. Temple,4,3.3,3.2999999999999967
S2324-G0637,G. Trent Jr.,1,10.075,10.075000000000031
S2324-G0637,G. Trent Jr.,2,12.833333333333332,12.83333333333334
S2324-G0637,G. Trent Jr.,3,20.4,20.4001147624435
S2324-G0637,G. Trent Jr.,4,3.2,3.2000000000000095
S2324-G0637,J. Harden,1,15.277777777777779,15.276520668220703
S2324-G0637,J. Harden,2,26.865714285714283,26.860785525117265
S2324-G0637,J. Harden,3,7.533333333333334,7.533333333333316
S2324-G0637,J. Harden,4,8.58095238095238,8.581901221001193
S2324-G0637,J. McDaniels,4,3.1666666666666665,3.166666666666666
S2324-G0637,J. Nwora,2,0.825,0.8249999999999992
S2324-G0637,J. Nwora,4,7.733333333333333,7.736378477078486
S2324-G0637,J. Porter,1,0.9142857142857144,0.9142857142857117
S2324-G0637,J. Starks,2,1.2,1.200000000000001
S2324-G0637,K. Leonard,1,14.225714285714286,14.221597813297818
S2324-G0637,K. Leonard,2,7.4,7.400000000000017
S2324-G0637,K. Leonard,3,27.146153846153847,27.155362797170152
S2324-G0637,K. Lewis Jr.,4,0.8666666666666667,0.866666666666669
S2324-G0637,M. Plumlee,1,16.2,16.199999999999953
S2324-G0637,M. Plumlee,2,5.3,5.29999999999998
S2324-G0637,M. Plumlee,3,14.57012987012987,14.553732778332785
S2324-G0637,M. Plumlee,4,7.75,7.75
S2324-G0637,N. Powell,1,12.164285714285713,12.164285714285741
S2324-G0637,N. Powell,2,12.993181818181819,12.998877558552529
S2324-G0637,N. Powell,3,4.35,4.350083333333348
S2324-G0637,N. Powell,4,21.423809523809524,21.423218270455113
S2324-G0637,P. George,1,7.533333333333334,7.533333333333316
S2324-G0637,P. George,2,22.695238095238096,22.692946758796698
S2324-G0637,P. George,3,19.266666666666666,19.267061682761753
S2324-G0637,P. George,4,9.823809523809523,9.821356560106578
S2324-G0637,R. Barrett,1,18.791452991452992,18.780845870795883
S2324-G0637,R. Barrett,2,17.25,17.249669155844156
S2324-G0637,R. Barrett,3,12.155844155844155,12.15570858585855
S2324-G0637,R. Barrett,4,21.427058823529414,21.432191979099343
S2324-G0637,R. Westbrook,1,16.414285714285715,16.417340909090907
S2324-G0637,R. Westbrook,2,16.285714285714285,16.285254509379484
S2324-G0637,R. Westbrook,3,7.864285714285715,7.8646309523809395
S2324-G0637,R. Westbrook,4,15.792857142857143,15.79299523809519
S2324-G0637,S. Barnes,1,24.092307692307692,24.0930009462759
S2324-G0637,S. Barnes,2,14.425,14.432048651348675
S2324-G0637,S. Barnes,3,7.833333333333333,7.833333333333317
S2324-G0637,S. Barnes,4,28.758333333333333,28.786991638684675
S2324-G0637,T. Mann,1,11.833333333333332,11.833333333333329
S2324-G0637,T. Mann,2,3.1380952380952376,3.1380952380952376
S2324-G0637,T. Mann,3,0.8,0.799999999999998
S2324-G0637,T. Mann,4,7.4,7.400000000000017
S2324-G0637,T. Young,1,13.912987012987012,13.913021212121189
S2324-G0637,T. Young,2,5.246666666666667,5.246615151515154
S2324-G0637,T. Young,3,9.533333333333333,9.533333333333314
S2324-G0637,T. Young,4,1.0,1.0
S2324-G0637,V. Askew,3,1.2,1.200000000000001
S2324-G0650,A. Davis,1,22.869683257918552,22.857890016927534
S2324-G0650,A. Davis,2,14.775,14.77522619047624
S2324-G0650,A. Davis,3,9.886666666666667,9.88814166666671
S2324-G0650,A. Davis,4,25.21470588235294,25.195203329350402
S2324-G0650,A. Davis,5,12.283333333333333,12.282799242424224
S2324-G0650,A. Davis,6,5.25,5.25
S2324-G0650,A. Reaves,1,11.858730158730157,11.859962689924437
S2324-G0650,A. Reaves,2,10.766666666666666,10.766666666666662
S2324-G0650,A. Reaves,3,17.41785714285714,17.418360771010022
S2324-G0650,A. Reaves,4,7.59,7.589999999999979
S2324-G0650,A. Reaves,5,5.166666666666667,5.1666666666666465
S2324-G0650,A. Reaves,6,2.2666666666666666,2.2666666666666635
S2324-G0650,A. Wiggins,1,11.775,11.775000000000043
S2324-G0650,A. Wiggins,2,22.455844155844154,22.455426154401195
S2324-G0650,A. Wiggins,3,15.852380952380951,15.851297835497824
S2324-G0650,A. Wiggins,4,3.3571428571428568,3.3556785714285717
S2324-G0650,A. Wiggins,5,0.8666666666666667,0.8666666666666675
S2324-G0650,A. Wiggins,6,0.8,0.8000000000000007
S2324-G0650,B. Podziemski,1,6.1,6.099999999999999
S2324-G0650,B. Podziemski,2,10.492307692307692,10.494572649572694
S2324-G0650,B. Podziemski,3,14.566666666666666,14.56513407980906
S2324-G0650,B. Podziemski,4,0.8,0.7999999999999998
S2324-G0650,B. Podziemski,5,0.8666666666666667,0.8666666666666686
S2324-G0650,B. Podziemski,6,3.1,3.0999999999999943
S2324-G0650,C. Joseph,1,0.8,0.7999999999999986
S2324-G0650,C. Joseph,2,0.8,0.799999999999998
S2324-G0650,C. Joseph,3,6.25,6.25
S2324-G0650,C. Joseph,4,3.1,3.099999999999994
S2324-G0650,C. Wood,2,18.136363636363637,18.13630681818179
S2324-G0650,C. Wood,3,0.8666666666666667,0.8666666666666678
S2324-G0650,D. Green,1,14.213675213675213,14.21256111111115
S2324-G0650,D. Green,2,5.18,5.179999999999978
S2324-G0650,D. Green,3,3.2666666666666666,3.2652892857142803
S2324-G0650,D. Green,4,5.584415584415585,5.5844935064935335
S2324-G0650,D. Green,5,5.333333333333333,5.333333333333344
S2324-G0650,D. Green,6,0.7454545454545454,0.7469801864801882
S2324-G0650,D. Russell,1,16.41730769230769,16.407813533688532
S2324-G0650,D. Russell,2,5.5,5.5
S2324-G0650,D. Russell,3,12.803030303030303,12.803030303030312
S2324-G0650,D. Russell,4,23.452380952380953,23.44947085899134
S2324-G0650,D. Russell,5,3.2666666666666666,3.26666666666666
S2324-G0650,D. Russell,6,16.244444444444444,16.244444444444497
S2324-G0650,D. Saric,1,13.123809523809523,13.124381879231892
S2324-G0650,D. Saric,2,7.63,7.630000000000033
S2324-G0650,D. Saric,3,5.438095238095238,5.438095238095232
S2324-G0650,D. Saric,6,0.8666666666666667,0.8666666666666681
S2324-G0650,J. Kuminga,1,8.711111111111112,8.711121803196844
S2324-G0650,J. Kuminga,2,23.72705882352941,23.72943000879833
S2324-G0650,J. Kuminga,3,15.127272727272727,15.12730303030303
S2324-G0650,J. Kuminga,4,9.884415584415583,9.884758116883125
S2324-G0650,J. Kuminga,5,5.1,5.100000000000014
S2324-G0650,J. Kuminga,6,2.0666666666666664,2.0666666666666633
S2324-G0650,J. Vanderbilt,1,5.264285714285714,5.2642857142857284
S2324-G0650,J. Vanderbilt,2,13.867307692307692,13.867014804639872
S2324-G0650,J. Vanderbilt,3,8.666666666666666,8.66666666666669
S2324-G0650,J. Vanderbilt,4,3.9238095238095236,3.953562026862024
S2324-G0650,J. Vanderbilt,5,3.1666666666666665,3.166666666666666
S2324-G0650,J. Vanderbilt,6,0.8,0.7999999999999983
S2324-G0650,K. Looney,1,5.564285714285714,5.564285714285695
S2324-G0650,K. Looney,2,0.95,0.9499999999999977
S2324-G0650,K. Thompson,1,12.127272727272727,12.127750000000026
S2324-G0650,K. Thompson,2,9.983333333333334,9.98590337995339
S2324-G0650,K. Thompson,3,29.073333333333334,29.070929350714614
S2324-G0650,K. Thompson,4,18.791452991452992,18.786322222385465
S2324-G0650,K. Thompson,5,8.533333333333333,8.533047619047604
S2324-G0650,K. Thompson,6,6.199999999999999,6.200000000000022
S2324-G0650,L. James,1,23.813675213675214,23.813877314515533
S2324-G0650,L. James,2,19.1030303030303,19.10257212480496
S2324-G0650,L. James,3,20.7675,20.758531576919808
S2324-G0650,L. James,4,5.553333333333334,5.553704148629131
S2324-G0650,L. James,5,18.65,18.643243961594013
S2324-G0650,L. James,6,11.546666666666665,11.546695238095207
S2324-G0650,L. Meyer,4,1.2,1.200000000000001
S2324-G0650,M. Christie,1,5.1,5.100000000000016
S2324-G0650,M. Christie,3,3.1666666666666665,3.166666666666666
S2324-G0650,R. Hachimura,1,9.4,9.400000000000032
S2324-G0650,R. Hachimura,2,2.9466666666666663,2.9474046203796225
S2324-G0650,R. Hachimura,3,5.166666666666667,5.1666666666666465
S2324-G0650,R. Hachimura,4,6.1,6.099999999999995
S2324-G0650,S. Curry,1,25.717307692307692,25.71895431929177
S2324-G0650,S. Curry,2,14.983333333333334,14.985822358197325
S2324-G0650,S. Curry,3,18.452380952380953,18.45238095238086
S2324-G0650,S. Curry,4,33.07272727272727,33.0289238278534
S2324-G0650,S. Curry,5,17.49,17.490208333333257
S2324-G0650,S. Curry,6,22.36969696969697,22.37182265497662
S2324-G0650,T. Jackson-Davis,4,9.644444444444446,9.644444444444405
S2324-G0650,T. Prince,1,3.1,3.0999999999999948
S2324-G0650,T. Prince,2,3.0555555555555554,3.0555555555555456
S2324-G0650,T. Prince,3,0.9642857142857143,0.9642857142857153
S2324-G0650,T. Prince,4,0.875,0.875
S2324-G0655,A. Black,1,3.0666666666666664,3.0666666666666726
S2324-G0655,A. Black,2,0.8666666666666667,0.8666666666666675
S2324-G0655,A. Black,3,5.25,5.25
S2324-G0655,A. Black,4,3.0666666666666664,3.065116666666672
S2324-G0655,A. Lang,3,1.2,1.200000000000001
S2324-G0655,B. Beal,1,17.236363636363638,17.236085248411683
S2324-G0655,B. Beal,2,7.438095238095238,7.43809523809523
S2324-G0655,B. Beal,3,7.875,7.874946969696969
S2324-G0655,B. Beal,4,10.042857142857143,10.073737138106974
S2324-G0655,C. Anthony,1,5.628571428571429,5.6859444444444645
S2324-G0655,C. Anthony,4,12.76969696969697,12.769407467532496
S2324-G0655,C. Houstan,4,6.166666666666667,6.166666666666664
S2324-G0655,C. Metu,2,0.9142857142857144,0.9142857142857117
S2324-G0655,C. Metu,4,0.8666666666666667,0.8666666666666686
S2324-G0655,C. Okeke,4,3.1666666666666665,3.166666666666666
S2324-G0655,D. Booker,1,27.2,27.181131637806693
S2324-G0655,D. Booker,2,23.505714285714284,23.52171511127762
S2324-G0655,D. Booker,3,44.96153846153847,44.85379352974162
S2324-G0655,D. Booker,4,12.116666666666667,12.119476174805573
S2324-G0655,D. Eubanks,1,9.555844155844156,9.555844155844168
S2324-G0655,D. Eubanks,2,0.8666666666666667,0.8666666666666668
S2324-G0655,D. Eubanks,3,0.8,0.7999999999999997
S2324-G0655,D. Eubanks,4,0.8555555555555556,0.8554050505050494
S2324-G0655,E. Gordon,1,10.4,10.40000000000004
S2324-G0655,E. Gordon,2,7.6000000000000005,7.599999999999982
S2324-G0655,E. Gordon,3,0.8666666666666667,0.8666666666666685
S2324-G0655,E. Gordon,4,5.1,5.100000000000014
S2324-G0655,F. Wagner,1,6.166666666666667,6.166666666666664
S2324-G0655,F. Wagner,2,15.467307692307692,15.466154356754371
S2324-G0655,F. Wagner,3,5.677777777777778,5.6774730158730256
S2324-G0655,F. Wagner,4,12.74,12.739999999999963
S2324-G0655,G. Allen,1,11.405555555555555,11.405727849927857
S2324-G0655,G. Allen,2,0.8,0.7999999999999986
S2324-G0655,G. Allen,3,5.18,5.179999999999978
S2324-G0655,G. Allen,4,0.8,0.7999999999999983
S2324-G0655,G. Bitadze,4,0.8666666666666667,0.8666666666666677
S2324-G0655,J. Goodwin,4,7.65,7.650000000000019
S2324-G0655,J. Ingles,1,3.071428571428571,3.071428571428564
S2324-G0655,J. Ingles,3,11.5,11.5017538017538
S2324-G0655,J. Ingles,4,3.1,3.0999999999999948
S2324-G0655,J. Isaac,1,3.1,3.100000000000011
S2324-G0655,J. Isaac,2,11.736363636363636,11.736258741258723
S2324-G0655,J. Isaac,4,12.886813186813187,12.884513586903285
S2324-G0655,J. Okogie,2,0.8,0.7999999999999986
S2324-G0655,J. Okogie,4,3.3666666666666667,3.366666666666674
S2324-G0655,J. Suggs,1,12.133333333333333,12.13220000000002
S2324-G0655,J. Suggs,2,8.492307692307692,8.492121916971955
S2324-G0655,J. Suggs,3,17.48095238095238,17.481208272283226
S2324-G0655,K. Bates-Diop,1,6.35,6.349999999999995
S2324-G0655,K. Bates-Diop,2,10.05,10.046421392496363
S2324-G0655,K. Bates-Diop,3,0.8666666666666667,0.8666666666666686
S2324-G0655,K. Bates-Diop,4,5.071428571428571,5.0714285714285605
S2324-G0655,K. Durant,1,5.25,5.25
S2324-G0655,K. Durant,2,11.814285714285713,11.814944444444425
S2324-G0655,K. Durant,3,14.175,14.175000000000027
S2324-G0655,K. Durant,4,15.095238095238095,15.094031168831153
S2324-G0655,M. Fultz,1,20.475,20.476226709401654
S2324-G0655,M. Fultz,2,7.683333333333333,7.683305555555559
S2324-G0655,M. Fultz,3,11.806666666666667,11.80759999999999
S2324-G0655,M. Fultz,4,0.8,0.8000000000000007
S2324-G0655,M. Wagner,1,12.17142857142857,12.178886507936484
S2324-G0655,M. Wagner,2,9.825,9.825000000000031
S2324-G0655,M. Wagner,3,4.183333333333334,4.187958333333336
S2324-G0655,M. Wagner,4,23.88888888888889,23.862535653235696
S2324-G0655,N. Little,4,0.8666666666666667,0.866666666666669
S2324-G0655,P. Banchero,1,13.8010989010989,13.80125741582981
S2324-G0655,P. Banchero,2,21.755844155844155,21.75548138528131
S2324-G0655,P. Banchero,3,23.85,23.849006475795427
S2324-G0655,P. Banchero,4,11.74,11.739999999999979
S2324-G0655,S. Rooks,3,1.2,1.200000000000001
S2324-G0655,T. Queen,4,3.1666666666666665,3.166666666666666
S2324-G0655,U. Azubuike,1,3.4,3.3999999999999875
S2324-G0655,U. Azubuike,3,5.140000000000001,5.13999999999999
S2324-G0655,U. Azubuike,4,3.2,3.2000000000000095
S2324-G0655,W. Carter Jr.,1,10.827272727272726,10.827272727272709
S2324-G0655,W. Carter Jr.,2,11.799999999999999,11.799999999999997
S2324-G0655,W. Carter Jr.,3,7.514285714285714,7.514285714285733
S2324-G0655,W. Carter Jr.,4,0.8666666666666667,0.8666666666666687
S2324-G0661,B. Adebayo,1,1.0136752136752136,1.0115492063492082
S2324-G0661,B. Adebayo,2,14.391666666666666,14.393430155465472
S2324-G0661,B. Adebayo,3,5.59,5.5900000000000025
S2324-G0661,B. Adebayo,4,11.685714285714287,11.677979487179503
S2324-G0661,B. Beal,1,20.695238095238096,20.688551125263558
S2324-G0661,B. Beal,2,10.825,10.82500000000002
S2324-G0661,B. Beal,3,19.366666666666667,19.367408424908454
S2324-G0661,B. Beal,4,20.07777777777778,20.067942925130428
S2324-G0661,C. Martin,1,8.475,8.474999999999973
S2324-G0661,C. Martin,2,12.364285714285714,12.350140981240974
S2324-G0661,C. Martin,3,5.166666666666667,5.1666666666666465
S2324-G0661,C. Martin,4,10.611111111111112,10.611111111111097
S2324-G0661,D. Booker,1,13.11111111111111,13.108569871794867
S2324-G0661,D. Booker,2,17.526666666666667,17.530150396172434
S2324-G0661,D. Booker,3,31.417307692307695,31.40610182178937
S2324-G0661,D. Booker,4,16.64,16.67244855699853
S2324-G0661,D. Eubanks,1,23.5,23.498516664054904
S2324-G0661,D. Eubanks,2,0.8,0.8000000000000006
S2324-G0661,D. Eubanks,3,0.8,0.7999999999999993
S2324-G0661,D. Robinson,1,3.204761904761905,3.2047619047618925
S2324-G0661,E. Gordon,1,13.004761904761905,12.940215367965388
S2324-G0661,E. Gordon,2,20.793333333333333,20.79129321560795
S2324-G0661,E. Gordon,3,19.040000000000003,19.041440484515455
S2324-G0661,E. Gordon,4,13.095238095238095,13.095654238816719
S2324-G0661,G. Allen,1,6.546666666666667,6.547614285714266
S2324-G0661,G. Allen,2,2.838095238095238,2.8380952380952453
S2324-G0661,H. Highsmith,1,8.506666666666666,8.506666666666662
S2324-G0661,H. Highsmith,3,3.1666666666666665,3.166666666666666
S2324-G0661,J. Butler,1,11.483333333333334,11.483224908424898
S2324-G0661,J. Butler,2,19.423809523809524,19.42380042735051
S2324-G0661,J. Butler,3,18.280341880341883,18.276539155289168
S2324-G0661,J. Butler,4,8.35,8.350771428571402
S2324-G0661,J. Jaquez Jr.,1,3.1666666666666665,3.166666666666666
S2324-G0661,J. Jaquez Jr.,2,5.455555555555556,5.455555555555541
S2324-G0661,J. Jaquez Jr.,3,7.546666666666667,7.546666666666642
S2324-G0661,J. Jaquez Jr.,4,3.2,3.2000000000000095
S2324-G0661,J. Nurkic,1,3.2642857142857142,3.264285714285725
S2324-G0661,J. Nurkic,2,5.1923076923076925,5.193463675213691
S2324-G0661,J. Nurkic,3,5.357142857142857,5.356466666666678
S2324-G0661,J. Nurkic,4,7.525,7.525000000000018
S2324-G0661,J. Okogie,2,10.479999999999999,10.479850000000015
S2324-G0661,J. Okogie,3,9.546666666666665,9.546666666666637
S2324-G0661,J. Okogie,4,5.203030303030303,5.203196969696986
S2324-G0661,J. Richardson,1,3.1666666666666665,3.166666666666666
S2324-G0661,J. Richardson,2,6.116666666666666,6.116742673992662
S2324-G0661,J. Richardson,4,23.9,23.89537633755132
S2324-G0661,K. Bates-Diop,1,6.166666666666667,6.166666666666664
S2324-G0661,K. Bates-Diop,3,0.8666666666666667,0.8666666666666666
S2324-G0661,K. Durant,1,9.416666666666668,9.415703113553135
S2324-G0661,K. Durant,2,23.04285714285714,23.034261994614457
S2324-G0661,K. Durant,3,9.466666666666667,9.466562728937747
S2324-G0661,K. Durant,4,16.1,16.099937499999943
S2324-G0661,K. Love,1,7.925,7.918882756132735
S2324-G0661,K. Love,2,0.8666666666666667,0.8666666666666681
S2324-G0661,K. Love,3,7.433333333333334,7.43095238095238
S2324-G0661,T. Herro,1,10.825,10.82500000000002
S2324-G0661,T. Herro,2,24.991666666666667,24.991835717958516
S2324-G0661,T. Herro,3,7.85,7.849999999999978
S2324-G0661,T. Herro,4,18.5,18.508899422799434
S2324-G0661,T. Rozier,1,24.75873015873016,24.758841269841213
S2324-G0661,T. Rozier,2,9.738095238095237,9.738095238095198
S2324-G0661,T. Rozier,3,21.455844155844154,21.45441558441564
S2324-G0662,A. Davis,1,26.40854700854701,26.415226413352748
S2324-G0662,A. Davis,2,25.893181818181816,25.885151942501935
S2324-G0662,A. Davis,3,19.825714285714284,19.828161502386465
S2324-G0662,A. Reaves,1,6.071428571428571,6.071428571428578
S2324-G0662,A. Reaves,2,10.866666666666665,10.866666666666626
S2324-G0662,A. Reaves,3,3.175,3.1749999999999985
S2324-G0662,A. Reaves,4,9.864285714285714,9.864285714285689
S2324-G0662,A. Sengun,1,25.08137254901961,25.089074588564998
S2324-G0662,A. Sengun,2,13.88095238095238,13.876457625510023
S2324-G0662,A. Sengun,3,23.700877192982453,23.699967882607563
S2324-G0662,A. Sengun,4,25.06153846153846,25.062291071514508
S2324-G0662,A. Thompson,1,3.3,3.301106060606056
S2324-G0662,A. Thompson,2,0.8666666666666667,0.866666666666668
S2324-G0662,A. Thompson,3,0.8666666666666667,0.8666666666666661
S2324-G0662,A. Thompson,4,0.95,0.9499999999999977
S2324-G0662,B. Dele,2,1.2,1.200000000000001
S2324-G0662,C. Whitmore,1,29.185714285714287,29.17840014430016
S2324-G0662,C. Whitmore,2,11.805454545454545,11.817352376708259
S2324-G0662,C. Whitmore,3,3.0666666666666664,3.0666666666666726
S2324-G0662,C. Whitmore,4,7.6000000000000005,7.599999999999982
S2324-G0662,C. Wood,1,5.55,5.549999999999978
S2324-G0662,C. Wood,2,0.8,0.8000000000000007
S2324-G0662,C. Wood,3,3.29,3.2899999999999987
S2324-G0662,C. Wood,4,9.966666666666667,9.966666666666686
S2324-G0662,D. Brooks,1,7.466666666666667,7.466666666666693
S2324-G0662,D. Brooks,2,25.175,25.17466378343884
S2324-G0662,D. Brooks,3,5.4,5.39999999999999
S2324-G0662,D. Brooks,4,10.475,10.47499999999996
S2324-G0662,D. Russell,1,27.773333333333333,27.788069717292498
S2324-G0662,D. Russell,2,7.4,7.400000000000017
S2324-G0662,D. Russell,3,25.085714285714285,25.10340370185375
S2324-G0662,D. Russell,4,10.125,10.125
S2324-G0662,F. VanVleet,1,0.8,0.7999999999999987
S2324-G0662,F. VanVleet,2,4.206666666666667,4.20139603174604
S2324-G0662,F. VanVleet,3,3.1333333333333333,3.133333333333328
S2324-G0662,F. VanVleet,4,7.488888888888889,7.488087301587296
S2324-G0662,J. Green,1,32.41470588235294,32.41122063035009
S2324-G0662,J. Green,2,27.043589743589745,27.0320652650583
S2324-G0662,J. Green,3,20.41111111111111,20.40961385003882
S2324-G0662,J. Green,4,22.72705882352941,22.7321927980258
S2324-G0662,J. Hayes,4,19.21818181818182,19.218516189366145
S2324-G0662,J. Hood-Schifino,4,3.3,3.2999999999999967
S2324-G0662,J. Smith Jr.,1,14.806666666666667,14.806666666666695
S2324-G0662,J. Smith Jr.,2,8.55,8.54999999999997
S2324-G0662,J. Smith Jr.,3,16.158730158730158,16.160114608267524
S2324-G0662,J. Smith Jr.,4,12.092857142857142,12.084851267523323
S2324-G0662,J. Tate,1,0.95,0.9499999999999977
S2324-G0662,J. Tate,2,11.7,11.700355769230773
S2324-G0662,J. Tate,3,10.74,10.740042857142855
S2324-G0662,J. Tate,4,3.1,3.0999999999999948
S2324-G0662,J. Vanderbilt,1,0.8666666666666667,0.8666666666666677
S2324-G0662,J. Vanderbilt,2,6.5,6.472863095238098
S2324-G0662,L. James,1,12.875,12.875
S2324-G0662,L. James,2,17.1075,17.109540784868766
S2324-G0662,L. James,3,10.977777777777778,10.971546037296058
S2324-G0662,L. James,4,20.51298701298701,20.51299350649358
S2324-G0662,M. Christie,1,3.1666666666666665,3.166666666666666
S2324-G0662,M. Christie,2,0.8666666666666667,0.8666666666666678
S2324-G0662,M. Christie,3,11.775,11.77510781981181
S2324-G0662,M. Christie,4,8.533333333333333,8.533377896613175
S2324-G0662,M. Jackson,2,1.2,1.200000000000001
S2324-G0662,R. Hachimura,1,6.233333333333333,6.233333333333344
S2324-G0662,R. Hachimura,2,3.1,3.0999999999999943
S2324-G0662,R. Hachimura,3,2.875,2.87468991008991
S2324-G0662,R. Hachimura,4,18.912987012987013,18.97929533244531
S2324-G0662,T. Prince,1,3.1666666666666665,3.166666666666666
S2324-G0662,T. Prince,2,10.795238095238094,10.795370268620276
S2324-G0662,T. Prince,3,7.425,7.4249999999999705
S2324-G0677,B. Beal,1,11.866666666666665,11.86666666666664
S2324-G0677,B. Beal,2,3.175,3.1749999999999985
S2324-G0677,B. Beal,3,10.371794871794872,10.378182828282867
S2324-G0677,B. Beal,4,8.469696969696969,8.469696969696992
S2324-G0677,C. Johnson,1,22.78095238095238,22.777728535353504
S2324-G0677,C. Johnson,2,5.233333333333333,5.233333333333346
S2324-G0677,C. Johnson,3,12.875,12.875
S2324-G0677,C. Johnson,4,8.4,8.400000000000027
S2324-G0677,C. Thomas,1,14.106666666666666,14.106666666666609
S2324-G0677,C. Thomas,2,11.7,11.639930341880325
S2324-G0677,C. Thomas,3,19.804545454545455,19.782761763400007
S2324-G0677,C. Thomas,4,27.014285714285716,27.025382218027076
S2324-G0677,D. Booker,1,30.7625,30.748693925927018
S2324-G0677,D. Booker,2,0.8,0.7998000000000006
S2324-G0677,D. Booker,3,18.092307692307692,18.09303044178045
S2324-G0677,D. Booker,4,15.123809523809523,15.12380952380954
S2324-G0677,D. Eubanks,1,0.9000000000000001,0.9000000000000038
S2324-G0677,D. Eubanks,2,11.884415584415583,11.884422077922054
S2324-G0677,D. Eubanks,4,5.125,5.125
S2324-G0677,D. Smith Jr.,2,9.475,9.474999999999968
S2324-G0677,D. Smith Jr.,3,5.571428571428571,5.5716964285714266
S2324-G0677,D. Smith Jr.,4,3.1380952380952376,3.1380952380952376
S2324-G0677,E. Gordon,1,12.738095238095237,12.738154761904763
S2324-G0677,E. Gordon,2,3.25,3.25
S2324-G0677,E. Gordon,3,6.125,6.125
S2324-G0677,E. Gordon,4,21.511111111111113,21.512017302305484
S2324-G0677,H. Giles III,3,0.9000000000000001,0.9000000000000038
S2324-G0677,J. Goodwin,4,5.166666666666667,5.1666666666666465
S2324-G0677,J. Nurkic,1,14.225,14.225124999999949
S2324-G0677,J. Nurkic,2,27.847619047619048,27.842659570331595
S2324-G0677,J. Nurkic,3,20.553333333333335,20.55969671717169
S2324-G0677,J. Nurkic,4,4.044444444444444,4.021668831168824
S2324-G0677,J. Okogie,1,0.7714285714285714,0.7714285714285721
S2324-G0677,J. Okogie,2,17.18095238095238,17.181934181096732
S2324-G0677,J. Okogie,3,7.205555555555556,7.201664357864343
S2324-G0677,J. Okogie,4,3.1,3.0999999999999956
S2324-G0677,K. Bates-Diop,1,0.95,0.9499999999999977
S2324-G0677,K. Bates-Diop,2,5.125,5.125
S2324-G0677,K. Bates-Diop,3,6.166666666666667,6.166666666666664
S2324-G0677,K. Bates-Diop,4,0.8,0.799999999999998
S2324-G0677,K. Durant,1,15.90952380952381,15.89826637529142
S2324-G0677,K. Durant,2,18.101098901098904,18.102029312354247
S2324-G0677,K. Durant,3,28.011111111111113,28.01707450428827
S2324-G0677,K. Durant,4,11.6,11.599999999999957
S2324-G0677,L. Walker IV,1,9.806666666666667,9.80666666666663
S2324-G0677,L. Walker IV,2,10.814285714285713,10.814285714285694
S2324-G0677,L. Walker IV,3,5.425,5.424999999999979
S2324-G0677,L. Walker IV,4,33.41376518218623,33.41728741976968
S2324-G0677,M. Bridges,1,10.736363636363636,10.736530303030303
S2324-G0677,M. Bridges,2,23.845714285714283,23.84542990342987
S2324-G0677,M. Bridges,3,13.766666666666666,13.766212121212163
S2324-G0677,M. Bridges,4,13.04,13.040049999999974
S2324-G0677,N. Claxton,1,25.19090909090909,25.19621113803636
S2324-G0677,N. Claxton,2,9.827272727272726,9.827077922077898
S2324-G0677,N. Claxton,3,7.514285714285714,7.51619580419582
S2324-G0677,N. Claxton,4,0.8666666666666667,0.8666666666666668
S2324-G0677,R. O'Neale,1,0.8666666666666667,0.866666666666668
S2324-G0677,R. O'Neale,2,0.8666666666666667,0.8666666666666683
S2324-G0677,R. O'Neale,3,3.1666666666666665,3.166666666666666
S2324-G0677,R. O'Neale,4,8.416666666666666,8.417589527139548
S2324-G0677,S. Burrell,2,1.2,1.200000000000001
S2324-G0677,S. Dinwiddie,1,6.071428571428571,6.071428571428578
S2324-G0677,S. Dinwiddie,2,17.455844155844154,17.455612085137155
S2324-G0677,S. Dinwiddie,3,15.74,15.738510620914967
S2324-G0677,S. Dinwiddie,4,3.2,3.2000000000000024
S2324-G0677,T. Watford,1,5.1,5.100000000000016
S2324-G0678,B. Adebayo,1,6.0,5.951666666666665
S2324-G0678,B. Adebayo,2,22.727272727272727,22.728511827061784
S2324-G0678,B. Adebayo,3,14.31,14.31030587745584
S2324-G0678,B. Adebayo,4,9.492857142857142,9.492356070026492
S2324-G0678,C. Martin,1,0.8666666666666667,0.866666666666669
S2324-G0678,C. Martin,2,11.775,11.77510781981181
S2324-G0678,C. Martin,3,0.8666666666666667,0.8666666666666685
S2324-G0678,C. Martin,4,13.123809523809523,13.124063614163626
S2324-G0678,D. Fox,1,10.975,10.974880230880192
S2324-G0678,D. Fox,2,9.725454545454545,9.726667166167184
S2324-G0678,D. Fox,3,15.075,15.074672771672738
S2324-G0678,D. Fox,4,17.792307692307695,17.776941103667586
S2324-G0678,D. Mitchell,1,0.8,0.7999999999999986
S2324-G0678,D. Mitchell,2,6.3,6.296289682539674
S2324-G0678,D. Mitchell,3,3.1,3.099999999999994
S2324-G0678,D. Sabonis,1,5.628571428571428,5.628519047619022
S2324-G0678,D. Sabonis,2,26.103174603174605,26.098876305222138
S2324-G0678,D. Sabonis,3,12.912987012987012,12.912797113997103
S2324-G0678,D. Sabonis,4,10.625,10.625467948717956
S2324-G0678,H. Barnes,1,5.425,5.424999999999979
S2324-G0678,H. Barnes,2,3.071428571428571,3.0714285714285636
S2324-G0678,H. Barnes,3,17.51298701298701,17.512321067821123
S2324-G0678,H. Barnes,4,16.41730769230769,16.417417582417535
S2324-G0678,H. Highsmith,1,7.4363636363636365,7.436363636363635
S2324-G0678,H. Highsmith,3,7.5,7.495732473082467
S2324-G0678,J. Butler,1,21.5075,21.502551635623607
S2324-G0678,J. Butler,2,5.199999999999999,5.20000000000002
S2324-G0678,J. Butler,3,24.54155844155844,24.527224597379753
S2324-G0678,J. Butler,4,15.86,15.862014377452624
S2324-G0678,J. Jaquez Jr.,1,9.59,9.589999999999968
S2324-G0678,J. Jaquez Jr.,2,12.105454545454545,12.105924736374718
S2324-G0678,J. Jaquez Jr.,3,9.775,9.775000000000036
S2324-G0678,J. Jaquez Jr.,4,0.8,0.7999999999999987
S2324-G0678,J. McGee,2,5.271428571428571,5.271428571428577
S2324-G0678,J. McGee,4,7.564285714285714,7.564285714285693
S2324-G0678,J. Richardson,1,8.55,8.54999999999997
S2324-G0678,J. Richardson,2,30.103174603174605,30.099614356408182
S2324-G0678,J. Richardson,4,22.775,22.77252110389612
S2324-G0678,K. Edwards,2,3.1,3.0999999999999948
S2324-G0678,K. Huerter,1,23.784415584415584,23.785187918222146
S2324-G0678,K. Huerter,2,5.045454545454545,5.045651903651887
S2324-G0678,K. Huerter,3,8.425,8.424999999999972
S2324-G0678,K. Huerter,4,7.74,7.740200000000008
S2324-G0678,K. Love,1,10.7,10.683026154401173
S2324-G0678,K. Love,3,8.466666666666667,8.466666666666692
S2324-G0678,K. Love,4,0.9,0.9000000000000037
S2324-G0678,K. Murray,1,20.54155844155844,20.541048174048274
S2324-G0678,K. Murray,2,27.752380952380953,27.742255174826024
S2324-G0678,K. Murray,3,16.228571428571428,16.228649350649317
S2324-G0678,K. Murray,4,13.864285714285714,13.864285714285735
S2324-G0678,M. Monk,1,5.166666666666667,5.1666666666666465
S2324-G0678,M. Monk,2,11.985454545454544,11.984949433899441
S2324-G0678,M. Monk,3,9.833333333333332,9.833333333333304
S2324-G0678,M. Monk,4,0.8,0.7999999999999983
S2324-G0678,T. Bryant,1,0.8,0.7999999999999986
S2324-G0678,T. Herro,1,8.18,8.180565811965824
S2324-G0678,T. Herro,2,9.88095238095238,9.8812478271728
S2324-G0678,T. Herro,3,12.725,12.724999999999952
S2324-G0678,T. Herro,4,7.566666666666667,7.566666666666664
S2324-G0678,T. Lyles,1,5.438095238095238,5.438095238095232
S2324-G0678,T. Lyles,2,0.8666666666666667,0.8666666666666683
S2324-G0678,T. Lyles,3,8.533333333333333,8.533333333333315
S2324-G0678,T. Lyles,4,7.466666666666667,7.466666666666693
S2324-G0678,T. Rozier,1,7.775,7.775000000000021
S2324-G0678,T. Rozier,2,3.1666666666666665,3.166666666666666
S2324-G0678,T. Rozier,3,8.552380952380952,8.551226731601707
S2324-G0678,T. Rozier,4,5.6000000000000005,5.600000000000007
S2324-G0705,A. Gill,4,3.408333333333333,3.40590396825397
S2324-G0705,B. Beal,1,35.68571428571428,35.60643014821002
S2324-G0705,B. Beal,2,24.477777777777778,24.467352735173332
S2324-G0705,B. Beal,3,29.825714285714284,29.826757120820375
S2324-G0705,B. Beal,4,5.166666666666667,5.1666666666666465
S2324-G0705,B. Bol,1,3.1666666666666665,3.166666666666666
S2324-G0705,B. Bol,2,9.466666666666667,9.466666666666685
S2324-G0705,B. Bol,3,5.214285714285714,5.214285714285694
S2324-G0705,B. Bol,4,9.886666666666667,9.886638095238139
S2324-G0705,B. Coulibaly,1,3.1,3.0999999999999948
S2324-G0705,B. Coulibaly,2,3.1666666666666665,3.166666666666666
S2324-G0705,B. Coulibaly,3,0.8,0.7999999999999983
S2324-G0705,C. Kispert,1,12.15,12.150138888888934
S2324-G0705,C. Kispert,2,15.11111111111111,15.110661858076613
S2324-G0705,C. Kispert,3,9.614285714285714,9.614285714285689
S2324-G0705,C. Kispert,4,11.89,11.89000000000002
S2324-G0705,C. Metu,4,14.375,14.372943384393375
S2324-G0705,D. Avdija,1,14.799999999999999,14.800000000000034
S2324-G0705,D. Avdija,2,20.5,20.49247472080723
S2324-G0705,D. Avdija,3,21.586153846153845,21.58675473970482
S2324-G0705,D. Booker,1,22.26666666666667,22.15464581970314
S2324-G0705,D. Booker,2,3.2,3.2000000000000024
S2324-G0705,D. Booker,3,16.81111111111111,16.819079273504286
S2324-G0705,D. Eubanks,1,0.8666666666666667,0.866666666666669
S2324-G0705,D. Eubanks,2,2.933333333333333,2.9335401098901053
S2324-G0705,D. Eubanks,3,0.8666666666666667,0.8666666666666673
S2324-G0705,D. Eubanks,4,6.236363636363636,6.234190584415594
S2324-G0705,D. Gafford,1,18.184415584415582,18.184415584415554
S2324-G0705,D. Gafford,2,5.085454545454546,5.0855118603618745
S2324-G0705,D. Gafford,3,10.666666666666666,10.6737523809524
S2324-G0705,D. Wright,2,5.166666666666667,5.1666666666666465
S2324-G0705,D. Wright,3,3.1666666666666665,3.166666666666666
S2324-G0705,D. Wright,4,3.2,3.2000000000000095
S2324-G0705,E. Gordon,2,3.2,3.2000000000000024
S2324-G0705,E. Gordon,3,19.425,19.42398855588861
S2324-G0705,E. Gordon,4,0.8666666666666667,0.8666666666666683
S2324-G0705,E. Omoruyi,1,8.566666666666666,8.518404761904753
S2324-G0705,E. Omoruyi,2,3.125,3.125
S2324-G0705,E. Omoruyi,3,0.95,0.9499999999999977
S2324-G0705,E. Omoruyi,4,35.168067226890756,35.03641401550807
S2324-G0705,G. Allen,1,6.166666666666667,6.166666666666664
S2324-G0705,G. Allen,2,3.25,3.25
S2324-G0705,G. Allen,3,13.146666666666667,13.146666666666668
S2324-G0705,J. Bernard,4,8.675,8.663192099567096
S2324-G0705,J. Davis,3,5.4,5.39999999999999
S2324-G0705,J. Davis,4,15.543181818181818,15.530028071928095
S2324-G0705,J. Goodwin,4,11.988888888888889,11.974803571428543
S2324-G0705,J. Nurkic,1,20.626153846153848,20.624284944222467
S2324-G0705,J. Nurkic,2,14.852380952380951,14.852492063492054
S2324-G0705,J. Nurkic,3,11.086666666666666,11.034207323232303
S2324-G0705,J. Okogie,1,0.8666666666666667,0.866666666666669
S2324-G0705,J. Okogie,2,9.371428571428572,9.369113924963957
S2324-G0705,J. Okogie,4,0.8666666666666667,0.8666666666666681
S2324-G0705,J. Poole,1,14.513675213675214,14.512832035448183
S2324-G0705,J. Poole,2,5.133333333333333,5.1319444444444375
S2324-G0705,J. Poole,3,3.2642857142857142,3.264285714285725
S2324-G0705,K. Bates-Diop,4,5.425000000000001,5.39303199855701
S2324-G0705,K. Durant,1,15.218181818181819,15.218636363636314
S2324-G0705,K. Durant,2,15.823809523809523,15.820905690877728
S2324-G0705,K. Durant,3,10.475,10.47499999999996
S2324-G0705,L. Shamet,1,0.8666666666666667,0.866666666666669
S2324-G0705,L. Shamet,2,17.095238095238095,17.095033613445356
S2324-G0705,L. Shamet,3,11.9,11.900000000000043
S2324-G0705,L. Shamet,4,9.814285714285713,9.814285714285694
S2324-G0705,N. Little,4,5.6,5.600000000000007
S2324-G0705,P. Baldwin Jr.,4,13.308333333333334,13.305488203463213
S2324-G0705,R. Strickland,3,1.2,1.200000000000001
S2324-G0705,T. Jones,1,16.4,16.405090909090962
S2324-G0705,T. Jones,2,11.715384615384615,11.715583791208825
S2324-G0705,T. Jones,3,23.066666666666666,23.06141187766483
S2324-G0705,Y. Watanabe,4,17.288888888888888,17.27856908369407
S2324-G0708,A. Coffey,2,12.795238095238094,12.795238095238071
S2324-G0708,A. Coffey,3,0.8666666666666667,0.8666666666666675
S2324-G0708,A. Coffey,4,0.825,0.8249999999999992
S2324-G0708,B. Adebayo,1,14.33,14.094813780663792
S2324-G0708,B. Adebayo,2,11.736363636363636,11.736363636363619
S2324-G0708,B. Adebayo,3,9.85,9.849999999999964
S2324-G0708,B. Adebayo,4,12.431746031746032,12.412747655122685
S2324-G0708,C. Martin,1,5.166666666666667,5.1666666666666465
S2324-G0708,C. Martin,2,17.45873015873016,17.459277452612785
S2324-G0708,C. Martin,4,11.918181818181818,11.92158712121215
S2324-G0708,H. Highsmith,1,10.766666666666666,10.766666666666662
S2324-G0708,H. Highsmith,2,3.125,3.125
S2324-G0708,H. Highsmith,3,0.9142857142857144,0.9142857142857117
S2324-G0708,H. Highsmith,4,5.3,5.29999999999998
S2324-G0708,I. Zubac,1,3.2777777777777777,3.277982905982912
S2324-G0708,I. Zubac,2,7.466666666666667,7.466666666666693
S2324-G0708,I. Zubac,3,5.1,5.100000000000014
S2324-G0708,J. Butler,1,14.066666666666666,14.066666666666638
S2324-G0708,J. Butler,2,12.833333333333332,12.83333333333334
S2324-G0708,J. Butler,3,16.436363636363637,16.43667004662009
S2324-G0708,J. Butler,4,25.325,25.228291202579673
S2324-G0708,J. Harden,1,9.866666666666665,9.86666666666662
S2324-G0708,J. Harden,2,10.766666666666666,10.766666666666662
S2324-G0708,J. Harden,3,12.833333333333332,12.83333333333334
S2324-G0708,J. Harden,4,21.242307692307694,21.216663937614634
S2324-G0708,J. Jaquez Jr.,1,5.666666666666667,5.666666666666661
S2324-G0708,J. Jaquez Jr.,2,3.1,3.099999999999996
S2324-G0708,J. Jaquez Jr.,3,11.775,11.774987637362681
S2324-G0708,J. Jaquez Jr.,4,15.566666666666666,15.58493105505605
S2324-G0708,J. Richardson,1,13.146666666666667,13.146666666666668
S2324-G0708,J. Richardson,2,3.1666666666666665,3.166666666666666
S2324-G0708,J. Richardson,3,21.336363636363636,21.349681721056765
S2324-G0708,J. Richardson,4,9.9,9.900000000000036
S2324-G0708,K. Leonard,1,20.84155844155844,20.840841119991087
S2324-G0708,K. Leonard,2,12.864285714285714,12.864285714285725
S2324-G0708,K. Leonard,3,27.114705882352943,27.112441679837197
S2324-G0708,K. Leonard,4,5.177777777777778,5.147222402597394
S2324-G0708,K. Love,1,0.8666666666666667,0.866666666666669
S2324-G0708,K. Love,2,10.914285714285713,10.913285714285758
S2324-G0708,K. Love,3,6.236363636363636,6.235454004329015
S2324-G0708,M. Plumlee,1,0.9000000000000001,0.9000000000000038
S2324-G0708,M. Plumlee,2,0.8,0.799999999999998
S2324-G0708,M. Plumlee,3,3.3000000000000003,3.2999999999999967
S2324-G0708,M. Plumlee,4,8.266666666666666,8.266793789543776
S2324-G0708,N. Powell,1,14.233333333333334,14.234560930735881
S2324-G0708,N. Powell,2,8.425,8.424999999999972
S2324-G0708,N. Powell,3,9.833333333333332,9.833333333333304
S2324-G0708,N. Powell,4,14.9,14.899858549783598
S2324-G0708,P. George,1,10.846666666666666,10.846666666666643
S2324-G0708,P. George,2,17.76923076923077,17.784859582084557
S2324-G0708,P. George,3,2.9642857142857144,2.965768747918746
S2324-G0708,P. George,4,17.272727272727273,17.27753487737752
S2324-G0708,R. Westbrook,1,12.22857142857143,12.226474025974035
S2324-G0708,R. Westbrook,2,6.166666666666667,6.166666666666664
S2324-G0708,R. Westbrook,3,7.95,7.948871428571454
S2324-G0708,R. Westbrook,4,3.1,3.0999999999999943
S2324-G0708,T. Mann,1,7.6000000000000005,7.599999999999982
S2324-G0708,T. Mann,2,0.8666666666666667,0.8666666666666685
S2324-G0708,T. Mann,3,12.875,12.874946969696971
S2324-G0708,T. Rozier,1,11.842307692307692,11.842307692307708
S2324-G0708,T. Rozier,2,14.114285714285714,14.114594155844177
S2324-G0708,T. Rozier,3,7.533333333333333,7.533333333333318
S2324-G0708,T. Rozier,4,26.54805194805195,26.518933164058147
S2324-G0711,A. Green,1,6.233333333333333,6.233333333333344
S2324-G0711,A. Green,2,14.914285714285713,14.912680375180377
S2324-G0711,A. Green,3,0.8666666666666667,0.866666666666668
S2324-G0711,A. Green,4,5.5,5.5
S2324-G0711,A. Jackson Jr.,4,1.1,1.0999999999999963
S2324-G0711,B. Portis,1,16.5,16.498933333333333
S2324-G0711,B. Portis,2,28.084415584415584,28.075483477143724
S2324-G0711,B. Portis,3,23.75873015873016,23.757942293817244
S2324-G0711,B. Portis,4,8.629999999999999,8.630000000000042
S2324-G0711,C. Livingston,4,3.1666666666666665,3.166666666666666
S2324-G0711,C. Payne,2,10.806666666666667,10.80666666666664
S2324-G0711,C. Payne,4,0.8,0.7999999999999992
S2324-G0711,C. Sexton,1,23.53333333333333,23.532005482426097
S2324-G0711,C. Sexton,2,14.28888888888889,14.292105483405479
S2324-G0711,C. Sexton,3,14.18095238095238,14.180952380952437
S2324-G0711,D. Lillard,1,23.384415584415585,23.44158837420746
S2324-G0711,D. Lillard,2,5.633333333333333,5.633382575757579
S2324-G0711,D. Lillard,3,21.753333333333334,21.751275283050354
S2324-G0711,D. Lillard,4,6.67,6.665391522366525
S2324-G0711,G. Antetokounmpo,1,18.225,18.224568398268342
S2324-G0711,G. Antetokounmpo,2,20.225714285714286,20.222848354423355
S2324-G0711,G. Antetokounmpo,3,16.913333333333334,16.927256670522432
S2324-G0711,G. Antetokounmpo,4,16.2,16.21058826769637
S2324-G0711,J. Clarkson,1,7.866666666666666,7.862059523809502
S2324-G0711,J. Clarkson,2,3.125,3.125
S2324-G0711,J. Clarkson,3,10.614285714285714,10.614285714285693
S2324-G0711,J. Clarkson,4,20.057142857142857,20.016479509379472
S2324-G0711,J. Collins,1,7.514285714285714,7.514285714285733
S2324-G0711,J. Collins,2,20.911688311688312,20.90213722249967
S2324-G0711,J. Collins,3,14.855555555555554,14.856039337124844
S2324-G0711,J. Crowder,1,7.766666666666667,7.766666666666656
S2324-G0711,J. Crowder,2,8.514285714285714,8.514285714285732
S2324-G0711,J. Crowder,3,8.466666666666667,8.466666666666692
S2324-G0711,J. Crowder,4,7.705555555555556,7.705805555555535
S2324-G0711,K. Dunn,1,7.766666666666667,7.766666666666656
S2324-G0711,K. Dunn,2,5.333333333333333,5.333333333333344
S2324-G0711,K. Dunn,3,3.29,3.2899999999999987
S2324-G0711,K. George,1,8.6,8.599999999999973
S2324-G0711,K. George,2,0.8666666666666667,0.8666666666666663
S2324-G0711,K. George,3,16.45,16.442820346320328
S2324-G0711,K. George,4,27.296666666666667,27.23173672065378
S2324-G0711,K. Olynyk,2,6.0,6.001119047619044
S2324-G0711,K. Olynyk,4,16.142424242424244,16.06269547952046
S2324-G0711,L. Markkanen,1,18.06969696969697,18.069530303030266
S2324-G0711,L. Markkanen,2,19.95,19.899174905649854
S2324-G0711,L. Markkanen,3,5.564285714285714,5.564285714285695
S2324-G0711,L. Markkanen,4,15.957142857142857,15.956277380952427
S2324-G0711,M. Beasley,1,14.855844155844155,14.855844155844204
S2324-G0711,M. Beasley,2,8.466666666666667,8.466666666666692
S2324-G0711,M. Beasley,3,6.233333333333333,6.233333333333344
S2324-G0711,M. Beasley,4,8.466666666666667,8.466666666666692
S2324-G0711,M. Beauchamp,4,3.1666666666666665,3.166666666666666
S2324-G0711,O. Agbaji,1,6.25,6.25
S2324-G0711,O. Agbaji,2,3.1,3.099999999999994
S2324-G0711,P. Connaughton,1,1.1333333333333333,1.1294166666666652
S2324-G0711,P. Connaughton,2,0.9333333333333332,0.9333333333333365
S2324-G0711,P. Connaughton,3,2.0,1.9994999999999998
S2324-G0711,P. Connaughton,4,0.8666666666666667,0.8666666666666681
S2324-G0711,R. Lopez,1,5.733333333333333,5.732980952380961
S2324-G0711,S. Fontecchio,1,5.225,5.225000000000014
S2324-G0711,S. Fontecchio,2,9.657142857142858,9.655914285714278
S2324-G0711,S. Fontecchio,3,12.736363636363636,12.736363636363603
S2324-G0711,W. Kessler,1,2.0,2.0
S2324-G0711,W. Kessler,2,3.1666666666666665,3.166666666666666
S2324-G0711,W. Kessler,3,6.225,6.224999999999997
S2324-G0711,W. Kessler,4,24.042424242424243,23.967667332667293
S2324-G0712,A. Gordon,1,14.200000000000001,14.20081096681094
S2324-G0712,A. Gordon,2,7.4,7.426783225108235
S2324-G0712,A. Gordon,3,3.2714285714285714,3.271428571428567
S2324-G0712,A. Gordon,4,9.52,9.519983333333318
S2324-G0712,A. Simons,1,20.066666666666666,20.080908813408783
S2324-G0712,A. Simons,2,12.716666666666667,12.716390391308057
S2324-G0712,A. Simons,3,22.117307692307694,22.094201591756224
S2324-G0712,A. Simons,4,16.285714285714285,16.285768398268363
S2324-G0712,C. Braun,1,0.8666666666666667,0.866666666666669
S2324-G0712,C. Braun,2,8.475,8.474999999999973
S2324-G0712,C. Braun,3,6.85,6.844892857142849
S2324-G0712,C. Braun,4,0.8666666666666667,0.8666666666666675
S2324-G0712,D. Ayton,1,31.7075,31.683946171166273
S2324-G0712,D. Ayton,2,9.55,9.549999999999969
S2324-G0712,D. Ayton,3,19.167307692307695,19.167126648351587
S2324-G0712,D. Ayton,4,14.22857142857143,14.2280238095238
S2324-G0712,D. Jordan,1,5.25,5.25
S2324-G0712,D. Jordan,2,5.166666666666667,5.1666666666666465
S2324-G0712,D. Reath,1,6.166666666666667,6.166666666666664
S2324-G0712,D. Reath,2,10.436363636363637,10.437017857142896
S2324-G0712,D. Reath,4,0.9000000000000001,0.9000000000000038
S2324-G0712,J. Minaya,2,3.2,3.2000000000000095
S2324-G0712,J. Minaya,3,0.8666666666666667,0.8666666666666677
S2324-G0712,J. Minaya,4,0.8666666666666667,0.8666666666666676
S2324-G0712,J. Murray,1,13.133333333333333,13.133333333333347
S2324-G0712,J. Murray,2,22.85811965811966,22.854030995801537
S2324-G0712,J. Murray,3,17.166666666666664,17.166666666666625
S2324-G0712,J. Murray,4,8.466666666666667,8.466666666666692
S2324-G0712,J. Walker,1,3.1380952380952376,3.1380952380952376
S2324-G0712,J. Walker,2,3.125,3.125
S2324-G0712,J. Walker,3,16.467307692307692,16.468207982295507
S2324-G0712,J. Walker,4,3.1,3.0999999999999956
S2324-G0712,K. Caldwell-Pope,1,9.766666666666666,9.766666666666653
S2324-G0712,K. Caldwell-Pope,2,5.300000000000001,5.29999999999998
S2324-G0712,K. Caldwell-Pope,3,9.5,9.5
S2324-G0712,K. Caldwell-Pope,4,10.775,10.77500000000004
S2324-G0712,K. Murray,1,11.877777777777778,11.877777777777748
S2324-G0712,K. Murray,2,0.8,0.8000000000000007
S2324-G0712,K. Murray,3,5.166666666666667,5.1666666666666465
S2324-G0712,K. Murray,4,9.9,9.900000000000036
S2324-G0712,M. Porter Jr.,1,16.293181818181818,16.289821897546933
S2324-G0712,M. Porter Jr.,2,12.23,12.229977777777792
S2324-G0712,M. Porter Jr.,3,9.666666666666666,9.66312579365082
S2324-G0712,M. Thybulle,1,5.438095238095238,5.438095238095232
S2324-G0712,M. Thybulle,2,12.67142857142857,12.671349206349168
S2324-G0712,M. Thybulle,3,4.286666666666667,4.257973376623374
S2324-G0712,M. Thybulle,4,3.1666666666666665,3.166666666666666
S2324-G0712,N. Jokic,1,15.903174603174602,15.917369488844471
S2324-G0712,N. Jokic,2,23.885714285714286,23.882143012542965
S2324-G0712,N. Jokic,3,31.713333333333335,31.678988646149122
S2324-G0712,N. Jokic,4,7.425,7.424999999999971
S2324-G0712,P. Watson,1,0.8666666666666667,0.8666666666666677
S2324-G0712,P. Watson,2,5.233333333333333,5.233333333333346
S2324-G0712,P. Watson,3,1.0666666666666667,1.0667619047619026
S2324-G0712,P. Watson,4,22.436507936507937,22.435469696969708
S2324-G0712,R. Jackson,1,7.814285714285714,7.814285714285693
S2324-G0712,R. Jackson,2,6.1,6.099999999999995
S2324-G0712,R. Jackson,3,3.2066666666666666,3.2066666666666697
S2324-G0712,R. Jackson,4,18.703030303030303,18.702389490772322
S2324-G0712,S. Henderson,1,15.071428571428571,14.972554736929716
S2324-G0712,S. Henderson,2,9.795238095238094,9.798606532356551
S2324-G0712,S. Henderson,3,12.486666666666666,12.48763354978356
S2324-G0712,S. Henderson,4,17.598701298701297,17.596472743922714
S2324-G0712,T. Camara,1,6.138095238095238,6.138095238095255
S2324-G0712,T. Camara,2,15.095238095238095,15.09524404761903
S2324-G0712,T. Camara,3,0.9000000000000001,0.9000000000000038
S2324-G0712,T. Camara,4,5.333333333333333,5.333333333333344
S2324-G0715,A. Lawson,4,13.864285714285714,13.864285714285733
S2324-G0715,B. Williams,4,5.55,5.549999999999978
S2324-G0715,D. House Jr.,1,9.633333333333333,9.63341558441563
S2324-G0715,D. House Jr.,3,5.575,5.575000000000021
S2324-G0715,D. Jones Jr.,1,17.466666666666665,17.46666666666669
S2324-G0715,D. Jones Jr.,2,3.2,3.2000000000000095
S2324-G0715,D. Jones Jr.,3,3.2142857142857144,3.2142857142857086
S2324-G0715,D. Powell,1,0.825,0.8249999999999992
S2324-G0715,D. Powell,2,0.8,0.7999999999999983
S2324-G0715,D. Powell,3,0.9642857142857143,0.9642857142857153
S2324-G0715,D. Powell,4,3.4,3.3999999999999875
S2324-G0715,F. Korkmaz,4,0.95,0.9499999999999977
S2324-G0715,G. Williams,1,3.566666666666667,3.5666666666666793
S2324-G0715,G. Williams,2,4.133333333333333,4.161791666666661
S2324-G0715,G. Williams,3,4.4,4.416114285714274
S2324-G0715,G. Williams,4,17.817857142857143,17.829778958296625
S2324-G0715,J. Green,1,5.066666666666667,5.059834523809543
S2324-G0715,J. Green,2,23.45,23.45274746087239
S2324-G0715,J. Green,3,15.184415584415584,15.184415584415556
S2324-G0715,J. Green,4,0.8,0.8000000000000004
S2324-G0715,J. Hardy,1,14.864285714285714,14.864285714285742
S2324-G0715,J. Hardy,3,3.1666666666666665,3.166666666666666
S2324-G0715,J. Hardy,4,24.66785714285714,24.66814585648269
S2324-G0715,J. Springer,2,13.925714285714287,13.919514452214415
S2324-G0715,J. Springer,3,7.814285714285714,7.814285714285693
S2324-G0715,J. Springer,4,5.35,5.350000000000011
S2324-G0715,K. Irving,1,12.095238095238095,12.077222943722921
S2324-G0715,K. Irving,2,15.12,15.121270860675208
S2324-G0715,K. Irving,3,25.667058823529413,25.67925703558136
S2324-G0715,K. Irving,4,12.803030303030303,12.802973484848494
S2324-G0715,K. Martin,4,13.077142857142858,13.067927200577223
S2324-G0715,K. Oubre Jr.,1,28.393333333333334,28.392082866153473
S2324-G0715,K. Oubre Jr.,2,13.314285714285713,13.333247691197672
S2324-G0715,K. Oubre Jr.,3,12.805555555555555,12.803338239538292
S2324-G0715,K. Oubre Jr.,4,7.506666666666667,7.5066666666666615
S2324-G0715,L. Doncic,1,10.567307692307692,10.568266636141631
S2324-G0715,L. Doncic,2,13.16969696969697,13.16941987179486
S2324-G0715,L. Doncic,3,19.711111111111112,19.715422078574974
S2324-G0715,L. Doncic,4,13.806666666666667,13.806688888888905
S2324-G0715,M. Bamba,1,2.0,2.0
S2324-G0715,M. Bamba,2,7.523809523809525,7.523809523809555
S2324-G0715,M. Bamba,3,14.666666666666666,14.627369158619139
S2324-G0715,M. Bamba,4,0.8,0.7999999999999998
S2324-G0715,M. Kleber,1,6.166666666666667,6.166666666666664
S2324-G0715,M. Kleber,2,10.4,10.400200000000039
S2324-G0715,M. Kleber,3,9.78,9.779999999999978
S2324-G0715,M. Kleber,4,9.466666666666667,9.466666666666685
S2324-G0715,M. Morris Sr.,1,15.2,15.19993419913416
S2324-G0715,M. Morris Sr.,2,5.166666666666667,5.1666666666666465
S2324-G0715,M. Morris Sr.,3,5.6000000000000005,5.600000000000007
S2324-G0715,M. Morris Sr.,4,10.725,10.72499999999996
S2324-G0715,O. Prosper,4,5.75,5.75
S2324-G0715,P. Beverley,1,8.514285714285714,8.514285714285732
S2324-G0715,P. Beverley,2,16.383333333333333,16.377117461868195
S2324-G0715,P. Beverley,4,3.1,3.0999999999999948
S2324-G0715,P. Reed,1,3.175,3.1749999999999985
S2324-G0715,P. Reed,2,0.8666666666666667,0.8666666666666681
S2324-G0715,P. Reed,3,12.16969696969697,12.169081684981684
S2324-G0715,P. Reed,4,3.1,3.0999999999999943
S2324-G0715,R. Council IV,4,12.777142857142858,12.720593910256401
S2324-G0715,R. Holmes,4,0.8666666666666667,0.866666666666669
S2324-G0715,T. Hardaway Jr.,1,12.399999999999999,12.408819513819548
S2324-G0715,T. Hardaway Jr.,2,7.779999999999999,7.779834199134176
S2324-G0715,T. Hardaway Jr.,3,0.9,0.9000000000000036
S2324-G0715,T. Hardaway Jr.,4,0.8666666666666667,0.8666666666666683
S2324-G0715,T. Harris,1,11.814285714285713,11.814852092352073
S2324-G0715,T. Harris,2,16.2,16.200074999999956
S2324-G0715,T. Harris,3,11.806666666666667,11.806666666666658
S2324-G0715,T. Harris,4,6.166666666666667,6.166666666666664
S2324-G0715,T. Maxey,1,17.2,17.200035650623832
S2324-G0715,T. Maxey,2,11.103030303030303,11.120821708193764
S2324-G0715,T. Maxey,3,18.736507936507937,18.744848525902235
S2324-G0715,T. Maxey,4,8.438095238095238,8.438154761904755
S2324-G0715,T. Smith,4,8.633333333333333,8.633333333333372
S2324-G0718,B. Brown,1,7.425,7.424999999999971
S2324-G0718,B. Brown,2,7.466666666666667,7.466666666666693
S2324-G0718,B. Brown,3,8.438095238095238,8.438095238095231
S2324-G0718,B. Brown,4,5.233333333333333,5.233333333333346
S2324-G0718,B. Ingram,1,29.125714285714285,29.116828893328865
S2324-G0718,B. Ingram,2,19.211111111111112,19.210830555555635
S2324-G0718,B. Ingram,3,44.08615384615385,43.94849571607445
S2324-G0718,C. Boucher,4,23.572727272727274,23.564168425120666
S2324-G0718,C. McCollum,1,16.233333333333334,16.233333333333263
S2324-G0718,C. McCollum,2,8.55,8.54999999999997
S2324-G0718,C. McCollum,3,25.755844155844155,25.74886915584412
S2324-G0718,C. Zeller,4,7.633333333333333,7.633333333333363
S2324-G0718,D. Daniels,1,8.55,8.54999999999997
S2324-G0718,D. Daniels,3,3.25,3.25
S2324-G0718,D. Daniels,4,7.575,7.574935417360443
S2324-G0718,D. Schroder,1,7.8999999999999995,7.900000000000022
S2324-G0718,D. Schroder,2,0.8,0.799999999999998
S2324-G0718,D. Schroder,3,3.071428571428571,3.071428571428564
S2324-G0718,G. Dick,1,13.983333333333334,13.983229797979753
S2324-G0718,G. Dick,2,21.466666666666665,21.466738095238103
S2324-G0718,G. Dick,3,12.075,12.075
S2324-G0718,G. Dick,4,15.036363636363637,15.036363636363612
S2324-G0718,G. Temple,4,15.158730158730158,15.159265079365056
S2324-G0718,G. Trent Jr.,1,5.6,5.600000000000007
S2324-G0718,G. Trent Jr.,2,9.9,9.900000000000036
S2324-G0718,H. Jones,1,5.475,5.47500000000001
S2324-G0718,H. Jones,2,9.966666666666667,9.966666666666686
S2324-G0718,H. Jones,3,10.466666666666667,10.466666666666688
S2324-G0718,I. Quickley,1,12.466666666666665,12.473741000666013
S2324-G0718,I. Quickley,2,12.983333333333334,12.983402380952349
S2324-G0718,I. Quickley,3,8.438095238095238,8.438095238095231
S2324-G0718,J. Alvarado,1,9.766666666666666,9.766666666666653
S2324-G0718,J. Alvarado,2,0.8666666666666667,0.8666666666666675
S2324-G0718,J. Alvarado,3,0.8666666666666667,0.8666666666666685
S2324-G0718,J. Alvarado,4,28.429166666666667,28.424285678966694
S2324-G0718,J. Hawkins,4,11.814285714285713,11.814285714285694
S2324-G0718,J. McDaniels,4,14.533333333333333,14.529457992007996
S2324-G0718,J. Nwora,1,0.8666666666666667,0.866666666666669
S2324-G0718,J. Nwora,2,6.125,6.125
S2324-G0718,J. Nwora,3,3.35,3.350000000000013
S2324-G0718,J. Nwora,4,16.423809523809524,16.421676479076535
S2324-G0718,J. Poeltl,1,13.943181818181818,13.947202877677903
S2324-G0718,J. Poeltl,2,9.585714285714287,9.597163614163623
S2324-G0718,J. Poeltl,3,11.852380952380951,11.852380952380974
S2324-G0718,J. Valanciunas,1,7.59,7.589999999999979
S2324-G0718,J. Valanciunas,2,9.814285714285713,9.814285714285694
S2324-G0718,J. Valanciunas,3,10.35,10.354164935064919
S2324-G0718,J. Valanciunas,4,18.81,18.70989276834279
S2324-G0718,L. Nance Jr.,1,3.566666666666667,3.5666666666666793
S2324-G0718,L. Nance Jr.,2,11.799999999999999,11.799999999999997
S2324-G0718,L. Nance Jr.,3,0.99,0.9900000000000017
S2324-G0718,N. Marshall,2,0.7714285714285714,0.7714285714285721
S2324-G0718,N. Marshall,4,25.2125,25.216113582324102
S2324-G0718,P. Richardson,1,1.2,1.200000000000001
S2324-G0718,R. Strickland,3,1.2,1.200000000000001
S2324-G0718,S. Barnes,1,13.16,13.160649999999997
S2324-G0718,S. Barnes,2,13.911111111111111,13.911111111111074
S2324-G0718,S. Barnes,3,20.598701298701297,20.580261402486354
S2324-G0718,T. Murphy III,1,8.733333333333334,8.733257142857157
S2324-G0718,T. Murphy III,2,17.425,17.429099810861693
S2324-G0718,T. Murphy III,3,3.45,3.4500000000000055
S2324-G0718,T. Murphy III,4,7.466666666666667,7.466666666666693
S2324-G0718,T. Young,1,5.166666666666667,5.1666666666666465
S2324-G0718,T. Young,3,1.9285714285714286,1.998479653679652
S2324-G0718,Z. Williamson,1,15.912987012987012,15.91409812409808
S2324-G0718,Z. Williamson,2,13.803030303030303,13.803181818181837
S2324-G0718,Z. Williamson,3,7.514285714285714,7.514285714285733
S2324-G0728,B. Coulibaly,1,3.1,3.0999999999999948
S2324-G0728,B. Coulibaly,2,6.2,6.200086538461561
S2324-G0728,B. Coulibaly,3,3.25,3.25
S2324-G0728,B. Coulibaly,4,8.4375,8.436449007936512
S2324-G0728,C. Kispert,1,17.099999999999998,17.10014450549445
S2324-G0728,C. Kispert,2,18.35,18.351984737484695
S2324-G0728,C. Kispert,3,8.514285714285714,8.514285714285732
S2324-G0728,C. Kispert,4,17.047619047619047,17.06094086052838
S2324-G0728,C. LeVert,1,16.466666666666665,16.466708333333358
S2324-G0728,C. LeVert,2,3.071428571428571,3.0714285714285636
S2324-G0728,C. LeVert,3,3.3,3.2999999999999967
S2324-G0728,D. Avdija,1,15.153333333333332,15.149924362041444
S2324-G0728,D. Avdija,2,12.2,12.201365068265066
S2324-G0728,D. Avdija,3,7.506666666666667,7.5066666666666615
S2324-G0728,D. Avdija,4,0.8,0.7999999999999998
S2324-G0728,D. Gafford,1,14.192307692307692,14.192305250305212
S2324-G0728,D. Gafford,2,9.46969696969697,9.469723484848508
S2324-G0728,D. Gafford,3,16.513333333333332,16.50509044705296
S2324-G0728,D. Gafford,4,5.1045454545454545,5.090486363636365
S2324-G0728,D. Garland,1,9.725,9.724999999999966
S2324-G0728,D. Garland,2,7.725,7.724999999999979
S2324-G0728,D. Garland,3,8.506666666666666,8.506666666666662
S2324-G0728,D. Garland,4,18.101098901098904,18.102502516927455
S2324-G0728,D. Mitchell,1,21.773333333333333,21.769212667724478
S2324-G0728,D. Mitchell,2,31.516666666666666,31.54019248390496
S2324-G0728,D. Mitchell,3,19.343956043956045,19.33282901428636
S2324-G0728,D. Mitchell,4,28.69111111111111,28.72331356281744
S2324-G0728,D. Wade,1,10.806666666666667,10.80666666666664
S2324-G0728,D. Wade,2,6.3,6.299999999999978
S2324-G0728,D. Wade,3,5.533333333333334,5.5333333333333234
S2324-G0728,D. Wright,2,5.071428571428571,5.0714285714285605
S2324-G0728,D. Wright,4,6.214285714285714,6.214285714285707
S2324-G0728,E. Mobley,1,9.514285714285714,9.51428571428573
S2324-G0728,E. Mobley,2,9.525,9.525000000000034
S2324-G0728,E. Mobley,3,19.191452991452994,19.190842765567744
S2324-G0728,E. Mobley,4,10.542857142857143,10.531463786213765
S2324-G0728,E. Omoruyi,1,4.45,4.450000000000014
S2324-G0728,E. Omoruyi,2,5.6000000000000005,5.600000000000007
S2324-G0728,E. Omoruyi,3,3.1380952380952376,3.1380952380952376
S2324-G0728,E. Omoruyi,4,7.5587301587301585,7.55865862470865
S2324-G0728,G. Niang,1,0.95,0.9499999999999977
S2324-G0728,G. Niang,2,14.74,14.738383511474712
S2324-G0728,G. Niang,3,0.8666666666666667,0.8666666666666687
S2324-G0728,G. Niang,4,3.1666666666666665,3.166666666666666
S2324-G0728,I. Okoro,1,0.825,0.8249999999999992
S2324-G0728,I. Okoro,2,6.225,6.224999999999997
S2324-G0728,I. Okoro,3,0.9000000000000001,0.9000000000000038
S2324-G0728,I. Okoro,4,7.345454545454546,7.345825563325559
S2324-G0728,J. Allen,1,21.793333333333333,21.793800577200642
S2324-G0728,J. Allen,2,4.264285714285714,4.264047402597414
S2324-G0728,J. Allen,3,9.9,9.90278235375738
S2324-G0728,J. Allen,4,7.4399999999999995,7.440000000000035
S2324-G0728,J. Poole,1,5.405555555555555,5.405555555555563
S2324-G0728,J. Poole,2,0.9047619047619047,0.9047619047619005
S2324-G0728,J. Poole,3,3.2,3.1996428571428597
S2324-G0728,J. Poole,4,5.4051282051282055,5.402780794205803
S2324-G0728,K. Kuzma,1,25.075,25.075037962037882
S2324-G0728,K. Kuzma,2,24.813675213675214,24.813239416139403
S2324-G0728,K. Kuzma,3,29.403174603174605,29.402595340933516
S2324-G0728,K. Kuzma,4,7.89,7.890050000000027
S2324-G0728,L. Shamet,2,10.795238095238094,10.795238095238103
S2324-G0728,L. Shamet,3,3.25,3.25
S2324-G0728,L. Shamet,4,3.1666666666666665,3.166666666666666
S2324-G0728,M. Strus,1,3.1380952380952376,3.1380952380952376
S2324-G0728,M. Strus,2,3.3142857142857145,3.314285714285699
S2324-G0728,M. Strus,3,9.846666666666666,9.846666666666634
S2324-G0728,M. Strus,4,0.8666666666666667,0.8666666666666686
S2324-G0728,S. Merrill,2,5.504761904761905,5.504309523809535
S2324-G0728,S. Merrill,4,8.345454545454546,8.345176961926953
S2324-G0728,T. Jones,1,7.506666666666667,7.5066666666666615
S2324-G0728,T. Jones,3,13.016666666666667,13.017064285714312
S2324-G0728,T. Jones,4,20.005555555555556,20.04558712953714
S2324-G0729,A. Horford,1,6.199999999999999,6.200000000000022
S2324-G0729,A. Horford,2,25.865714285714283,25.86346084397628
S2324-G0729,A. Horford,3,3.2466666666666666,3.2466000000000026
S2324-G0729,A. Horford,4,10.186666666666666,10.187085389610406
S2324-G0729,B. Bogdanovic,1,12.127272727272727,12.127750000000026
S2324-G0729,B. Bogdanovic,2,10.333333333333334,10.320639754689736
S2324-G0729,B. Bogdanovic,3,19.8,19.794280869294145
S2324-G0729,B. Bogdanovic,4,15.27,15.270838888888875
S2324-G0729,B. Fernando,1,9.633333333333335,9.63333333333338
S2324-G0729,B. Fernando,2,7.546666666666667,7.546666666666642
S2324-G0729,B. Fernando,4,3.9866666666666664,4.003300219225217
S2324-G0729,D. Hunter,1,11.584415584415584,11.582594716068263
S2324-G0729,D. Hunter,2,5.1,5.100000000000014
S2324-G0729,D. Hunter,3,7.738095238095237,7.7380952380952035
S2324-G0729,D. Hunter,4,9.725,9.724999999999966
S2324-G0729,D. White,1,12.133333333333333,12.133333333333356
S2324-G0729,D. White,2,11.827272727272726,11.827272727272724
S2324-G0729,D. White,3,8.564285714285713,8.564285714285694
S2324-G0729,D. White,4,24.475,24.48329319242847
S2324-G0729,G. Mathews,2,0.8,0.7999999999999986
S2324-G0729,G. Mathews,3,6.1,6.099999999999995
S2324-G0729,G. Mathews,4,0.8,0.799999999999998
S2324-G0729,J. Brown,1,22.75,22.752594342422285
S2324-G0729,J. Brown,2,17.333333333333332,17.339054942279965
S2324-G0729,J. Brown,3,0.8952380952380952,0.8952380952380932
S2324-G0729,J. Brown,4,3.3666666666666663,3.366666666666672
S2324-G0729,J. Buechler,2,1.2,1.200000000000001
S2324-G0729,J. Johnson,1,9.914285714285713,9.914285714285766
S2324-G0729,J. Johnson,2,19.76818181818182,19.771269500923914
S2324-G0729,J. Johnson,3,17.191452991452994,17.191202075702044
S2324-G0729,J. Johnson,4,12.936363636363637,12.930872732822724
S2324-G0729,J. Tatum,1,19.545714285714286,19.54681742336616
S2324-G0729,J. Tatum,2,16.78095238095238,16.77237510920452
S2324-G0729,J. Tatum,3,11.943181818181818,11.94431854256855
S2324-G0729,J. Tatum,4,24.177777777777777,24.178634731934753
S2324-G0729,K. Porzingis,1,22.492307692307694,22.496449326490552
S2324-G0729,K. Porzingis,2,11.6,11.595226190476152
S2324-G0729,K. Porzingis,3,27.404545454545456,27.412325065942838
S2324-G0729,K. Porzingis,4,17.19,17.190000000000044
S2324-G0729,L. Kornet,1,5.166666666666667,5.1666666666666465
S2324-G0729,L. Kornet,2,0.7714285714285714,0.7714285714285721
S2324-G0729,L. Kornet,3,0.8666666666666667,0.8666666666666673
S2324-G0729,L. Kornet,4,5.233333333333333,5.233333333333343
S2324-G0729,O. Brissett,2,5.138095238095238,5.138095238095252
S2324-G0729,O. Okongwu,1,7.569230769230769,7.573042918192901
S2324-G0729,O. Okongwu,2,19.314285714285713,19.299675901875897
S2324-G0729,O. Okongwu,3,16.136507936507936,16.136507936507886
S2324-G0729,O. Okongwu,4,5.166666666666667,5.1666666666666465
S2324-G0729,P. Mills,1,0.8666666666666667,0.866666666666668
S2324-G0729,P. Mills,2,0.8,0.799999999999998
S2324-G0729,P. Mills,3,5.5,5.5
S2324-G0729,P. Pritchard,1,3.1666666666666665,3.166666666666666
S2324-G0729,P. Pritchard,2,5.25,5.249556818181818
S2324-G0729,P. Pritchard,3,11.438095238095238,11.438182539682533
S2324-G0729,P. Pritchard,4,3.1666666666666665,3.166666666666666
S2324-G0729,S. Bey,1,22.466666666666665,22.466333333333317
S2324-G0729,S. Bey,2,20.544444444444444,20.544481756745075
S2324-G0729,S. Bey,3,7.495238095238095,7.495238095238105
S2324-G0729,S. Bey,4,15.257142857142858,15.258024364524303
S2324-G0729,S. Hauser,1,6.166666666666667,6.166666666666664
S2324-G0729,S. Hauser,2,7.638095238095238,7.638095238095259
S2324-G0729,S. Hauser,3,10.833333333333332,10.833333333333313
S2324-G0729,S. Hauser,4,7.533333333333333,7.533333333333318
S2324-G0729,T. Young,1,30.342307692307692,30.352871994654823
S2324-G0729,T. Young,2,23.425714285714285,23.428560938652833
S2324-G0729,T. Young,3,5.466666666666667,5.46666666666669
S2324-G0729,T. Young,4,22.052380952380954,22.038232416194948
S2324-G0732,A. Burks,1,22.65,22.638895319549725
S2324-G0732,A. Burks,2,8.438095238095238,8.438095238095231
S2324-G0732,A. Burks,4,24.517857142857142,24.52657001315676
S2324-G0732,A. Thompson,1,9.56923076923077,9.572690170940154
S2324-G0732,A. Thompson,2,7.266666666666667,7.272299986124978
S2324-G0732,A. Thompson,3,7.666666666666667,7.666666666666682
S2324-G0732,A. Thompson,4,5.204761904761904,5.204761904761888
S2324-G0732,A. Vezenkov,1,4.666666666666667,4.3515833333333385
S2324-G0732,A. Vezenkov,2,0.8,0.7999999999999983
S2324-G0732,D. Fox,1,15.19145299145299,15.185500915750874
S2324-G0732,D. Fox,2,3.1654545454545455,3.157743967143966
S2324-G0732,D. Fox,3,10.89,10.890000000000034
S2324-G0732,D. Fox,4,18.701098901098902,18.699500389887863
S2324-G0732,D. Gallinari,1,1.0666666666666667,1.0666666666666644
S2324-G0732,D. Gallinari,2,5.166666666666667,5.1666666666666465
S2324-G0732,D. Gallinari,4,0.838095238095238,0.8380952380952358
S2324-G0732,D. Mitchell,1,7.264285714285714,7.264297619047634
S2324-G0732,D. Mitchell,2,7.371428571428571,7.371428571428604
S2324-G0732,D. Mitchell,3,6.166666666666667,6.166666666666664
S2324-G0732,D. Mitchell,4,3.125,3.125
S2324-G0732,D. Sabonis,1,13.788888888888888,13.787746642246596
S2324-G0732,D. Sabonis,2,11.975,11.967116486291461
S2324-G0732,D. Sabonis,3,31.25,31.213499551837096
S2324-G0732,D. Sabonis,4,16.069444444444443,16.05548660506158
S2324-G0732,H. Barnes,1,7.475,7.474999999999983
S2324-G0732,H. Barnes,2,5.35,5.350000000000011
S2324-G0732,H. Barnes,3,14.164285714285713,14.16418309141839
S2324-G0732,H. Barnes,4,7.775,7.775000000000021
S2324-G0732,J. Buechler,1,1.2,1.200000000000001
S2324-G0732,J. Duren,1,22.825714285714284,22.82628096348094
S2324-G0732,J. Duren,2,13.936363636363637,13.9336000721501
S2324-G0732,J. Duren,3,9.284415584415584,9.300650474525467
S2324-G0732,J. Duren,4,0.9066666666666666,0.9066666666666664
S2324-G0732,J. Harris,1,5.355555555555555,5.355555555555584
S2324-G0732,J. Harris,3,5.166666666666667,5.1666666666666465
S2324-G0732,J. Harris,4,0.8666666666666667,0.8666666666666681
S2324-G0732,J. Ivey,1,21.091452991452993,21.095310202078622
S2324-G0732,J. Ivey,2,17.142857142857146,17.133508484815813
S2324-G0732,J. Ivey,3,21.857142857142858,21.858681722607404
S2324-G0732,J. Ivey,4,33.82539682539683,33.85509228983514
S2324-G0732,K. Hayes,1,8.59,8.589999999999973
S2324-G0732,K. Hayes,2,12.725,12.724999999999952
S2324-G0732,K. Hayes,3,5.55,5.549999999999978
S2324-G0732,K. Huerter,1,19.10666666666667,19.1052666666666
S2324-G0732,K. Huerter,2,10.738095238095237,10.73804761904759
S2324-G0732,K. Huerter,3,11.85,11.849999999999957
S2324-G0732,K. Huerter,4,3.2666666666666666,3.2648214285714214
S2324-G0732,K. Murray,1,3.29,3.2899999999999987
S2324-G0732,K. Murray,2,3.1499999999999995,3.1498333333333215
S2324-G0732,K. Murray,3,5.514285714285714,5.51428571428573
S2324-G0732,M. Monk,1,15.103030303030303,15.102723484848429
S2324-G0732,M. Monk,2,19.65,19.65479481432313
S2324-G0732,M. Monk,3,10.033333333333333,10.034527380952365
S2324-G0732,M. Monk,4,30.287058823529414,30.29644473508519
S2324-G0732,M. Muscala,1,3.1,3.0999999999999948
S2324-G0732,M. Muscala,2,10.806666666666667,10.806688888888864
S2324-G0732,M. Muscala,3,13.85,13.84999999999995
S2324-G0732,M. Muscala,4,3.1,3.0999999999999948
S2324-G0732,M. Sasser,1,2.8,2.7998333333333365
S2324-G0732,M. Sasser,2,25.925,25.96088868419156
S2324-G0732,M. Sasser,3,14.283333333333333,14.272024512987
S2324-G0732,M. Sasser,4,10.725,10.72499999999996
S2324-G0732,T. Lyles,1,7.5,7.5
S2324-G0732,T. Lyles,2,23.486666666666668,23.502770695644216
S2324-G0732,T. Lyles,3,13.983333333333334,13.983126262626214
S2324-G0732,T. Lyles,4,7.705555555555556,7.700027777777762
S2324-G0733,A. Nembhard,1,3.1666666666666665,3.166666666666666
S2324-G0733,A. Nembhard,2,3.3,3.2999999999999967
S2324-G0733,A. Nembhard,3,14.186666666666666,14.186580952380918
S2324-G0733,A. Nembhard,4,11.466666666666667,11.466666666666686
S2324-G0733,A. Nesmith,1,14.805555555555555,14.795628604728622
S2324-G0733,A. Nesmith,2,10.997142857142858,10.992923051948033
S2324-G0733,A. Nesmith,3,3.3777777777777778,3.3805315295815275
S2324-G0733,A. Nesmith,4,4.014285714285714,4.014832142857148
S2324-G0733,A. Wiggins,1,14.806666666666667,14.806666666666695
S2324-G0733,A. Wiggins,2,12.2,12.199999999999998
S2324-G0733,A. Wiggins,3,5.506666666666667,5.5066666666666615
S2324-G0733,A. Wiggins,4,5.125,5.125
S2324-G0733,B. Mathurin,1,10.775,10.77500000000004
S2324-G0733,B. Mathurin,2,14.186666666666666,14.186666666666632
S2324-G0733,B. Mathurin,3,3.25,3.25
S2324-G0733,B. Mathurin,4,11.926666666666666,11.926658333333362
S2324-G0733,B. Podziemski,1,7.2844155844155845,7.286109604284616
S2324-G0733,B. Podziemski,2,7.806666666666667,7.806666666666633
S2324-G0733,B. Podziemski,3,14.225,14.22524999999995
S2324-G0733,B. Podziemski,4,4.125454545454545,4.1459234487734555
S2324-G0733,B. Sheppard,1,3.1666666666666665,3.166666666666666
S2324-G0733,B. Sheppard,2,6.233333333333333,6.233333333333344
S2324-G0733,B. Sheppard,4,12.846666666666666,12.846666666666668
S2324-G0733,D. Green,1,7.425,7.424999999999971
S2324-G0733,D. Green,2,5.277777777777778,5.277777777777801
S2324-G0733,D. Green,3,14.225,14.22537499999995
S2324-G0733,D. Green,4,3.255844155844156,3.255844155844146
S2324-G0733,D. Saric,1,11.495238095238095,11.495342185592216
S2324-G0733,D. Saric,2,6.1,6.099999999999995
S2324-G0733,D. Saric,3,7.65,7.650000000000019
S2324-G0733,D. Saric,4,3.29,3.2899999999999987
S2324-G0733,G. Robinson,2,1.2,1.200000000000001
S2324-G0733,G. Santos,2,10.855844155844155,10.856035714285706
S2324-G0733,G. Santos,3,5.166666666666667,5.1666666666666465
S2324-G0733,G. Santos,4,18.11111111111111,18.1111148849517
S2324-G0733,I. Jackson,3,0.8666666666666667,0.866666666666669
S2324-G0733,I. Jackson,4,9.584415584415584,9.584415584415623
S2324-G0733,J. Kuminga,1,25.067307692307693,25.066091516326765
S2324-G0733,J. Kuminga,2,12.095238095238095,12.09678514541013
S2324-G0733,J. Kuminga,3,11.775,11.775000000000043
S2324-G0733,J. Kuminga,4,9.345454545454546,9.346359595959571
S2324-G0733,J. Smith,1,23.5,23.498516664054904
S2324-G0733,J. Smith,2,6.233333333333333,6.233333333333344
S2324-G0733,K. Looney,2,5.206666666666667,5.206666666666683
S2324-G0733,L. Quinones,1,5.366666666666667,5.366666666666669
S2324-G0733,L. Quinones,2,3.233333333333333,3.233333333333346
S2324-G0733,L. Quinones,3,7.566666666666666,7.568879914529915
S2324-G0733,L. Quinones,4,9.416666666666668,9.416661446886472
S2324-G0733,M. Moody,1,0.8,0.799999999999999
S2324-G0733,M. Moody,2,3.2,3.2000000000000024
S2324-G0733,M. Moody,3,0.9642857142857143,0.9642857142857153
S2324-G0733,M. Moody,4,10.514285714285714,10.514214285714298
S2324-G0733,M. Turner,1,10.944444444444445,10.94477777777773
S2324-G0733,M. Turner,2,14.864285714285714,14.864148046398077
S2324-G0733,M. Turner,3,17.691452991452994,17.65835672244423
S2324-G0733,M. Turner,4,3.1,3.0999999999999956
S2324-G0733,O. Toppin,2,3.1666666666666665,3.166666666666666
S2324-G0733,O. Toppin,4,17.133333333333333,17.133070833333317
S2324-G0733,P. Siakam,1,22.467307692307692,22.46673630952379
S2324-G0733,P. Siakam,2,1.097142857142857,1.102498809523814
S2324-G0733,P. Siakam,3,14.186666666666666,14.186666666666632
S2324-G0733,P. Siakam,4,7.67,7.670050000000011
S2324-G0733,S. Curry,1,32.71730769230769,32.19221758239604
S2324-G0733,S. Curry,2,23.484415584415583,23.484321062271114
S2324-G0733,S. Curry,3,28.693333333333335,28.68642332112332
S2324-G0733,S. Curry,4,11.466666666666667,11.466666666666686
S2324-G0733,T. Haliburton,1,3.1,3.0999999999999948
S2324-G0733,T. Haliburton,2,5.741666666666667,5.733003787878783
S2324-G0733,T. Haliburton,3,10.864285714285714,10.864285714285698
S2324-G0733,T. Haliburton,4,5.1,5.100000000000014
S2324-G0733,T. Jackson-Davis,4,13.94155844155844,13.941558441558428
S2324-G0733,T. McConnell,1,3.1666666666666665,3.166666666666666
S2324-G0733,T. McConnell,2,11.814285714285713,11.814285714285694
S2324-G0733,T. McConnell,3,5.25,5.25
S2324-G0733,T. McConnell,4,5.466666666666667,5.46666666666669
S2324-G0737,A. Caruso,1,5.425,5.424999999999979
S2324-G0737,A. Caruso,2,0.7714285714285714,0.7714285714285721
S2324-G0737,A. Caruso,3,5.325,5.326250000000017
S2324-G0737,A. Caruso,4,8.299999999999999,8.299466530691504
S2324-G0737,A. Dosunmu,1,17.080000000000002,17.079890917415877
S2324-G0737,A. Dosunmu,2,0.8,0.7999999999999992
S2324-G0737,A. Dosunmu,3,0.8666666666666667,0.8666666666666687
S2324-G0737,A. Dosunmu,4,6.1,6.099999999999995
S2324-G0737,A. Drummond,1,9.475,9.474999999999968
S2324-G0737,A. Drummond,2,13.792857142857143,13.796410490897962
S2324-G0737,A. Drummond,3,5.1,5.100000000000014
S2324-G0737,A. Drummond,4,21.5,21.50420675985522
S2324-G0737,C. White,1,7.475,7.474999999999983
S2324-G0737,C. White,2,11.591452991452993,11.602615297267244
S2324-G0737,C. White,3,9.76969696969697,9.769696969696955
S2324-G0737,C. White,4,22.455555555555556,22.45581283349007
S2324-G0737,D. DeRozan,1,19.066666666666666,19.07824029304027
S2324-G0737,D. DeRozan,2,19.733333333333334,19.73956243454254
S2324-G0737,D. DeRozan,3,18.155844155844154,18.155844155844107
S2324-G0737,D. DeRozan,4,15.869696969696971,15.87681666666669
S2324-G0737,G. Jackson II,1,16.12,16.119799999999927
S2324-G0737,G. Jackson II,2,22.793333333333333,22.792141323150563
S2324-G0737,G. Jackson II,3,17.46969696969697,17.467623770673796
S2324-G0737,G. Jackson II,4,15.716666666666667,15.71303128954378
S2324-G0737,J. Carter,1,5.166666666666667,5.1666666666666465
S2324-G0737,J. Carter,2,12.066666666666666,12.069443315508
S2324-G0737,J. Carter,3,6.166666666666667,6.166666666666664
S2324-G0737,J. Carter,4,3.1,3.0999999999999943
S2324-G0737,J. Gilyard,1,9.725,9.724999999999966
S2324-G0737,J. Gilyard,2,8.6,8.599999999999973
S2324-G0737,J. Gilyard,3,8.4,8.400000000000027
S2324-G0737,J. Gilyard,4,0.7714285714285714,0.7714285714285721
S2324-G0737,J. Jackson Jr.,1,30.055555555555557,30.066772813882086
S2324-G0737,J. Jackson Jr.,2,17.45,17.451055128205073
S2324-G0737,J. Jackson Jr.,3,17.503030303030304,17.500857392607394
S2324-G0737,J. Jackson Jr.,4,17.455555555555556,17.457202068210385
S2324-G0737,J. Konchar,1,9.806666666666667,9.80666666666663
S2324-G0737,J. Konchar,2,0.7714285714285714,0.7714285714285721
S2324-G0737,J. Konchar,3,3.1,3.0999999999999943
S2324-G0737,J. Konchar,4,5.138095238095238,5.138095238095252
S2324-G0737,J. Phillips,2,0.8,0.7999999999999986
S2324-G0737,J. Phillips,4,0.8,0.8000000000000007
S2324-G0737,N. Vucevic,1,17.86969696969697,17.862703366078364
S2324-G0737,N. Vucevic,2,8.466666666666667,8.466666666666692
S2324-G0737,N. Vucevic,3,32.78506787330316,32.78124470785918
S2324-G0737,N. Vucevic,4,8.5,8.5
S2324-G0737,S. Aldama,1,8.425,8.424999999999972
S2324-G0737,S. Aldama,2,9.799999999999999,9.799999999999969
S2324-G0737,S. Aldama,3,7.514285714285714,7.514285714285733
S2324-G0737,S. Aldama,4,22.59090909090909,22.64123262335787
S2324-G0737,S. Pippen Jr.,1,3.1,3.0999999999999948
S2324-G0737,S. Pippen Jr.,2,10.725,10.72499999999996
S2324-G0737,S. Pippen Jr.,3,13.944444444444445,13.94440170940165
S2324-G0737,S. Pippen Jr.,4,13.679411764705883,13.692915270110007
S2324-G0737,T. Craig,1,0.7714285714285714,0.7714285714285721
S2324-G0737,T. Craig,2,8.436363636363636,8.436363636363643
S2324-G0737,T. Craig,3,5.6,5.600000000000007
S2324-G0737,T. Evbuomwan,1,0.7714285714285714,0.7714285714285721
S2324-G0737,T. Evbuomwan,3,3.1,3.0999999999999943
S2324-G0737,T. Evbuomwan,4,3.1,3.0999999999999943
S2324-G0737,T. Jemison,1,1.1,1.0999999999999963
S2324-G0737,T. Jemison,2,3.2,3.2000000000000024
S2324-G0737,T. Jemison,3,5.55,5.549562121212099
S2324-G0737,T. Jemison,4,3.057142857142857,3.0511121212121206
S2324-G0737,V. Williams Jr.,1,12.836363636363636,12.836136363636369
S2324-G0737,V. Williams Jr.,2,9.533333333333333,9.533333333333314
S2324-G0737,V. Williams Jr.,3,14.184415584415584,14.184415584415556
S2324-G0737,V. Williams Jr.,4,3.105555555555555,3.1055555555555645
S2324-G0739,B. Beal,1,19.127272727272725,19.126870129870046
S2324-G0739,B. Beal,2,19.372527472527473,19.37294849594853
S2324-G0739,B. Beal,3,17.228571428571428,17.228628066378025
S2324-G0739,B. Beal,4,26.360427807486634,26.368364333181436
S2324-G0739,B. Bol,2,7.525,7.525000000000018
S2324-G0739,B. Bol,4,11.716666666666667,11.7141830808081
S2324-G0739,C. Sexton,1,10.846666666666666,10.846666666666643
S2324-G0739,C. Sexton,2,18.57012987012987,18.570080799755747
S2324-G0739,C. Sexton,3,15.257142857142858,15.257687062937
S2324-G0739,C. Sexton,4,12.886666666666667,12.886698793363557
S2324-G0739,D. Eubanks,1,5.125,5.125
S2324-G0739,D. Eubanks,2,1.9000000000000001,1.8999999999999952
S2324-G0739,D. Eubanks,3,13.037142857142857,13.03841161616165
S2324-G0739,D. Eubanks,4,14.192307692307692,14.192961996336962
S2324-G0739,E. Gordon,1,7.175,7.174999999999974
S2324-G0739,E. Gordon,2,12.814285714285713,12.814285714285694
S2324-G0739,E. Gordon,3,20.15,20.158287645687672
S2324-G0739,E. Gordon,4,0.8,0.7999999999999987
S2324-G0739,G. Allen,1,3.2142857142857144,3.2142857142857086
S2324-G0739,G. Allen,2,13.7,13.699999999999978
S2324-G0739,G. Allen,3,3.0,3.001322064047065
S2324-G0739,G. Allen,4,0.7714285714285714,0.7714285714285721
S2324-G0739,J. Clarkson,1,13.766666666666666,13.76666666666671
S2324-G0739,J. Clarkson,2,10.725,10.72499999999996
S2324-G0739,J. Clarkson,3,9.533333333333333,9.533333333333314
S2324-G0739,J. Clarkson,4,10.04,10.043271026196004
S2324-G0739,J. Collins,1,16.492307692307694,16.50582507631261
S2324-G0739,J. Collins,2,23.793333333333333,23.7939581485766
S2324-G0739,J. Collins,3,5.277777777777778,5.277777777777801
S2324-G0739,J. Collins,4,14.011111111111113,14.009956254856233
S2324-G0739,J. Juzang,4,3.1666666666666665,3.166666666666666
S2324-G0739,J. Nurkic,1,12.0,11.983108261183254
S2324-G0739,J. Nurkic,2,20.455844155844154,20.455776165011535
S2324-G0739,J. Nurkic,3,11.89,11.89000000000002
S2324-G0739,J. Nurkic,4,0.9844155844155844,0.9843998556998572
S2324-G0739,J. Okogie,1,5.25,5.25
S2324-G0739,J. Okogie,2,7.506666666666667,7.5066666666666615
S2324-G0739,J. Okogie,3,3.25,3.25
S2324-G0739,J. Preston,4,0.95,0.9499999999999977
S2324-G0739,K. Dunn,1,8.450000000000001,8.449373809523838
S2324-G0739,K. Dunn,2,6.63,6.627721239871253
S2324-G0739,K. Dunn,3,12.799999999999999,12.80000000000001
S2324-G0739,K. Durant,1,49.94,49.842558871451836
S2324-G0739,K. Durant,2,9.533333333333333,9.533333333333314
S2324-G0739,K. Durant,3,18.599999999999998,18.60222054220285
S2324-G0739,K. Durant,4,9.855844155844155,9.855588744588724
S2324-G0739,K. George,1,9.766666666666666,9.766666666666653
S2324-G0739,K. George,2,14.0,14.000363636363636
S2324-G0739,K. George,3,4.233333333333333,4.233333333333341
S2324-G0739,K. George,4,11.78,11.779850000000005
S2324-G0739,L. Markkanen,1,7.475,7.474999999999983
S2324-G0739,L. Markkanen,2,21.1030303030303,21.10049346348092
S2324-G0739,L. Markkanen,3,21.84583333333333,21.8416313630814
S2324-G0739,L. Markkanen,4,9.725,9.724999999999966
S2324-G0739,N. Little,2,3.2333333333333334,3.23333333333334
S2324-G0739,N. Little,3,0.8666666666666667,0.8666666666666678
S2324-G0739,N. Little,4,6.214285714285714,6.214285714285707
S2324-G0739,O. Yurtseven,4,3.4333333333333336,3.4333333333333225
S2324-G0739,S. Lee,4,3.1666666666666665,3.166666666666666
S2324-G0739,T. Hendricks,1,3.3,3.2999999999999967
S2324-G0739,T. Hendricks,2,3.1,3.0999999999999943
S2324-G0739,T. Hendricks,3,3.3,3.2999999999999967
S2324-G0739,T. Hendricks,4,8.558730158730159,8.559843628593661
S2324-G0739,T. Horton-Tucker,2,9.677777777777779,9.677817460317431
S2324-G0739,T. Horton-Tucker,4,13.366666666666665,13.319787085137097
S2324-G0739,T. Maledon,4,3.1666666666666665,3.166666666666666
S2324-G0739,W. Kessler,1,15.925,15.902969968919981
S2324-G0739,W. Kessler,2,0.8555555555555556,0.860977272727272
S2324-G0739,W. Kessler,3,0.8,0.7999999999999983
S2324-G0739,W. Kessler,4,9.97012987012987,9.951924314574322
S2324-G0740,A. Davis,1,36.34453441295546,36.22807513964793
S2324-G0740,A. Davis,2,14.19,14.189833333333377
S2324-G0740,A. Davis,3,28.185714285714283,28.175524308044864
S2324-G0740,A. Davis,4,19.51298701298701,19.513114552114622
S2324-G0740,A. Gordon,1,12.2,12.196487024379124
S2324-G0740,A. Gordon,2,9.633333333333335,9.63333333333338
S2324-G0740,A. Gordon,3,5.105555555555555,5.105555555555583
S2324-G0740,A. Gordon,4,6.199999999999999,6.200000000000022
S2324-G0740,A. Reaves,1,10.072527472527472,10.07065076361549
S2324-G0740,A. Reaves,2,16.336363636363636,16.34882688585926
S2324-G0740,A. Reaves,3,18.117307692307694,18.115891025641094
S2324-G0740,A. Reaves,4,10.85,10.84999999999996
S2324-G0740,C. Braun,1,6.166666666666667,6.166666666666664
S2324-G0740,C. Braun,2,3.125,3.125
S2324-G0740,C. Braun,3,3.1666666666666665,3.166666666666666
S2324-G0740,C. Wood,1,6.3,6.299999999999976
S2324-G0740,C. Wood,2,0.8,0.7999999999999983
S2324-G0740,C. Wood,3,0.95,0.9499999999999976
S2324-G0740,C. Wood,4,0.8666666666666667,0.866666666666667
S2324-G0740,D. Jordan,1,0.8666666666666667,0.866666666666669
S2324-G0740,D. Jordan,2,12.238095238095237,12.234135572760577
S2324-G0740,D. Jordan,4,9.425,9.424999999999969
S2324-G0740,J. Hayes,2,7.506666666666667,7.5066666666666615
S2324-G0740,J. Hayes,3,3.3666666666666667,3.366666666666674
S2324-G0740,J. Hayes,4,14.893333333333333,14.891790724553257
S2324-G0740,J. Holiday,1,5.1,5.100000000000014
S2324-G0740,J. Holiday,2,0.8666666666666667,0.8666666666666677
S2324-G0740,J. Holiday,3,0.9066666666666666,0.9066666666666664
S2324-G0740,J. Holiday,4,0.9,0.9000000000000037
S2324-G0740,J. Murray,1,14.169230769230769,14.170437728937708
S2324-G0740,J. Murray,2,29.393333333333334,29.385786675742523
S2324-G0740,J. Murray,3,17.514285714285716,17.514910632178292
S2324-G0740,J. Murray,4,29.33939393939394,29.347836948259886
S2324-G0740,L. James,1,7.618181818181818,7.622286938061913
S2324-G0740,L. James,2,16.4010989010989,16.40140519676406
S2324-G0740,L. James,3,23.513675213675214,23.506727717380663
S2324-G0740,L. James,4,27.475,27.485859239371745
S2324-G0740,M. Christie,1,15.484415584415583,15.483623160173183
S2324-G0740,M. Christie,2,9.444444444444445,9.478896531246525
S2324-G0740,M. Porter Jr.,1,30.386363636363637,30.38854620405402
S2324-G0740,M. Porter Jr.,2,10.755555555555555,10.755124999999964
S2324-G0740,M. Porter Jr.,3,15.2,15.199837499999962
S2324-G0740,M. Porter Jr.,4,20.36969696969697,20.369520887445923
S2324-G0740,N. Jokic,1,12.1475,12.14610504777302
S2324-G0740,N. Jokic,2,16.15,16.150000000000055
S2324-G0740,N. Jokic,3,36.01565217391305,36.094071864710756
S2324-G0740,N. Jokic,4,9.566666666666666,9.566666666666652
S2324-G0740,P. Chilcutt,3,1.2,1.200000000000001
S2324-G0740,P. Watson,1,8.55,8.54999999999997
S2324-G0740,P. Watson,2,3.1380952380952376,3.1380952380952376
S2324-G0740,P. Watson,3,0.8,0.7999999999999983
S2324-G0740,P. Watson,4,9.846666666666666,9.846666666666634
S2324-G0740,R. Hachimura,1,3.25,3.25
S2324-G0740,R. Hachimura,2,7.716666666666666,7.7187930236430375
S2324-G0740,R. Hachimura,3,0.8666666666666667,0.8666666666666683
S2324-G0740,R. Hachimura,4,5.125,5.125
S2324-G0740,R. Jackson,1,5.166666666666667,5.1666666666666465
S2324-G0740,R. Jackson,2,17.403030303030302,17.402388876401425
S2324-G0740,R. Jackson,4,5.45,5.451611111111131
S2324-G0740,S. Mays,4,3.125,3.125
S2324-G0740,T. Prince,1,8.206666666666667,8.205924575424593
S2324-G0740,T. Prince,2,15.795238095238094,15.78501803196801
S2324-G0740,T. Prince,3,3.1666666666666665,3.166666666666666
S2324-G0740,T. Prince,4,3.1666666666666665,3.166666666666666
S2324-G0755,A. Burks,1,3.1666666666666665,3.166666666666666
S2324-G0755,A. Burks,2,15.2,15.19925757575754
S2324-G0755,A. Burks,3,5.166666666666667,5.1666666666666465
S2324-G0755,A. Burks,4,34.44571428571428,34.43457171245082
S2324-G0755,A. Nembhard,1,5.2,5.20000000000002
S2324-G0755,A. Nembhard,3,7.466666666666667,7.4666666666666925
S2324-G0755,A. Nembhard,4,10.725,10.72499999999996
S2324-G0755,A. Nesmith,1,3.125,3.125
S2324-G0755,A. Nesmith,2,19.177777777777777,19.18197747252751
S2324-G0755,A. Nesmith,3,21.103030303030305,21.087091745999096
S2324-G0755,A. Nesmith,4,1.0666666666666667,1.0666666666666644
S2324-G0755,B. Bogdanovic,1,7.533333333333334,7.533333333333316
S2324-G0755,B. Bogdanovic,2,21.453333333333333,21.454281002331008
S2324-G0755,B. Bogdanovic,4,7.85,7.850249999999978
S2324-G0755,B. Mathurin,1,3.2714285714285714,3.2717619047619007
S2324-G0755,B. Mathurin,2,7.644444444444445,7.644444444444408
S2324-G0755,B. Mathurin,3,3.2,3.2000000000000095
S2324-G0755,B. Mathurin,4,7.466666666666667,7.466666666666693
S2324-G0755,D. DiVincenzo,1,22.755844155844155,22.75388903318895
S2324-G0755,D. DiVincenzo,2,11.806666666666667,11.806666666666658
S2324-G0755,D. DiVincenzo,3,14.512987012987013,14.51413298645802
S2324-G0755,D. DiVincenzo,4,3.1666666666666665,3.166666666666666
S2324-G0755,D. McDermott,1,3.1666666666666665,3.166666666666666
S2324-G0755,D. McDermott,2,0.8,0.7999999999999983
S2324-G0755,I. Jackson,1,0.8,0.7999999999999988
S2324-G0755,I. Jackson,2,6.328571428571428,6.326631868131864
S2324-G0755,I. Jackson,3,3.566666666666667,3.5666666666666793
S2324-G0755,I. Jackson,4,19.347008547008546,19.334843080530558
S2324-G0755,J. Brunson,1,24.85,24.851932273282284
S2324-G0755,J. Brunson,2,19.564285714285717,19.561000931013417
S2324-G0755,J. Brunson,3,36.025396825396825,36.04349511378708
S2324-G0755,J. Brunson,4,20.235897435897435,20.236935516109337
S2324-G0755,J. Hart,1,3.3,3.2999999999999967
S2324-G0755,J. Hart,2,5.666666666666667,5.666333333333328
S2324-G0755,J. Hart,3,9.605714285714287,9.604632511932548
S2324-G0755,J. Hart,4,3.0666666666666664,3.0666666666666726
S2324-G0755,M. McBride,1,0.8666666666666667,0.866666666666669
S2324-G0755,M. McBride,2,3.2,3.2000000000000095
S2324-G0755,M. McBride,3,9.55,9.549999999999969
S2324-G0755,M. McBride,4,5.3,5.29999999999998
S2324-G0755,M. Turner,1,19.186666666666667,19.18672467532462
S2324-G0755,M. Turner,2,14.93,14.929999999999964
S2324-G0755,M. Turner,3,6.233333333333333,6.233333333333344
S2324-G0755,M. Turner,4,7.37,7.368020346320317
S2324-G0755,O. Toppin,2,9.89,9.890000000000041
S2324-G0755,O. Toppin,3,7.138095238095238,7.1377226190476355
S2324-G0755,O. Toppin,4,6.233333333333333,6.233333333333344
S2324-G0755,P. Achiuwa,1,14.9,14.901950144300192
S2324-G0755,P. Achiuwa,2,13.869230769230768,13.869490196078473
S2324-G0755,P. Achiuwa,3,0.9047619047619047,0.9047619047619005
S2324-G0755,P. Achiuwa,4,2.838095238095238,2.8380952380952453
S2324-G0755,P. Siakam,1,20.4010989010989,20.406231776556773
S2324-G0755,P. Siakam,2,5.25,5.25
S2324-G0755,P. Siakam,3,17.228571428571428,17.228981962481924
S2324-G0755,P. Siakam,4,9.833333333333332,9.833333333333306
S2324-G0755,T. Gibson,1,5.55,5.549999999999978
S2324-G0755,T. Gibson,2,0.8666666666666667,0.8666666666666683
S2324-G0755,T. Gibson,3,5.564285714285714,5.564285714285695
S2324-G0755,T. Haliburton,1,8.425,8.424999999999972
S2324-G0755,T. Haliburton,2,16.214285714285715,16.21428571428575
S2324-G0755,T. Haliburton,3,16.16730769230769,16.167333653846118
S2324-G0755,T. Haliburton,4,17.075,17.07462348484843
S2324-G0755,T. McConnell,1,9.371428571428572,9.371428571428607
S2324-G0755,T. McConnell,2,11.911111111111111,11.91111111111108
S2324-G0755,T. McConnell,3,11.766666666666666,11.766666666666682
S2324-G0755,T. McConnell,4,9.59,9.589999999999968
S2324-G0766,B. Ingram,1,7.533333333333333,7.533333333333318
S2324-G0766,B. Ingram,2,22.723809523809525,22.724079895104886
S2324-G0766,B. Ingram,3,9.799999999999999,9.799999999999969
S2324-G0766,B. Ingram,4,11.884415584415583,11.88441558441556
S2324-G0766,C. McCollum,1,12.066666666666666,12.066666666666642
S2324-G0766,C. McCollum,2,8.466666666666667,8.466666666666692
S2324-G0766,C. McCollum,3,18.513675213675214,18.51366703296696
S2324-G0766,C. McCollum,4,10.015384615384615,10.018872960372962
S2324-G0766,H. Jones,1,16.213675213675213,16.21362956487961
S2324-G0766,H. Jones,2,7.264285714285714,7.259654761904777
S2324-G0766,H. Jones,3,10.585714285714287,10.58587101787101
S2324-G0766,H. Jones,4,7.505454545454546,7.507303224553219
S2324-G0766,J. Alvarado,1,15.864285714285714,15.862757936507972
S2324-G0766,J. Alvarado,2,5.220000000000001,5.22000000000002
S2324-G0766,J. Alvarado,3,3.1666666666666665,3.166666666666666
S2324-G0766,J. Alvarado,4,5.5,5.5
S2324-G0766,J. Jackson Jr.,1,31.758119658119657,31.760882237207294
S2324-G0766,J. Jackson Jr.,2,5.066666666666666,5.067275641025665
S2324-G0766,J. Jackson Jr.,3,14.225714285714286,14.22167844377845
S2324-G0766,J. Jackson Jr.,4,18.4075,18.40428693599565
S2324-G0766,J. Konchar,1,7.575,7.574875000000027
S2324-G0766,J. Konchar,2,0.8,0.8000000000000006
S2324-G0766,J. Konchar,3,0.8666666666666667,0.8666666666666687
S2324-G0766,J. Valanciunas,1,7.628571428571428,7.628571428571396
S2324-G0766,J. Valanciunas,2,5.3,5.300012820512801
S2324-G0766,J. Valanciunas,3,5.2,5.20000000000002
S2324-G0766,J. Valanciunas,4,0.7714285714285714,0.7714285714285721
S2324-G0766,L. Kennard,1,11.366666666666667,11.386876479076498
S2324-G0766,L. Kennard,2,15.417307692307691,15.415635607512508
S2324-G0766,L. Kennard,3,10.67142857142857,10.671412698412693
S2324-G0766,L. Kennard,4,0.7714285714285714,0.7714285714285721
S2324-G0766,L. Nance Jr.,1,6.071428571428571,6.071428571428578
S2324-G0766,L. Nance Jr.,2,3.2714285714285714,3.2719642857142817
S2324-G0766,L. Nance Jr.,3,6.311111111111111,6.310560439560453
S2324-G0766,L. Nance Jr.,4,5.18,5.179999999999978
S2324-G0766,L. Stevens,1,0.8666666666666667,0.866666666666669
S2324-G0766,L. Stevens,2,9.345454545454546,9.346559595959572
S2324-G0766,L. Stevens,3,18.57777777777778,18.57869808524802
S2324-G0766,L. Stevens,4,7.858241758241759,7.851637967587955
S2324-G0766,N. Marshall,1,8.666666666666668,8.66666666666669
S2324-G0766,N. Marshall,2,7.4,7.400147058823546
S2324-G0766,N. Marshall,3,1.2666666666666666,1.2590238095238144
S2324-G0766,N. Marshall,4,0.8,0.799999999999998
S2324-G0766,S. Aldama,1,6.233333333333333,6.233333333333344
S2324-G0766,S. Aldama,2,15.379999999999999,15.388308316683352
S2324-G0766,S. Aldama,3,3.2142857142857144,3.2142857142857086
S2324-G0766,S. Aldama,4,5.438095238095238,5.438095238095232
S2324-G0766,S. Pippen Jr.,1,7.886666666666667,7.886666666666697
S2324-G0766,S. Pippen Jr.,2,13.8010989010989,13.800919503741893
S2324-G0766,S. Pippen Jr.,3,3.1,3.0999999999999956
S2324-G0766,T. Jemison,2,0.9333333333333332,0.9333333333333352
S2324-G0766,T. Jemison,3,13.955555555555556,13.952927813852842
S2324-G0766,T. Jemison,4,3.1380952380952376,3.1380952380952376
S2324-G0766,T. Murphy III,1,12.775,12.775000000000048
S2324-G0766,T. Murphy III,2,5.438095238095238,5.438095238095232
S2324-G0766,T. Murphy III,3,7.5,7.496138383838383
S2324-G0766,T. Murphy III,4,5.1,5.100000000000014
S2324-G0766,V. Williams Jr.,1,14.983333333333334,14.988413840326293
S2324-G0766,V. Williams Jr.,2,10.757142857142856,10.747466261516275
S2324-G0766,V. Williams Jr.,3,5.166666666666667,5.1666666666666465
S2324-G0766,V. Williams Jr.,4,2.8,2.8000000000000034
S2324-G0766,Y. Watanabe,1,5.425,5.424999999999979
S2324-G0766,Y. Watanabe,2,5.5,5.5
S2324-G0766,Y. Watanabe,3,10.600000000000001,10.59999999999996
S2324-G0766,Y. Watanabe,4,20.692857142857143,20.691869398575246
S2324-G0766,Z. Williamson,1,5.6000000000000005,5.600000000000007
S2324-G0766,Z. Williamson,2,21.6010989010989,21.321236651094008
S2324-G0766,Z. Williamson,3,10.525,10.52500000000004
S2324-G0766,Z. Williamson,4,10.015384615384615,10.01711766566767
S2324-G0769,A. Wiggins,1,14.725,14.724999999999948
S2324-G0769,A. Wiggins,2,3.4000000000000004,3.3999999999999875
S2324-G0769,A. Wiggins,3,20.55,20.551326144933558
S2324-G0769,A. Wiggins,4,5.1,5.100000000000014
S2324-G0769,B. Podziemski,1,18.2,18.199894083694023
S2324-G0769,B. Podziemski,2,7.795238095238095,7.795179487179507
S2324-G0769,B. Podziemski,3,5.214285714285714,5.214285714285694
S2324-G0769,B. Podziemski,4,3.1666666666666665,3.166666666666666
S2324-G0769,B. Sensabaugh,4,3.3,3.2999999999999967
S2324-G0769,C. Sexton,1,10.875,10.875
S2324-G0769,C. Sexton,2,21.766666666666666,21.76777011599518
S2324-G0769,C. Sexton,3,17.117857142857144,17.1178421748187
S2324-G0769,C. Sexton,4,10.564285714285713,10.564285714285694
S2324-G0769,D. Green,1,6.325,6.323131385281389
S2324-G0769,D. Green,2,14.833333333333332,14.833275000000025
S2324-G0769,D. Green,3,7.614285714285715,7.614285714285704
S2324-G0769,D. Green,4,3.1153846153846154,3.119033716283726
S2324-G0769,D. Saric,2,5.438095238095238,5.438095238095232
S2324-G0769,D. Saric,4,3.1666666666666665,3.166666666666666
S2324-G0769,G. Foster,2,1.2,1.200000000000001
S2324-G0769,G. Payton II,1,6.166666666666667,6.166666666666664
S2324-G0769,G. Payton II,2,15.78,15.784942547648452
S2324-G0769,G. Payton II,3,0.8,0.7999999999999983
S2324-G0769,G. Payton II,4,0.8,0.7999999999999983
S2324-G0769,G. Santos,4,8.733333333333334,8.729890476190489
S2324-G0769,J. Clarkson,1,13.475,13.505166269841265
S2324-G0769,J. Clarkson,2,24.847619047619048,24.840925068395677
S2324-G0769,J. Clarkson,3,9.766666666666666,9.766666666666653
S2324-G0769,J. Clarkson,4,16.723809523809525,16.72658178855455
S2324-G0769,J. Collins,1,11.638095238095238,11.636479201354211
S2324-G0769,J. Collins,2,3.233333333333333,3.233333333333346
S2324-G0769,J. Collins,3,12.795238095238094,12.795142857142832
S2324-G0769,J. Collins,4,0.8,0.7999999999999992
S2324-G0769,J. Kuminga,1,17.442307692307693,17.442372710622667
S2324-G0769,J. Kuminga,2,12.836363636363636,12.83636363636364
S2324-G0769,J. Kuminga,3,9.455555555555556,9.455555555555533
S2324-G0769,J. Kuminga,4,0.8666666666666667,0.8666666666666683
S2324-G0769,K. Dunn,1,0.95,0.9499999999999976
S2324-G0769,K. Dunn,2,5.571428571428571,5.57142857142857
S2324-G0769,K. Dunn,3,7.425,7.424999999999971
S2324-G0769,K. Dunn,4,5.425,5.424999999999979
S2324-G0769,K. George,1,10.725,10.72499999999996
S2324-G0769,K. George,2,5.55,5.549999999999978
S2324-G0769,K. George,3,7.825,7.825000000000028
S2324-G0769,K. George,4,7.466666666666667,7.466666666666693
S2324-G0769,K. Looney,1,5.75,5.75
S2324-G0769,K. Looney,3,0.9142857142857144,0.9142857142857117
S2324-G0769,K. Thompson,1,15.106666666666666,15.106666666666605
S2324-G0769,K. Thompson,2,9.846666666666666,9.846666666666634
S2324-G0769,K. Thompson,3,23.76923076923077,23.774180631133596
S2324-G0769,K. Thompson,4,24.76969696969697,24.77743849201629
S2324-G0769,L. Markkanen,1,10.166666666666666,10.166612554112584
S2324-G0769,L. Markkanen,2,23.003030303030304,23.017665586533354
S2324-G0769,L. Markkanen,3,10.438095238095238,10.437988095238088
S2324-G0769,L. Markkanen,4,18.092307692307692,18.092793262293277
S2324-G0769,L. Quinones,1,3.2,3.2000000000000095
S2324-G0769,L. Quinones,2,3.1,3.099999999999994
S2324-G0769,L. Quinones,3,3.3,3.2999999999999967
S2324-G0769,L. Quinones,4,0.7714285714285714,0.7714285714285721
S2324-G0769,L. Samanic,4,1.0666666666666667,1.0666666666666644
S2324-G0769,M. Moody,4,19.520000000000003,23.549885750524005
S2324-G0769,O. Yurtseven,4,7.65,7.650000000000019
S2324-G0769,S. Curry,1,15.45,15.45443315018311
S2324-G0769,S. Curry,2,21.755844155844155,21.75467041847034
S2324-G0769,S. Curry,3,3.225,3.225000000000012
S2324-G0769,S. Curry,4,32.07333333333333,32.07982366061451
S2324-G0769,S. Wright,3,1.2,1.200000000000001
S2324-G0769,T. Hendricks,1,5.584415584415585,5.584415584415612
S2324-G0769,T. Hendricks,2,0.8,0.8000000000000003
S2324-G0769,T. Hendricks,3,0.8,0.799999999999999
S2324-G0769,T. Hendricks,4,0.9,0.9000000000000037
S2324-G0769,T. Horton-Tucker,1,9.55,9.549999999999969
S2324-G0769,T. Horton-Tucker,2,11.833333333333332,11.833333333333329
S2324-G0769,T. Horton-Tucker,3,5.441666666666666,5.426146597846606
S2324-G0769,T. Horton-Tucker,4,10.705555555555556,10.705045482295468
S2324-G0769,T. Jackson-Davis,3,10.733333333333334,10.735730952380957
S2324-G0769,T. Jackson-Davis,4,11.516666666666667,11.517128710178708
S2324-G0769,W. Kessler,1,7.555844155844156,7.555844155844167
S2324-G0769,W. Kessler,2,5.266666666666667,5.266666666666657
S2324-G0769,W. Kessler,3,7.612987012987014,7.612987012987033
S2324-G0769,W. Kessler,4,10.455555555555556,10.455555555555536
S2324-G0773,A. Green,2,5.425,5.424999999999979
S2324-G0773,A. Green,3,1.8666666666666667,1.8699714285714324
S2324-G0773,A. Green,4,15.568181818181818,15.561788816738849
S2324-G0773,A. Jackson Jr.,4,3.1,3.0999999999999948
S2324-G0773,A. Williams,4,3.1666666666666665,3.166666666666666
S2324-G0773,B. Adebayo,1,16.20952380952381,16.211217624042646
S2324-G0773,B. Adebayo,2,20.767307692307693,20.761254884004952
S2324-G0773,B. Adebayo,3,7.552380952380953,7.552380952380934
S2324-G0773,B. Adebayo,4,7.564285714285714,7.564285714285693
S2324-G0773,B. Lopez,1,9.943181818181818,9.939561640565309
S2324-G0773,B. Lopez,2,15.04,15.04004285714283
S2324-G0773,B. Lopez,3,5.525,5.524999999999992
S2324-G0773,B. Portis,1,12.164285714285713,12.164285714285741
S2324-G0773,B. Portis,2,23.742307692307694,23.746997871083217
S2324-G0773,B. Portis,3,3.1,3.0999999999999956
S2324-G0773,B. Portis,4,8.206666666666667,8.209284454434474
S2324-G0773,C. Martin,1,7.425,7.424999999999971
S2324-G0773,C. Martin,2,0.8666666666666667,0.8666666666666686
S2324-G0773,C. Martin,3,3.25,3.25
S2324-G0773,C. Swider,4,7.714285714285714,7.7144642857142935
S2324-G0773,D. Lillard,1,14.455844155844154,14.456227272727336
S2324-G0773,D. Lillard,2,10.775,10.77500000000004
S2324-G0773,D. Lillard,3,23.467307692307692,23.464262395353153
S2324-G0773,D. Lillard,4,3.125,3.125
S2324-G0773,D. Robinson,1,25.705882352941178,25.716108562271046
S2324-G0773,D. Robinson,2,13.814285714285713,13.814285714285694
S2324-G0773,D. Robinson,3,13.743956043956043,13.74310654345659
S2324-G0773,G. Antetokounmpo,1,31.445833333333333,31.436943824815504
S2324-G0773,G. Antetokounmpo,2,14.827272727272726,14.828710317460347
S2324-G0773,G. Antetokounmpo,3,21.082995951417004,21.08453747703534
S2324-G0773,G. Antetokounmpo,4,0.7714285714285714,0.7714285714285721
S2324-G0773,H. Highsmith,1,0.8666666666666667,0.8666666666666686
S2324-G0773,H. Highsmith,2,9.766666666666666,9.766666666666653
S2324-G0773,H. Highsmith,3,1.0666666666666667,1.0666666666666644
S2324-G0773,H. Highsmith,4,3.3,3.2998888888888853
S2324-G0773,J. Cain,4,5.366666666666667,5.366666666666669
S2324-G0773,J. Crowder,1,5.166666666666667,5.1666666666666465
S2324-G0773,J. Crowder,2,0.8,0.799999999999998
S2324-G0773,J. Crowder,3,0.8666666666666667,0.8666666666666681
S2324-G0773,J. Jaquez Jr.,1,11.814285714285713,11.814285714285694
S2324-G0773,J. Jaquez Jr.,2,14.2,14.200205128205102
S2324-G0773,J. Jaquez Jr.,3,9.925,9.92516396103893
S2324-G0773,J. Jaquez Jr.,4,7.5,7.495732473082467
S2324-G0773,K. Love,1,4.300000000000001,4.30020833333332
S2324-G0773,K. Love,2,0.838095238095238,0.8380952380952358
S2324-G0773,K. Love,3,12.552380952380952,12.54941820744614
S2324-G0773,K. Love,4,23.557142857142857,23.55119061632813
S2324-G0773,M. Beasley,1,18.066666666666666,18.06666666666663
S2324-G0773,M. Beasley,2,3.35,3.350000000000013
S2324-G0773,M. Beasley,3,12.767857142857142,12.766791458541482
S2324-G0773,M. Beasley,4,8.466666666666667,8.466666666666692
S2324-G0773,M. Beauchamp,4,18.400000000000002,18.393021928071924
S2324-G0773,N. Jovic,1,21.158730158730158,21.163191487678958
S2324-G0773,N. Jovic,2,8.466666666666667,8.466666666666692
S2324-G0773,N. Jovic,3,22.55,22.551756218781257
S2324-G0773,N. Jovic,4,5.5,5.5
S2324-G0773,O. Robinson,4,5.383333333333333,5.383333333333331
S2324-G0773,P. Beverley,2,3.2777777777777777,3.277982905982912
S2324-G0773,P. Beverley,3,6.1,6.099999999999995
S2324-G0773,P. Beverley,4,3.125,3.125
S2324-G0773,P. Chilcutt,3,1.2,1.200000000000001
S2324-G0773,P. Connaughton,1,0.95,0.9499999999999977
S2324-G0773,P. Connaughton,2,0.7555555555555555,0.7555555555555578
S2324-G0773,P. Connaughton,3,3.4333333333333336,3.4333333333333225
S2324-G0773,P. Connaughton,4,3.3000000000000003,3.2999999999999967
S2324-G0773,T. Antetokounmpo,4,5.25,5.25
S2324-G0773,T. Herro,1,12.814285714285713,12.814285714285694
S2324-G0773,T. Herro,2,25.05,25.077494734024135
S2324-G0773,T. Herro,3,12.066666666666666,12.067377777777754
S2324-G0773,T. Herro,4,9.506666666666666,9.506666666666662
S2324-G0773,T. Washington Jr.,4,3.25,3.25
S2324-G0778,A. Black,1,12.244444444444445,12.244444444444486
S2324-G0778,A. Black,2,0.8666666666666667,0.8666666666666678
S2324-G0778,A. Black,3,7.5777777777777775,7.577777777777782
S2324-G0778,A. Black,4,3.1,3.0999999999999943
S2324-G0778,A. Burks,1,12.23,12.230000000000016
S2324-G0778,A. Burks,2,17.166666666666664,17.166666666666625
S2324-G0778,A. Burks,3,16.87777777777778,16.847105647130633
S2324-G0778,A. Burks,4,7.514285714285714,7.514285714285733
S2324-G0778,A. Schofield,4,6.25,6.25
S2324-G0778,C. Anthony,1,3.1380952380952376,3.1380952380952376
S2324-G0778,C. Anthony,2,16.0,16.000278846153847
S2324-G0778,C. Anthony,3,5.166666666666667,5.1666666666666465
S2324-G0778,C. Anthony,4,8.575,8.57500000000003
S2324-G0778,C. Houstan,1,6.166666666666667,6.166666666666664
S2324-G0778,C. Houstan,2,0.8666666666666667,0.8666666666666685
S2324-G0778,C. Houstan,3,8.514285714285714,8.514285714285732
S2324-G0778,C. Houstan,4,0.8666666666666667,0.8666666666666681
S2324-G0778,C. Laettner,3,1.2,1.200000000000001
S2324-G0778,C. Okeke,4,0.8666666666666667,0.866666666666669
S2324-G0778,D. Curry,2,1.2,1.200000000000001
S2324-G0778,F. Wagner,1,21.784415584415584,21.784272727272704
S2324-G0778,F. Wagner,2,7.275,7.274962312687324
S2324-G0778,F. Wagner,3,16.614285714285714,16.60647844655347
S2324-G0778,F. Wagner,4,9.18,9.188934379509393
S2324-G0778,G. Bitadze,4,0.875,0.875
S2324-G0778,J. Brunson,1,46.46623376623376,46.6442914603053
S2324-G0778,J. Brunson,2,9.814285714285713,9.814285714285694
S2324-G0778,J. Brunson,3,21.585714285714285,21.591746788260792
S2324-G0778,J. Brunson,4,7.366666666666667,7.366583333333306
S2324-G0778,J. Hart,1,16.466666666666665,16.462450000000025
S2324-G0778,J. Hart,2,3.071428571428571,3.0714285714285636
S2324-G0778,J. Hart,3,5.6,5.600031746031752
S2324-G0778,J. Howard,4,3.25,3.25
S2324-G0778,J. Ingles,1,3.1666666666666665,3.166666666666666
S2324-G0778,J. Ingles,2,6.25,6.249329545454546
S2324-G0778,J. Ingles,3,6.366666666666667,6.366666666666651
S2324-G0778,J. Ingles,4,0.8666666666666667,0.8666666666666675
S2324-G0778,J. Isaac,1,1.0,1.0
S2324-G0778,J. Isaac,2,11.866666666666665,11.86666666666664
S2324-G0778,J. Isaac,4,9.564285714285713,9.564285714285694
S2324-G0778,J. Sims,1,2.0,2.0
S2324-G0778,J. Sims,2,5.166666666666667,5.1666666666666465
S2324-G0778,J. Sims,3,9.799999999999999,9.800166666666636
S2324-G0778,J. Sims,4,6.233333333333333,6.233333333333344
S2324-G0778,J. Toppin,2,0.825,0.8249999999999992
S2324-G0778,J. Toppin,4,28.0675,28.073581569539886
S2324-G0778,K. Harris,4,12.100000000000001,12.098379076479043
S2324-G0778,M. McBride,1,10.733333333333334,10.736730952380956
S2324-G0778,M. McBride,2,13.095238095238095,13.095327976190458
S2324-G0778,M. McBride,3,3.25,3.25
S2324-G0778,M. McBride,4,10.066666666666666,10.069219488844471
S2324-G0778,M. Wagner,2,15.97012987012987,15.984243564768558
S2324-G0778,M. Wagner,4,7.466666666666667,7.466666666666693
S2324-G0778,P. Achiuwa,1,11.911111111111111,11.91111111111108
S2324-G0778,P. Achiuwa,2,17.614285714285714,17.587959799922256
S2324-G0778,P. Achiuwa,3,19.213675213675213,19.21146887556892
S2324-G0778,P. Achiuwa,4,15.35,15.349531746031708
S2324-G0778,P. Banchero,1,19.15,19.15167418414924
S2324-G0778,P. Banchero,2,27.73333333333333,27.737628848928836
S2324-G0778,P. Banchero,3,24.2,24.199743467480253
S2324-G0778,P. Banchero,4,14.738095238095237,14.73834804182748
S2324-G0778,T. Gibson,1,0.8666666666666667,0.8666666666666677
S2324-G0778,T. Gibson,2,0.8,0.7999999999999983
S2324-G0778,T. Gibson,4,0.8666666666666667,0.8666666666666676
S2324-G0778,T. Queen,1,0.8666666666666667,0.866666666666669
S2324-G0778,T. Queen,4,5.866666666666667,5.866666666666658
S2324-G0778,W. Carter Jr.,1,13.866666666666665,13.86666666666666
S2324-G0778,W. Carter Jr.,2,0.8666666666666667,0.8666666666666678
S2324-G0778,W. Carter Jr.,3,8.641558441558441,8.640225036075014
S2324-G0786,A. Gordon,1,13.975,13.974118614718563
S2324-G0786,A. Gordon,2,20.677777777777777,20.672583853646398
S2324-G0786,A. Gordon,3,16.50952380952381,16.51262995615494
S2324-G0786,A. Gordon,4,12.733333333333333,12.680541089466063
S2324-G0786,A. Len,1,5.55,5.549999999999979
S2324-G0786,A. Len,2,0.838095238095238,0.8380952380952358
S2324-G0786,C. Braun,1,10.766666666666666,10.766666666666662
S2324-G0786,C. Braun,2,7.586666666666667,7.586666666666649
S2324-G0786,C. Braun,3,1.2666666666666666,1.2591666666666714
S2324-G0786,C. Braun,4,3.2066666666666666,3.2066666666666697
S2324-G0786,C. Duarte,4,8.533333333333333,8.533333333333315
S2324-G0786,C. Gillespie,1,5.546666666666667,5.546666666666649
S2324-G0786,C. Gillespie,2,3.2,3.2000000000000095
S2324-G0786,C. Gillespie,3,6.133333333333333,6.133416666666679
S2324-G0786,C. Gillespie,4,3.105555555555555,3.1055555555555645
S2324-G0786,D. Fox,1,21.135897435897437,21.138877009101996
S2324-G0786,D. Fox,2,20.447058823529414,20.449675521146354
S2324-G0786,D. Fox,3,8.5,8.4997
S2324-G0786,D. Fox,4,43.69583333333333,43.58989586628107
S2324-G0786,D. Mitchell,1,6.1,6.099999999999995
S2324-G0786,D. Mitchell,2,3.1,3.099999999999994
S2324-G0786,D. Sabonis,1,14.136507936507936,14.136175962925936
S2324-G0786,D. Sabonis,2,16.447499999999998,16.44994062693843
S2324-G0786,D. Sabonis,3,24.925714285714285,24.918933048895518
S2324-G0786,D. Sabonis,4,5.233333333333333,5.233333333333346
S2324-G0786,H. Barnes,1,5.506666666666667,5.5066666666666615
S2324-G0786,H. Barnes,2,16.767857142857142,16.789841448502496
S2324-G0786,H. Barnes,3,15.852380952380951,15.851487445887436
S2324-G0786,H. Barnes,4,6.166666666666667,6.166666666666664
S2324-G0786,J. Holiday,1,6.166666666666667,6.166666666666664
S2324-G0786,J. Holiday,2,10.944444444444445,10.944470085470039
S2324-G0786,J. Holiday,3,5.16969696969697,5.169696969696953
S2324-G0786,J. Holiday,4,7.8999999999999995,7.89988888888891
S2324-G0786,K. Ellis,2,5.5,5.5
S2324-G0786,K. Huerter,1,8.55,8.54999999999997
S2324-G0786,K. Huerter,2,5.136363636363637,5.136363636363629
S2324-G0786,K. Huerter,3,13.186666666666666,13.18666666666664
S2324-G0786,K. Murray,1,10.152380952380952,10.152216708291744
S2324-G0786,K. Murray,2,0.9,0.9000000000000035
S2324-G0786,K. Murray,3,14.177777777777779,14.177777777777795
S2324-G0786,K. Murray,4,2.8055555555555554,2.8055555555555465
S2324-G0786,M. Monk,1,7.814285714285714,7.814285714285693
S2324-G0786,M. Monk,2,9.74,9.740000000000007
S2324-G0786,M. Monk,3,5.233333333333333,5.233333333333346
S2324-G0786,M. Monk,4,12.212987012987012,12.213306429681424
S2324-G0786,M. Porter Jr.,1,17.436507936507937,17.435761852036862
S2324-G0786,M. Porter Jr.,2,14.0,13.992791181041174
S2324-G0786,M. Porter Jr.,3,13.075,13.074999999999983
S2324-G0786,M. Porter Jr.,4,17.036363636363635,17.036515151515125
S2324-G0786,N. Jokic,1,11.766666666666666,11.766666666666683
S2324-G0786,N. Jokic,2,13.211111111111112,13.211365079365146
S2324-G0786,N. Jokic,3,21.103174603174605,21.10682387840917
S2324-G0786,N. Jokic,4,11.82,11.820000000000004
S2324-G0786,P. Watson,1,0.9333333333333332,0.9333333333333365
S2324-G0786,P. Watson,2,5.514285714285714,5.51428571428573
S2324-G0786,P. Watson,3,6.166666666666667,6.166666666666664
S2324-G0786,P. Watson,4,3.22,3.2208389610389765
S2324-G0786,R. Jackson,1,9.766666666666666,9.766666666666653
S2324-G0786,R. Jackson,2,14.155844155844155,14.155844155844113
S2324-G0786,R. Jackson,3,7.506666666666667,7.5066666666666615
S2324-G0786,R. Jackson,4,14.06969696969697,14.06981277056274
S2324-G0786,T. Lyles,1,3.1666666666666665,3.166666666666666
S2324-G0786,T. Lyles,2,0.8666666666666667,0.8666666666666675
S2324-G0786,T. Lyles,3,3.25,3.25
S2324-G0786,T. Lyles,4,11.933333333333334,11.93349821746883
S2324-G0786,Z. Nnaji,1,9.600000000000001,9.599999999999966
S2324-G0786,Z. Nnaji,2,7.733333333333333,7.733033333333344
S2324-G0786,Z. Nnaji,4,2.99,3.000332195582199
S2324-G0788,A. Davis,1,22.504545454545454,22.50917108953142
S2324-G0788,A. Davis,2,16.213675213675213,16.21367521367526
S2324-G0788,A. Davis,3,38.877375565610855,38.896419793686775
S2324-G0788,A. Davis,4,21.112987012987013,21.120535550560554
S2324-G0788,A. Reaves,1,22.75,22.752594342422285
S2324-G0788,A. Reaves,2,9.436363636363637,9.436530303030345
S2324-G0788,A. Reaves,3,11.525,11.525046703296745
S2324-G0788,A. Reaves,4,11.911111111111111,11.91111111111108
S2324-G0788,B. Sensabaugh,4,10.966666666666667,10.966666666666686
S2324-G0788,C. Castleton,4,5.166666666666667,5.1666666666666465
S2324-G0788,C. Sexton,1,12.766666666666666,12.766666666666698
S2324-G0788,C. Sexton,2,5.55,5.549999999999978
S2324-G0788,C. Sexton,3,32.61111111111111,32.61919171384166
S2324-G0788,C. Sexton,4,5.166666666666667,5.1666666666666465
S2324-G0788,C. Wood,1,7.514285714285714,7.514285714285733
S2324-G0788,C. Wood,4,7.912987012987013,7.915321464646484
S2324-G0788,D. Russell,1,11.833333333333332,11.833333333333329
S2324-G0788,D. Russell,2,10.625,10.626365476190477
S2324-G0788,D. Russell,3,9.944444444444445,9.9444444444444
S2324-G0788,D. Russell,4,0.903030303030303,0.9069990259740279
S2324-G0788,D. Windler,1,5.5,5.5
S2324-G0788,D. Windler,2,6.2,6.200000000000022
S2324-G0788,D. Windler,4,3.1666666666666665,3.166666666666666
S2324-G0788,J. Clarkson,1,7.671428571428571,7.671599206349211
S2324-G0788,J. Clarkson,2,25.49145299145299,25.51253601398599
S2324-G0788,J. Clarkson,3,7.425,7.424999999999971
S2324-G0788,J. Clarkson,4,12.117307692307692,12.119555097680156
S2324-G0788,J. Collins,1,7.859999999999999,7.864644985569971
S2324-G0788,J. Collins,2,16.212987012987014,16.212990476190477
S2324-G0788,J. Collins,3,3.2844155844155845,3.284415584415578
S2324-G0788,J. Collins,4,10.626666666666667,10.626436183261232
S2324-G0788,J. Hayes,2,0.7714285714285714,0.7714285714285721
S2324-G0788,J. Hayes,4,9.425,9.424999999999969
S2324-G0788,K. Dunn,1,18.23,18.231980117431593
S2324-G0788,K. Dunn,2,5.233333333333333,5.233333333333346
S2324-G0788,K. Dunn,3,5.1,5.100000000000014
S2324-G0788,K. George,1,18.095238095238095,18.09511038961037
S2324-G0788,K. George,2,3.25,3.25
S2324-G0788,K. George,3,7.564285714285714,7.564285714285693
S2324-G0788,K. George,4,8.5,8.5
S2324-G0788,K. Lewis Jr.,4,3.25,3.25
S2324-G0788,L. Markkanen,1,17.46042780748663,17.46187933569699
S2324-G0788,L. Markkanen,2,20.466666666666665,20.46664285714288
S2324-G0788,L. Markkanen,3,0.9047619047619047,0.9047619047619005
S2324-G0788,L. Markkanen,4,15.366666666666665,15.370467328749694
S2324-G0788,L. Samanic,4,6.25,6.25
S2324-G0788,O. Yurtseven,4,2.15,2.1499999999999932
S2324-G0788,R. Hachimura,1,24.703030303030303,24.717002342102283
S2324-G0788,R. Hachimura,2,23.32857142857143,23.35740099155229
S2324-G0788,R. Hachimura,3,19.53333333333333,19.53211599511597
S2324-G0788,R. Hachimura,4,15.814285714285713,15.814637806637785
S2324-G0788,S. Dinwiddie,1,3.1666666666666665,3.166666666666666
S2324-G0788,S. Dinwiddie,2,12.716666666666667,12.71346322043971
S2324-G0788,S. Dinwiddie,3,5.166666666666667,5.1666666666666465
S2324-G0788,S. Dinwiddie,4,6.1,6.099999999999995
S2324-G0788,T. Hendricks,1,7.938095238095238,7.938217532467526
S2324-G0788,T. Hendricks,2,6.071428571428571,6.071428571428578
S2324-G0788,T. Hendricks,3,14.06969696969697,14.069694444444412
S2324-G0788,T. Hendricks,4,5.25,5.25
S2324-G0788,T. Horton-Tucker,2,12.799999999999999,12.80000000000001
S2324-G0788,T. Horton-Tucker,3,3.1666666666666665,3.166666666666666
S2324-G0788,T. Horton-Tucker,4,5.314285714285714,5.314285714285695
S2324-G0788,T. Prince,1,7.966666666666667,7.9680952380952546
S2324-G0788,T. Prince,2,5.166666666666667,5.1666666666666465
S2324-G0788,T. Prince,3,9.506666666666666,9.506666666666662
S2324-G0788,T. Prince,4,10.506666666666666,10.506666666666662
S2324-G0788,W. Kessler,1,9.929166666666667,9.93473533533463
S2324-G0788,W. Kessler,2,9.506666666666666,9.506666666666662
S2324-G0788,W. Kessler,3,14.480952380952381,14.477652521579735
S2324-G0788,W. Kessler,4,11.85,11.849999999999957
S2324-G0789,A. Coffey,1,9.966666666666665,9.969773484848497
S2324-G0789,A. Coffey,3,12.85,12.849999999999952
S2324-G0789,A. Coffey,4,10.314285714285713,10.394901923076931
S2324-G0789,A. Wiggins,1,10.925,10.916297619047612
S2324-G0789,A. Wiggins,2,10.033333333333335,10.033333333333314
S2324-G0789,A. Wiggins,3,12.827272727272726,12.827272727272737
S2324-G0789,A. Wiggins,4,3.175,3.1749999999999985
S2324-G0789,B. Boston Jr.,2,10.103030303030303,10.103986521811493
S2324-G0789,B. Podziemski,1,7.2,7.195694039294053
S2324-G0789,B. Podziemski,2,15.74,15.738932142857074
S2324-G0789,B. Podziemski,3,18.099999999999998,18.10007142857137
S2324-G0789,B. Podziemski,4,15.192307692307692,15.192173794261254
S2324-G0789,D. Green,1,10.875,10.875368390819709
S2324-G0789,D. Green,2,9.964285714285714,9.966492857142878
S2324-G0789,D. Green,3,10.266666666666666,10.278608766233754
S2324-G0789,D. Green,4,9.533333333333333,9.533333333333314
S2324-G0789,D. Saric,2,5.566666666666667,5.566670833333351
S2324-G0789,G. Payton II,1,5.055555555555555,5.055454545454534
S2324-G0789,G. Payton II,2,3.1666666666666665,3.166666666666666
S2324-G0789,G. Payton II,3,0.9,0.9000000000000037
S2324-G0789,G. Payton II,4,0.8,0.799999999999998
S2324-G0789,I. Zubac,1,5.25,5.25
S2324-G0789,I. Zubac,2,8.60952380952381,8.609626387501393
S2324-G0789,I. Zubac,3,13.986153846153847,13.992373862248876
S2324-G0789,I. Zubac,4,5.2,5.20000000000002
S2324-G0789,J. Harden,1,12.814285714285713,12.814285714285694
S2324-G0789,J. Harden,2,25.517857142857142,25.507327007787577
S2324-G0789,J. Harden,3,9.2,9.239665273615273
S2324-G0789,J. Harden,4,9.82,9.819927272727254
S2324-G0789,J. Kuminga,1,16.1,16.099999999999945
S2324-G0789,J. Kuminga,2,9.836507936507935,9.84182310744815
S2324-G0789,J. Kuminga,3,7.5,7.5
S2324-G0789,J. Kuminga,4,13.203030303030303,13.212041980241953
S2324-G0789,K. Looney,1,2.8055555555555554,2.806277777777769
S2324-G0789,K. Looney,3,5.1,5.100000000000014
S2324-G0789,K. Looney,4,0.8,0.799999999999998
S2324-G0789,K. Thompson,1,14.217307692307692,14.211711935286935
S2324-G0789,K. Thompson,2,3.071428571428571,3.071428571428564
S2324-G0789,K. Thompson,3,9.738095238095237,9.738095238095198
S2324-G0789,K. Thompson,4,20.692857142857143,20.69568916238986
S2324-G0789,L. Quinones,1,1.875,1.8750977272727272
S2324-G0789,L. Quinones,2,9.914285714285713,9.914285714285766
S2324-G0789,M. Moody,3,13.884415584415583,13.88441558441553
S2324-G0789,M. Moody,4,0.8666666666666667,0.8666666666666671
S2324-G0789,M. Plumlee,1,14.275,14.281338203463235
S2324-G0789,M. Plumlee,2,0.8666666666666667,0.8666666666666681
S2324-G0789,M. Plumlee,3,0.8666666666666667,0.8666666666666676
S2324-G0789,M. Plumlee,4,9.711111111111112,9.711499184149227
S2324-G0789,N. Powell,1,0.8666666666666667,0.866666666666668
S2324-G0789,N. Powell,2,20.666666666666668,20.677838593840743
S2324-G0789,N. Powell,3,6.166666666666667,6.166666666666664
S2324-G0789,N. Powell,4,26.75,26.77218906501993
S2324-G0789,P. George,1,19.414285714285715,19.416468271842525
S2324-G0789,P. George,2,3.2642857142857142,3.264285714285725
S2324-G0789,P. George,3,31.779166666666665,31.76365849322248
S2324-G0789,P. George,4,12.7,12.700699410311918
S2324-G0789,R. Westbrook,1,14.405555555555555,14.451641966366978
S2324-G0789,R. Westbrook,2,8.48,8.480000000000015
S2324-G0789,R. Westbrook,3,3.1666666666666665,3.166666666666666
S2324-G0789,R. Westbrook,4,24.786363636363635,24.78357433579492
S2324-G0789,S. Curry,1,19.68,19.70758955488951
S2324-G0789,S. Curry,2,34.74155844155844,34.68946974061795
S2324-G0789,S. Curry,3,30.06754385964912,30.073112293189286
S2324-G0789,S. Curry,4,31.71818181818182,31.717048671018425
S2324-G0789,T. Mann,1,6.48,6.480312043512056
S2324-G0789,T. Mann,2,11.806666666666667,11.806666666666658
S2324-G0789,T. Mann,3,11.884415584415583,11.88441558441556
S2324-G0789,T. Mann,4,0.8666666666666667,0.8666666666666678
S2324-G0799,A. Coffey,1,11.533333333333333,11.533333333333314
S2324-G0799,A. Coffey,2,3.1,3.0999999999999943
S2324-G0799,A. Coffey,3,3.35,3.350000000000013
S2324-G0799,A. Coffey,4,12.06969696969697,12.070069624819599
S2324-G0799,A. Wiggins,1,8.533333333333333,8.533333333333315
S2324-G0799,A. Wiggins,2,10.911111111111111,10.911111111111081
S2324-G0799,A. Wiggins,3,6.29,6.289999999999981
S2324-G0799,B. Boston Jr.,4,9.633333333333335,9.63333333333338
S2324-G0799,C. Holmgren,1,11.600000000000001,11.59934603174599
S2324-G0799,C. Holmgren,2,17.405882352941177,17.4061277537822
S2324-G0799,C. Holmgren,3,4.344444444444444,4.344484776334769
S2324-G0799,C. Holmgren,4,15.215384615384615,15.20780045232545
S2324-G0799,C. Wallace,1,6.3,6.299999999999978
S2324-G0799,C. Wallace,2,0.8666666666666667,0.8666666666666683
S2324-G0799,C. Wallace,3,0.8666666666666667,0.8666666666666673
S2324-G0799,C. Wallace,4,9.57777777777778,9.577777777777781
S2324-G0799,G. Hayward,2,3.233333333333333,3.233333333333346
S2324-G0799,G. Hayward,4,3.125,3.125
S2324-G0799,I. Joe,1,3.25,3.25
S2324-G0799,I. Joe,2,0.8,0.8000000000000007
S2324-G0799,I. Joe,3,19.19,19.18970691808196
S2324-G0799,I. Joe,4,0.8666666666666667,0.8666666666666686
S2324-G0799,I. Zubac,1,13.799999999999999,13.800000000000022
S2324-G0799,I. Zubac,2,7.886666666666667,7.886666666666697
S2324-G0799,I. Zubac,3,19.59206349206349,19.589555155955136
S2324-G0799,I. Zubac,4,3.2272727272727275,3.2274155844155956
S2324-G0799,J. Giddey,1,14.5,14.498465778992248
S2324-G0799,J. Giddey,2,2.8,2.8019166666666706
S2324-G0799,J. Giddey,3,8.527272727272727,8.527272727272708
S2324-G0799,J. Giddey,4,12.89,12.89000000000001
S2324-G0799,J. Harden,1,14.22857142857143,14.228571428571415
S2324-G0799,J. Harden,2,12.873333333333333,12.874357287157272
S2324-G0799,J. Harden,3,0.8666666666666667,0.866666666666667
S2324-G0799,J. Harden,4,13.564285714285713,13.586152342102332
S2324-G0799,J. Williams,1,8.48,8.480000000000015
S2324-G0799,J. Williams,2,8.503030303030304,8.503030303030302
S2324-G0799,J. Williams,3,3.2030303030303027,3.203030303030303
S2324-G0799,J. Williams,4,31.301098901098904,31.306657378079375
S2324-G0799,K. Leonard,1,18.0,18.000702594627597
S2324-G0799,K. Leonard,2,11.89,11.89000000000002
S2324-G0799,K. Leonard,3,20.4075,20.405596077859975
S2324-G0799,K. Leonard,4,0.8666666666666667,0.8666666666666668
S2324-G0799,K. Williams,1,7.683333333333333,7.683333333333337
S2324-G0799,K. Williams,2,9.9,9.900000000000036
S2324-G0799,K. Williams,3,6.125,6.125
S2324-G0799,K. Williams,4,3.1666666666666665,3.166666666666666
S2324-G0799,L. Dort,1,10.55,10.549999999999976
S2324-G0799,L. Dort,2,8.466666666666667,8.466666666666692
S2324-G0799,L. Dort,3,17.23,17.229823931623944
S2324-G0799,L. Dort,4,16.436507936507937,16.429647389130476
S2324-G0799,M. Plumlee,1,3.1666666666666665,3.166666666666666
S2324-G0799,M. Plumlee,4,5.3,5.29999999999998
S2324-G0799,N. Powell,1,0.9333333333333332,0.9333333333333365
S2324-G0799,N. Powell,2,31.05873015873016,31.058998258896303
S2324-G0799,N. Powell,3,10.966666666666667,10.966571428571447
S2324-G0799,N. Powell,4,14.49,14.488810317460263
S2324-G0799,O. Sarr,4,0.8666666666666667,0.866666666666669
S2324-G0799,P. George,1,14.166666666666666,14.166666666666647
S2324-G0799,P. George,2,15.484415584415583,15.484392857142883
S2324-G0799,P. George,3,7.514285714285714,7.514285714285733
S2324-G0799,P. George,4,17.466666666666665,17.46666666666669
S2324-G0799,R. Westbrook,1,12.06969696969697,12.06433636363634
S2324-G0799,R. Westbrook,3,12.375,12.397001406926423
S2324-G0799,R. Westbrook,4,0.9000000000000001,0.9000000000000038
S2324-G0799,S. Gilgeous-Alexander,1,23.614285714285714,23.606309739606857
S2324-G0799,S. Gilgeous-Alexander,2,20.45,20.45033333333326
S2324-G0799,S. Gilgeous-Alexander,3,23.767307692307693,23.766758104395628
S2324-G0799,S. Gilgeous-Alexander,4,10.671794871794871,10.691402793040295
S2324-G0799,T. Mann,1,8.506666666666666,8.506666666666662
S2324-G0799,T. Mann,2,0.95,0.9499999999999977
S2324-G0799,T. Mann,3,15.455844155844154,15.455718819579179
S2324-G0799,T. Mann,4,5.166666666666667,5.1666666666666465
S2324-G0803,A. Len,1,5.199999999999999,5.20000000000002
S2324-G0803,A. Len,2,0.8666666666666667,0.866666666666667
S2324-G0803,A. Len,3,0.95,0.9499999999999977
S2324-G0803,A. Len,4,12.264285714285714,12.264285714285693
S2324-G0803,B. Wesley,2,3.071428571428571,3.071428571428564
S2324-G0803,B. Wesley,3,9.697142857142858,9.697142857142822
S2324-G0803,B. Wesley,4,3.1666666666666665,3.166666666666666
S2324-G0803,C. Duarte,2,11.533333333333333,11.533333333333314
S2324-G0803,C. Duarte,4,3.071428571428571,3.0714285714285636
S2324-G0803,C. Osman,1,0.8666666666666667,0.866666666666669
S2324-G0803,C. Osman,2,12.814285714285713,12.814285714285694
S2324-G0803,C. Osman,4,3.2142857142857144,3.2142857142857086
S2324-G0803,D. Fox,1,11.875,11.875
S2324-G0803,D. Fox,2,23.73333333333333,23.72969806329288
S2324-G0803,D. Fox,3,14.205714285714286,14.20521152458653
S2324-G0803,D. Fox,4,23.48095238095238,23.48119246766305
S2324-G0803,D. Mitchell,2,5.466666666666667,5.46666666666669
S2324-G0803,D. Mitchell,3,0.8,0.799999999999998
S2324-G0803,D. Mitchell,4,0.8666666666666667,0.8666666666666681
S2324-G0803,D. Sabonis,1,18.191452991452994,18.1904638278388
S2324-G0803,D. Sabonis,2,11.683333333333334,11.683763888888912
S2324-G0803,D. Sabonis,3,7.586666666666667,7.586666666666649
S2324-G0803,D. Sabonis,4,22.813675213675214,22.815624542124528
S2324-G0803,D. Vassell,1,24.427272727272726,24.438703482138795
S2324-G0803,D. Vassell,2,16.066666666666666,16.066666666666634
S2324-G0803,D. Vassell,3,15.23,15.230000000000016
S2324-G0803,D. Vassell,4,21.455844155844154,21.455687229437284
S2324-G0803,H. Barnes,1,5.438095238095238,5.438095238095232
S2324-G0803,H. Barnes,3,11.97,11.970343506493498
S2324-G0803,H. Barnes,4,2.0,2.0
S2324-G0803,J. Champagnie,1,11.466666666666667,11.466666666666686
S2324-G0803,J. Champagnie,2,5.8,5.713125000000016
S2324-G0803,J. Champagnie,3,9.59,9.589999999999968
S2324-G0803,J. Sochan,1,16.5,16.50110891330891
S2324-G0803,J. Sochan,2,11.775,11.775000000000043
S2324-G0803,J. Sochan,3,22.906153846153845,22.899845188145132
S2324-G0803,J. Sochan,4,3.1666666666666665,3.166666666666666
S2324-G0803,K. Huerter,1,13.864285714285714,13.864285714285733
S2324-G0803,K. Huerter,2,20.417307692307695,20.416578054298572
S2324-G0803,K. Huerter,3,21.766666666666666,21.767773321123386
S2324-G0803,K. Huerter,4,0.8,0.8000000000000003
S2324-G0803,K. Johnson,1,9.814285714285713,9.814285714285694
S2324-G0803,K. Johnson,2,11.875,11.875
S2324-G0803,K. Johnson,3,3.35,3.350000000000013
S2324-G0803,K. Johnson,4,24.427272727272726,24.437639974323083
S2324-G0803,K. Murray,1,17.427272727272726,17.42729870129874
S2324-G0803,K. Murray,2,2.9,2.900136247086236
S2324-G0803,K. Murray,3,12.928571428571429,12.928690584415577
S2324-G0803,K. Murray,4,9.533333333333333,9.533333333333314
S2324-G0803,M. Branham,1,3.1666666666666665,3.166666666666666
S2324-G0803,M. Branham,2,3.25,3.2497727272727275
S2324-G0803,M. Branham,4,15.177777777777779,15.177515262515286
S2324-G0803,M. Monk,1,9.766666666666666,9.766666666666653
S2324-G0803,M. Monk,2,12.803030303030303,12.803030303030312
S2324-G0803,M. Monk,3,18.518181818181816,18.53005634920638
S2324-G0803,M. Monk,4,18.18095238095238,18.180980952381013
S2324-G0803,T. Jones,1,5.125,5.125
S2324-G0803,T. Jones,2,9.766666666666666,9.766666666666653
S2324-G0803,T. Jones,3,11.877777777777778,11.877777777777748
S2324-G0803,T. Jones,4,5.166666666666667,5.1666666666666465
S2324-G0803,T. Lyles,1,15.406666666666666,15.407241372516417
S2324-G0803,T. Lyles,2,4.4,4.402988095238081
S2324-G0803,T. Lyles,4,0.8,0.7999999999999983
S2324-G0803,V. Wembanyama,1,21.22222222222222,21.221367293817288
S2324-G0803,V. Wembanyama,2,14.25,14.249537555255202
S2324-G0803,V. Wembanyama,3,11.933333333333334,11.932604939994668
S2324-G0803,V. Wembanyama,4,24.231221719457015,24.198295595580902
S2324-G0803,Z. Collins,1,7.633333333333333,7.633333333333363
S2324-G0803,Z. Collins,2,3.1,3.0999999999999943
S2324-G0803,Z. Collins,3,4.314285714285714,4.313535714285697
S2324-G0803,Z. Collins,4,0.9,0.9000000000000037
S2324-G0807,A. Coffey,2,7.425,7.424999999999971
S2324-G0807,A. Coffey,3,7.886666666666667,7.886666666666697
S2324-G0807,A. Coffey,4,3.071428571428571,3.0714285714285636
S2324-G0807,D. Rose,1,7.466666666666667,7.466666666666693
S2324-G0807,D. Rose,2,3.1,3.0999999999999943
S2324-G0807,D. Rose,4,7.63,7.629975000000034
S2324-G0807,G. Jackson II,1,12.106666666666666,12.106666666666616
S2324-G0807,G. Jackson II,2,10.533333333333333,10.533333333333314
S2324-G0807,G. Jackson II,3,9.93,9.93000000000002
S2324-G0807,G. Jackson II,4,3.0,3.0
S2324-G0807,I. Zubac,1,5.206666666666667,5.206666666666683
S2324-G0807,I. Zubac,2,7.525,7.525000000000018
S2324-G0807,I. Zubac,3,11.985714285714286,11.985751623376641
S2324-G0807,I. Zubac,4,5.085454545454546,5.085484615384629
S2324-G0807,J. Harden,1,3.1666666666666665,3.166666666666666
S2324-G0807,J. Harden,2,11.7,11.699158341658348
S2324-G0807,J. Harden,3,7.836363636363637,7.8364675324675135
S2324-G0807,J. Harden,4,8.371428571428572,8.371428571428606
S2324-G0807,J. Jackson Jr.,1,31.688888888888886,31.675749446507176
S2324-G0807,J. Jackson Jr.,2,15.155844155844155,15.155928571428525
S2324-G0807,J. Jackson Jr.,3,18.55,18.54985551948058
S2324-G0807,J. Jackson Jr.,4,25.193181818181817,25.19431044861578
S2324-G0807,J. Konchar,1,6.166666666666667,6.166666666666664
S2324-G0807,J. Konchar,2,0.8,0.7999999999999987
S2324-G0807,J. Konchar,3,7.525,7.525000000000018
S2324-G0807,J. Konchar,4,5.206666666666667,5.206666666666683
S2324-G0807,J. LaRavia,1,5.666666666666667,5.666333333333328
S2324-G0807,J. LaRavia,2,17.9,17.901111796536828
S2324-G0807,J. LaRavia,4,0.8666666666666667,0.8666666666666683
S2324-G0807,K. Leonard,1,22.736507936507937,22.7370077752314
S2324-G0807,K. Leonard,2,5.277777777777778,5.277777777777801
S2324-G0807,K. Leonard,3,27.125396825396827,27.12219824521883
S2324-G0807,K. Leonard,4,14.212987012987012,14.212738816738813
S2324-G0807,L. Kennard,1,5.514285714285714,5.51428571428573
S2324-G0807,L. Kennard,2,8.44,8.440000000000037
S2324-G0807,L. Kennard,3,5.199999999999999,5.20000000000002
S2324-G0807,L. Kennard,4,9.766666666666666,9.766666666666653
S2324-G0807,L. Stevens,1,3.566666666666667,3.5666666666666793
S2324-G0807,L. Stevens,2,14.212987012987012,14.213305131143365
S2324-G0807,L. Stevens,3,3.1,3.0999999999999948
S2324-G0807,L. Stevens,4,12.01,12.005756060606084
S2324-G0807,M. Plumlee,1,2.933333333333333,2.933333333333329
S2324-G0807,M. Plumlee,2,7.37,7.369592063492033
S2324-G0807,P. George,1,10.806666666666667,10.80666666666664
S2324-G0807,P. George,2,10.877777777777778,10.877777777777748
S2324-G0807,P. George,3,3.1666666666666665,3.166666666666666
S2324-G0807,P. George,4,20.433333333333334,20.44271665001665
S2324-G0807,P. Tucker,1,0.8666666666666667,0.866666666666669
S2324-G0807,P. Tucker,3,0.95,0.9499999999999976
S2324-G0807,P. Tucker,4,0.8666666666666667,0.866666666666667
S2324-G0807,R. Westbrook,1,11.833333333333332,11.833333333333329
S2324-G0807,R. Westbrook,2,9.85,9.849999999999964
S2324-G0807,R. Westbrook,3,17.025,17.025261363636417
S2324-G0807,R. Westbrook,4,12.379999999999999,12.391187437562444
S2324-G0807,S. Aldama,1,8.514285714285714,8.514285714285732
S2324-G0807,S. Aldama,2,7.5,7.5
S2324-G0807,S. Aldama,3,7.614285714285715,7.614285714285704
S2324-G0807,S. Aldama,4,5.425,5.424999999999979
S2324-G0807,T. Mann,1,22.543181818181818,22.5433201231775
S2324-G0807,T. Mann,2,8.525,8.525000000000027
S2324-G0807,T. Mann,3,17.51298701298701,17.51228719336225
S2324-G0807,T. Mann,4,17.50854700854701,17.51144486901987
S2324-G0807,V. Williams Jr.,1,10.44,10.44000000000004
S2324-G0807,V. Williams Jr.,2,11.925,11.930031565656568
S2324-G0807,V. Williams Jr.,3,3.175,3.1749999999999985
S2324-G0807,V. Williams Jr.,4,0.8,0.7999999999999986
S2324-G0807,Z. Williams,1,9.536363636363637,9.536428571428551
S2324-G0807,Z. Williams,2,14.1,14.098958333333282
S2324-G0807,Z. Williams,3,9.736363636363636,9.736530303030314
S2324-G0807,Z. Williams,4,0.8666666666666667,0.8666666666666678
S2324-G0808,A. Edwards,1,21.14155844155844,21.149956249306282
S2324-G0808,A. Edwards,2,20.599999999999998,20.605085624098074
S2324-G0808,A. Edwards,3,21.472727272727273,21.426050140382493
S2324-G0808,A. Edwards,4,30.98888888888889,31.045892542734258
S2324-G0808,B. Lopez,1,22.152380952380955,22.134828995840756
S2324-G0808,B. Lopez,2,16.490000000000002,16.48988279220772
S2324-G0808,B. Lopez,3,3.1666666666666665,3.166666666666666
S2324-G0808,B. Lopez,4,5.55,5.549999999999978
S2324-G0808,B. Portis,1,20.746666666666666,20.75606673326672
S2324-G0808,B. Portis,2,7.475,7.474999999999983
S2324-G0808,B. Portis,3,5.233333333333333,5.233333333333346
S2324-G0808,B. Portis,4,14.164285714285713,14.16418309141839
S2324-G0808,D. Gallinari,1,0.8666666666666667,0.866666666666669
S2324-G0808,D. Gallinari,2,3.225,3.225000000000012
S2324-G0808,D. Lillard,1,12.417307692307691,12.4230968087468
S2324-G0808,D. Lillard,2,15.117857142857142,15.117809175791592
S2324-G0808,D. Lillard,3,26.5125,26.49254395925715
S2324-G0808,D. Lillard,4,23.766666666666666,23.766518506003848
S2324-G0808,D. Royal,1,1.2,1.200000000000001
S2324-G0808,G. Antetokounmpo,1,11.566666666666666,11.56692474192472
S2324-G0808,G. Antetokounmpo,2,19.22307692307692,19.230208702185305
S2324-G0808,G. Antetokounmpo,3,20.212987012987014,20.216905464659177
S2324-G0808,G. Antetokounmpo,4,16.06969696969697,16.03862932067932
S2324-G0808,J. Crowder,1,5.55,5.549999999999978
S2324-G0808,J. Crowder,2,5.536363636363637,5.535640151515139
S2324-G0808,J. Crowder,3,0.9642857142857143,0.9642857142857153
S2324-G0808,J. Crowder,4,5.166666666666667,5.1666666666666465
S2324-G0808,J. McDaniels,1,3.2142857142857144,3.2142857142857086
S2324-G0808,J. McDaniels,2,0.9,0.9000000000000037
S2324-G0808,J. McDaniels,3,7.775,7.774987637362657
S2324-G0808,J. McDaniels,4,5.206666666666667,5.206666666666683
S2324-G0808,K. Anderson,1,0.8666666666666667,0.866666666666669
S2324-G0808,K. Anderson,2,5.155555555555555,5.155555555555563
S2324-G0808,K. Anderson,3,0.95,0.9499999999999976
S2324-G0808,K. Anderson,4,13.742857142857142,13.745145562770617
S2324-G0808,K. Towns,1,28.464285714285715,28.449695792606086
S2324-G0808,K. Towns,2,15.436363636363637,15.436606976846717
S2324-G0808,K. Towns,3,9.85,9.850154220779185
S2324-G0808,K. Towns,4,22.83,22.835140645955313
S2324-G0808,M. Beasley,1,0.838095238095238,0.8380952380952358
S2324-G0808,M. Beasley,2,0.8,0.799999999999998
S2324-G0808,M. Beasley,3,40.34583333333333,40.25115431772832
S2324-G0808,M. Beasley,4,3.071428571428571,3.071428571428564
S2324-G0808,M. Conley,1,9.825,9.825000000000031
S2324-G0808,M. Conley,2,11.814285714285713,11.814285714285694
S2324-G0808,M. Conley,3,6.25,6.25
S2324-G0808,M. Conley,4,3.1666666666666665,3.166666666666666
S2324-G0808,M. Morris,2,5.466666666666667,5.46666666666669
S2324-G0808,M. Morris,4,12.833333333333332,12.83333333333334
S2324-G0808,N. Alexander-Walker,1,6.1,6.099999999999995
S2324-G0808,N. Alexander-Walker,2,18.10666666666667,18.106699579831876
S2324-G0808,N. Alexander-Walker,3,12.114285714285714,12.114464285714286
S2324-G0808,N. Reid,1,19.486666666666668,19.4846976190476
S2324-G0808,N. Reid,2,4.220000000000001,4.2153399822399935
S2324-G0808,N. Reid,3,0.8666666666666667,0.8666666666666688
S2324-G0808,N. Reid,4,10.23,10.230848448773461
S2324-G0808,P. Beverley,1,7.475,7.474999999999983
S2324-G0808,P. Beverley,2,0.8,0.7999999999999983
S2324-G0808,P. Beverley,4,5.206666666666667,5.206666666666683
S2324-G0808,P. Connaughton,1,12.775,12.775000000000048
S2324-G0808,P. Connaughton,2,0.8666666666666667,0.8666666666666681
S2324-G0808,P. Connaughton,3,8.466666666666667,8.466666666666692
S2324-G0808,P. Connaughton,4,0.8,0.799999999999998
S2324-G0808,R. Gobert,1,5.291452991452991,5.2879664224664085
S2324-G0808,R. Gobert,2,9.471794871794872,9.489097247197243
S2324-G0808,R. Gobert,3,14.225,14.22524999999995
S2324-G0808,R. Gobert,4,5.25,5.251239102564101
S2324-G0809,A. Flagler,4,7.8999999999999995,7.900000000000022
S2324-G0809,A. Gill,4,5.6,5.600000000000007
S2324-G0809,A. Wiggins,2,7.525,7.525000000000018
S2324-G0809,A. Wiggins,4,17.842307692307692,17.866256817773746
S2324-G0809,B. Biyombo,4,0.9142857142857144,0.9142857142857117
S2324-G0809,B. Coulibaly,1,7.779999999999999,7.779877777777756
S2324-G0809,B. Coulibaly,2,0.95,0.9499999999999977
S2324-G0809,B. Coulibaly,3,20.55,20.550301961927033
S2324-G0809,B. Coulibaly,4,8.5,8.5
S2324-G0809,C. Holmgren,1,10.700000000000001,10.72727580475081
S2324-G0809,C. Holmgren,2,35.69838056680162,35.715759199271595
S2324-G0809,C. Holmgren,3,13.866666666666665,13.866155677655675
S2324-G0809,C. Kispert,1,11.475,11.474815476190434
S2324-G0809,C. Kispert,2,32.39679144385027,32.40496347973919
S2324-G0809,C. Kispert,3,6.6000000000000005,6.603054761904758
S2324-G0809,C. Wallace,1,5.1,5.100000000000014
S2324-G0809,C. Wallace,2,0.9,0.9000000000000037
S2324-G0809,C. Wallace,3,3.125,3.125
S2324-G0809,C. Wallace,4,23.41111111111111,23.411929538353835
S2324-G0809,E. Omoruyi,1,8.65,8.650000000000027
S2324-G0809,E. Omoruyi,2,0.8,0.799999999999998
S2324-G0809,E. Omoruyi,3,3.25,3.25
S2324-G0809,E. Omoruyi,4,11.93,11.930016666666662
S2324-G0809,G. Hayward,2,7.425,7.424999999999971
S2324-G0809,G. Hayward,4,18.486813186813187,18.47991891041966
S2324-G0809,I. Joe,1,0.8,0.7999999999999987
S2324-G0809,I. Joe,2,8.466666666666667,8.466666666666692
S2324-G0809,I. Joe,3,10.438095238095238,10.438095238095231
S2324-G0809,I. Joe,4,5.405555555555555,5.405555555555563
S2324-G0809,J. Butler,4,11.877777777777778,11.877777777777748
S2324-G0809,J. Champagnie,4,14.297142857142857,14.29183445165943
S2324-G0809,J. Davis,1,0.95,0.9499999999999977
S2324-G0809,J. Davis,2,3.2142857142857144,3.2142857142857086
S2324-G0809,J. Davis,3,0.95,0.9499999999999977
S2324-G0809,J. Davis,4,19.125,19.14319640082143
S2324-G0809,J. Giddey,1,6.233333333333333,6.233333333333344
S2324-G0809,J. Giddey,2,12.869696969696971,12.869776515151498
S2324-G0809,J. Giddey,3,14.166666666666666,14.166666666666647
S2324-G0809,J. Poole,1,21.75,21.75034278499278
S2324-G0809,J. Poole,2,21.80952380952381,21.811886507936507
S2324-G0809,J. Poole,3,11.944444444444445,11.944444444444391
S2324-G0809,J. Poole,4,13.314285714285713,13.331838239538222
S2324-G0809,J. Williams,1,15.142857142857142,15.139209872317256
S2324-G0809,J. Williams,2,14.788888888888888,14.789323275335732
S2324-G0809,J. Williams,3,8.457142857142857,8.455670662670657
S2324-G0809,J. Williams,4,8.625,8.621589285714279
S2324-G0809,K. Johnson,4,5.506666666666667,5.5066666666666615
S2324-G0809,K. Kuzma,1,22.8,22.801077838827922
S2324-G0809,K. Kuzma,2,10.011111111111113,10.011100432900454
S2324-G0809,K. Kuzma,3,16.455844155844154,16.455797077922146
S2324-G0809,K. Williams,1,16.900000000000002,16.920010267510303
S2324-G0809,K. Williams,2,0.9142857142857144,0.9142857142857117
S2324-G0809,K. Williams,3,8.514285714285714,8.514285714285732
S2324-G0809,K. Williams,4,3.2,3.2000000000000095
S2324-G0809,L. Dort,1,6.1,6.099999999999995
S2324-G0809,L. Dort,2,3.071428571428571,3.071428571428564
S2324-G0809,L. Dort,3,16.095238095238095,16.09535238095236
S2324-G0809,L. Shamet,1,3.225,3.225000000000012
S2324-G0809,L. Shamet,3,3.3666666666666667,3.366666666666673
S2324-G0809,L. Shamet,4,0.8,0.7999999999999985
S2324-G0809,M. Bagley III,1,9.93,9.93000000000002
S2324-G0809,M. Bagley III,2,19.544444444444444,19.551450310800295
S2324-G0809,M. Bagley III,3,11.943181818181818,11.944540404040414
S2324-G0809,M. Bagley III,4,5.25,5.25
S2324-G0809,P. Baldwin Jr.,2,5.55,5.549999999999978
S2324-G0809,P. Baldwin Jr.,4,8.55,8.54999999999997
S2324-G0809,S. Gilgeous-Alexander,1,33.35757575757575,33.37539745589375
S2324-G0809,S. Gilgeous-Alexander,2,11.533333333333333,11.533333333333314
S2324-G0809,S. Gilgeous-Alexander,3,27.169444444444444,27.099031255715413
S2324-G0809,T. Jones,1,12.066666666666666,12.066666666666642
S2324-G0809,T. Jones,2,3.1666666666666665,3.166666666666666
S2324-G0809,T. Jones,3,10.775,10.77500000000004
S2324-G0833,A. Black,2,0.9272727272727272,0.9429989177489173
S2324-G0833,A. Black,4,18.226666666666667,18.22723094405591
S2324-G0833,A. Bowie,2,1.2,1.200000000000001
S2324-G0833,C. Anthony,1,5.264285714285714,5.2642857142857284
S2324-G0833,C. Anthony,2,15.23,15.230000000000016
S2324-G0833,C. Anthony,3,7.55,7.549999999999972
S2324-G0833,C. Anthony,4,15.57,15.57433893883896
S2324-G0833,C. Houstan,1,8.555844155844156,8.555844155844168
S2324-G0833,C. Houstan,2,6.166666666666667,6.166666666666664
S2324-G0833,C. Houstan,3,6.125,6.125
S2324-G0833,C. Houstan,4,0.8666666666666667,0.866666666666668
S2324-G0833,C. Johnson,1,17.34,17.343060767010797
S2324-G0833,C. Johnson,2,9.725,9.724999999999966
S2324-G0833,C. Johnson,3,7.4,7.400147058823546
S2324-G0833,C. Johnson,4,3.3000000000000003,3.2999999999999967
S2324-G0833,C. Okeke,4,3.25,3.25
S2324-G0833,D. Finney-Smith,1,0.9142857142857144,0.9142857142857117
S2324-G0833,D. Finney-Smith,2,8.59,8.589999999999973
S2324-G0833,D. Finney-Smith,3,0.8666666666666667,0.866666666666668
S2324-G0833,D. Finney-Smith,4,1.3,1.300000000000005
S2324-G0833,D. Schroder,1,18.10666666666667,18.1066666666666
S2324-G0833,D. Schroder,2,11.833333333333332,11.833333333333329
S2324-G0833,D. Schroder,3,10.685454545454546,10.68545128205129
S2324-G0833,D. Schroder,4,0.8666666666666667,0.866666666666668
S2324-G0833,D. Sharpe,1,5.138095238095238,5.138095238095252
S2324-G0833,D. Sharpe,2,0.9,0.9000000000000037
S2324-G0833,D. Sharpe,3,5.246666666666667,5.246666666666669
S2324-G0833,D. Sharpe,4,0.8,0.799999999999998
S2324-G0833,D. Smith Jr.,1,6.125,6.125
S2324-G0833,D. Smith Jr.,2,5.514285714285714,5.51428571428573
S2324-G0833,D. Smith Jr.,4,11.833333333333332,11.833333333333329
S2324-G0833,F. Wagner,1,11.775,11.775000000000043
S2324-G0833,F. Wagner,2,25.554298642533936,25.561726087801063
S2324-G0833,F. Wagner,3,11.866666666666665,11.86666666666664
S2324-G0833,G. Bitadze,4,6.385714285714285,6.391540567765557
S2324-G0833,G. Harris,1,12.766666666666666,12.7666666666667
S2324-G0833,G. Harris,2,0.8666666666666667,0.8666666666666688
S2324-G0833,G. Harris,3,10.775,10.77500000000004
S2324-G0833,J. Ingles,1,3.3,3.2999999999999967
S2324-G0833,J. Ingles,2,0.8666666666666667,0.8666666666666675
S2324-G0833,J. Ingles,4,3.2642857142857142,3.264285714285725
S2324-G0833,J. Suggs,1,12.799999999999999,12.80000000000001
S2324-G0833,J. Suggs,2,3.1380952380952376,3.1380952380952376
S2324-G0833,J. Suggs,3,7.344444444444444,7.3439920634920535
S2324-G0833,J. Wilson,1,3.3666666666666667,3.366666666666674
S2324-G0833,J. Wilson,2,6.1,6.099999999999995
S2324-G0833,J. Wilson,3,5.371428571428571,5.371428571428598
S2324-G0833,J. Wilson,4,5.214285714285714,5.214285714285694
S2324-G0833,K. Bates-Diop,4,7.466666666666667,7.466666666666693
S2324-G0833,K. Johnson,4,12.041666666666666,12.040468326118322
S2324-G0833,L. Walker IV,1,5.5,5.5
S2324-G0833,L. Walker IV,2,7.736363636363636,7.7384242424242515
S2324-G0833,L. Walker IV,3,3.071428571428571,3.0714285714285636
S2324-G0833,L. Walker IV,4,11.736363636363636,11.736363636363619
S2324-G0833,M. Bridges,1,7.833333333333333,7.833333333333317
S2324-G0833,M. Bridges,2,7.736363636363636,7.736401598401609
S2324-G0833,M. Bridges,3,18.717307692307692,18.71142868388921
S2324-G0833,M. Bridges,4,3.2,3.2000000000000095
S2324-G0833,M. Fultz,1,9.475,9.474999999999968
S2324-G0833,M. Fultz,2,9.814285714285713,9.814285714285694
S2324-G0833,M. Fultz,3,14.106666666666666,14.106666666666609
S2324-G0833,M. Fultz,4,9.833333333333332,9.833333333333306
S2324-G0833,M. Wagner,1,11.533333333333333,11.533333333333314
S2324-G0833,M. Wagner,2,7.618181818181818,7.620359448884422
S2324-G0833,M. Wagner,3,9.629999999999999,9.630000000000049
S2324-G0833,M. Wagner,4,7.425,7.376882622932628
S2324-G0833,N. Claxton,1,9.425,9.424999999999969
S2324-G0833,N. Claxton,2,7.252380952380952,7.250598026973027
S2324-G0833,N. Claxton,3,9.869696969696971,9.869777056277007
S2324-G0833,N. Claxton,4,0.8666666666666667,0.8666666666666673
S2324-G0833,S. Kemp,3,1.2,1.200000000000001
S2324-G0833,T. Watford,1,6.35,6.349999999999995
S2324-G0833,T. Watford,2,8.555844155844156,8.555939935064947
S2324-G0833,T. Watford,3,9.846666666666666,9.846666666666634
S2324-G0833,T. Watford,4,16.295238095238094,16.304572039072088
S2324-G0833,W. Carter Jr.,1,18.8,18.799573368298432
S2324-G0833,W. Carter Jr.,2,0.9333333333333332,0.9333333333333365
S2324-G0833,W. Carter Jr.,3,13.925,13.925025000000026
S2324-G0840,A. Green,4,20.4,20.400000000000063
S2324-G0840,B. Lopez,1,3.2272727272727275,3.2277564935065044
S2324-G0840,B. Lopez,2,3.2,3.2000000000000095
S2324-G0840,B. Lopez,3,0.8,0.7999999999999988
S2324-G0840,B. McGowens,4,5.2,5.1526358225108115
S2324-G0840,B. Miller,1,5.466666666666667,5.46666666666669
S2324-G0840,B. Miller,2,9.833333333333332,9.833333333333304
S2324-G0840,B. Miller,3,19.466666666666665,19.46679781003313
S2324-G0840,B. Miller,4,15.06969696969697,15.069696969696937
S2324-G0840,B. Portis,1,11.89,11.89000000000002
S2324-G0840,B. Portis,2,31.425396825396827,31.42167991573277
S2324-G0840,B. Portis,3,17.475,17.47512499999994
S2324-G0840,C. Livingston,4,5.777142857142857,5.768975252525259
S2324-G0840,C. Martin,1,5.466666666666667,5.46666666666669
S2324-G0840,C. Martin,2,12.31,12.316727489177447
S2324-G0840,C. Martin,3,3.2,3.2000000000000024
S2324-G0840,C. Martin,4,0.9000000000000001,0.9000000000000038
S2324-G0840,D. Bertans,2,7.8999999999999995,7.900000000000022
S2324-G0840,D. Bertans,4,24.49,24.493914810189743
S2324-G0840,D. Gallinari,1,0.8666666666666667,0.866666666666669
S2324-G0840,D. Gallinari,2,5.5,5.499916666666667
S2324-G0840,D. Gallinari,3,6.366666666666666,6.368222222222207
S2324-G0840,D. Gallinari,4,8.246666666666666,8.246692490842493
S2324-G0840,D. Lillard,1,31.103174603174605,31.10352318625649
S2324-G0840,D. Lillard,2,12.31,12.316161940836908
S2324-G0840,D. Lillard,3,15.018181818181818,15.018583968808946
S2324-G0840,G. Antetokounmpo,1,28.05873015873016,28.06106812076815
S2324-G0840,G. Antetokounmpo,2,9.766666666666666,9.761173809523802
S2324-G0840,G. Antetokounmpo,3,19.212987012987014,19.212929004329002
S2324-G0840,G. Williams,1,5.614285714285715,5.614285714285725
S2324-G0840,G. Williams,2,5.475,5.47500000000001
S2324-G0840,G. Williams,3,9.57777777777778,9.577777777777781
S2324-G0840,G. Williams,4,3.125,3.125
S2324-G0840,J. Crowder,1,0.8666666666666667,0.8666666666666668
S2324-G0840,J. Crowder,2,12.85,12.849999999999952
S2324-G0840,J. Crowder,3,10.466666666666667,10.466666666666688
S2324-G0840,J. Thor,4,3.2142857142857144,3.2142857142857086
S2324-G0840,M. Beasley,1,13.127272727272727,13.127272727272747
S2324-G0840,M. Beasley,2,0.8,0.8000000000000002
S2324-G0840,M. Beasley,3,8.59,8.589999999999973
S2324-G0840,M. Beauchamp,4,14.877777777777778,14.87719017094014
S2324-G0840,M. Bolden,4,0.8666666666666667,0.866666666666669
S2324-G0840,M. Bridges,1,17.484415584415583,17.484560173160208
S2324-G0840,M. Bridges,2,7.864285714285715,7.864285714285702
S2324-G0840,M. Bridges,3,11.803030303030303,11.803030303030297
S2324-G0840,M. Bridges,4,18.043956043956044,18.043101767676713
S2324-G0840,N. Richards,1,14.2,14.199922077922052
S2324-G0840,N. Richards,2,3.2066666666666666,3.2066666666666697
S2324-G0840,N. Richards,3,7.611111111111111,7.61111111111109
S2324-G0840,N. Richards,4,0.8666666666666667,0.8666666666666683
S2324-G0840,P. Beverley,1,0.8666666666666667,0.8666666666666678
S2324-G0840,P. Beverley,2,15.475,15.472834890109862
S2324-G0840,P. Beverley,3,7.533333333333334,7.533333333333316
S2324-G0840,P. Beverley,4,5.1,5.100000000000014
S2324-G0840,P. Connaughton,1,3.1666666666666665,3.166666666666666
S2324-G0840,P. Connaughton,2,0.8666666666666667,0.8666666666666675
S2324-G0840,P. Connaughton,3,14.1,14.099999999999948
S2324-G0840,P. Connaughton,4,15.212987012987012,15.211764790764787
S2324-G0840,S. Curry,1,8.6,8.599999999999973
S2324-G0840,S. Curry,2,8.714285714285714,8.711376406926423
S2324-G0840,S. Curry,3,2.933333333333333,2.933333333333329
S2324-G0840,S. Curry,4,5.438095238095238,5.438095238095232
S2324-G0840,T. Antetokounmpo,4,5.714285714285714,5.7114571428571335
S2324-G0840,T. Mann,1,14.212987012987012,14.212987012987012
S2324-G0840,T. Mann,2,8.799999999999999,8.809130158730147
S2324-G0840,T. Mann,3,7.525,7.525000000000018
S2324-G0840,T. Mann,4,17.095238095238095,17.094577107206497
S2324-G0840,V. Micic,1,3.1,3.0999999999999948
S2324-G0840,V. Micic,2,3.3666666666666667,3.366666666666674
S2324-G0840,V. Micic,3,7.466666666666667,7.466666666666693
S2324-G0863,A. Nembhard,1,5.466666666666667,5.46666666666669
S2324-G0863,A. Nembhard,2,0.8666666666666667,0.8666666666666675
S2324-G0863,A. Nembhard,3,10.736363636363636,10.736530303030303
S2324-G0863,A. Nembhard,4,24.091452991452993,24.078720058012127
S2324-G0863,A. Nesmith,1,6.071428571428571,6.071428571428578
S2324-G0863,A. Nesmith,2,12.864285714285714,12.864285714285725
S2324-G0863,A. Nesmith,3,4.33,4.349936580086578
S2324-G0863,B. Ingram,1,45.25087719298245,45.503085484944975
S2324-G0863,B. Ingram,2,7.533333333333333,7.5333492063491905
S2324-G0863,B. Ingram,3,29.229166666666668,29.210165702353184
S2324-G0863,B. Ingram,4,4.29,4.294192532467528
S2324-G0863,B. Mathurin,1,7.3,7.299999999999974
S2324-G0863,B. Mathurin,2,10.914285714285713,10.914285714285759
S2324-G0863,B. Mathurin,3,9.825,9.825000000000031
S2324-G0863,B. Mathurin,4,11.877777777777778,11.877777777777748
S2324-G0863,C. McCollum,1,11.533333333333333,11.533333333333314
S2324-G0863,C. McCollum,2,17.557142857142857,17.55351113886117
S2324-G0863,C. McCollum,3,13.233333333333333,13.231251648351614
S2324-G0863,C. McCollum,4,0.8666666666666667,0.8666666666666673
S2324-G0863,C. Zeller,4,7.75,7.7373452380952426
S2324-G0863,H. Jones,1,5.214285714285714,5.214285714285694
S2324-G0863,H. Jones,3,7.48,7.480000000000014
S2324-G0863,H. Jones,4,5.2,5.20000000000002
S2324-G0863,I. Jackson,3,10.626666666666667,10.627179864579917
S2324-G0863,I. Jackson,4,25.229166666666668,25.22272573389803
S2324-G0863,J. Alvarado,1,5.166666666666667,5.1666666666666465
S2324-G0863,J. Alvarado,2,7.4,7.400000000000017
S2324-G0863,J. Alvarado,3,6.166666666666667,6.166666666666664
S2324-G0863,J. Alvarado,4,9.76969696969697,9.76911385281384
S2324-G0863,J. Hawkins,4,13.814285714285713,13.814285714285694
S2324-G0863,J. Johnson,4,5.344444444444444,5.344444444444437
S2324-G0863,J. Robinson-Earl,4,5.366666666666666,5.366666666666667
S2324-G0863,J. Smith,1,3.125,3.125
S2324-G0863,J. Smith,2,19.049999999999997,19.05466659174161
S2324-G0863,J. Smith,3,3.2,3.2000000000000024
S2324-G0863,J. Valanciunas,1,19.229166666666668,19.224942032966972
S2324-G0863,J. Valanciunas,2,3.233333333333333,3.233333333333346
S2324-G0863,J. Valanciunas,3,9.827272727272726,9.82741558441556
S2324-G0863,J. Valanciunas,4,11.869230769230768,11.877380341880361
S2324-G0863,J. Walker,2,7.8809523809523805,7.877224444999438
S2324-G0863,J. Walker,3,5.564285714285714,5.564285714285695
S2324-G0863,J. Walker,4,16.16923076923077,16.16785087135084
S2324-G0863,L. Nance Jr.,1,0.8666666666666667,0.866666666666669
S2324-G0863,L. Nance Jr.,2,5.166666666666667,5.1666666666666465
S2324-G0863,L. Nance Jr.,3,5.138095238095238,5.138095238095252
S2324-G0863,M. Ryan,4,7.89,7.890000000000027
S2324-G0863,M. Turner,1,16.25,16.250714998890004
S2324-G0863,M. Turner,2,11.823809523809523,11.823809523809519
S2324-G0863,M. Turner,3,10.014285714285714,10.01946004551006
S2324-G0863,N. Marshall,2,4.140000000000001,4.13866756854256
S2324-G0863,N. Marshall,3,0.8666666666666667,0.8666666666666688
S2324-G0863,N. Marshall,4,0.7714285714285714,0.7714285714285721
S2324-G0863,O. Toppin,1,5.071428571428571,5.0714285714285605
S2324-G0863,O. Toppin,2,3.071428571428571,3.0714285714285636
S2324-G0863,O. Toppin,3,10.911111111111111,10.911111111111081
S2324-G0863,O. Tshiebwe,4,11.075,11.034676443001455
S2324-G0863,P. Siakam,1,23.8,23.80855037878793
S2324-G0863,P. Siakam,2,10.833333333333332,10.833333333333313
S2324-G0863,P. Siakam,3,3.1666666666666665,3.166666666666666
S2324-G0863,T. Haliburton,1,5.371428571428571,5.371428571428598
S2324-G0863,T. Haliburton,2,3.1,3.0999999999999943
S2324-G0863,T. Haliburton,3,10.083333333333334,10.0849340675664
S2324-G0863,T. McConnell,1,7.425,7.424999999999971
S2324-G0863,T. McConnell,2,16.241558441558443,16.241838837959456
S2324-G0863,T. McConnell,3,5.666666666666667,5.666666666666661
S2324-G0863,T. Murphy III,1,9.383333333333335,9.403435239760238
S2324-G0863,T. Murphy III,2,38.733333333333334,38.739788063054945
S2324-G0863,T. Murphy III,3,10.836363636363636,10.836363636363615
S2324-G0863,T. Murphy III,4,5.203030303030303,5.202877788877805
S2324-G0863,Z. Williamson,1,9.5,9.5
S2324-G0863,Z. Williamson,2,5.466666666666667,5.46666666666669
S2324-G0863,Z. Williamson,3,9.633333333333333,9.633335456210501
S2324-G0866,B. Bogdanovic,1,13.766666666666666,13.76666666666671
S2324-G0866,B. Bogdanovic,2,13.05111111111111,13.060372431734907
S2324-G0866,B. Bogdanovic,3,18.825,18.825856668494854
S2324-G0866,B. Bogdanovic,4,0.875,0.875
S2324-G0866,B. Fernando,1,9.466666666666667,9.466666666666685
S2324-G0866,B. Fernando,2,0.8666666666666667,0.8666666666666687
S2324-G0866,B. Fernando,3,9.838095238095237,9.80825227272728
S2324-G0866,B. Fernando,4,5.204761904761904,5.204761904761888
S2324-G0866,C. Capela,1,9.666666666666666,9.664364135864163
S2324-G0866,C. Capela,2,10.472527472527473,10.472858916083876
S2324-G0866,C. Capela,3,7.664285714285715,7.66428571428575
S2324-G0866,C. Capela,4,3.2,3.2000000000000095
S2324-G0866,C. Johnson,1,18.09285714285714,18.093107782087205
S2324-G0866,C. Johnson,2,13.736363636363636,13.73636363636359
S2324-G0866,C. Johnson,3,11.655555555555555,11.613344474969471
S2324-G0866,C. Johnson,4,10.805555555555555,10.80684949494954
S2324-G0866,D. Finney-Smith,1,7.566666666666667,7.566666666666664
S2324-G0866,D. Finney-Smith,2,14.766666666666666,14.766515151515208
S2324-G0866,D. Finney-Smith,3,3.1666666666666665,3.166666666666666
S2324-G0866,D. Finney-Smith,4,5.055555555555555,5.055555555555545
S2324-G0866,D. Hunter,1,13.814285714285713,13.814285714285694
S2324-G0866,D. Hunter,2,24.96785714285714,24.986167651139723
S2324-G0866,D. Hunter,3,1.9,1.8999999999999952
S2324-G0866,D. Hunter,4,3.1654545454545455,3.163322466422466
S2324-G0866,D. Murray,1,18.70705882352941,18.70383402307613
S2324-G0866,D. Murray,2,12.966666666666667,12.968676190476206
S2324-G0866,D. Murray,3,15.467307692307692,15.466780078255097
S2324-G0866,D. Murray,4,20.442307692307693,20.442215201465153
S2324-G0866,D. Schroder,1,7.944444444444444,7.945261111111084
S2324-G0866,D. Schroder,2,9.564285714285713,9.564285714285694
S2324-G0866,D. Schroder,3,15.1,15.099999999999945
S2324-G0866,D. Schroder,4,15.085714285714285,15.085207924673371
S2324-G0866,D. Sharpe,1,8.639999999999999,8.655749855699861
S2324-G0866,D. Sharpe,3,6.175,6.174999999999978
S2324-G0866,D. Sharpe,4,3.4000000000000004,3.3999999999999875
S2324-G0866,D. Smith Jr.,1,3.1,3.0999999999999948
S2324-G0866,D. Smith Jr.,2,8.525,8.524964285714312
S2324-G0866,D. Smith Jr.,3,5.666666666666667,5.666333333333328
S2324-G0866,D. Smith Jr.,4,3.2,3.2000000000000024
S2324-G0866,F. Spencer,2,1.2,1.200000000000001
S2324-G0866,G. Foster,2,1.2,1.200000000000001
S2324-G0866,G. Mathews,1,0.8,0.7999999999999986
S2324-G0866,G. Mathews,2,3.1,3.099999999999994
S2324-G0866,G. Mathews,3,0.8,0.799999999999998
S2324-G0866,G. Muresan,1,1.2,1.200000000000001
S2324-G0866,J. Johnson,1,7.866666666666666,7.866666666666633
S2324-G0866,J. Johnson,2,5.1,5.100000000000014
S2324-G0866,J. Johnson,3,18.723809523809525,18.724241956654417
S2324-G0866,J. Johnson,4,6.545454545454545,6.526348390498392
S2324-G0866,J. Wilson,1,6.233333333333333,6.233333333333344
S2324-G0866,J. Wilson,2,0.8666666666666667,0.8666666666666683
S2324-G0866,J. Wilson,3,3.204761904761905,3.2047619047618925
S2324-G0866,J. Wilson,4,3.071428571428571,3.0714285714285636
S2324-G0866,K. Bufkin,1,0.8666666666666667,0.8666666666666686
S2324-G0866,K. Bufkin,2,1.9047619047619047,1.9047619047619084
S2324-G0866,K. Bufkin,3,5.5,5.5
S2324-G0866,K. Bufkin,4,9.825,9.825000000000031
S2324-G0866,L. Walker IV,1,14.703030303030303,14.708454606504581
S2324-G0866,L. Walker IV,2,0.9,0.9000000000000035
S2324-G0866,L. Walker IV,3,5.3,5.29999999999998
S2324-G0866,M. Bridges,1,24.5,24.438874551858525
S2324-G0866,M. Bridges,2,29.68888888888889,29.763038752015937
S2324-G0866,M. Bridges,3,33.7625,33.75291080783244
S2324-G0866,M. Bridges,4,13.852380952380951,13.852122252747261
S2324-G0866,N. Claxton,1,0.9142857142857144,0.9142857142857117
S2324-G0866,N. Claxton,2,11.842307692307692,11.842307692307708
S2324-G0866,N. Claxton,3,5.3931818181818185,5.402593395493387
S2324-G0866,N. Claxton,4,18.50952380952381,18.510689835164797
S2324-G0866,S. Bey,1,11.725,11.72495192307688
S2324-G0866,S. Bey,2,22.406666666666666,22.412638217338234
S2324-G0866,S. Bey,3,3.1666666666666665,3.166666666666666
S2324-G0866,S. Bey,4,21.516666666666666,21.47990575258075
S2324-G0866,T. Watford,4,5.166666666666667,5.1666666666666465
S2324-G0869,A. Davis,1,20.47222222222222,20.46886188223541
S2324-G0869,A. Davis,2,10.533333333333333,10.533333333333314
S2324-G0869,A. Davis,3,12.2,12.1978845990267
S2324-G0869,A. Davis,4,7.6,7.599999999999982
S2324-G0869,A. Gordon,1,11.766666666666666,11.766666666666683
S2324-G0869,A. Gordon,2,18.885714285714286,18.881064269064233
S2324-G0869,A. Gordon,3,16.512987012987015,16.513329545454596
S2324-G0869,A. Gordon,4,11.611111111111112,11.610645238095245
S2324-G0869,A. Reaves,1,12.46969696969697,12.481624592074606
S2324-G0869,A. Reaves,2,9.806666666666667,9.80666666666663
S2324-G0869,A. Reaves,3,12.725,12.724999999999952
S2324-G0869,A. Reaves,4,15.066666666666666,15.066666666666636
S2324-G0869,C. Braun,1,3.1666666666666665,3.166666666666666
S2324-G0869,C. Braun,2,7.664285714285715,7.66428571428575
S2324-G0869,C. Braun,3,0.838095238095238,0.8380952380952358
S2324-G0869,C. Reddish,2,8.466666666666667,8.466666666666692
S2324-G0869,C. Reddish,4,3.1,3.0999999999999948
S2324-G0869,D. Russell,1,7.425,7.424999999999971
S2324-G0869,D. Russell,2,25.742307692307694,25.73772583943839
S2324-G0869,D. Russell,3,16.5,16.500086538461538
S2324-G0869,D. Russell,4,0.8,0.8000000000000003
S2324-G0869,J. Hayes,2,5.214285714285714,5.214285714285694
S2324-G0869,J. Hayes,4,7.63,7.630000000000033
S2324-G0869,J. Holiday,1,6.166666666666667,6.166666666666664
S2324-G0869,J. Holiday,2,10.371428571428572,10.37142857142861
S2324-G0869,J. Holiday,4,15.211111111111112,15.211111111111183
S2324-G0869,J. Murray,1,7.725,7.724999999999979
S2324-G0869,J. Murray,2,19.5625,19.563498242766016
S2324-G0869,J. Murray,3,25.105714285714285,25.1072554408827
S2324-G0869,J. Murray,4,28.45714285714286,28.44549385186105
S2324-G0869,L. James,1,12.833333333333332,12.83333333333334
S2324-G0869,L. James,2,23.113675213675215,23.105592263292284
S2324-G0869,L. James,3,7.611111111111111,7.61111111111109
S2324-G0869,L. James,4,32.35333333333333,32.3662577908375
S2324-G0869,M. Porter Jr.,1,11.62857142857143,11.6232570933796
S2324-G0869,M. Porter Jr.,2,19.175,19.17616897824404
S2324-G0869,M. Porter Jr.,3,10.55,10.549886363636338
S2324-G0869,M. Porter Jr.,4,10.514285714285714,10.514285714285725
S2324-G0869,N. Jokic,1,38.27272727272727,38.38744075669281
S2324-G0869,N. Jokic,2,11.806666666666667,11.806666666666658
S2324-G0869,N. Jokic,3,32.473333333333336,32.43249709571472
S2324-G0869,N. Jokic,4,13.957142857142857,13.954460927960957
S2324-G0869,P. Watson,1,7.466666666666667,7.466666666666693
S2324-G0869,P. Watson,2,0.8,0.7999999999999982
S2324-G0869,P. Watson,3,2.2666666666666666,2.2666666666666635
S2324-G0869,P. Watson,4,11.914285714285713,11.914285714285745
S2324-G0869,R. Hachimura,1,21.45,21.451177841765997
S2324-G0869,R. Hachimura,2,11.806666666666667,11.806666666666658
S2324-G0869,R. Hachimura,3,22.4,22.404463922261986
S2324-G0869,R. Hachimura,4,5.55,5.549999999999978
S2324-G0869,R. Jackson,1,0.8,0.7999999999999988
S2324-G0869,R. Jackson,2,3.1,3.099999999999994
S2324-G0869,S. Dinwiddie,2,3.1666666666666665,3.166666666666666
S2324-G0869,S. Dinwiddie,3,3.1666666666666665,3.166666666666666
S2324-G0869,S. Dinwiddie,4,8.564285714285713,8.564297619047597
S2324-G0869,T. Prince,1,12.164285714285713,12.164285714285741
S2324-G0869,T. Prince,2,3.1,3.0999999999999943
S2324-G0869,T. Prince,3,3.1666666666666665,3.166666666666666
S2324-G0869,Z. Nnaji,1,0.8666666666666667,0.8666666666666686
S2324-G0869,Z. Nnaji,2,5.666666666666667,5.666666666666661
S2324-G0869,Z. Nnaji,4,0.9,0.9000000000000037
S2324-G0870,A. Holiday,1,3.25,3.25
S2324-G0870,A. Holiday,2,0.9333333333333332,0.9333333333333365
S2324-G0870,A. Holiday,4,0.8,0.799999999999998
S2324-G0870,A. Sengun,1,20.554545454545455,20.5482231527245
S2324-G0870,A. Sengun,2,17.577777777777776,17.573980048752425
S2324-G0870,A. Sengun,3,16.45873015873016,16.455348205879105
S2324-G0870,A. Sengun,4,18.85,18.856083580471775
S2324-G0870,A. Thompson,1,10.525,10.52500000000004
S2324-G0870,A. Thompson,2,5.48,5.480000000000013
S2324-G0870,A. Thompson,3,0.8,0.7999999999999987
S2324-G0870,A. Thompson,4,7.195238095238095,7.198948618048599
S2324-G0870,B. Beal,1,5.166666666666667,5.1666666666666465
S2324-G0870,B. Beal,2,12.736363636363636,12.736363636363603
S2324-G0870,B. Beal,3,5.733333333333333,5.737773809523818
S2324-G0870,B. Bol,1,9.964285714285714,9.964285714285735
S2324-G0870,B. Bol,2,10.803030303030303,10.80303030303028
S2324-G0870,B. Bol,3,5.533333333333334,5.5333333333333234
S2324-G0870,B. Bol,4,0.8666666666666667,0.8666666666666683
S2324-G0870,C. Whitmore,1,8.8,8.80230158730156
S2324-G0870,C. Whitmore,2,10.233333333333333,10.228204761904777
S2324-G0870,C. Whitmore,3,2.15,2.1499999999999932
S2324-G0870,C. Whitmore,4,0.8666666666666667,0.8666666666666678
S2324-G0870,D. Booker,1,26.1,26.135740864690842
S2324-G0870,D. Booker,2,9.475,9.474999999999968
S2324-G0870,D. Booker,3,16.25,16.22153204295704
S2324-G0870,D. Booker,4,15.1075,15.114139850427415
S2324-G0870,D. Brooks,1,3.25,3.2737763209013098
S2324-G0870,D. Brooks,2,3.1666666666666665,3.166666666666666
S2324-G0870,D. Brooks,3,15.142307692307691,15.142307692307742
S2324-G0870,D. Brooks,4,16.175,16.17282866022867
S2324-G0870,D. Eubanks,1,3.1666666666666665,3.166666666666666
S2324-G0870,D. Eubanks,3,7.506666666666667,7.5066666666666615
S2324-G0870,D. Eubanks,4,0.8666666666666667,0.8666666666666681
S2324-G0870,D. Marshall,4,1.2,1.200000000000001
S2324-G0870,F. VanVleet,1,23.455844155844154,23.45593838383841
S2324-G0870,F. VanVleet,2,12.226666666666667,12.226835023310002
S2324-G0870,F. VanVleet,3,15.716666666666667,15.71404029026528
S2324-G0870,F. VanVleet,4,10.833333333333332,10.833333333333313
S2324-G0870,G. Allen,1,7.89,7.890000000000027
S2324-G0870,G. Allen,2,7.803030303030303,7.802018181818153
S2324-G0870,G. Allen,3,2.8055555555555554,2.8055555555555465
S2324-G0870,G. Allen,4,3.105555555555555,3.1055555555555645
S2324-G0870,J. Green,1,30.413675213675216,30.407097814242903
S2324-G0870,J. Green,2,21.855555555555554,21.838994082542865
S2324-G0870,J. Green,3,21.492307692307694,21.495107018879875
S2324-G0870,J. Green,4,25.15909090909091,25.157609948548227
S2324-G0870,J. Landale,1,3.1666666666666665,3.166666666666666
S2324-G0870,J. Landale,2,0.8666666666666667,0.8666666666666683
S2324-G0870,J. Landale,3,0.8,0.799999999999998
S2324-G0870,J. Nurkic,1,11.957142857142857,11.962343289471965
S2324-G0870,J. Nurkic,2,8.555555555555555,8.564422198634693
S2324-G0870,J. Okogie,2,6.138095238095238,6.138095238095255
S2324-G0870,J. Okogie,3,0.8666666666666667,0.8666666666666683
S2324-G0870,J. Okogie,4,9.4125,9.40950816299712
S2324-G0870,J. Smith Jr.,1,3.071428571428571,3.071428571428564
S2324-G0870,J. Smith Jr.,2,7.633333333333333,7.633333333333363
S2324-G0870,J. Smith Jr.,3,20.427272727272726,20.426947829947874
S2324-G0870,J. Smith Jr.,4,11.88095238095238,11.881070467032927
S2324-G0870,K. Durant,1,7.55,7.549999999999972
S2324-G0870,K. Durant,2,15.196791443850266,15.193703045565515
S2324-G0870,K. Durant,3,29.05,29.09430021090021
S2324-G0870,K. Durant,4,25.83913043478261,25.833327603536844
S2324-G0870,R. O'Neale,1,12.564285714285713,12.586262193362186
S2324-G0870,R. O'Neale,2,5.233333333333333,5.233333333333343
S2324-G0870,R. O'Neale,3,20.2,20.19741670278889
S2324-G0870,R. O'Neale,4,15.788888888888888,15.786139377289338
S2324-G0870,S. Lee,1,0.8,0.7999999999999986
S2324-G0870,S. Lee,3,2.0666666666666664,2.0666666666666633
S2324-G0870,T. Maledon,4,3.1666666666666665,3.166666666666666
S2324-G0870,T. Young,3,5.2,5.20000000000002
S2324-G0870,T. Young,4,7.48,7.480000000000014
S2324-G0876,A. Burks,2,6.205555555555556,6.205773809523793
S2324-G0876,A. Burks,4,17.514285714285716,17.514553046300115
S2324-G0876,B. Bogdanovic,1,5.6,5.600000000000007
S2324-G0876,B. Bogdanovic,2,24.7075,24.706940982284877
S2324-G0876,B. Bogdanovic,3,7.566666666666667,7.583499999999995
S2324-G0876,B. Bogdanovic,4,20.8,20.801480780330838
S2324-G0876,C. Porter Jr.,2,7.514285714285714,7.514285714285733
S2324-G0876,C. Porter Jr.,3,5.366666666666667,5.366666666666669
S2324-G0876,C. Porter Jr.,4,3.1,3.0999999999999943
S2324-G0876,D. DiVincenzo,1,36.08034188034188,36.08096466003467
S2324-G0876,D. DiVincenzo,2,7.806666666666667,7.806666666666633
S2324-G0876,D. DiVincenzo,3,33.1125,32.72145450056483
S2324-G0876,D. DiVincenzo,4,5.466666666666667,5.46666666666669
S2324-G0876,D. Garland,1,12.19,12.18980000000004
S2324-G0876,D. Garland,2,16.214285714285715,16.214422077922116
S2324-G0876,D. Garland,3,5.125,5.125
S2324-G0876,D. Garland,4,21.436363636363637,21.433756515543315
S2324-G0876,D. Wade,1,3.1,3.0999999999999948
S2324-G0876,D. Wade,2,3.3666666666666663,3.366666666666672
S2324-G0876,D. Wade,3,3.125,3.125
S2324-G0876,D. Wade,4,3.1,3.100000000000011
S2324-G0876,E. Mobley,1,12.945714285714287,12.944593167943141
S2324-G0876,E. Mobley,2,7.614285714285715,7.614285714285704
S2324-G0876,E. Mobley,3,16.64666666666667,16.63507518037515
S2324-G0876,E. Mobley,4,5.125454545454545,5.124812509712509
S2324-G0876,G. Niang,1,0.8666666666666667,0.866666666666669
S2324-G0876,G. Niang,2,7.825,7.825000000000028
S2324-G0876,G. Niang,3,3.1666666666666665,3.166666666666666
S2324-G0876,G. Niang,4,5.438095238095238,5.438095238095232
S2324-G0876,I. Hartenstein,1,9.977777777777778,9.97874603174607
S2324-G0876,I. Hartenstein,2,9.438095238095238,9.438095238095231
S2324-G0876,I. Hartenstein,3,5.166666666666667,5.1666666666666465
S2324-G0876,I. Hartenstein,4,3.3666666666666663,3.366666666666672
S2324-G0876,I. Okoro,1,15.814285714285713,15.827655858030896
S2324-G0876,I. Okoro,2,8.65,8.650000000000027
S2324-G0876,I. Okoro,3,25.35873015873016,25.3737211782627
S2324-G0876,I. Okoro,4,0.9000000000000001,0.9000000000000038
S2324-G0876,J. Allen,1,14.095238095238095,14.095380952380935
S2324-G0876,J. Allen,2,21.568181818181817,21.569098623598688
S2324-G0876,J. Allen,3,5.166666666666667,5.1666666666666465
S2324-G0876,J. Allen,4,11.0,10.93582900432901
S2324-G0876,J. Brunson,1,3.1,3.0999999999999948
S2324-G0876,J. Hart,1,11.605714285714287,11.611640571013131
S2324-G0876,J. Hart,2,5.533333333333333,5.533445887445876
S2324-G0876,J. Hart,3,14.200000000000001,14.202231404706383
S2324-G0876,J. Hart,4,13.24155844155844,13.242470418470445
S2324-G0876,J. Sims,1,0.95,0.9499999999999976
S2324-G0876,J. Sims,2,0.9,0.9000000000000037
S2324-G0876,J. Sims,3,0.8,0.7999999999999987
S2324-G0876,J. Sims,4,0.9714285714285714,0.9718277777777747
S2324-G0876,M. McBride,1,18.066666666666666,18.06666666666663
S2324-G0876,M. McBride,2,12.025,12.025000000000045
S2324-G0876,M. McBride,3,7.814285714285714,7.814285714285693
S2324-G0876,M. McBride,4,16.066666666666666,16.066666666666634
S2324-G0876,M. Strus,1,12.436363636363637,12.429314713064755
S2324-G0876,M. Strus,2,0.8666666666666667,0.8666666666666676
S2324-G0876,M. Strus,3,13.74,13.73999999999995
S2324-G0876,M. Strus,4,3.2,3.2000000000000024
S2324-G0876,P. Achiuwa,1,3.2423076923076923,3.2544528416028426
S2324-G0876,P. Achiuwa,2,9.666666666666668,9.665022727272747
S2324-G0876,P. Achiuwa,3,22.536363636363635,22.541048838579755
S2324-G0876,S. Merrill,1,3.35,3.350000000000013
S2324-G0876,S. Merrill,2,24.36969696969697,24.372859832324544
S2324-G0876,S. Merrill,3,13.175,13.176387296037314
S2324-G0876,S. Merrill,4,13.65,13.671195804195834
S2324-G0880,A. Coffey,1,3.1,3.0999999999999948
S2324-G0880,A. Coffey,2,9.725,9.724999999999966
S2324-G0880,A. Coffey,3,5.214285714285714,5.214285714285694
S2324-G0880,A. Coffey,4,3.25,3.25
S2324-G0880,A. Green,1,3.1666666666666665,3.166666666666666
S2324-G0880,A. Green,2,0.8,0.7999999999999983
S2324-G0880,A. Green,4,13.85,13.849886363636312
S2324-G0880,A. Lang,3,1.2,1.200000000000001
S2324-G0880,B. Hyland,1,10.504761904761905,10.504761904761878
S2324-G0880,B. Hyland,2,0.8,0.799999999999998
S2324-G0880,B. Hyland,3,3.1666666666666665,3.166666666666666
S2324-G0880,B. Hyland,4,3.1,3.0999999999999943
S2324-G0880,B. Lopez,1,10.846666666666666,10.846666666666643
S2324-G0880,B. Lopez,2,3.3833333333333333,3.3832508658008607
S2324-G0880,B. Lopez,3,2.9866666666666664,2.9886154845154924
S2324-G0880,B. Lopez,4,2.0833333333333335,2.076573931623928
S2324-G0880,B. Portis,1,7.533333333333334,7.533333333333316
S2324-G0880,B. Portis,2,22.857142857142858,22.857773749861217
S2324-G0880,B. Portis,3,12.011111111111113,12.011812770562765
S2324-G0880,B. Portis,4,31.263636363636365,31.20819706200662
S2324-G0880,C. Smith,3,1.2,1.200000000000001
S2324-G0880,D. Gallinari,2,0.8,0.7999999999999986
S2324-G0880,D. Gallinari,4,9.586666666666666,9.586666666666638
S2324-G0880,D. Lillard,1,32.086363636363636,32.086985425002446
S2324-G0880,D. Lillard,2,16.637142857142855,16.635478282828284
S2324-G0880,D. Lillard,3,24.5475,24.531433120637534
S2324-G0880,D. Lillard,4,22.513675213675214,22.514883388833326
S2324-G0880,D. Theis,1,8.44,8.440000000000037
S2324-G0880,D. Theis,2,7.4,7.400000000000017
S2324-G0880,D. Theis,3,7.506666666666667,7.5066666666666615
S2324-G0880,I. Zubac,1,2.933333333333333,2.933333333333329
S2324-G0880,I. Zubac,2,9.975,9.98153354978352
S2324-G0880,I. Zubac,3,5.41,5.407033044733039
S2324-G0880,I. Zubac,4,0.825,0.8249999999999992
S2324-G0880,J. Crowder,1,8.5,8.5
S2324-G0880,J. Crowder,2,3.35,3.350000000000013
S2324-G0880,J. Crowder,3,3.2,3.2000000000000095
S2324-G0880,J. Harden,1,25.78095238095238,25.783344434731884
S2324-G0880,J. Harden,2,7.59,7.589999999999979
S2324-G0880,J. Harden,3,13.9,13.900006532940795
S2324-G0880,J. Harden,4,22.61111111111111,22.59607785662051
S2324-G0880,K. Leonard,1,11.877777777777778,11.877777777777748
S2324-G0880,K. Leonard,2,11.037142857142857,11.034297402597435
S2324-G0880,K. Leonard,3,29.668181818181818,29.696830125326965
S2324-G0880,K. Leonard,4,11.346031746031747,11.194535106560101
S2324-G0880,M. Beasley,1,3.2333333333333334,3.23333333333334
S2324-G0880,M. Beasley,2,5.666666666666667,5.666571428571423
S2324-G0880,M. Beasley,3,17.65,17.68516521811524
S2324-G0880,M. Beasley,4,7.6571428571428575,7.657142857142845
S2324-G0880,N. Powell,2,7.466666666666667,7.466666666666693
S2324-G0880,N. Powell,3,6.666666666666667,6.6284440476190385
S2324-G0880,N. Powell,4,13.23,13.231325000000016
S2324-G0880,P. Beverley,1,5.67,5.669999999999991
S2324-G0880,P. Beverley,2,21.666666666666664,21.64460977910976
S2324-G0880,P. Beverley,3,3.125,3.125
S2324-G0880,P. Beverley,4,8.666666666666668,8.66666666666669
S2324-G0880,P. Connaughton,1,2.9,2.8999999999999893
S2324-G0880,P. Connaughton,2,5.1,5.100000000000014
S2324-G0880,P. Connaughton,3,9.586666666666666,9.586438095238066
S2324-G0880,P. George,1,15.928571428571429,15.927653049728043
S2324-G0880,P. George,2,19.4010989010989,19.406745836842934
S2324-G0880,P. George,3,13.225,13.231736763236743
S2324-G0880,P. George,4,23.565714285714286,23.56621651681657
S2324-G0880,S. King,3,1.2,1.200000000000001
S2324-G0880,T. Mann,1,7.564285714285714,7.564285714285693
S2324-G0880,T. Mann,2,3.1666666666666665,3.166666666666666
S2324-G0880,T. Mann,3,5.364285714285715,5.364285714285729
S2324-G0882,B. Coulibaly,1,11.866666666666665,11.86666666666664
S2324-G0882,B. Coulibaly,2,0.8666666666666667,0.8666666666666681
S2324-G0882,B. Coulibaly,3,6.204761904761904,6.204761904761886
S2324-G0882,B. Coulibaly,4,7.8999999999999995,7.900000000000022
S2324-G0882,B. Sensabaugh,1,7.55,7.549999999999972
S2324-G0882,B. Sensabaugh,2,0.8666666666666667,0.8666666666666687
S2324-G0882,B. Sensabaugh,3,19.706666666666667,19.736987175324614
S2324-G0882,B. Sensabaugh,4,3.1666666666666665,3.166666666666666
S2324-G0882,C. Kispert,1,12.275,12.265483369408361
S2324-G0882,C. Kispert,2,5.438095238095238,5.438095238095232
S2324-G0882,C. Kispert,3,10.806666666666667,10.80666666666664
S2324-G0882,C. Kispert,4,0.8666666666666667,0.8666666666666678
S2324-G0882,C. Sexton,1,19.169696969696968,19.16469842543073
S2324-G0882,C. Sexton,2,26.075,26.068461713286656
S2324-G0882,C. Sexton,3,13.106666666666666,13.106666666666612
S2324-G0882,C. Sexton,4,18.211111111111112,18.21100942684774
S2324-G0882,D. Avdija,1,16.192307692307693,16.193610912698375
S2324-G0882,D. Avdija,2,16.512987012987015,16.51432779720284
S2324-G0882,D. Avdija,3,14.566666666666666,14.562984534909518
S2324-G0882,D. Avdija,4,14.16969696969697,14.170738347763324
S2324-G0882,E. Omoruyi,1,0.8666666666666667,0.866666666666669
S2324-G0882,J. Clarkson,1,7.264285714285714,7.264297619047634
S2324-G0882,J. Clarkson,2,37.74090909090909,37.76055827417298
S2324-G0882,J. Clarkson,3,25.413333333333334,25.4047432467429
S2324-G0882,J. Clarkson,4,31.625,31.574655140692602
S2324-G0882,J. Collins,1,15.850877192982455,15.861451867413678
S2324-G0882,J. Collins,2,9.933333333333334,9.933982892107908
S2324-G0882,J. Collins,3,19.558119658119658,19.56451714951717
S2324-G0882,J. Collins,4,1.137142857142857,1.1403345238095266
S2324-G0882,J. Davis,1,6.166666666666667,6.166666666666664
S2324-G0882,J. Davis,2,0.8,0.7999999999999983
S2324-G0882,J. Juzang,2,12.799999999999999,12.80000000000001
S2324-G0882,J. Juzang,4,17.455844155844154,17.455844155844225
S2324-G0882,J. Poole,1,17.80666666666667,17.814787662337693
S2324-G0882,J. Poole,2,27.736507936507937,27.73910673493176
S2324-G0882,J. Poole,3,15.106666666666666,15.106666666666605
S2324-G0882,J. Poole,4,16.45873015873016,16.45854844828377
S2324-G0882,K. Dunn,1,9.827272727272726,9.825909090909066
S2324-G0882,K. Dunn,3,5.16969696969697,5.169696969696953
S2324-G0882,K. Dunn,4,3.2642857142857142,3.264285714285725
S2324-G0882,K. George,1,5.506666666666667,5.5066666666666615
S2324-G0882,K. Kuzma,1,16.136363636363637,16.136363636363622
S2324-G0882,K. Kuzma,2,20.54155844155844,20.540593381618486
S2324-G0882,K. Kuzma,3,8.475,8.474999999999973
S2324-G0882,K. Kuzma,4,23.122727272727275,23.122346424774115
S2324-G0882,L. Samanic,1,5.466666666666667,5.46666666666669
S2324-G0882,L. Samanic,2,5.466666666666667,5.46666666666669
S2324-G0882,L. Samanic,3,15.127272727272727,15.127272727272727
S2324-G0882,L. Samanic,4,3.071428571428571,3.0714285714285636
S2324-G0882,L. Shamet,2,5.1,5.100000000000014
S2324-G0882,L. Shamet,3,3.1666666666666665,3.166666666666666
S2324-G0882,L. Shamet,4,0.9142857142857144,0.9142857142857117
S2324-G0882,M. Bagley III,1,5.1,5.100000000000014
S2324-G0882,M. Bagley III,2,7.492307692307692,7.492807692307727
S2324-G0882,M. Bagley III,3,12.266666666666666,12.241093892218899
S2324-G0882,O. Yurtseven,3,1.15,1.1499166666666705
S2324-G0882,O. Yurtseven,4,0.8055555555555556,0.805555555555554
S2324-G0882,R. Holmes,1,0.8,0.7999999999999986
S2324-G0882,R. Holmes,2,3.1666666666666665,3.166666666666666
S2324-G0882,R. Holmes,3,5.525,5.524999999999992
S2324-G0882,T. Hendricks,1,10.475,10.47499999999996
S2324-G0882,T. Hendricks,2,6.233333333333333,6.233333333333344
S2324-G0882,T. Horton-Tucker,1,10.600000000000001,10.59999999999996
S2324-G0882,T. Horton-Tucker,2,11.733333333333334,11.734378626928615
S2324-G0882,T. Horton-Tucker,3,0.8666666666666667,0.8666666666666685
S2324-G0882,T. Horton-Tucker,4,10.075,10.07482500000003
S2324-G0882,T. Jones,1,18.127272727272725,18.12720779220771
S2324-G0882,T. Jones,2,10.514285714285714,10.514285714285725
S2324-G0882,T. Jones,3,18.099999999999998,18.099999999999937
S2324-G0882,T. Jones,4,3.35,3.350000000000013
S2324-G0886,A. Horford,1,3.35,3.350000000000013
S2324-G0886,A. Horford,2,3.233333333333333,3.233333333333346
S2324-G0886,A. Horford,3,10.55,10.550034090909067
S2324-G0886,A. Horford,4,12.23,12.230000000000016
S2324-G0886,A. Lang,3,1.2,1.200000000000001
S2324-G0886,C. LeVert,1,9.725,9.724999999999966
S2324-G0886,C. LeVert,2,16.133333333333333,16.133333333333322
S2324-G0886,C. LeVert,3,3.1666666666666665,3.166666666666666
S2324-G0886,C. LeVert,4,7.555844155844156,7.555844155844167
S2324-G0886,C. Porter Jr.,2,7.914285714285715,7.914285714285752
S2324-G0886,D. Garland,1,24.317307692307693,24.36888612802751
S2324-G0886,D. Garland,2,7.438095238095238,7.43809523809523
S2324-G0886,D. Garland,3,29.686363636363637,29.696389162742083
S2324-G0886,D. Garland,4,4.275,4.283013888888877
S2324-G0886,D. Simpkins,1,1.2,1.200000000000001
S2324-G0886,D. Wade,1,8.614285714285714,8.614285714285694
S2324-G0886,D. Wade,2,5.466666666666667,5.46666666666669
S2324-G0886,D. Wade,4,37.07860962566845,36.97273860966609
S2324-G0886,D. White,1,3.2066666666666666,3.2066666666666697
S2324-G0886,D. White,2,5.506666666666667,5.5066666666666615
S2324-G0886,D. White,3,6.225,6.224999999999997
S2324-G0886,D. White,4,3.1666666666666665,3.166666666666666
S2324-G0886,E. Mobley,1,12.458730158730157,12.469451134976138
S2324-G0886,E. Mobley,2,3.1696969696969695,3.169678571428568
S2324-G0886,E. Mobley,3,9.564285714285713,9.564285714285694
S2324-G0886,G. Niang,1,8.4,8.400000000000027
S2324-G0886,G. Niang,2,0.8,0.8000000000000007
S2324-G0886,G. Niang,3,0.8666666666666667,0.8666666666666673
S2324-G0886,G. Niang,4,11.4,11.400000000000043
S2324-G0886,I. Okoro,1,6.214285714285714,6.214285714285707
S2324-G0886,I. Okoro,2,15.103030303030303,15.102836688311633
S2324-G0886,I. Okoro,3,15.092307692307692,15.092432692307712
S2324-G0886,I. Okoro,4,8.586666666666666,8.586799999999975
S2324-G0886,J. Allen,1,23.8,23.795811559600523
S2324-G0886,J. Allen,2,18.826666666666668,18.818001107226156
S2324-G0886,J. Allen,3,16.23,16.230000000000015
S2324-G0886,J. Allen,4,3.0,3.0
S2324-G0886,J. Brown,1,24.36923076923077,23.842268437814354
S2324-G0886,J. Brown,2,16.366666666666667,16.372670933233447
S2324-G0886,J. Brown,3,29.145833333333332,29.151391276778803
S2324-G0886,J. Holiday,1,9.866666666666665,9.86666666666662
S2324-G0886,J. Holiday,2,6.105555555555555,6.104597979798012
S2324-G0886,J. Holiday,3,10.55,10.549999999999976
S2324-G0886,J. Holiday,4,9.85,9.849999999999964
S2324-G0886,J. Tatum,1,25.525,25.528548400210877
S2324-G0886,J. Tatum,2,19.1475,19.14659549755801
S2324-G0886,J. Tatum,3,10.09,10.086753968253957
S2324-G0886,J. Tatum,4,23.82222222222222,25.1470966544893
S2324-G0886,K. Porzingis,1,22.59090909090909,22.587275951825944
S2324-G0886,K. Porzingis,2,16.564285714285713,16.562404689754665
S2324-G0886,K. Porzingis,3,15.19145299145299,15.185743528693488
S2324-G0886,K. Porzingis,4,15.337142857142858,15.337546428571397
S2324-G0886,L. Kornet,2,0.8400000000000001,0.8400000000000027
S2324-G0886,L. Kornet,4,14.19,14.190000000000044
S2324-G0886,P. Pritchard,1,0.8666666666666667,0.866666666666669
S2324-G0886,P. Pritchard,2,5.475,5.47500000000001
S2324-G0886,P. Pritchard,4,5.33,5.330000000000015
S2324-G0886,S. Hauser,1,10.864285714285714,10.864285714285698
S2324-G0886,S. Hauser,2,7.425,7.4249999999999705
S2324-G0886,S. Hauser,3,0.9333333333333332,0.9333333333333365
S2324-G0886,S. Merrill,1,0.8,0.7999999999999986
S2324-G0886,S. Merrill,2,13.166666666666666,13.167152236652228
S2324-G0886,S. Merrill,3,8.564285714285713,8.564285714285694
S2324-G0886,S. Merrill,4,3.1,3.0999999999999948
S2324-G0900,A. Hagans,1,7.425,7.424999999999971
S2324-G0900,A. Hagans,2,0.9,0.9000000000000037
S2324-G0900,A. Hagans,4,0.8,0.8000000000000007
S2324-G0900,A. Simons,1,9.503030303030304,9.503030303030302
S2324-G0900,A. Simons,2,7.4,7.400000000000017
S2324-G0900,A. Simons,3,28.10854700854701,28.11188621415994
S2324-G0900,A. Simons,4,31.33650793650794,31.34672858743851
S2324-G0900,A. Wiggins,2,0.9142857142857144,0.9142857142857117
S2324-G0900,A. Wiggins,4,7.506666666666667,7.5066666666666615
S2324-G0900,C. Holmgren,1,10.5,10.499725274725277
S2324-G0900,C. Holmgren,2,21.313636363636363,21.31283592967488
S2324-G0900,C. Holmgren,3,5.233333333333333,5.233333333333346
S2324-G0900,C. Holmgren,4,8.56969696969697,8.567695554445544
S2324-G0900,C. Wallace,1,3.1,3.0999999999999948
S2324-G0900,C. Wallace,2,7.564285714285714,7.564285714285693
S2324-G0900,C. Wallace,3,0.8,0.799999999999998
S2324-G0900,C. Wallace,4,0.8,0.799999999999998
S2324-G0900,D. Banton,1,3.1,3.0999999999999948
S2324-G0900,D. Banton,2,16.436363636363637,16.4384921606172
S2324-G0900,D. Banton,3,10.836363636363636,10.836363636363615
S2324-G0900,D. Banton,4,16.189999999999998,16.190000000000044
S2324-G0900,D. Reath,1,9.833333333333332,9.833333333333306
S2324-G0900,D. Reath,2,14.94155844155844,14.94120686258184
S2324-G0900,D. Reath,3,19.492307692307694,19.492357367778496
S2324-G0900,D. Reath,4,3.1666666666666665,3.166666666666666
S2324-G0900,G. Hayward,1,1.875,1.874939393939394
S2324-G0900,G. Hayward,2,1.8,1.7996666666666732
S2324-G0900,G. Hayward,3,10.466666666666667,10.466666666666688
S2324-G0900,G. Hayward,4,6.264285714285714,6.264285714285729
S2324-G0900,I. Joe,1,0.8666666666666667,0.866666666666669
S2324-G0900,I. Joe,2,0.8666666666666667,0.8666666666666675
S2324-G0900,I. Joe,3,3.25,3.25
S2324-G0900,I. Joe,4,0.838095238095238,0.8380952380952358
S2324-G0900,J. Giddey,1,11.613675213675215,11.624325414300174
S2324-G0900,J. Giddey,2,10.506666666666666,10.506666666666662
S2324-G0900,J. Giddey,3,11.806666666666667,11.806666666666658
S2324-G0900,J. Giddey,4,9.527272727272727,9.527272727272708
S2324-G0900,J. Grant,1,9.564285714285713,9.564285714285694
S2324-G0900,J. Grant,2,14.912987012987012,14.91210891053388
S2324-G0900,J. Grant,3,13.903174603174602,13.90808676552208
S2324-G0900,J. Grant,4,10.74,10.739812987012986
S2324-G0900,J. Walker,1,9.600000000000001,9.599999999999966
S2324-G0900,J. Walker,2,5.3,5.29999999999998
S2324-G0900,J. Walker,4,13.222727272727273,13.230596373724303
S2324-G0900,J. Williams,1,11.93,11.930099999999996
S2324-G0900,J. Williams,2,20.45,20.45008333333326
S2324-G0900,J. Williams,3,16.152380952380952,16.15205396825401
S2324-G0900,J. Williams,4,25.57008547008547,25.55926475359433
S2324-G0900,K. Murray,1,13.567307692307692,13.56661155511154
S2324-G0900,K. Murray,2,5.138095238095238,5.138095238095252
S2324-G0900,K. Murray,3,0.9,0.9000000000000036
S2324-G0900,K. Murray,4,7.46969696969697,7.469696969696992
S2324-G0900,K. Williams,1,1.0,1.0
S2324-G0900,K. Williams,3,5.525,5.524999999999992
S2324-G0900,L. Dort,1,11.514285714285714,11.514285714285704
S2324-G0900,L. Dort,2,3.1,3.0999999999999943
S2324-G0900,L. Dort,3,5.4399999999999995,5.440000000000027
S2324-G0900,L. Dort,4,0.8,0.7999999999999985
S2324-G0900,M. Thybulle,1,6.071428571428571,6.071428571428578
S2324-G0900,M. Thybulle,2,11.450000000000001,11.455661502386507
S2324-G0900,M. Thybulle,3,3.2642857142857142,3.264285714285725
S2324-G0900,M. Thybulle,4,12.717460317460318,12.675425817238306
S2324-G0900,R. Rupert,1,3.2,3.2000000000000095
S2324-G0900,R. Rupert,2,10.106666666666666,10.106038095238056
S2324-G0900,R. Rupert,3,6.3,6.299999999999978
S2324-G0900,R. Rupert,4,0.8666666666666667,0.8666666666666681
S2324-G0900,S. Gilgeous-Alexander,1,22.4010989010989,22.403044843752745
S2324-G0900,S. Gilgeous-Alexander,2,18.466666666666665,18.46666666666669
S2324-G0900,S. Gilgeous-Alexander,3,41.285714285714285,41.324589522418634
S2324-G0900,S. Gilgeous-Alexander,4,11.552380952380952,11.552501648351633
S2324-G0901,A. Davis,1,17.613333333333333,17.618470022134698
S2324-G0901,A. Davis,2,10.89,10.890000000000034
S2324-G0901,A. Davis,3,9.957142857142857,9.960825541125546
S2324-G0901,A. Davis,4,9.46969696969697,9.469696969696992
S2324-G0901,A. Houston,2,1.2,1.200000000000001
S2324-G0901,A. Len,1,0.8666666666666667,0.866666666666669
S2324-G0901,A. Len,2,3.3642857142857143,3.363037878787884
S2324-G0901,A. Len,3,3.35,3.350000000000013
S2324-G0901,A. Reaves,1,14.814285714285713,14.81428571428569
S2324-G0901,A. Reaves,2,14.775,14.77780032467533
S2324-G0901,A. Reaves,3,12.803030303030303,12.803030303030312
S2324-G0901,A. Reaves,4,13.846666666666666,13.846666666666676
S2324-G0901,D. Fox,1,21.38888888888889,21.38732687728931
S2324-G0901,D. Fox,2,28.0075,28.028134931979803
S2324-G0901,D. Fox,3,33.8125,33.784677574016925
S2324-G0901,D. Fox,4,38.27222222222222,38.53686761251676
S2324-G0901,D. Mitchell,1,6.166666666666667,6.166666666666664
S2324-G0901,D. Mitchell,2,16.700000000000003,16.704829220779168
S2324-G0901,D. Mitchell,3,0.8666666666666667,0.8666666666666681
S2324-G0901,D. Mitchell,4,0.8666666666666667,0.8666666666666683
S2324-G0901,D. Russell,1,18.06969696969697,18.069530303030266
S2324-G0901,D. Russell,2,5.206666666666667,5.206666666666683
S2324-G0901,D. Russell,3,3.071428571428571,3.0714285714285636
S2324-G0901,D. Russell,4,10.015384615384615,10.021616416916425
S2324-G0901,D. Sabonis,1,16.452380952380953,16.454486029248475
S2324-G0901,D. Sabonis,2,0.8666666666666667,0.8672380952380949
S2324-G0901,D. Sabonis,3,16.26984126984127,16.30068979386626
S2324-G0901,D. Sabonis,4,16.142245989304815,16.140006266364338
S2324-G0901,H. Barnes,1,11.827272727272726,11.827272727272724
S2324-G0901,H. Barnes,3,17.127272727272725,17.127012987012908
S2324-G0901,J. Hayes,1,3.4333333333333336,3.4333333333333225
S2324-G0901,J. Hayes,2,2.0,2.0
S2324-G0901,J. Hayes,3,0.9466666666666665,0.9470833333333323
S2324-G0901,J. Hood-Schifino,4,3.1666666666666665,3.166666666666666
S2324-G0901,J. Kleine,1,1.2,1.200000000000001
S2324-G0901,K. Ellis,1,0.8666666666666667,0.866666666666669
S2324-G0901,K. Ellis,2,6.175,6.174999999999978
S2324-G0901,K. Ellis,3,0.8666666666666667,0.8666666666666685
S2324-G0901,K. Ellis,4,9.74,9.740000000000007
S2324-G0901,K. Huerter,1,5.59,5.5900000000000025
S2324-G0901,K. Huerter,3,5.233333333333333,5.233333333333346
S2324-G0901,K. Murray,1,5.506666666666667,5.5066666666666615
S2324-G0901,K. Murray,2,10.475,10.47499999999996
S2324-G0901,K. Murray,3,12.04,12.041235199114585
S2324-G0901,K. Murray,4,0.8666666666666667,0.8666666666666686
S2324-G0901,L. James,1,12.842307692307692,12.842498460689653
S2324-G0901,L. James,2,12.52,12.520593564768548
S2324-G0901,L. James,3,36.65555555555555,36.67357933897888
S2324-G0901,L. James,4,9.611111111111112,9.611111111111091
S2324-G0901,M. Christie,1,0.8666666666666667,0.8666666666666686
S2324-G0901,M. Christie,2,3.1,3.0999999999999948
S2324-G0901,M. Christie,3,6.25,6.25
S2324-G0901,M. Christie,4,0.8,0.799999999999998
S2324-G0901,M. Monk,1,12.805454545454545,12.80986701076702
S2324-G0901,M. Monk,2,31.0075,31.034504699600472
S2324-G0901,M. Monk,3,8.466666666666667,8.466666666666692
S2324-G0901,M. Monk,4,21.05873015873016,21.055332131512287
S2324-G0901,R. Hachimura,1,17.2,17.20010378510374
S2324-G0901,R. Hachimura,2,11.725,11.724999999999957
S2324-G0901,R. Hachimura,3,19.336363636363636,19.336868273883027
S2324-G0901,R. Hachimura,4,23.455844155844154,23.45509339826843
S2324-G0901,S. Dinwiddie,1,10.6,10.59999999999996
S2324-G0901,S. Dinwiddie,2,0.9000000000000001,0.9000000000000038
S2324-G0901,S. Dinwiddie,3,6.214285714285714,6.214285714285707
S2324-G0901,S. Dinwiddie,4,0.8,0.8000000000000007
S2324-G0901,T. Lyles,1,6.366666666666667,6.366666666666651
S2324-G0901,T. Lyles,2,7.383333333333333,7.38385714285717
S2324-G0901,T. Lyles,3,3.1,3.0999999999999943
S2324-G0901,T. Lyles,4,5.264285714285714,5.2642857142857284
S2324-G0901,T. Prince,1,0.8666666666666667,0.866666666666669
S2324-G0901,T. Prince,2,8.55,8.54999999999997
S2324-G0901,T. Prince,3,0.8,0.7999999999999982
S2324-G0901,T. Prince,4,6.166666666666667,6.166666666666664
S2324-G0902,A. Thompson,1,5.16969696969697,5.169530303030286
S2324-G0902,A. Thompson,2,12.846666666666666,12.846666666666668
S2324-G0902,A. Thompson,3,21.775,21.77500000000004
S2324-G0902,A. Thompson,4,5.483333333333333,5.488634362859369
S2324-G0902,C. Cunningham,1,12.523809523809524,12.519259494263897
S2324-G0902,C. Cunningham,2,25.391452991452994,25.371708388996623
S2324-G0902,C. Cunningham,3,23.133333333333333,23.114786551567622
S2324-G0902,C. Cunningham,4,25.5952380952381,25.50987304756648
S2324-G0902,D. Finney-Smith,1,3.0666666666666664,3.0666666666666726
S2324-G0902,D. Finney-Smith,2,12.775,12.775000000000048
S2324-G0902,D. Finney-Smith,3,5.405555555555555,5.405555555555563
S2324-G0902,D. Finney-Smith,4,15.814285714285713,15.828098651348672
S2324-G0902,D. Schroder,1,9.385454545454545,9.3843533913799
S2324-G0902,D. Schroder,2,15.7,15.702495004994962
S2324-G0902,D. Schroder,3,26.695238095238096,26.714248233302634
S2324-G0902,D. Schroder,4,21.66785714285714,21.677357171994633
S2324-G0902,D. Smith Jr.,1,10.76969696969697,10.769696969696966
S2324-G0902,D. Smith Jr.,2,11.814285714285713,11.814852092352073
S2324-G0902,D. Smith Jr.,3,10.065454545454545,10.063440270840259
S2324-G0902,D. Smith Jr.,4,2.975,3.009825396825403
S2324-G0902,E. Fournier,1,7.55,7.549999999999972
S2324-G0902,E. Fournier,2,0.8666666666666667,0.8666666666666671
S2324-G0902,E. Fournier,3,0.8666666666666667,0.8666666666666675
S2324-G0902,E. Fournier,4,0.7714285714285714,0.7714285714285721
S2324-G0902,I. Stewart,1,7.575,7.575000000000028
S2324-G0902,I. Stewart,2,7.433333333333333,7.432087698412699
S2324-G0902,I. Stewart,3,0.903030303030303,0.906722510822513
S2324-G0902,I. Stewart,4,5.166666666666667,5.1666666666666465
S2324-G0902,J. Duren,1,14.011688311688312,13.99171682484181
S2324-G0902,J. Duren,2,7.628571428571428,7.628805194805164
S2324-G0902,J. Duren,3,5.233333333333333,5.233333333333346
S2324-G0902,J. Duren,4,7.546666666666667,7.546666666666642
S2324-G0902,J. Ivey,1,21.717307692307692,21.716711248473743
S2324-G0902,J. Ivey,2,15.146666666666667,15.146666666666652
S2324-G0902,J. Ivey,3,14.584415584415584,14.585438636363618
S2324-G0902,J. Ivey,4,25.447058823529414,25.466405149967017
S2324-G0902,J. Wilson,1,5.6,5.600000000000007
S2324-G0902,J. Wilson,3,7.425,7.4249999999999705
S2324-G0902,J. Wilson,4,0.8666666666666667,0.8666666666666683
S2324-G0902,J. Wiseman,1,3.1,3.0999999999999948
S2324-G0902,J. Wiseman,2,9.514285714285714,9.51428571428573
S2324-G0902,J. Wiseman,3,8.697142857142858,8.697021933621903
S2324-G0902,J. Wiseman,4,6.206666666666667,6.2066666666666865
S2324-G0902,K. Bates-Diop,1,9.846666666666666,9.846666666666634
S2324-G0902,L. Walker IV,1,10.775,10.77500000000004
S2324-G0902,L. Walker IV,2,22.403030303030302,22.401506235723378
S2324-G0902,L. Walker IV,3,8.575,8.57500000000003
S2324-G0902,L. Walker IV,4,24.3075,24.3583929554536
S2324-G0902,M. Bridges,1,10.645454545454545,10.645318881118913
S2324-G0902,M. Bridges,2,6.166666666666667,6.166666666666664
S2324-G0902,M. Bridges,3,14.945454545454545,14.967324368686894
S2324-G0902,M. Bridges,4,9.775,9.777420001077358
S2324-G0902,M. Flynn,4,0.8666666666666667,0.8666666666666686
S2324-G0902,M. Sasser,1,3.2,3.2000000000000024
S2324-G0902,M. Sasser,2,9.864285714285714,9.864285714285689
S2324-G0902,N. Claxton,1,4.16969696969697,4.171441905316896
S2324-G0902,N. Claxton,2,19.48095238095238,19.480658730158662
S2324-G0902,N. Claxton,3,5.2555555555555555,5.255873593073599
S2324-G0902,N. Claxton,4,8.229670329670329,8.233316250416257
S2324-G0902,N. Clowney,2,0.825,0.8249999999999992
S2324-G0902,N. Clowney,3,0.8,0.7999999999999986
S2324-G0902,N. Clowney,4,0.9000000000000001,0.9000000000000038
S2324-G0902,S. Fontecchio,1,3.1,3.0999999999999948
S2324-G0902,S. Fontecchio,2,0.8666666666666667,0.8666666666666675
S2324-G0902,S. Fontecchio,3,16.541558441558443,16.540628787878862
S2324-G0902,S. Fontecchio,4,3.071428571428571,3.0714285714285636
S2324-G0902,T. Watford,1,3.125,3.125
S2324-G0902,T. Watford,2,9.600000000000001,9.599999999999966
S2324-G0902,T. Watford,3,3.1,3.0999999999999943
S2324-G0902,T. Watford,4,2.838095238095238,2.8380952380952453
S2324-G0904,B. Adebayo,1,14.2,14.200064935064908
S2324-G0904,B. Adebayo,2,13.217307692307692,13.203809651459638
S2324-G0904,B. Adebayo,3,12.866666666666665,12.866666666666651
S2324-G0904,B. Adebayo,4,10.033333333333333,10.031708333333317
S2324-G0904,C. Martin,1,6.1,6.099999999999995
S2324-G0904,C. Martin,2,12.823809523809523,12.823809523809507
S2324-G0904,C. Martin,3,10.7,10.690116433566457
S2324-G0904,C. Martin,4,7.48,7.480000000000014
S2324-G0904,D. Exum,2,14.114285714285714,14.081928571428556
S2324-G0904,D. Exum,3,0.8666666666666667,0.8666666666666678
S2324-G0904,D. Exum,4,12.575,12.578256213231205
S2324-G0904,D. Gafford,1,5.166666666666667,5.1666666666666465
S2324-G0904,D. Gafford,2,7.36969696969697,7.341165920190917
S2324-G0904,D. Gafford,3,9.55,9.549999999999969
S2324-G0904,D. Gafford,4,5.175,5.174999999999982
S2324-G0904,D. Jones Jr.,1,0.9000000000000001,0.9000000000000038
S2324-G0904,D. Jones Jr.,2,6.6,6.632758730158731
S2324-G0904,D. Jones Jr.,3,0.8666666666666667,0.8666666666666671
S2324-G0904,D. Lively II,2,5.199999999999999,5.20000000000002
S2324-G0904,D. Lively II,3,7.4399999999999995,7.440000000000035
S2324-G0904,D. Lively II,4,0.9000000000000001,0.9000000000000038
S2324-G0904,D. Robinson,1,21.066666666666666,21.07720910413114
S2324-G0904,D. Robinson,2,6.166666666666667,6.166666666666664
S2324-G0904,D. Robinson,3,12.795238095238094,12.795238095238071
S2324-G0904,D. Robinson,4,5.5,5.5
S2324-G0904,H. Highsmith,1,0.8666666666666667,0.8666666666666686
S2324-G0904,H. Highsmith,2,12.155555555555555,12.15790541125542
S2324-G0904,J. Butler,1,7.48,7.480000000000014
S2324-G0904,J. Butler,2,9.633333333333333,9.6328213536464
S2324-G0904,J. Butler,3,5.425,5.424999999999979
S2324-G0904,J. Butler,4,22.885714285714286,22.88712489593734
S2324-G0904,J. Green,1,5.25,5.25
S2324-G0904,J. Green,2,0.8,0.799999999999998
S2324-G0904,J. Green,3,3.3666666666666667,3.366666666666674
S2324-G0904,J. Green,4,3.071428571428571,3.0714285714285636
S2324-G0904,J. Jaquez Jr.,1,8.371428571428572,8.371428571428606
S2324-G0904,J. Jaquez Jr.,2,12.803030303030303,12.803030303030312
S2324-G0904,J. Jaquez Jr.,4,10.675,10.692865440115431
S2324-G0904,K. Irving,1,21.666666666666668,21.67248384393381
S2324-G0904,K. Irving,2,11.775,11.775000000000043
S2324-G0904,K. Irving,3,19.466666666666665,19.46666666666669
S2324-G0904,K. Irving,4,17.436507936507937,17.435833250083263
S2324-G0904,K. Smith,2,1.2,1.200000000000001
S2324-G0904,L. Doncic,1,27.05873015873016,27.058619241787667
S2324-G0904,L. Doncic,2,9.795238095238094,9.794292857142874
S2324-G0904,L. Doncic,3,38.70769230769231,38.769137830612
S2324-G0904,L. Doncic,4,18.417307692307695,18.417138461538404
S2324-G0904,M. Kleber,1,3.204761904761905,3.2047619047618925
S2324-G0904,M. Kleber,2,3.3000000000000003,3.2999999999999967
S2324-G0904,M. Kleber,3,6.166666666666667,6.166666666666664
S2324-G0904,N. Jovic,1,11.827272727272726,11.827272727272724
S2324-G0904,N. Jovic,3,7.8,7.799999999999972
S2324-G0904,P. Washington,1,7.425,7.424999999999971
S2324-G0904,P. Washington,2,15.203174603174602,15.205946753246705
S2324-G0904,P. Washington,3,3.1,3.0999999999999956
S2324-G0904,P. Washington,4,15.483333333333334,15.535604609279599
S2324-G0904,T. Bryant,1,5.199999999999999,5.20000000000002
S2324-G0904,T. Bryant,2,5.6000000000000005,5.600000000000007
S2324-G0904,T. Bryant,4,0.8666666666666667,0.8666666666666681
S2324-G0904,T. Dumas,3,1.2,1.200000000000001
S2324-G0904,T. Hardaway Jr.,1,15.075,15.074999999999964
S2324-G0904,T. Hardaway Jr.,2,9.825,9.825000000000031
S2324-G0904,T. Hardaway Jr.,3,14.125,14.125023351648352
S2324-G0904,T. Rozier,1,17.06969696969697,17.069381818181782
S2324-G0904,T. Rozier,2,5.5,5.5
S2324-G0904,T. Rozier,3,24.38705882352941,24.393891496656963
S2324-G0904,T. Rozier,4,22.775,22.775207264957285
S2324-G0905,A. Toolson,3,1.2,1.200000000000001
S2324-G0905,B. Beal,1,9.911111111111111,9.911111111111087
S2324-G0905,B. Beal,2,14.78,14.779454545454591
S2324-G0905,B. Beal,3,16.225,16.230892796092757
S2324-G0905,B. Beal,4,19.68888888888889,19.68514759570494
S2324-G0905,B. Bol,1,5.166666666666667,5.1666666666666465
S2324-G0905,B. Bol,2,12.858730158730157,12.858352847152808
S2324-G0905,B. Bol,4,11.825,11.825000000000005
S2324-G0905,C. Boucher,1,0.95,0.9499999999999977
S2324-G0905,C. Boucher,2,7.614285714285715,7.614285714285704
S2324-G0905,C. Boucher,3,14.884415584415583,14.884324386724325
S2324-G0905,C. Boucher,4,5.105555555555555,5.105555555555583
S2324-G0905,D. Eubanks,1,3.25,3.25
S2324-G0905,D. Eubanks,2,3.3142857142857145,3.3144999999999856
S2324-G0905,D. Eubanks,3,0.7714285714285714,0.7714285714285721
S2324-G0905,D. Eubanks,4,13.78,13.780016666666702
S2324-G0905,E. Gordon,1,3.1666666666666665,3.166666666666666
S2324-G0905,E. Gordon,2,15.45,15.452534951159913
S2324-G0905,E. Gordon,3,0.8666666666666667,0.8666666666666686
S2324-G0905,E. Gordon,4,5.125,5.125
S2324-G0905,G. Allen,1,40.42916666666667,40.3614746848181
S2324-G0905,G. Allen,2,15.214285714285714,15.214452380952414
S2324-G0905,G. Allen,3,5.4,5.400199999999989
S2324-G0905,G. Allen,4,0.8666666666666667,0.8666666666666686
S2324-G0905,G. Dick,1,16.106666666666666,16.106666666666605
S2324-G0905,G. Dick,2,10.833333333333332,10.833333333333313
S2324-G0905,G. Dick,3,10.104761904761904,10.105020526695546
S2324-G0905,G. Dick,4,6.055555555555555,6.0555555555555625
S2324-G0905,G. Trent Jr.,1,18.36969696969697,18.3698154761905
S2324-G0905,G. Trent Jr.,2,24.669696969696968,24.658652929672627
S2324-G0905,G. Trent Jr.,3,22.742307692307694,22.74222053681621
S2324-G0905,G. Trent Jr.,4,18.380000000000003,18.37811392594341
S2324-G0905,I. Quickley,1,3.175,3.1749999999999985
S2324-G0905,I. Quickley,2,17.080000000000002,17.080033774558732
S2324-G0905,I. Quickley,3,15.117307692307692,15.117182692307765
S2324-G0905,I. Quickley,4,28.321212121212124,28.33095706032442
S2324-G0905,J. Freeman-Liberty,1,8.55,8.54999999999997
S2324-G0905,J. Freeman-Liberty,2,7.605555555555555,7.603753823953847
S2324-G0905,J. Freeman-Liberty,3,0.8666666666666667,0.8666666666666685
S2324-G0905,J. Freeman-Liberty,4,0.8666666666666667,0.8666666666666681
S2324-G0905,J. Nurkic,1,10.044444444444444,10.043808813408836
S2324-G0905,J. Nurkic,2,9.612987012987013,9.612971933621965
S2324-G0905,J. Nurkic,3,1.1111111111111112,1.0994716450216435
S2324-G0905,J. Nurkic,4,2.0,2.0
S2324-G0905,J. Nwora,1,5.4,5.39999999999999
S2324-G0905,K. Durant,1,19.49145299145299,19.491230769230803
S2324-G0905,K. Durant,2,5.133333333333333,5.135287770562764
S2324-G0905,K. Durant,3,42.31804511278195,41.857347311859975
S2324-G0905,K. Durant,4,16.025,16.022639693639693
S2324-G0905,K. Olynyk,1,15.1,15.099999999999945
S2324-G0905,K. Olynyk,2,8.803030303030303,8.80361737151736
S2324-G0905,K. Olynyk,3,0.9466666666666665,0.9466666666666658
S2324-G0905,K. Olynyk,4,7.45,7.450035714285741
S2324-G0905,O. Agbaji,1,9.833333333333332,9.833333333333306
S2324-G0905,O. Agbaji,2,3.1666666666666665,3.166666666666666
S2324-G0905,O. Agbaji,3,6.633333333333334,6.632007409257426
S2324-G0905,O. Agbaji,4,0.8666666666666667,0.8666666666666683
S2324-G0905,R. Barrett,1,13.075,13.074999999999983
S2324-G0905,R. Barrett,2,8.517307692307693,8.516834615384596
S2324-G0905,R. Barrett,3,20.49145299145299,20.49066559829064
S2324-G0905,R. Barrett,4,21.343956043956045,21.34503730991232
S2324-G0905,R. O'Neale,1,15.15,15.150000000000055
S2324-G0905,R. O'Neale,2,1.0666666666666667,1.0666666666666644
S2324-G0905,R. O'Neale,3,3.18,3.179999999999995
S2324-G0905,R. O'Neale,4,12.7,12.69999999999999
S2324-G0905,S. Lee,2,7.736363636363636,7.737592074592085
S2324-G0905,S. Lee,3,3.25,3.25
S2324-G0905,S. Lee,4,3.1,3.0999999999999943
S2324-G0906,A. Gordon,1,9.846666666666666,9.846666666666634
S2324-G0906,A. Gordon,2,12.175,12.17504523809524
S2324-G0906,A. Gordon,3,14.152380952380952,14.152095238095283
S2324-G0906,A. Gordon,4,18.177777777777777,18.177649572649617
S2324-G0906,A. Horford,1,3.2142857142857144,3.2142857142857086
S2324-G0906,A. Horford,2,3.2,3.1996428571428597
S2324-G0906,A. Horford,3,0.8666666666666667,0.8666666666666685
S2324-G0906,A. Horford,4,2.9,2.8999999999999893
S2324-G0906,C. Braun,1,5.071428571428571,5.0714285714285605
S2324-G0906,C. Braun,2,9.558730158730159,9.572072288822275
S2324-G0906,C. Braun,3,0.8666666666666667,0.8666666666666678
S2324-G0906,C. Braun,4,1.9714285714285713,1.9714285714285744
S2324-G0906,D. White,1,7.584415584415585,7.584415584415618
S2324-G0906,D. White,2,15.071794871794872,15.086925647881507
S2324-G0906,D. White,3,3.1666666666666665,3.166666666666666
S2324-G0906,D. White,4,3.35,3.350000000000013
S2324-G0906,J. Brown,1,19.64666666666667,19.625205591630568
S2324-G0906,J. Brown,2,41.385714285714286,41.410350667976694
S2324-G0906,J. Brown,3,26.760427807486632,26.763595678959877
S2324-G0906,J. Brown,4,24.288888888888888,24.229981338106356
S2324-G0906,J. Holiday,1,14.08,14.079999999999961
S2324-G0906,J. Holiday,2,3.0666666666666664,3.0666666666666726
S2324-G0906,J. Holiday,3,0.8,0.7999999999999983
S2324-G0906,J. Holiday,4,27.135897435897437,27.158690210430258
S2324-G0906,J. Murray,1,18.475,18.47516452991447
S2324-G0906,J. Murray,2,21.812987012987012,21.813312229437184
S2324-G0906,J. Murray,3,7.611111111111111,7.61111111111109
S2324-G0906,J. Murray,4,16.545833333333334,16.54098650793652
S2324-G0906,J. Tatum,1,20.44666666666667,20.447015934065973
S2324-G0906,J. Tatum,2,3.2030303030303027,3.2030013320013326
S2324-G0906,J. Tatum,3,7.618181818181818,7.622135422910398
S2324-G0906,J. Tatum,4,17.525,17.525177406417168
S2324-G0906,K. Caldwell-Pope,1,5.214285714285714,5.214285714285694
S2324-G0906,K. Caldwell-Pope,2,0.7714285714285714,0.7714285714285721
S2324-G0906,K. Caldwell-Pope,3,19.505714285714284,19.50651833583091
S2324-G0906,K. Caldwell-Pope,4,5.066666666666666,5.066666666666691
S2324-G0906,K. Porzingis,1,14.203030303030303,14.203073232323202
S2324-G0906,K. Porzingis,2,18.538095238095238,18.55408540903538
S2324-G0906,K. Porzingis,3,28.480341880341882,28.476594209978234
S2324-G0906,K. Porzingis,4,19.9,19.88160281940278
S2324-G0906,M. Porter Jr.,1,12.871428571428572,12.870049783549804
S2324-G0906,M. Porter Jr.,2,9.74,9.740000000000007
S2324-G0906,M. Porter Jr.,3,9.725,9.724999999999966
S2324-G0906,M. Porter Jr.,4,0.838095238095238,0.8380952380952358
S2324-G0906,N. Jokic,1,14.912987012987012,14.912924747474715
S2324-G0906,N. Jokic,2,27.892307692307693,27.865022019810255
S2324-G0906,N. Jokic,3,18.49145299145299,18.491442032967065
S2324-G0906,N. Jokic,4,18.577777777777776,18.579109312909267
S2324-G0906,P. Pritchard,2,3.1,3.0999999999999948
S2324-G0906,P. Pritchard,4,0.8,0.799999999999998
S2324-G0906,P. Watson,1,7.6,7.599999999999982
S2324-G0906,P. Watson,2,5.199999999999999,5.20000000000002
S2324-G0906,P. Watson,3,10.600000000000001,10.59999999999996
S2324-G0906,P. Watson,4,12.075,12.083255749968965
S2324-G0906,R. Jackson,1,9.814285714285713,9.814285714285694
S2324-G0906,R. Jackson,2,7.928571428571429,7.918051587301586
S2324-G0906,R. Jackson,3,5.1,5.100000000000014
S2324-G0906,S. Hauser,1,8.55,8.54999999999997
S2324-G0906,S. Hauser,2,0.8666666666666667,0.8666666666666675
S2324-G0906,S. Hauser,3,6.1,6.099999999999995
S2324-G0906,X. Tillman,1,7.6,7.599999999999982
S2324-G0906,X. Tillman,2,0.7714285714285714,0.7714285714285721
S2324-G0906,X. Tillman,3,0.8666666666666667,0.8666666666666683
S2324-G0906,X. Tillman,4,0.8666666666666667,0.8666666666666671
S2324-G0906,Z. Nnaji,2,3.0142857142857142,3.013785714285724
S2324-G0906,Z. Nnaji,4,5.166666666666667,5.1666666666666465
S2324-G0909,B. Hield,1,7.795238095238095,7.7928701298701455
S2324-G0909,B. Hield,2,5.6,5.60033333333334
S2324-G0909,B. Hield,3,20.598701298701297,20.57872077644573
S2324-G0909,B. Ingram,1,13.898039215686275,13.898279571082492
S2324-G0909,B. Ingram,2,9.614285714285714,9.614285714285689
S2324-G0909,B. Ingram,3,10.575,10.562005916305917
S2324-G0909,B. Ingram,4,9.666666666666666,9.667864024864052
S2324-G0909,C. McCollum,1,18.36969696969697,18.3698154761905
S2324-G0909,C. McCollum,2,14.184415584415584,14.184415584415556
S2324-G0909,C. McCollum,3,5.564285714285714,5.564285714285695
S2324-G0909,C. McCollum,4,7.804761904761905,7.804761904761944
S2324-G0909,C. Payne,1,7.65,7.650000000000019
S2324-G0909,C. Payne,2,7.733333333333333,7.733333333333344
S2324-G0909,C. Payne,4,21.51298701298701,21.512688383838423
S2324-G0909,H. Jones,1,3.3,3.2999999999999967
S2324-G0909,H. Jones,2,0.8666666666666667,0.8666666666666685
S2324-G0909,H. Jones,3,4.175,4.175140151515139
S2324-G0909,H. Jones,4,8.6,8.599999999999973
S2324-G0909,J. Alvarado,1,6.166666666666667,6.166666666666664
S2324-G0909,J. Alvarado,2,5.504761904761905,5.504761904761916
S2324-G0909,J. Alvarado,3,5.466666666666667,5.46666666666669
S2324-G0909,J. Alvarado,4,9.571428571428571,9.571492063492101
S2324-G0909,J. Dowtin Jr.,2,3.2,3.2000000000000095
S2324-G0909,J. Dowtin Jr.,4,11.371428571428572,11.371349206349246
S2324-G0909,J. Valanciunas,1,7.614285714285715,7.614285714285704
S2324-G0909,J. Valanciunas,2,7.56969696969697,7.56956208513708
S2324-G0909,J. Valanciunas,3,5.67,5.669999999999991
S2324-G0909,J. Valanciunas,4,5.175,5.174999999999982
S2324-G0909,K. Lowry,1,5.438095238095238,5.438095238095232
S2324-G0909,K. Lowry,2,4.138095238095238,4.13842857142858
S2324-G0909,K. Lowry,3,10.644444444444446,10.644755402930375
S2324-G0909,K. Martin,1,3.3666666666666667,3.366666666666674
S2324-G0909,K. Martin,2,3.233333333333333,3.233333333333346
S2324-G0909,K. Martin,3,3.25,3.25
S2324-G0909,K. Martin,4,0.8,0.8000000000000007
S2324-G0909,K. Oubre Jr.,1,19.5,19.506694746992785
S2324-G0909,K. Oubre Jr.,2,7.5,7.4952602508602455
S2324-G0909,K. Oubre Jr.,3,22.193181818181817,22.198259315684346
S2324-G0909,K. Oubre Jr.,4,16.212987012987014,16.212990476190477
S2324-G0909,L. Nance Jr.,1,6.199999999999999,6.200000000000022
S2324-G0909,L. Nance Jr.,2,0.8,0.799999999999998
S2324-G0909,L. Nance Jr.,3,10.133333333333333,10.133714396714444
S2324-G0909,L. Nance Jr.,4,9.479999999999999,9.480000000000015
S2324-G0909,M. Bamba,1,3.1666666666666665,3.166666666666666
S2324-G0909,M. Bamba,2,5.3,5.29999999999998
S2324-G0909,M. Bamba,3,1.0431818181818182,1.0308473304473322
S2324-G0909,N. Marshall,1,10.466666666666667,10.466666666666688
S2324-G0909,N. Marshall,2,11.503030303030304,11.503048484848485
S2324-G0909,N. Marshall,3,11.564285714285713,11.564285714285694
S2324-G0909,N. Marshall,4,7.425,7.4249999999999705
S2324-G0909,P. Reed,1,18.792307692307695,18.787842185592154
S2324-G0909,P. Reed,2,16.27777777777778,16.27776452991457
S2324-G0909,P. Reed,4,21.845714285714283,21.856642932213944
S2324-G0909,R. Council IV,2,9.983333333333334,9.983333333333347
S2324-G0909,R. Mahorn,2,1.2,1.200000000000001
S2324-G0909,T. Harris,1,14.417307692307691,14.415558257020734
S2324-G0909,T. Harris,2,12.01,12.007737012987038
S2324-G0909,T. Harris,3,26.145714285714284,26.15267530525028
S2324-G0909,T. Harris,4,16.211111111111112,16.211111111111187
S2324-G0909,T. Murphy III,1,6.166666666666667,6.166666666666664
S2324-G0909,T. Murphy III,2,17.436363636363637,17.437243933697925
S2324-G0909,T. Murphy III,3,5.175,5.174999999999982
S2324-G0909,T. Murphy III,4,3.2,3.2000000000000095
S2324-G0909,Z. Williamson,1,18.173333333333336,18.175505735930685
S2324-G0909,Z. Williamson,2,13.917857142857143,13.909783105783136
S2324-G0909,Z. Williamson,3,17.1675,17.16648911782662
S2324-G0909,Z. Williamson,4,9.75,9.746445487845492
S2324-G0912,A. Black,1,5.466666666666667,5.46666666666669
S2324-G0912,A. Black,2,3.1666666666666665,3.166666666666666
S2324-G0912,A. Black,3,5.614285714285715,5.614285714285725
S2324-G0912,A. Burks,2,5.371428571428571,5.371428571428598
S2324-G0912,A. Schofield,4,3.3666666666666667,3.366666666666674
S2324-G0912,B. Bogdanovic,1,5.25,5.25
S2324-G0912,B. Bogdanovic,2,11.755555555555555,11.75564255189251
S2324-G0912,B. Bogdanovic,4,5.466666666666667,5.46666666666669
S2324-G0912,C. Anthony,2,5.220000000000001,5.22060000000002
S2324-G0912,C. Anthony,3,0.8666666666666667,0.8666666666666688
S2324-G0912,C. Anthony,4,9.886666666666667,9.886500000000046
S2324-G0912,C. Houstan,4,5.199999999999999,5.20000000000002
S2324-G0912,C. Okeke,4,9.966666666666667,9.966666666666686
S2324-G0912,D. DiVincenzo,1,10.806666666666667,10.80666666666664
S2324-G0912,D. DiVincenzo,2,10.685454545454546,10.68625128205129
S2324-G0912,D. DiVincenzo,3,12.8010989010989,12.801144522144542
S2324-G0912,D. DiVincenzo,4,10.103030303030303,10.10347787212784
S2324-G0912,F. Wagner,1,10.19,10.190155555555595
S2324-G0912,F. Wagner,2,20.736363636363638,20.7418340824208
S2324-G0912,F. Wagner,3,19.755844155844155,19.750575757575692
S2324-G0912,F. Wagner,4,12.066666666666666,12.067377777777754
S2324-G0912,G. Bitadze,4,0.95,0.9499999999999977
S2324-G0912,G. Harris,1,3.071428571428571,3.071428571428564
S2324-G0912,G. Harris,2,3.1666666666666665,3.166666666666666
S2324-G0912,G. Harris,3,12.775,12.775000000000048
S2324-G0912,I. Hartenstein,1,6.385714285714285,6.390663980463971
S2324-G0912,I. Hartenstein,2,3.0454545454545454,3.0455555555555525
S2324-G0912,I. Hartenstein,3,5.311111111111111,5.311111111111126
S2324-G0912,J. Battle,2,1.2,1.200000000000001
S2324-G0912,J. Brunson,1,22.433333333333334,22.433356518481556
S2324-G0912,J. Brunson,2,19.4,19.40003296703303
S2324-G0912,J. Brunson,3,16.41730769230769,16.417432692307646
S2324-G0912,J. Brunson,4,15.23,15.230000000000016
S2324-G0912,J. Hart,1,10.514285714285714,10.514285714285725
S2324-G0912,J. Hart,2,16.042857142857144,16.04534453781509
S2324-G0912,J. Hart,3,8.4,8.400000000000027
S2324-G0912,J. Hart,4,15.092857142857142,15.092863685171048
S2324-G0912,J. Ingles,1,0.8666666666666667,0.866666666666669
S2324-G0912,J. Ingles,2,0.8666666666666667,0.8666666666666675
S2324-G0912,J. Ingles,3,0.9,0.9000000000000037
S2324-G0912,J. Ingles,4,1.825,1.812717352092353
S2324-G0912,J. Isaac,1,9.733333333333334,9.733340909090924
S2324-G0912,J. Isaac,2,11.795238095238094,11.795095238095227
S2324-G0912,J. Isaac,4,6.175,6.174999999999978
S2324-G0912,J. Sims,1,0.9000000000000001,0.9000000000000038
S2324-G0912,J. Sims,2,0.9000000000000001,0.9000000000000038
S2324-G0912,J. Sims,3,5.166666666666667,5.1666666666666465
S2324-G0912,J. Sims,4,0.9142857142857144,0.9142857142857117
S2324-G0912,M. Fultz,1,3.1666666666666665,3.166666666666666
S2324-G0912,M. Fultz,2,0.9,0.9000000000000037
S2324-G0912,M. Fultz,3,3.1666666666666665,3.166666666666666
S2324-G0912,M. Fultz,4,7.55,7.549886363636336
S2324-G0912,M. McBride,1,11.5,11.49972329059829
S2324-G0912,M. McBride,2,3.1,3.100000000000011
S2324-G0912,M. McBride,3,9.575,9.575000000000031
S2324-G0912,M. McBride,4,9.436363636363637,9.436761904761944
S2324-G0912,M. Wagner,1,3.1666666666666665,3.166666666666666
S2324-G0912,M. Wagner,2,2.9,2.8999999999999893
S2324-G0912,M. Wagner,3,5.2,5.20000000000002
S2324-G0912,M. Wagner,4,0.8666666666666667,0.866666666666667
S2324-G0912,P. Achiuwa,1,14.585714285714287,14.572778177378177
S2324-G0912,P. Achiuwa,2,11.928571428571429,11.928467532467515
S2324-G0912,P. Achiuwa,3,17.50952380952381,17.51185870518369
S2324-G0912,P. Achiuwa,4,11.94155844155844,11.941435064935071
S2324-G0912,P. Banchero,1,29.067307692307693,29.064063074571592
S2324-G0912,P. Banchero,2,12.245714285714287,12.224948288115405
S2324-G0912,P. Banchero,3,15.595238095238095,15.589573992674005
S2324-G0912,P. Banchero,4,16.266666666666666,16.260952222777256
S2324-G0912,W. Carter Jr.,1,17.247619047619047,17.25532393162396
S2324-G0912,W. Carter Jr.,2,5.59,5.5900000000000025
S2324-G0912,W. Carter Jr.,3,5.586666666666667,5.586638095238101
S2324-G0917,A. Caruso,1,6.125,6.125
S2324-G0917,A. Caruso,2,7.525,7.525000000000018
S2324-G0917,A. Caruso,3,5.055555555555555,5.055555555555545
S2324-G0917,A. Caruso,4,9.75,9.745900949050952
S2324-G0917,A. Coffey,2,3.1,3.0999999999999948
S2324-G0917,A. Coffey,4,3.071428571428571,3.0714285714285636
S2324-G0917,A. Dosunmu,1,17.099999999999998,17.09999450549445
S2324-G0917,A. Dosunmu,2,13.04,13.039999999999973
S2324-G0917,A. Dosunmu,3,10.866666666666665,10.866666666666626
S2324-G0917,A. Dosunmu,4,0.7454545454545454,0.7459801864801883
S2324-G0917,A. Drummond,1,0.95,0.9499999999999977
S2324-G0917,A. Drummond,2,3.29,3.2899999999999987
S2324-G0917,A. Drummond,3,2.9,2.8999999999999893
S2324-G0917,A. Drummond,4,1.9047619047619047,1.9047619047619084
S2324-G0917,B. Hyland,1,7.433333333333333,7.422949639249641
S2324-G0917,B. Hyland,2,0.8,0.7999999999999985
S2324-G0917,B. Hyland,3,6.366666666666667,6.366666666666651
S2324-G0917,B. Hyland,4,6.233333333333333,6.233333333333344
S2324-G0917,C. Weatherspoon,2,1.2,1.200000000000001
S2324-G0917,C. White,1,12.117307692307692,12.118801587301649
S2324-G0917,C. White,2,9.506666666666666,9.506666666666662
S2324-G0917,C. White,3,13.76969696969697,13.769696969697014
S2324-G0917,C. White,4,24.017543859649123,24.014774835072075
S2324-G0917,D. DeRozan,1,16.349999999999998,16.34184449439449
S2324-G0917,D. DeRozan,2,28.413333333333334,28.411212820779156
S2324-G0917,D. DeRozan,3,13.428571428571429,13.480608405483405
S2324-G0917,D. DeRozan,4,13.298701298701298,13.294632828282822
S2324-G0917,D. Terry,4,1.0666666666666667,1.0666666666666644
S2324-G0917,D. Theis,1,3.2,3.2000000000000095
S2324-G0917,D. Theis,2,11.792857142857143,11.792688447276827
S2324-G0917,D. Theis,3,3.1,3.0999999999999956
S2324-G0917,D. Theis,4,9.76969696969697,9.768858441558429
S2324-G0917,I. Zubac,1,12.0,12.005014646464621
S2324-G0917,I. Zubac,2,3.105555555555555,3.1055555555555645
S2324-G0917,I. Zubac,3,22.61,22.604012286406387
S2324-G0917,I. Zubac,4,2.933333333333333,2.933333333333329
S2324-G0917,J. Carter,2,0.8666666666666667,0.8666666666666686
S2324-G0917,J. Harden,1,10.833333333333332,10.833333333333313
S2324-G0917,J. Harden,2,8.59,8.589999999999973
S2324-G0917,J. Harden,3,8.5,8.5
S2324-G0917,J. Harden,4,12.966666666666665,12.966838744588765
S2324-G0917,J. Phillips,2,0.9000000000000001,0.9000000000000038
S2324-G0917,J. Phillips,4,3.1,3.099999999999994
S2324-G0917,K. Leonard,1,17.57,17.572866459928974
S2324-G0917,K. Leonard,2,11.899999999999999,11.900000000000043
S2324-G0917,K. Leonard,3,11.766666666666666,11.766666666666682
S2324-G0917,K. Leonard,4,16.1,16.113522743922704
S2324-G0917,N. Powell,1,7.666666666666667,7.666666666666682
S2324-G0917,N. Powell,2,13.767857142857142,13.771720917970939
S2324-G0917,N. Powell,3,9.738095238095237,9.738095238095198
S2324-G0917,N. Powell,4,22.71785714285714,22.7123136299158
S2324-G0917,N. Vucevic,1,24.096791443850268,24.08950878387609
S2324-G0917,N. Vucevic,2,24.1,24.10572623487627
S2324-G0917,N. Vucevic,3,18.642857142857142,18.655078371628402
S2324-G0917,N. Vucevic,4,9.525,9.525000000000034
S2324-G0917,O. Bitim,1,6.1,6.099999999999995
S2324-G0917,O. Bitim,3,6.1,6.099999999999995
S2324-G0917,O. Bitim,4,3.1,3.099999999999994
S2324-G0917,P. George,1,17.5,17.502441805416836
S2324-G0917,P. George,2,18.349999999999998,18.34149632981397
S2324-G0917,P. George,3,20.60615384615385,20.60170162892666
S2324-G0917,P. George,4,6.2075,6.213548847231209
S2324-G0917,T. Craig,1,8.469696969696969,8.469696969696992
S2324-G0917,T. Craig,2,8.475,8.474999999999973
S2324-G0917,T. Craig,3,5.405555555555555,5.405555555555563
S2324-G0917,T. Mann,1,7.814285714285714,7.814285714285693
S2324-G0917,T. Mann,2,0.7714285714285714,0.7714285714285721
S2324-G0917,T. Mann,3,17.211111111111112,17.21112393162401
S2324-G0922,A. Gordon,1,10.503030303030304,10.503030303030302
S2324-G0922,A. Gordon,2,0.9066666666666666,0.9066666666666664
S2324-G0922,A. Gordon,3,5.214285714285714,5.214285714285694
S2324-G0922,B. Sensabaugh,1,14.1,14.099833333333281
S2324-G0922,B. Sensabaugh,2,0.8666666666666667,0.8666666666666678
S2324-G0922,B. Sensabaugh,3,24.883333333333333,24.86068011457499
S2324-G0922,B. Sensabaugh,4,5.55,5.548476190476172
S2324-G0922,C. Braun,1,0.8666666666666667,0.866666666666669
S2324-G0922,C. Braun,2,10.614285714285714,10.613920634920616
S2324-G0922,C. Braun,3,0.9000000000000001,0.9000000000000038
S2324-G0922,C. Braun,4,15.977777777777778,15.960988245088208
S2324-G0922,C. Jones,2,1.2,1.200000000000001
S2324-G0922,C. Sexton,1,7.814285714285714,7.814285714285693
S2324-G0922,C. Sexton,2,19.81111111111111,19.811452544677564
S2324-G0922,C. Sexton,3,19.27777777777778,19.275176046176078
S2324-G0922,C. Sexton,4,13.264285714285714,13.265373629148598
S2324-G0922,H. Tyson,4,6.3,6.299999999999978
S2324-G0922,J. Clarkson,1,6.166666666666667,6.166666666666664
S2324-G0922,J. Clarkson,2,27.686363636363637,27.683443451646344
S2324-G0922,J. Clarkson,4,32.45454545454545,32.45744258731031
S2324-G0922,J. Collins,1,21.48095238095238,21.48124918088442
S2324-G0922,J. Collins,2,7.633333333333333,7.633333333333363
S2324-G0922,J. Collins,3,11.877777777777778,11.877777777777748
S2324-G0922,J. Collins,4,5.137142857142857,5.1224920995670935
S2324-G0922,J. Holiday,1,6.166666666666667,6.166666666666664
S2324-G0922,J. Holiday,2,0.8666666666666667,0.8666666666666675
S2324-G0922,J. Holiday,3,0.8666666666666667,0.8666666666666678
S2324-G0922,J. Holiday,4,0.9000000000000001,0.9000000000000038
S2324-G0922,J. Huff,4,5.25,5.25
S2324-G0922,J. Juzang,2,9.725,9.724999999999966
S2324-G0922,J. McIlvaine,1,1.2,1.200000000000001
S2324-G0922,J. Murray,1,20.336363636363636,20.340437290487316
S2324-G0922,J. Murray,2,33.175,33.146342046025964
S2324-G0922,J. Murray,3,13.136507936507936,13.136311809024305
S2324-G0922,J. Murray,4,22.467307692307692,22.46707142857141
S2324-G0922,J. Pickett,4,0.8666666666666667,0.866666666666669
S2324-G0922,J. Strawther,4,0.8666666666666667,0.866666666666669
S2324-G0922,K. Caldwell-Pope,1,11.5,11.501569971694973
S2324-G0922,K. Caldwell-Pope,2,3.25,3.25
S2324-G0922,K. Caldwell-Pope,3,12.775,12.775000000000048
S2324-G0922,K. Caldwell-Pope,4,7.6,7.599999999999981
S2324-G0922,K. Dunn,1,0.8,0.7999999999999988
S2324-G0922,K. Dunn,2,0.8,0.8000000000000007
S2324-G0922,K. Dunn,4,0.8,0.799999999999998
S2324-G0922,K. George,1,16.45,16.45475255577751
S2324-G0922,K. George,2,9.416666666666668,9.416461126373646
S2324-G0922,K. George,3,30.906153846153845,30.890677824076516
S2324-G0922,K. George,4,15.186666666666666,15.18666666666662
S2324-G0922,L. Samanic,1,5.566666666666667,5.566670833333351
S2324-G0922,L. Samanic,3,8.683333333333334,8.683471428571439
S2324-G0922,L. Samanic,4,9.586666666666666,9.586666666666638
S2324-G0922,M. Porter Jr.,1,17.49145299145299,17.488024841988093
S2324-G0922,M. Porter Jr.,2,15.775,15.774150000000054
S2324-G0922,M. Porter Jr.,3,18.53333333333333,18.564179456654486
S2324-G0922,N. Jokic,1,22.778609625668448,22.77190036621878
S2324-G0922,N. Jokic,2,15.795238095238094,15.793140359640311
S2324-G0922,N. Jokic,3,18.15,18.151936188811245
S2324-G0922,N. Jokic,4,5.1,5.100000000000014
S2324-G0922,O. Yurtseven,2,0.8666666666666667,0.8666666666666686
S2324-G0922,P. Watson,1,0.9000000000000001,0.9000000000000038
S2324-G0922,P. Watson,2,3.175,3.1749999999999985
S2324-G0922,P. Watson,3,3.2,3.2000000000000095
S2324-G0922,P. Watson,4,26.7275,26.735710549091483
S2324-G0922,R. Jackson,1,13.0,13.000076923076922
S2324-G0922,R. Jackson,2,6.071428571428571,6.071428571428578
S2324-G0922,R. Jackson,3,5.438095238095238,5.438095238095232
S2324-G0922,T. Horton-Tucker,1,3.2,3.2000000000000024
S2324-G0922,T. Horton-Tucker,2,8.4,8.400000000000027
S2324-G0922,W. Kessler,1,9.855844155844155,9.855844155844135
S2324-G0922,W. Kessler,2,0.8,0.8000000000000003
S2324-G0922,W. Kessler,3,14.711111111111112,14.702761752136803
S2324-G0922,W. Kessler,4,5.071428571428571,5.0714285714285605
S2324-G0922,Z. Nnaji,2,3.3,3.2999999999999967
S2324-G0922,Z. Nnaji,4,1.9030303030303028,1.8811002247752249
S2324-G0923,A. Simons,1,17.406666666666666,17.406113071895472
S2324-G0923,A. Simons,2,15.127272727272727,15.127272727272727
S2324-G0923,A. Simons,3,14.875,14.874875
S2324-G0923,A. Simons,4,10.911111111111111,10.911111111111081
S2324-G0923,A. Simons,5,11.033333333333333,11.032255303030286
S2324-G0923,C. Boucher,1,0.8666666666666667,0.866666666666668
S2324-G0923,C. Boucher,2,5.233333333333333,5.233333333333343
S2324-G0923,C. Boucher,3,0.8666666666666667,0.8666666666666686
S2324-G0923,C. Boucher,4,24.13421052631579,24.245470729270743
S2324-G0923,C. Boucher,5,0.9000000000000001,0.9000000000000038
S2324-G0923,D. Ayton,1,20.61168831168831,20.604233336108358
S2324-G0923,D. Ayton,2,25.465714285714284,25.448025524067432
S2324-G0923,D. Ayton,3,11.94155844155844,11.941435064935071
S2324-G0923,D. Ayton,4,22.818181818181817,22.82039229797982
S2324-G0923,D. Ayton,5,12.074603174603174,12.035966955266964
S2324-G0923,D. Banton,1,13.925,13.925025000000026
S2324-G0923,D. Banton,2,8.371428571428572,8.371428571428606
S2324-G0923,D. Banton,3,20.392307692307693,20.39421689225813
S2324-G0923,D. Banton,4,7.926666666666667,7.928727813852824
S2324-G0923,D. Banton,5,15.966666666666667,15.978636108336126
S2324-G0923,D. Reath,1,3.3666666666666667,3.366666666666674
S2324-G0923,D. Reath,2,5.3,5.29999999999998
S2324-G0923,D. Reath,3,5.166666666666667,5.1666666666666465
S2324-G0923,D. Reath,4,0.8666666666666667,0.8666666666666675
S2324-G0923,G. Dick,1,10.1,10.099999999999964
S2324-G0923,G. Dick,2,6.071428571428571,6.071428571428578
S2324-G0923,G. Dick,3,6.25,6.25
S2324-G0923,G. Dick,4,12.01045751633987,12.04036340048841
S2324-G0923,G. Trent Jr.,1,24.46666666666667,24.38999646415673
S2324-G0923,G. Trent Jr.,2,11.846666666666666,11.846666666666657
S2324-G0923,G. Trent Jr.,3,27.017307692307693,27.00663659804252
S2324-G0923,G. Trent Jr.,4,18.725,18.749743475968458
S2324-G0923,G. Trent Jr.,5,5.466666666666667,5.46666666666669
S2324-G0923,I. Quickley,1,12.15,12.145688589188621
S2324-G0923,I. Quickley,2,7.566666666666667,7.566666666666664
S2324-G0923,I. Quickley,3,24.784415584415584,24.787613192655304
S2324-G0923,I. Quickley,4,24.68888888888889,24.69081004273502
S2324-G0923,I. Quickley,5,12.97,12.97033833943832
S2324-G0923,J. Freeman-Liberty,1,5.199999999999999,5.20000000000002
S2324-G0923,J. Freeman-Liberty,2,5.1,5.100000000000014
S2324-G0923,J. Freeman-Liberty,3,2.966666666666667,2.963930916305911
S2324-G0923,J. Freeman-Liberty,4,3.2,3.2000000000000024
S2324-G0923,J. McDaniels,1,0.8666666666666667,0.866666666666669
S2324-G0923,J. McDaniels,2,9.503030303030304,9.502973484848482
S2324-G0923,J. McDaniels,3,0.9000000000000001,0.9000000000000038
S2324-G0923,J. McDaniels,4,0.8666666666666667,0.8669523809523803
S2324-G0923,J. McDaniels,5,3.233333333333333,3.233333333333346
S2324-G0923,J. Nwora,1,6.199999999999999,6.200000000000022
S2324-G0923,J. Nwora,2,12.775,12.775000000000048
S2324-G0923,J. Nwora,4,7.466666666666667,7.466666666666693
S2324-G0923,K. Murray,1,7.514285714285714,7.514285714285733
S2324-G0923,K. Murray,2,3.3333333333333335,3.3333333333333366
S2324-G0923,K. Murray,3,13.244444444444445,13.246306471306514
S2324-G0923,K. Olynyk,1,11.975324675324675,11.966998951538653
S2324-G0923,K. Olynyk,2,13.85,13.84999999999995
S2324-G0923,K. Olynyk,3,15.184415584415584,15.184415584415556
S2324-G0923,K. Olynyk,4,1.0666666666666667,1.0666666666666644
S2324-G0923,K. Olynyk,5,1.0,1.0
S2324-G0923,M. Thybulle,1,5.233333333333333,5.233333333333346
S2324-G0923,M. Thybulle,2,10.806666666666667,10.80666666666664
S2324-G0923,M. Thybulle,3,0.8,0.7999999999999987
S2324-G0923,M. Thybulle,4,20.51298701298701,20.5126623376624
S2324-G0923,M. Thybulle,5,0.8666666666666667,0.8666666666666686
S2324-G0923,O. Agbaji,1,7.814285714285714,7.814285714285693
S2324-G0923,O. Agbaji,2,7.65,7.650000000000019
S2324-G0923,O. Agbaji,3,10.525,10.52500000000004
S2324-G0923,O. Agbaji,4,0.8666666666666667,0.8666666666666683
S2324-G0923,R. Rupert,1,3.2,3.2000000000000095
S2324-G0923,R. Rupert,2,0.7714285714285714,0.7714285714285721
S2324-G0923,R. Rupert,3,3.25,3.25
S2324-G0923,R. Rupert,4,3.1666666666666665,3.166666666666666
S2324-G0923,S. Henderson,1,11.846666666666666,11.846666666666657
S2324-G0923,S. Henderson,2,19.466666666666665,19.46666666666669
S2324-G0923,S. Henderson,3,3.3,3.2999999999999967
S2324-G0923,S. Henderson,4,9.766666666666666,9.766666666666653
S2324-G0923,T. Camara,1,11.564285714285713,11.564378205128184
S2324-G0923,T. Camara,2,12.075,12.037918831168852
S2324-G0923,T. Camara,3,15.133333333333333,15.132241268045677
S2324-G0923,T. Camara,4,0.8,0.8000000000000006
S2324-G0923,T. Camara,5,3.25,3.25
S2324-G0933,A. Pokusevski,2,9.705555555555556,9.702694444444422
S2324-G0933,A. Pokusevski,4,3.2,3.2000000000000095
S2324-G0933,B. Miller,1,18.10666666666667,18.1066666666666
S2324-G0933,B. Miller,2,19.75,19.754191079671948
S2324-G0933,B. Miller,3,14.133333333333333,14.133333333333335
S2324-G0933,B. Miller,4,9.933333333333334,9.933848276723293
S2324-G0933,C. Cunningham,1,31.380952380952383,31.370270885078966
S2324-G0933,C. Cunningham,2,5.733333333333333,5.733441269841279
S2324-G0933,C. Cunningham,3,14.123809523809523,14.123872294372308
S2324-G0933,C. Cunningham,4,20.974603174603175,20.974007585470044
S2324-G0933,D. Bertans,1,3.1,3.099999999999996
S2324-G0933,D. Bertans,2,9.438095238095238,9.438095238095231
S2324-G0933,D. Bertans,3,8.7,8.757960317460329
S2324-G0933,D. Bertans,4,7.833333333333333,7.8332448717948555
S2324-G0933,D. Rivers,4,1.2,1.200000000000001
S2324-G0933,E. Fournier,1,6.166666666666667,6.166666666666664
S2324-G0933,E. Fournier,2,5.614285714285715,5.6147597402597516
S2324-G0933,E. Fournier,3,0.8666666666666667,0.8666666666666685
S2324-G0933,E. Fournier,4,3.1666666666666665,3.166666666666666
S2324-G0933,G. Williams,1,17.525,17.524884018759078
S2324-G0933,G. Williams,2,7.517307692307693,7.517258653846135
S2324-G0933,G. Williams,3,5.175,5.174999999999982
S2324-G0933,G. Williams,4,25.66923076923077,25.609883590532263
S2324-G0933,I. Stewart,1,12.86,12.86054999999999
S2324-G0933,I. Stewart,2,8.066666666666666,7.899440476190457
S2324-G0933,I. Stewart,3,15.095238095238095,15.09524404761903
S2324-G0933,I. Stewart,4,0.8666666666666667,0.8666666666666686
S2324-G0933,J. Duren,1,18.306153846153848,18.3097338064713
S2324-G0933,J. Duren,2,3.4333333333333336,3.4341818181818073
S2324-G0933,J. Duren,3,13.912987012987012,13.913019913419891
S2324-G0933,J. Duren,4,11.817142857142859,11.79374074259075
S2324-G0933,J. Ivey,1,5.264285714285714,5.2642857142857284
S2324-G0933,J. Ivey,2,12.19,12.190211111111152
S2324-G0933,J. Ivey,3,23.06923076923077,23.078381982396653
S2324-G0933,J. Ivey,4,5.5,5.493804761904766
S2324-G0933,J. Thor,1,5.564285714285714,5.564285714285695
S2324-G0933,J. Thor,3,7.4,7.400000000000017
S2324-G0933,J. Wiseman,1,0.8666666666666667,0.866666666666669
S2324-G0933,J. Wiseman,2,0.8,0.7999999999999983
S2324-G0933,J. Wiseman,3,3.0,3.0039666666666665
S2324-G0933,J. Wiseman,4,22.866666666666667,22.846952386429376
S2324-G0933,M. Bridges,1,20.766666666666666,20.768633936406815
S2324-G0933,M. Bridges,2,10.146666666666667,10.146666666666706
S2324-G0933,M. Bridges,3,31.773333333333333,31.714001012759994
S2324-G0933,M. Bridges,4,20.52857142857143,20.530324366861247
S2324-G0933,M. Sasser,1,5.214285714285714,5.214285714285694
S2324-G0933,M. Sasser,2,10.355555555555556,10.355808191808228
S2324-G0933,M. Sasser,3,2.933333333333333,2.933333333333329
S2324-G0933,M. Sasser,4,3.1,3.0999999999999943
S2324-G0933,N. Richards,1,9.57777777777778,9.577777777777781
S2324-G0933,N. Richards,2,11.8010989010989,11.800993406593413
S2324-G0933,N. Richards,3,3.2,3.200000000000003
S2324-G0933,N. Richards,4,5.246666666666667,5.246666666666669
S2324-G0933,N. Smith Jr.,1,5.4,5.39999999999999
S2324-G0933,N. Smith Jr.,2,1.0,1.0003333333333333
S2324-G0933,N. Smith Jr.,3,3.3666666666666667,3.366666666666674
S2324-G0933,N. Smith Jr.,4,3.1,3.099999999999994
S2324-G0933,Q. Grimes,1,5.564285714285714,5.564285714285695
S2324-G0933,Q. Grimes,2,11.78,11.780000000000006
S2324-G0933,Q. Grimes,3,3.35,3.350000000000013
S2324-G0933,Q. Grimes,4,7.575,7.575000000000028
S2324-G0933,S. Fontecchio,1,5.29,5.289999999999985
S2324-G0933,S. Fontecchio,2,16.19145299145299,16.18265632423128
S2324-G0933,S. Fontecchio,3,10.62857142857143,10.627162193362162
S2324-G0933,S. Fontecchio,4,14.127272727272727,14.127272727272734
S2324-G0933,S. Kemp,3,1.2,1.200000000000001
S2324-G0933,S. Umude,3,6.166666666666667,6.166666666666664
S2324-G0933,S. Umude,4,1.0,1.0
S2324-G0933,V. Micic,1,3.2,3.200000000000003
S2324-G0933,V. Micic,2,13.74,13.73999999999995
S2324-G0933,V. Micic,3,3.1,3.0999999999999956
S2324-G0933,V. Micic,4,10.62857142857143,10.627219805194773
S2324-G0937,A. Gordon,1,22.442307692307693,22.444275085045632
S2324-G0937,A. Gordon,2,5.1,5.100000000000014
S2324-G0937,A. Gordon,3,10.533333333333333,10.533333333333314
S2324-G0937,A. Gordon,4,5.1,5.100000000000014
S2324-G0937,B. Brown,1,17.225,17.22529514374509
S2324-G0937,B. Brown,2,12.025,12.0483603887942
S2324-G0937,B. Brown,3,9.823809523809523,9.823644035376402
S2324-G0937,B. Brown,4,9.705555555555556,9.705477777777753
S2324-G0937,C. Braun,1,6.233333333333333,6.233333333333344
S2324-G0937,C. Braun,2,9.775,9.775000000000036
S2324-G0937,C. Braun,3,0.8666666666666667,0.866666666666668
S2324-G0937,C. Braun,4,5.425,5.424999999999979
S2324-G0937,G. Dick,1,18.467307692307692,18.466887866300386
S2324-G0937,G. Dick,2,14.766666666666666,14.766619318181874
S2324-G0937,G. Dick,3,11.74,11.739999999999979
S2324-G0937,G. Dick,4,3.071428571428571,3.0714285714285636
S2324-G0937,J. Freeman-Liberty,1,3.1,3.0999999999999948
S2324-G0937,J. Freeman-Liberty,2,0.9000000000000001,0.9000000000000038
S2324-G0937,J. Freeman-Liberty,3,3.071428571428571,3.0714285714285636
S2324-G0937,J. Holiday,2,0.8,0.7999999999999986
S2324-G0937,J. McDaniels,1,7.683333333333333,7.683333333333337
S2324-G0937,J. McDaniels,2,13.884415584415583,13.88441558441553
S2324-G0937,J. McDaniels,3,3.1,3.099999999999996
S2324-G0937,J. McDaniels,4,11.716666666666667,11.716489772727291
S2324-G0937,J. Murray,1,0.7714285714285714,0.7714285714285721
S2324-G0937,J. Murray,2,17.366666666666667,17.368422115384625
S2324-G0937,J. Murray,3,21.503174603174603,21.499001214390162
S2324-G0937,J. Murray,4,33.693333333333335,33.68755422565478
S2324-G0937,J. Nwora,2,13.072527472527472,13.07179615384615
S2324-G0937,J. Nwora,3,9.983333333333334,9.983569047619062
S2324-G0937,J. Nwora,4,0.9000000000000001,0.9000000000000038
S2324-G0937,J. Porter,1,10.89,10.890000000000034
S2324-G0937,J. Porter,2,12.683333333333334,12.684071428571452
S2324-G0937,J. Porter,3,11.475,11.474987637362595
S2324-G0937,J. Porter,4,3.2,3.2000000000000095
S2324-G0937,K. Caldwell-Pope,1,3.2066666666666666,3.2066666666666697
S2324-G0937,K. Caldwell-Pope,2,5.65,5.649999999999994
S2324-G0937,K. Caldwell-Pope,3,0.8666666666666667,0.8666666666666686
S2324-G0937,K. Caldwell-Pope,4,10.725,10.72499999999996
S2324-G0937,K. Olynyk,1,20.585714285714285,20.580317886168686
S2324-G0937,K. Olynyk,2,3.1,3.099999999999996
S2324-G0937,K. Olynyk,3,28.924786324786325,28.90699859194807
S2324-G0937,K. Olynyk,4,5.1,5.100000000000016
S2324-G0937,M. Porter Jr.,1,21.45,21.451177841765997
S2324-G0937,M. Porter Jr.,2,18.8,18.807205891330945
S2324-G0937,M. Porter Jr.,3,7.52,7.519999999999986
S2324-G0937,M. Porter Jr.,4,7.65,7.5838880952380965
S2324-G0937,N. Jokic,1,18.665714285714284,18.648651671939177
S2324-G0937,N. Jokic,2,25.45811965811966,25.453130418111318
S2324-G0937,N. Jokic,3,45.41229946524064,45.710671008191014
S2324-G0937,N. Jokic,4,9.629999999999999,9.629900000000047
S2324-G0937,O. Agbaji,1,5.175,5.174999999999982
S2324-G0937,O. Agbaji,2,7.438095238095238,7.43809523809523
S2324-G0937,O. Agbaji,3,7.638095238095238,7.638095238095259
S2324-G0937,O. Agbaji,4,7.371428571428571,7.371428571428604
S2324-G0937,P. Watson,1,5.199999999999999,5.20000000000002
S2324-G0937,P. Watson,2,0.8,0.799999999999998
S2324-G0937,P. Watson,3,7.571428571428571,7.571428571428596
S2324-G0937,P. Watson,4,6.33,6.329709090909091
S2324-G0937,R. Barrett,1,20.736507936507937,20.73799972707039
S2324-G0937,R. Barrett,2,16.75,16.748241100566098
S2324-G0937,R. Barrett,3,5.46969696969697,5.46969696969699
S2324-G0937,R. Barrett,4,32.72222222222222,32.69671755190111
S2324-G0937,R. Jackson,1,9.725,9.724999999999966
S2324-G0937,R. Jackson,2,5.466666666666667,5.46666666666669
S2324-G0937,R. Jackson,3,10.65,10.650138888888927
S2324-G0937,R. Jackson,4,7.6000000000000005,7.599999999999982
S2324-G0937,Z. Nnaji,1,3.1,3.099999999999996
S2324-G0937,Z. Nnaji,2,0.8666666666666667,0.8666666666666675
S2324-G0937,Z. Nnaji,4,5.1,5.100000000000014
S2324-G0946,B. Brown,1,6.475,6.477200541125537
S2324-G0946,B. Brown,2,16.133333333333333,16.133333333333322
S2324-G0946,B. Brown,3,11.833333333333332,11.833333333333329
S2324-G0946,B. Brown,4,13.792307692307691,13.792317307692283
S2324-G0946,C. Cunningham,1,20.76923076923077,20.776812376512392
S2324-G0946,C. Cunningham,2,29.477777777777778,29.45966499123941
S2324-G0946,C. Cunningham,3,17.803174603174604,17.799251887001905
S2324-G0946,E. Fournier,1,7.533333333333334,7.533333333333316
S2324-G0946,E. Fournier,2,3.1,3.0999999999999943
S2324-G0946,G. Dick,1,9.766666666666666,9.766666666666653
S2324-G0946,G. Dick,2,14.117307692307692,14.117057692307762
S2324-G0946,G. Dick,3,10.775,10.77500000000004
S2324-G0946,G. Dick,4,7.683333333333333,7.686473792873799
S2324-G0946,I. Quickley,1,18.123809523809523,18.123809523809538
S2324-G0946,I. Quickley,2,18.484415584415583,18.48434790764795
S2324-G0946,I. Quickley,3,12.829670329670328,12.829655444555472
S2324-G0946,I. Quickley,4,23.042307692307695,23.041191901562488
S2324-G0946,I. Stewart,1,12.766666666666666,12.7666666666667
S2324-G0946,I. Stewart,2,0.95,0.9499999999999976
S2324-G0946,I. Stewart,3,11.533333333333333,11.526761904761889
S2324-G0946,I. Stewart,4,7.199999999999999,7.201777655677681
S2324-G0946,J. Duren,1,22.683333333333334,22.641214801864813
S2324-G0946,J. Duren,2,10.591452991452993,10.593542060717077
S2324-G0946,J. Duren,3,9.372727272727273,9.324827888777877
S2324-G0946,J. Duren,4,6.477777777777778,6.456315079365078
S2324-G0946,J. Ivey,1,12.066666666666666,12.066666666666642
S2324-G0946,J. Ivey,2,9.869696969696971,9.86950266955262
S2324-G0946,J. Ivey,3,14.07777777777778,14.073471789321765
S2324-G0946,J. Ivey,4,11.9,11.900000000000043
S2324-G0946,J. McDaniels,1,7.4,7.400000000000017
S2324-G0946,J. McDaniels,2,12.136363636363637,12.13698588911091
S2324-G0946,J. McDaniels,3,10.05,10.050776190476158
S2324-G0946,J. McDaniels,4,7.664285714285715,7.66428571428575
S2324-G0946,J. Nwora,1,12.025,12.025500000000045
S2324-G0946,J. Nwora,2,10.533333333333333,10.533333333333314
S2324-G0946,J. Nwora,3,9.806666666666667,9.80666666666663
S2324-G0946,J. Nwora,4,8.466666666666667,8.466666666666692
S2324-G0946,J. Porter,1,5.166666666666667,5.1666666666666465
S2324-G0946,J. Porter,2,8.575,8.575495238095264
S2324-G0946,J. Porter,3,3.0666666666666664,3.0576666666666714
S2324-G0946,J. Porter,4,10.842857142857142,10.831874340447117
S2324-G0946,J. Ramsey,1,0.8666666666666667,0.866666666666669
S2324-G0946,J. Ramsey,2,7.586666666666667,7.586638095238078
S2324-G0946,J. Ramsey,3,6.066666666666667,6.065000000000011
S2324-G0946,J. Ramsey,4,9.875,9.87575
S2324-G0946,J. Wiseman,1,9.6,9.599999999999966
S2324-G0946,J. Wiseman,2,0.9333333333333332,0.9333333333333365
S2324-G0946,J. Wiseman,3,5.37,5.370411399711397
S2324-G0946,J. Wiseman,4,3.2066666666666666,3.2066666666666697
S2324-G0946,K. Olynyk,1,20.213675213675213,20.20407940947942
S2324-G0946,K. Olynyk,2,5.264285714285714,5.2642857142857284
S2324-G0946,K. Olynyk,3,11.836507936507935,11.836096681096732
S2324-G0946,K. Olynyk,4,10.792857142857143,10.792379362794074
S2324-G0946,M. Sasser,1,6.366666666666667,6.366666666666651
S2324-G0946,M. Sasser,2,10.105555555555556,10.103319769119802
S2324-G0946,M. Sasser,3,3.1666666666666665,3.166666666666666
S2324-G0946,M. Sasser,4,22.836363636363636,22.83783922743929
S2324-G0946,O. Agbaji,1,3.1666666666666665,3.166666666666666
S2324-G0946,O. Agbaji,2,3.1380952380952376,3.1380952380952376
S2324-G0946,O. Agbaji,3,3.25,3.25
S2324-G0946,O. Agbaji,4,0.8666666666666667,0.8666666666666681
S2324-G0946,Q. Grimes,1,0.8666666666666667,0.866666666666669
S2324-G0946,Q. Grimes,2,3.1,3.0999999999999948
S2324-G0946,Q. Grimes,3,11.064285714285713,11.065977922077902
S2324-G0946,Q. Grimes,4,7.6,7.599999999999981
S2324-G0946,S. Fontecchio,1,5.466666666666667,5.46666666666669
S2324-G0946,S. Fontecchio,2,10.705555555555556,10.705553418803404
S2324-G0946,S. Fontecchio,3,5.275,5.274999999999988
S2324-G0946,S. Fontecchio,4,19.593181818181815,19.593172406394718
S2324-G0946,S. Umude,2,5.55,5.549999999999978
S2324-G0946,S. Umude,3,8.666666666666668,8.66666666666669
S2324-G0946,S. Umude,4,2.952380952380952,2.955137770562773
S2324-G0946,T. Dumas,3,1.2,1.200000000000001
S2324-G0949,A. Gordon,1,17.266666666666666,17.265970054945118
S2324-G0949,A. Gordon,2,3.3,3.2999999999999967
S2324-G0949,A. Gordon,3,13.82,13.820574747474778
S2324-G0949,A. Gordon,4,11.064285714285713,11.062166883116863
S2324-G0949,B. Adebayo,1,12.192307692307692,12.192920798156072
S2324-G0949,B. Adebayo,2,11.93,11.929999999999996
S2324-G0949,B. Adebayo,3,21.517307692307693,21.516234765642906
S2324-G0949,B. Adebayo,4,9.833333333333332,9.833333333333306
S2324-G0949,C. Braun,1,0.8666666666666667,0.866666666666669
S2324-G0949,C. Braun,2,0.8666666666666667,0.8666666666666668
S2324-G0949,C. Braun,3,0.8666666666666667,0.8666666666666677
S2324-G0949,C. Braun,4,14.799999999999999,14.799932692307726
S2324-G0949,C. Martin,1,7.425,7.424999999999971
S2324-G0949,C. Martin,2,9.575,9.575000000000031
S2324-G0949,C. Martin,4,10.725,10.72499999999996
S2324-G0949,D. Robinson,1,12.15,12.163031343656357
S2324-G0949,D. Robinson,2,5.214285714285714,5.214285714285694
S2324-G0949,D. Robinson,3,17.083333333333332,17.082265735653273
S2324-G0949,D. Robinson,4,3.25,3.25
S2324-G0949,H. Highsmith,2,0.8666666666666667,0.866666666666669
S2324-G0949,J. Butler,1,19.826666666666668,19.8396350649351
S2324-G0949,J. Butler,2,7.495238095238095,7.495238095238105
S2324-G0949,J. Butler,3,16.446666666666665,16.446661904761942
S2324-G0949,J. Butler,4,11.806666666666667,11.806666666666658
S2324-G0949,J. Holiday,1,0.8666666666666667,0.866666666666669
S2324-G0949,J. Holiday,2,10.364285714285714,10.348685281385263
S2324-G0949,J. Holiday,4,5.166666666666667,5.1666666666666465
S2324-G0949,J. Jaquez Jr.,1,0.8666666666666667,0.866666666666669
S2324-G0949,J. Jaquez Jr.,2,9.626666666666667,9.628504792429842
S2324-G0949,J. Jaquez Jr.,4,14.06969696969697,14.069694444444412
S2324-G0949,J. Murray,1,8.514285714285714,8.514285714285732
S2324-G0949,J. Murray,2,19.46969696969697,19.47030712620715
S2324-G0949,J. Murray,3,18.746666666666666,18.75813372738372
S2324-G0949,J. Murray,4,3.071428571428571,3.0714285714285636
S2324-G0949,K. Caldwell-Pope,1,16.455844155844154,16.44297586580092
S2324-G0949,K. Caldwell-Pope,3,15.1,15.099999999999945
S2324-G0949,M. Porter Jr.,1,12.833333333333332,12.83333333333334
S2324-G0949,M. Porter Jr.,2,20.264285714285716,20.266136868686818
S2324-G0949,M. Porter Jr.,3,19.695238095238096,19.69490361305354
S2324-G0949,M. Porter Jr.,4,12.89,12.89000000000001
S2324-G0949,N. Jokic,1,21.813333333333333,21.815651329552853
S2324-G0949,N. Jokic,2,2.0,1.999625
S2324-G0949,N. Jokic,3,5.203030303030303,5.20303030303032
S2324-G0949,N. Jokic,4,5.233333333333333,5.233333333333346
S2324-G0949,N. Jovic,1,0.9333333333333332,0.9333333333333365
S2324-G0949,N. Jovic,3,10.775,10.77500000000004
S2324-G0949,P. Mills,1,7.55,7.549999999999972
S2324-G0949,P. Mills,2,5.564285714285714,5.564285714285695
S2324-G0949,P. Mills,4,5.371428571428571,5.371428571428598
S2324-G0949,P. Watson,1,7.814285714285714,7.814285714285693
S2324-G0949,P. Watson,2,9.438095238095238,9.438095238095231
S2324-G0949,P. Watson,4,7.564285714285714,7.564285714285693
S2324-G0949,R. Jackson,1,5.466666666666667,5.46666666666669
S2324-G0949,R. Jackson,2,7.6,7.599999999999981
S2324-G0949,R. Jackson,3,3.1,3.100000000000011
S2324-G0949,R. Jackson,4,17.266666666666666,17.29335429292928
S2324-G0949,T. Bryant,2,8.464285714285714,8.400424170274187
S2324-G0949,T. Bryant,3,5.166666666666667,5.1666666666666465
S2324-G0949,T. Bryant,4,7.664285714285715,7.66428571428575
S2324-G0949,T. Rozier,1,20.695238095238096,20.695199754412172
S2324-G0949,T. Rozier,2,9.67,9.669900649350673
S2324-G0949,T. Rozier,3,7.5,7.5
S2324-G0949,T. Rozier,4,9.766666666666666,9.766666666666653
S2324-G0949,Z. Nnaji,2,0.8,0.7999999999999986
S2324-G0951,B. Ingram,1,14.791666666666666,14.783434370041741
S2324-G0951,B. Ingram,2,19.416666666666664,19.42879129620377
S2324-G0951,B. Ingram,3,14.06969696969697,14.069696969696938
S2324-G0951,B. Ingram,4,7.371428571428571,7.371428571428604
S2324-G0951,C. LeVert,1,5.55,5.549999999999978
S2324-G0951,C. LeVert,2,0.8666666666666667,0.866666666666666
S2324-G0951,C. LeVert,3,9.85,9.849999999999964
S2324-G0951,C. LeVert,4,3.0666666666666664,3.0666666666666726
S2324-G0951,C. McCollum,1,7.8,7.799999999999972
S2324-G0951,C. McCollum,2,5.55,5.549999999999978
S2324-G0951,C. McCollum,3,16.117307692307694,16.117358653846228
S2324-G0951,C. McCollum,4,5.214285714285714,5.214285714285694
S2324-G0951,C. Porter Jr.,4,5.25,5.25
S2324-G0951,D. Garland,1,10.78,10.779999999999989
S2324-G0951,D. Garland,2,16.175,16.172689538239585
S2324-G0951,D. Garland,3,17.092307692307692,17.09391785714287
S2324-G0951,D. Garland,4,23.357142857142858,23.357806135092957
S2324-G0951,D. Jones,1,16.166666666666668,16.166666666666632
S2324-G0951,D. Jones,2,0.8666666666666667,0.866666666666668
S2324-G0951,D. Jones,3,13.89,13.89
S2324-G0951,D. Jones,4,5.3,5.29999999999998
S2324-G0951,D. Mitchell,1,18.442307692307693,18.442182692307647
S2324-G0951,D. Mitchell,2,18.53,18.529950000000078
S2324-G0951,D. Mitchell,3,12.166666666666666,12.166666666666668
S2324-G0951,D. Mitchell,4,5.371428571428571,5.371428571428598
S2324-G0951,G. Niang,1,12.884415584415583,12.884415584415544
S2324-G0951,G. Niang,2,10.806666666666667,10.80666666666664
S2324-G0951,G. Niang,3,13.89,13.89
S2324-G0951,G. Niang,4,9.8,9.796329365079345
S2324-G0951,H. Jones,1,0.8696969696969696,0.8699904262404289
S2324-G0951,H. Jones,2,2.025,2.014363095238092
S2324-G0951,H. Jones,3,2.975,2.9745303862803967
S2324-G0951,H. Jones,4,0.8,0.8000000000000007
S2324-G0951,I. Mobley,4,7.6,7.599999999999982
S2324-G0951,I. Okoro,1,9.926666666666666,9.926666666666687
S2324-G0951,I. Okoro,2,3.3666666666666667,3.366666666666674
S2324-G0951,I. Okoro,3,10.805555555555555,10.80439444444449
S2324-G0951,I. Okoro,4,5.166666666666667,5.1666666666666465
S2324-G0951,J. Allen,1,22.742307692307694,22.741562728937808
S2324-G0951,J. Allen,2,9.803030303030303,9.80229740259737
S2324-G0951,J. Allen,3,7.466666666666667,7.466666666666693
S2324-G0951,J. Allen,4,10.552380952380952,10.5523714285714
S2324-G0951,J. Alvarado,1,9.804761904761905,9.804761904761959
S2324-G0951,J. Alvarado,2,0.8666666666666667,0.8666666666666683
S2324-G0951,J. Alvarado,4,6.071428571428571,6.071428571428578
S2324-G0951,J. Hawkins,4,13.297142857142857,13.29372979797979
S2324-G0951,J. Robinson-Earl,4,3.25,3.25
S2324-G0951,J. Valanciunas,1,10.977777777777778,10.976881507381533
S2324-G0951,J. Valanciunas,2,12.08,12.079999999999966
S2324-G0951,J. Valanciunas,3,0.825,0.8249999999999992
S2324-G0951,L. Nance Jr.,1,3.1666666666666665,3.166666666666666
S2324-G0951,L. Nance Jr.,2,0.9142857142857144,0.9142857142857117
S2324-G0951,L. Nance Jr.,3,3.1666666666666665,3.166666666666666
S2324-G0951,N. Marshall,1,3.2,3.2000000000000024
S2324-G0951,N. Marshall,2,3.105555555555555,3.1055555555555645
S2324-G0951,N. Marshall,3,5.4,5.39999999999999
S2324-G0951,N. Marshall,4,14.875,14.864177849927849
S2324-G0951,S. Merrill,1,5.4,5.39999999999999
S2324-G0951,S. Merrill,2,16.095238095238095,16.095238095238077
S2324-G0951,S. Merrill,3,13.9,13.900000000000052
S2324-G0951,S. Merrill,4,6.1,6.099999999999995
S2324-G0951,T. Murphy III,1,0.95,0.9499999999999977
S2324-G0951,T. Murphy III,2,21.642857142857142,21.663797724497694
S2324-G0951,T. Murphy III,3,11.705555555555556,11.705705050505053
S2324-G0951,T. Murphy III,4,3.1254545454545455,3.1258212676212676
S2324-G0951,Z. Williamson,1,27.113765182186235,27.115702647206646
S2324-G0951,Z. Williamson,2,18.467307692307692,18.46710320512823
S2324-G0951,Z. Williamson,3,17.225,17.243352432534806
S2324-G0951,Z. Williamson,4,22.41111111111111,22.4100836023325
S2324-G0959,A. Wiggins,2,5.166666666666667,5.1666666666666465
S2324-G0959,A. Wiggins,4,3.2142857142857144,3.2142857142857086
S2324-G0959,C. Holmgren,1,3.2466666666666666,3.2466666666666693
S2324-G0959,C. Holmgren,2,9.546666666666665,9.546666666666637
S2324-G0959,C. Holmgren,3,9.514285714285714,9.51428571428573
S2324-G0959,C. Holmgren,4,6.1,6.099999999999995
S2324-G0959,C. Wallace,1,0.8666666666666667,0.8666666666666686
S2324-G0959,C. Wallace,2,3.1666666666666665,3.166666666666666
S2324-G0959,C. Wallace,3,6.233333333333333,6.233333333333344
S2324-G0959,C. Wallace,4,0.95,0.9499999999999977
S2324-G0959,D. Exum,1,9.855844155844155,9.855844155844135
S2324-G0959,D. Exum,2,7.48,7.480000000000014
S2324-G0959,D. Exum,3,10.736363636363636,10.736848484848485
S2324-G0959,D. Exum,4,0.8,0.7999999999999997
S2324-G0959,D. Gafford,1,11.886666666666667,11.886666666666722
S2324-G0959,D. Gafford,2,15.167307692307691,15.167307692307656
S2324-G0959,D. Gafford,3,7.511111111111111,7.491663347763355
S2324-G0959,D. Gafford,4,13.855844155844155,13.855844155844192
S2324-G0959,D. Jones Jr.,1,10.4,10.40000000000004
S2324-G0959,D. Jones Jr.,2,6.1,6.099999999999995
S2324-G0959,D. Jones Jr.,3,5.525,5.524999999999992
S2324-G0959,D. Jones Jr.,4,5.25,5.25
S2324-G0959,D. Lively II,2,0.8,0.7999999999999986
S2324-G0959,D. Lively II,3,11.78,11.780000000000006
S2324-G0959,G. Hayward,1,0.8666666666666667,0.866666666666669
S2324-G0959,G. Hayward,2,3.2,3.2000000000000024
S2324-G0959,G. Hayward,3,7.225,7.225002272727258
S2324-G0959,G. Hayward,4,5.233333333333333,5.233333333333346
S2324-G0959,I. Joe,1,15.125,15.125
S2324-G0959,I. Joe,2,8.475,8.474999999999973
S2324-G0959,I. Joe,3,0.8666666666666667,0.8666666666666678
S2324-G0959,I. Joe,4,3.1,3.0999999999999943
S2324-G0959,J. Giddey,1,16.2,16.20009090909086
S2324-G0959,J. Giddey,2,14.233333333333333,14.233199999999949
S2324-G0959,J. Giddey,3,15.277777777777779,15.276757264957302
S2324-G0959,J. Giddey,4,8.514285714285714,8.514285714285732
S2324-G0959,J. Green,1,7.438095238095238,7.43809523809523
S2324-G0959,J. Hardy,2,13.083333333333334,13.083524397824405
S2324-G0959,J. Hardy,3,3.3,3.2999999999999967
S2324-G0959,J. Hardy,4,18.45,18.450206060606
S2324-G0959,J. Williams,1,17.15,17.152023504273558
S2324-G0959,J. Williams,2,32.65111111111111,32.6541969104597
S2324-G0959,J. Williams,3,7.836842105263157,7.833018714618702
S2324-G0959,J. Williams,4,31.393333333333334,31.382555814086153
S2324-G0959,K. Irving,1,19.049999999999997,19.054044250194274
S2324-G0959,K. Irving,2,21.125,21.13381370851375
S2324-G0959,K. Irving,3,17.088888888888892,17.08901939775915
S2324-G0959,K. Irving,4,23.73333333333333,23.72931711091193
S2324-G0959,K. Williams,1,8.506666666666666,8.506666666666662
S2324-G0959,K. Williams,3,5.166666666666667,5.1666666666666465
S2324-G0959,L. Dort,1,13.06969696969697,13.06969696969694
S2324-G0959,L. Dort,2,6.105555555555555,6.105153535353566
S2324-G0959,L. Dort,3,10.806666666666667,10.80666666666664
S2324-G0959,L. Dort,4,6.105555555555555,6.105555555555587
S2324-G0959,L. Waters III,1,0.8666666666666667,0.8666666666666686
S2324-G0959,M. Kleber,1,0.8666666666666667,0.866666666666669
S2324-G0959,M. Kleber,2,8.504761904761905,8.504318452380936
S2324-G0959,M. Kleber,3,0.8666666666666667,0.8666666666666667
S2324-G0959,M. Kleber,4,0.8666666666666667,0.8666666666666677
S2324-G0959,M. Muscala,1,0.8666666666666667,0.8666666666666686
S2324-G0959,P. Washington,1,8.455555555555556,8.455555555555534
S2324-G0959,P. Washington,2,8.68,8.711440201465196
S2324-G0959,P. Washington,3,7.779999999999999,7.779999999999977
S2324-G0959,P. Washington,4,9.998701298701299,10.004354467754455
S2324-G0959,S. Gilgeous-Alexander,1,14.5,14.561478689366183
S2324-G0959,S. Gilgeous-Alexander,2,8.204761904761904,8.204757936507919
S2324-G0959,S. Gilgeous-Alexander,3,26.16470588235294,26.15703007148081
S2324-G0959,S. Gilgeous-Alexander,4,22.767307692307693,22.76812223748479
S2324-G0959,T. Hardaway Jr.,1,9.966666666666667,9.968345238095257
S2324-G0959,T. Hardaway Jr.,2,18.123809523809523,18.123498786181152
S2324-G0959,T. Hardaway Jr.,3,11.436363636363637,11.444261363636402
S2324-G0959,T. Hardaway Jr.,4,17.212987012987014,17.212949855699854
S2324-G0962,B. Adebayo,1,3.3,3.2999999999999967
S2324-G0962,B. Adebayo,2,37.748039215686276,37.76833307277514
S2324-G0962,B. Adebayo,3,16.18095238095238,16.1804765613472
S2324-G0962,C. Cunningham,1,15.512987012987013,15.511258033633071
S2324-G0962,C. Cunningham,2,7.466666666666667,7.466666666666693
S2324-G0962,C. Cunningham,3,9.766666666666666,9.767622710622698
S2324-G0962,C. Cunningham,4,16.486666666666668,16.486813095238105
S2324-G0962,C. Martin,1,9.438095238095238,9.438095238095231
S2324-G0962,C. Martin,2,22.092307692307692,22.08622398761369
S2324-G0962,C. Martin,3,0.8,0.7999999999999998
S2324-G0962,C. Martin,4,21.51298701298701,21.512770129870187
S2324-G0962,D. Robinson,1,14.095238095238095,14.095238095238079
S2324-G0962,D. Robinson,2,6.071428571428571,6.071428571428578
S2324-G0962,D. Robinson,3,26.1125,26.129921607803936
S2324-G0962,D. Robinson,4,5.4,5.39999999999999
S2324-G0962,E. Fournier,1,13.833333333333332,13.83333333333335
S2324-G0962,E. Fournier,2,3.1380952380952376,3.1380952380952376
S2324-G0962,E. Fournier,3,7.4,7.400000000000017
S2324-G0962,E. Fournier,4,9.525,9.525000000000034
S2324-G0962,G. Lynch,2,1.2,1.200000000000001
S2324-G0962,H. Highsmith,4,0.8666666666666667,0.866666666666669
S2324-G0962,I. Stewart,1,6.225,6.224999999999997
S2324-G0962,I. Stewart,2,7.425,7.4249999999999705
S2324-G0962,I. Stewart,3,7.466666666666667,7.466666666666693
S2324-G0962,I. Stewart,4,6.136363636363637,6.1363636363636465
S2324-G0962,J. Butler,1,24.185714285714287,24.178682691165054
S2324-G0962,J. Butler,2,2.903030303030303,2.901869214119202
S2324-G0962,J. Butler,3,8.425454545454546,8.42575555555557
S2324-G0962,J. Butler,4,7.533333333333334,7.533333333333316
S2324-G0962,J. Duren,1,12.958119658119656,12.957708485958497
S2324-G0962,J. Duren,2,13.767058823529412,13.771166408591421
S2324-G0962,J. Duren,3,5.344444444444444,5.344444444444437
S2324-G0962,J. Duren,4,7.666666666666667,7.66690833333335
S2324-G0962,J. Ivey,1,11.867307692307692,11.867307692307755
S2324-G0962,J. Ivey,2,9.42,9.438936363636373
S2324-G0962,J. Ivey,3,17.703030303030303,17.71893153513151
S2324-G0962,J. Ivey,4,10.795238095238094,10.79549130036631
S2324-G0962,J. Jaquez Jr.,1,7.355555555555555,7.355555555555592
S2324-G0962,J. Jaquez Jr.,2,3.14,3.139999999999989
S2324-G0962,J. Jaquez Jr.,3,3.25,3.25
S2324-G0962,J. Jaquez Jr.,4,3.3642857142857143,3.3642857142857214
S2324-G0962,J. Wiseman,1,3.233333333333333,3.233333333333346
S2324-G0962,J. Wiseman,2,3.2,3.2000000000000095
S2324-G0962,J. Wiseman,3,7.75,7.75
S2324-G0962,J. Wiseman,4,9.466666666666667,9.466666666666685
S2324-G0962,M. Sasser,1,3.1666666666666665,3.166666666666666
S2324-G0962,M. Sasser,2,10.7,10.700000000000022
S2324-G0962,M. Sasser,3,0.8,0.7999999999999993
S2324-G0962,M. Sasser,4,5.514285714285714,5.51428571428573
S2324-G0962,N. Jovic,1,13.018181818181818,13.012780244755229
S2324-G0962,N. Jovic,2,3.2,3.2000000000000095
S2324-G0962,N. Jovic,3,7.564285714285714,7.564285714285693
S2324-G0962,P. Mills,1,0.8666666666666667,0.8666666666666677
S2324-G0962,P. Mills,2,5.527272727272727,5.527415584415567
S2324-G0962,P. Mills,4,5.466666666666667,5.46666666666669
S2324-G0962,S. Fontecchio,1,21.784415584415584,21.784272727272704
S2324-G0962,S. Fontecchio,2,19.127058823529413,19.123040131763638
S2324-G0962,S. Fontecchio,3,15.06969696969697,15.06969444444441
S2324-G0962,S. Fontecchio,4,8.6,8.600015151515125
S2324-G0962,S. Umude,1,3.1,3.0999999999999948
S2324-G0962,S. Umude,2,5.466666666666667,5.46666666666669
S2324-G0962,S. Umude,3,0.9,0.9000000000000037
S2324-G0962,S. Umude,4,3.1666666666666665,3.166666666666666
S2324-G0962,T. Bryant,1,0.95,0.9499999999999977
S2324-G0962,T. Bryant,4,30.413333333333334,30.41981296351992
S2324-G0962,T. Rozier,1,15.133333333333333,15.131957794656323
S2324-G0962,T. Rozier,2,13.27,13.272063347763353
S2324-G0962,T. Rozier,3,18.225396825396828,18.227952256077216
S2324-G0962,T. Rozier,4,9.95,9.949071428571461
S2324-G0963,B. Brown,1,3.2642857142857142,3.264285714285725
S2324-G0963,B. Brown,2,8.438095238095238,8.438095238095231
S2324-G0963,B. Brown,3,7.466666666666667,7.466666666666693
S2324-G0963,B. Brown,4,14.806666666666667,14.806228571428598
S2324-G0963,C. Anthony,1,5.3,5.29999999999998
S2324-G0963,C. Anthony,2,12.775,12.775000000000048
S2324-G0963,C. Anthony,3,5.45,5.450000000000021
S2324-G0963,C. Anthony,4,8.438095238095238,8.438095238095231
S2324-G0963,C. Houstan,4,3.1666666666666665,3.166666666666666
S2324-G0963,F. Wagner,1,13.97,13.970258982683948
S2324-G0963,F. Wagner,2,18.203174603174602,18.203501443001354
S2324-G0963,F. Wagner,3,8.61111111111111,8.611111111111091
S2324-G0963,F. Wagner,4,3.0666666666666664,3.059130952380957
S2324-G0963,G. Dick,1,5.314285714285714,5.314285714285695
S2324-G0963,G. Dick,2,7.46969696969697,7.469696969696992
S2324-G0963,G. Dick,3,12.0,12.0
S2324-G0963,G. Dick,4,7.466666666666667,7.466547619047645
S2324-G0963,G. Harris,1,13.0,12.99963247863248
S2324-G0963,G. Harris,2,3.1666666666666665,3.166666666666666
S2324-G0963,G. Harris,3,8.533333333333333,8.533333333333315
S2324-G0963,G. Trent Jr.,1,18.191452991452994,18.19068885836383
S2324-G0963,G. Trent Jr.,2,16.186666666666667,16.186666666666632
S2324-G0963,G. Trent Jr.,3,19.395238095238096,19.39520634920641
S2324-G0963,G. Trent Jr.,4,20.175,20.14748421096445
S2324-G0963,I. Quickley,1,8.59,8.589999999999973
S2324-G0963,I. Quickley,2,12.829670329670328,12.82941872294375
S2324-G0963,I. Quickley,3,7.503030303030304,7.503030303030301
S2324-G0963,I. Quickley,4,5.425,5.424999999999979
S2324-G0963,J. Ingles,2,2.838095238095238,2.8380952380952453
S2324-G0963,J. Ingles,3,6.366666666666667,6.366666666666651
S2324-G0963,J. Ingles,4,3.071428571428571,3.0714285714285636
S2324-G0963,J. Isaac,1,8.564285714285713,8.564285714285694
S2324-G0963,J. Isaac,2,8.546666666666667,8.54666666666664
S2324-G0963,J. Isaac,3,0.8666666666666667,0.8666666666666686
S2324-G0963,J. Isaac,4,11.966666666666667,11.965641666666686
S2324-G0963,J. Nwora,1,8.733333333333334,8.733333333333347
S2324-G0963,J. Nwora,2,8.466666666666667,8.468119658119683
S2324-G0963,J. Nwora,3,18.153333333333336,18.153843484293454
S2324-G0963,J. Porter,1,3.1,3.0999999999999948
S2324-G0963,J. Porter,2,5.4363636363636365,5.436657550782529
S2324-G0963,J. Porter,3,0.7714285714285714,0.7714285714285721
S2324-G0963,J. Porter,4,3.14,3.139999999999989
S2324-G0963,J. Ramsey,1,8.264285714285714,8.262641341991356
S2324-G0963,J. Ramsey,2,7.455555555555556,7.455555555555535
S2324-G0963,J. Ramsey,4,8.523809523809524,8.523989285714324
S2324-G0963,J. Suggs,1,15.123809523809523,15.12380952380954
S2324-G0963,J. Suggs,2,0.7714285714285714,0.7714285714285721
S2324-G0963,J. Suggs,3,12.7,12.69999999999999
S2324-G0963,J. Suggs,4,11.65,11.649757792207836
S2324-G0963,K. Olynyk,1,9.985714285714286,9.997116042291044
S2324-G0963,K. Olynyk,2,3.2777777777777777,3.2777777777777843
S2324-G0963,K. Olynyk,3,5.6,5.662666666666674
S2324-G0963,K. Olynyk,4,23.193333333333335,23.20447838302047
S2324-G0963,M. Fultz,1,3.1,3.0999999999999948
S2324-G0963,M. Fultz,2,3.1666666666666665,3.166666666666666
S2324-G0963,M. Fultz,3,9.4,9.400000000000032
S2324-G0963,M. Fultz,4,12.19,12.189971428571472
S2324-G0963,M. Wagner,2,7.5,7.5
S2324-G0963,M. Wagner,4,12.799999999999999,12.80000000000001
S2324-G0963,O. Agbaji,1,14.06969696969697,14.069694444444412
S2324-G0963,O. Agbaji,2,3.1666666666666665,3.166666666666666
S2324-G0963,O. Agbaji,3,9.803030303030303,9.802952380952346
S2324-G0963,O. Agbaji,4,5.166666666666667,5.1666666666666465
S2324-G0963,P. Banchero,1,16.804545454545455,16.7893896520963
S2324-G0963,P. Banchero,2,9.664285714285713,9.664424436674487
S2324-G0963,P. Banchero,3,23.4875,23.485485291647674
S2324-G0963,P. Banchero,4,5.466666666666667,5.46666666666669
S2324-G0963,W. Carter Jr.,1,8.504761904761905,8.504761904761887
S2324-G0963,W. Carter Jr.,2,7.46969696969697,7.469696969696992
S2324-G0963,W. Carter Jr.,3,10.9,10.900030128205167
S2324-G0963,W. Carter Jr.,4,14.814285714285713,14.81428571428569
S2324-G0967,A. Holiday,1,0.95,0.9499999999999977
S2324-G0967,A. Holiday,2,3.233333333333333,3.233333333333346
S2324-G0967,A. Holiday,4,9.766666666666666,9.766666666666653
S2324-G0967,A. Thompson,1,11.97,11.969999999999992
S2324-G0967,A. Thompson,2,24.746666666666666,24.75017295511503
S2324-G0967,A. Thompson,3,7.300000000000001,7.300845202020182
S2324-G0967,A. Thompson,4,3.175,3.1749999999999985
S2324-G0967,B. Marjanovic,4,3.25,3.25
S2324-G0967,C. LeVert,1,11.766666666666666,11.766666666666682
S2324-G0967,C. LeVert,2,11.766666666666666,11.766666666666682
S2324-G0967,C. LeVert,3,16.192857142857143,16.17530690143189
S2324-G0967,C. LeVert,4,17.23,17.22988226495728
S2324-G0967,C. Porter Jr.,4,11.997142857142858,11.997473809523795
S2324-G0967,D. Benoit,1,1.2,1.200000000000001
S2324-G0967,D. Brooks,1,29.3675,29.361726096890735
S2324-G0967,D. Brooks,3,3.225,3.225000000000012
S2324-G0967,D. Brooks,4,9.85,9.849999999999964
S2324-G0967,D. Garland,1,19.654901960784315,19.67903334231128
S2324-G0967,D. Garland,2,3.125,3.125
S2324-G0967,D. Garland,3,16.365454545454547,16.3606189570234
S2324-G0967,D. Garland,4,6.1,6.099999999999995
S2324-G0967,D. Jones,1,5.5,5.50059126984127
S2324-G0967,D. Jones,4,8.6,8.599999999999973
S2324-G0967,D. Mitchell,1,20.436363636363637,20.436700757575803
S2324-G0967,D. Mitchell,2,10.766666666666666,10.766666666666662
S2324-G0967,D. Mitchell,3,10.015384615384615,10.017213819513824
S2324-G0967,D. Mitchell,4,5.4,5.39999999999999
S2324-G0967,F. VanVleet,1,5.586666666666667,5.586666666666672
S2324-G0967,F. VanVleet,2,7.5,7.5
S2324-G0967,F. VanVleet,3,29.667307692307695,29.675803719775253
S2324-G0967,F. VanVleet,4,8.466666666666667,8.466666666666692
S2324-G0967,G. Niang,1,10.425,10.424999999999972
S2324-G0967,G. Niang,2,10.555844155844156,10.554874458874469
S2324-G0967,G. Niang,3,7.175,7.174999999999974
S2324-G0967,G. Niang,4,7.779999999999999,7.780115151515129
S2324-G0967,I. Okoro,1,13.025454545454545,13.04237999777999
S2324-G0967,I. Okoro,2,9.766666666666666,9.766666666666653
S2324-G0967,I. Okoro,3,9.685454545454546,9.683863131313146
S2324-G0967,I. Okoro,4,8.514285714285714,8.514285714285732
S2324-G0967,J. Allen,1,7.492307692307692,7.49225961538465
S2324-G0967,J. Allen,2,13.933333333333334,13.934024542124567
S2324-G0967,J. Allen,3,3.175,3.1749999999999985
S2324-G0967,J. Allen,4,5.138095238095238,5.138095238095252
S2324-G0967,J. Green,1,37.800000000000004,37.7961717611542
S2324-G0967,J. Green,2,8.383333333333333,8.383218253968291
S2324-G0967,J. Green,3,30.66042780748663,30.678651985596083
S2324-G0967,J. Green,4,26.35757575757576,26.414891391941396
S2324-G0967,J. Landale,1,0.8,0.7999999999999987
S2324-G0967,J. Landale,2,9.775,9.775000000000036
S2324-G0967,J. Landale,3,9.75,9.751599206349205
S2324-G0967,J. Landale,4,0.8666666666666667,0.8666666666666675
S2324-G0967,J. Smith Jr.,1,11.806666666666667,11.806666666666658
S2324-G0967,J. Smith Jr.,2,22.76818181818182,22.760705094088944
S2324-G0967,J. Smith Jr.,3,6.258730158730159,6.259686036186045
S2324-G0967,J. Smith Jr.,4,12.825,12.82474999999999
S2324-G0967,J. Tate,2,18.257142857142856,18.2572862692862
S2324-G0967,J. Tate,4,5.504761904761905,5.504761904761916
S2324-G0967,M. Booker,4,1.2,1.200000000000001
S2324-G0967,N. Williams,4,3.1666666666666665,3.166666666666666
S2324-G0967,R. Bullock Jr.,2,6.125,6.125
S2324-G0967,R. Bullock Jr.,3,1.0666666666666667,1.0666666666666644
S2324-G0967,R. Bullock Jr.,4,3.175,3.1749999999999985
S2324-G0967,S. Merrill,1,2.9,2.8999999999999893
S2324-G0967,S. Merrill,2,8.469696969696969,8.469785173160195
S2324-G0967,S. Merrill,3,0.8666666666666667,0.8666666666666687
S2324-G0967,S. Merrill,4,13.725,13.72584597069599
S2324-G0967,T. Thompson,1,0.838095238095238,0.8380952380952358
S2324-G0967,T. Thompson,2,5.199999999999999,5.20000000000002
S2324-G0967,T. Thompson,3,8.584415584415584,8.584757142857178
S2324-G0967,T. Thompson,4,0.8,0.8000000000000007
S2324-G0978,A. Gordon,1,9.633333333333333,9.63341558441563
S2324-G0978,A. Gordon,2,12.89,12.89000000000001
S2324-G0978,A. Gordon,3,7.506666666666667,7.5066666666666615
S2324-G0978,A. Gordon,4,1.0,1.0
S2324-G0978,C. Braun,1,0.8666666666666667,0.866666666666669
S2324-G0978,C. Braun,2,18.155844155844154,18.1548861471861
S2324-G0978,C. Braun,3,5.166666666666667,5.1666666666666465
S2324-G0978,C. Braun,4,0.8666666666666667,0.8666666666666678
S2324-G0978,D. Exum,1,7.506666666666667,7.5066666666666615
S2324-G0978,D. Exum,2,16.075,16.07462527472523
S2324-G0978,D. Exum,3,5.438095238095238,5.438095238095232
S2324-G0978,D. Exum,4,0.8,0.7999999999999983
S2324-G0978,D. Gafford,1,5.264285714285714,5.2642857142857284
S2324-G0978,D. Gafford,2,3.3666666666666667,3.366666666666673
S2324-G0978,D. Gafford,3,9.614285714285714,9.614285714285689
S2324-G0978,D. Gafford,4,9.836363636363636,9.836238095238066
S2324-G0978,D. Johnson,4,1.2,1.200000000000001
S2324-G0978,D. Jones Jr.,1,12.264285714285714,12.264285714285693
S2324-G0978,D. Jones Jr.,2,3.1380952380952376,3.1380952380952376
S2324-G0978,D. Jones Jr.,3,15.225,15.224999999999945
S2324-G0978,D. Jones Jr.,4,7.438095238095238,7.43809523809523
S2324-G0978,D. Lively II,1,18.09285714285714,18.093107782087205
S2324-G0978,D. Lively II,2,7.733333333333333,7.731866666666677
S2324-G0978,D. Lively II,3,5.223809523809524,5.22390201465203
S2324-G0978,D. Lively II,4,5.071428571428571,5.0714285714285605
S2324-G0978,J. Hardy,2,3.0666666666666664,3.0671047619047673
S2324-G0978,J. Holiday,2,3.2,3.2000000000000095
S2324-G0978,J. Holiday,4,0.8666666666666667,0.8666666666666675
S2324-G0978,J. Murray,1,11.88095238095238,11.881527243589705
S2324-G0978,J. Murray,2,17.525,17.525075000000058
S2324-G0978,J. Murray,3,12.19,12.18980000000004
S2324-G0978,J. Murray,4,31.373333333333335,31.3695495630101
S2324-G0978,K. Caldwell-Pope,1,0.8,0.7999999999999986
S2324-G0978,K. Caldwell-Pope,3,10.9,10.900485028860068
S2324-G0978,K. Caldwell-Pope,4,19.466666666666665,19.46666666666669
S2324-G0978,K. Irving,1,17.47860962566845,17.472665551686884
S2324-G0978,K. Irving,2,11.806666666666667,11.806666666666658
S2324-G0978,K. Irving,3,33.99333333333333,33.97804029671735
S2324-G0978,K. Irving,4,17.38888888888889,17.38888095956325
S2324-G0978,L. Doncic,1,28.01388888888889,28.027148018510562
S2324-G0978,L. Doncic,2,31.37860962566845,31.379463518649356
S2324-G0978,L. Doncic,3,7.525,7.525000000000018
S2324-G0978,L. Doncic,4,36.084210526315786,36.21262086704138
S2324-G0978,M. Kleber,1,0.8666666666666667,0.866666666666669
S2324-G0978,M. Kleber,2,0.8666666666666667,0.8666666666666678
S2324-G0978,M. Kleber,3,3.233333333333333,3.233333333333346
S2324-G0978,M. Kleber,4,5.425,5.424999999999979
S2324-G0978,M. Porter Jr.,1,26.78095238095238,26.778689898336925
S2324-G0978,M. Porter Jr.,2,8.6,8.599999999999973
S2324-G0978,M. Porter Jr.,3,7.855555555555555,7.844174386724419
S2324-G0978,M. Porter Jr.,4,10.833333333333334,10.794330663780652
S2324-G0978,N. Jokic,1,29.75714285714286,29.77309846548791
S2324-G0978,N. Jokic,2,3.25,3.25
S2324-G0978,N. Jokic,3,18.513675213675214,18.51366703296696
S2324-G0978,N. Jokic,4,5.3,5.29999999999998
S2324-G0978,P. Washington,1,3.3142857142857145,3.314285714285699
S2324-G0978,P. Washington,2,9.775,9.775000000000036
S2324-G0978,P. Washington,3,14.517307692307691,14.518799318736853
S2324-G0978,P. Washington,4,3.2,3.2000000000000095
S2324-G0978,P. Watson,1,6.166666666666667,6.166666666666664
S2324-G0978,P. Watson,2,5.614285714285715,5.6147597402597516
S2324-G0978,P. Watson,3,0.8,0.799999999999998
S2324-G0978,P. Watson,4,3.2,3.2000000000000095
S2324-G0978,R. Jackson,1,8.533333333333333,8.533333333333315
S2324-G0978,R. Jackson,2,5.199999999999999,5.20000000000002
S2324-G0978,R. Jackson,3,15.406666666666666,15.407637404262442
S2324-G0978,T. Hardaway Jr.,1,3.35,3.350000000000013
S2324-G0978,T. Hardaway Jr.,2,3.1666666666666665,3.166666666666666
S2324-G0978,T. Hardaway Jr.,3,4.4,4.413055555555545
S2324-G0978,T. Hardaway Jr.,4,0.8666666666666667,0.8666666666666677
S2324-G0978,Z. Nnaji,2,9.514285714285714,9.51428571428573
S2324-G0978,Z. Nnaji,4,0.8,0.7999999999999983
S2324-G0983,A. Nembhard,1,5.2,5.20000000000002
S2324-G0983,A. Nembhard,2,3.071428571428571,3.0714285714285636
S2324-G0983,A. Nembhard,3,14.066666666666666,14.066666666666638
S2324-G0983,A. Nembhard,4,8.55,8.54999999999997
S2324-G0983,A. Nesmith,1,7.564285714285714,7.564285714285693
S2324-G0983,A. Nesmith,2,11.715384615384615,11.715575549450584
S2324-G0983,A. Nesmith,3,8.438095238095238,8.438095238095231
S2324-G0983,A. Nesmith,4,5.555844155844156,5.555701298701311
S2324-G0983,B. Sheppard,1,6.066666666666666,6.066666666666678
S2324-G0983,B. Sheppard,2,12.1,12.112234265734253
S2324-G0983,B. Sheppard,3,0.8666666666666667,0.8666666666666686
S2324-G0983,B. Sheppard,4,3.1,3.0999999999999943
S2324-G0983,C. LeVert,1,9.58095238095238,9.576075747863225
S2324-G0983,C. LeVert,2,25.525396825396825,25.50329567238317
S2324-G0983,C. LeVert,3,7.67,7.670107792207805
S2324-G0983,C. LeVert,4,18.752380952380953,18.745953926628893
S2324-G0983,C. Porter Jr.,1,3.1666666666666665,3.166666666666666
S2324-G0983,C. Porter Jr.,2,5.5,5.5
S2324-G0983,D. Garland,1,7.4399999999999995,7.440000000000035
S2324-G0983,D. Garland,2,12.436363636363637,12.42909981962486
S2324-G0983,D. Garland,3,31.777272727272727,31.811526809791552
S2324-G0983,D. Garland,4,6.45,6.466760117660126
S2324-G0983,G. Niang,1,12.89,12.89000000000001
S2324-G0983,G. Niang,2,8.466666666666667,8.467821581196608
S2324-G0983,G. Niang,3,10.466666666666667,10.466666666666688
S2324-G0983,G. Niang,4,3.1666666666666665,3.166666666666666
S2324-G0983,I. Okoro,1,3.05,3.0508439393939413
S2324-G0983,I. Okoro,2,0.9,0.9000000000000037
S2324-G0983,I. Okoro,3,14.766666666666666,14.76700649350655
S2324-G0983,I. Okoro,4,9.795238095238094,9.794933191808209
S2324-G0983,J. Allen,1,16.212987012987014,16.212987012987014
S2324-G0983,J. Allen,2,9.192857142857143,9.241646034521052
S2324-G0983,J. Allen,3,14.127272727272727,14.127272727272734
S2324-G0983,J. Allen,4,14.8010989010989,14.80784688644692
S2324-G0983,J. Smith,1,15.175,15.175000000000038
S2324-G0983,J. Smith,2,9.56969696969697,9.569629495504477
S2324-G0983,J. Smith,3,5.5,5.522180952380955
S2324-G0983,J. Smith,4,5.366666666666667,5.367714285714287
S2324-G0983,M. Morris Sr.,1,6.166666666666667,6.166666666666664
S2324-G0983,M. Morris Sr.,2,8.504761904761905,8.505095238095222
S2324-G0983,M. Morris Sr.,3,15.799999999999999,15.799121749084287
S2324-G0983,M. Morris Sr.,4,3.071428571428571,3.0714285714285636
S2324-G0983,M. Turner,1,5.255844155844156,5.255844155844133
S2324-G0983,M. Turner,2,10.105128205128205,10.125236703574199
S2324-G0983,M. Turner,3,18.06969696969697,18.06969696969693
S2324-G0983,M. Turner,4,5.1,5.100000000000014
S2324-G0983,O. Toppin,1,10.425,10.424999999999972
S2324-G0983,O. Toppin,2,7.575,7.575000000000028
S2324-G0983,O. Toppin,3,0.8666666666666667,0.8666666666666686
S2324-G0983,O. Toppin,4,8.465454545454545,8.466872030747043
S2324-G0983,P. Siakam,1,21.833333333333336,21.834568704334906
S2324-G0983,P. Siakam,2,12.049999999999999,12.057209012066371
S2324-G0983,P. Siakam,3,25.06818181818182,25.07863219411308
S2324-G0983,P. Siakam,4,5.16969696969697,5.170016774891758
S2324-G0983,S. Merrill,1,10.506666666666666,10.506666666666662
S2324-G0983,S. Merrill,2,9.74,9.739827777777785
S2324-G0983,S. Merrill,3,0.8666666666666667,0.8666666666666688
S2324-G0983,S. Merrill,4,11.89,11.89000000000002
S2324-G0983,T. Haliburton,1,11.933333333333334,11.933500000000024
S2324-G0983,T. Haliburton,2,7.8010989010989,7.80506829559329
S2324-G0983,T. Haliburton,3,2.8333333333333335,2.837146825396825
S2324-G0983,T. Haliburton,4,27.38681318681319,27.40453793877691
S2324-G0983,T. McConnell,1,11.67142857142857,11.671349206349184
S2324-G0983,T. McConnell,2,16.05,16.057946983408723
S2324-G0983,T. McConnell,3,7.425,7.424999999999971
S2324-G0983,T. McConnell,4,7.466666666666667,7.466666666666693
S2324-G0983,T. Thompson,1,0.8666666666666667,0.8666666666666686
S2324-G0983,T. Thompson,2,7.6000000000000005,7.599999999999981
S2324-G0983,T. Thompson,3,0.7714285714285714,0.7714285714285721
S2324-G0983,T. Thompson,4,0.8666666666666667,0.8666666666666683
S2324-G0984,D. White,1,22.766666666666666,22.767296994672055
S2324-G0984,D. White,2,30.723931623931623,30.74668606687425
S2324-G0984,D. White,3,9.766666666666666,9.766666666666653
S2324-G0984,D. White,4,8.552380952380952,8.551363636363611
S2324-G0984,E. Fournier,1,0.8666666666666667,0.866666666666669
S2324-G0984,E. Fournier,2,22.29285714285714,22.327947149500783
S2324-G0984,E. Fournier,3,3.1666666666666665,3.166666666666666
S2324-G0984,E. Fournier,4,0.8666666666666667,0.866666666666668
S2324-G0984,I. Stewart,1,12.855844155844155,12.85584415584418
S2324-G0984,I. Stewart,2,0.8666666666666667,0.8666666666666675
S2324-G0984,J. Brown,1,21.829166666666666,21.82725122947233
S2324-G0984,J. Brown,2,27.303174603174604,27.24890361550213
S2324-G0984,J. Brown,3,31.245714285714286,31.19655179428409
S2324-G0984,J. Duren,1,3.2142857142857144,3.2142857142857086
S2324-G0984,J. Duren,2,14.214285714285714,14.21446428571432
S2324-G0984,J. Duren,3,9.665714285714285,9.666895520269229
S2324-G0984,J. Ivey,1,25.218181818181815,25.213126362418908
S2324-G0984,J. Ivey,2,11.925,11.925661255411255
S2324-G0984,J. Ivey,3,26.05873015873016,26.05709309881298
S2324-G0984,J. Ivey,4,5.514285714285714,5.51428571428573
S2324-G0984,J. Springer,2,9.586666666666666,9.586666666666638
S2324-G0984,J. Springer,4,9.795238095238094,9.795315934065954
S2324-G0984,J. Walsh,4,5.3,5.29999999999998
S2324-G0984,J. Wiseman,1,7.4,7.400000000000017
S2324-G0984,J. Wiseman,2,3.155555555555556,3.1568888888888966
S2324-G0984,J. Wiseman,3,3.3333333333333335,3.3333333333333366
S2324-G0984,J. Wiseman,4,24.778609625668448,24.77779621070365
S2324-G0984,K. Porzingis,1,20.599999999999998,20.603900566100528
S2324-G0984,K. Porzingis,3,26.165714285714284,26.165844037906496
S2324-G0984,K. Porzingis,4,8.533333333333333,8.533047619047604
S2324-G0984,L. Kornet,1,11.9,11.900000000000043
S2324-G0984,L. Kornet,2,0.8696969696969696,0.8699621212121238
S2324-G0984,L. Kornet,3,0.8,0.8000000000000003
S2324-G0984,L. Kornet,4,3.3,3.299999999999996
S2324-G0984,M. Flynn,1,15.912987012987012,15.914411111111066
S2324-G0984,M. Flynn,2,0.8666666666666667,0.8666666666666671
S2324-G0984,M. Flynn,3,5.4,5.39999999999999
S2324-G0984,M. Flynn,4,10.864285714285714,10.864285714285698
S2324-G0984,M. Sasser,1,12.19,12.19000000000004
S2324-G0984,M. Sasser,2,9.806666666666667,9.80666666666663
S2324-G0984,M. Sasser,3,5.371428571428571,5.371428571428598
S2324-G0984,M. Sasser,4,11.827272727272726,11.827272727272724
S2324-G0984,O. Brissett,1,3.1666666666666665,3.166666666666666
S2324-G0984,O. Brissett,2,5.571428571428571,5.57330357142857
S2324-G0984,O. Brissett,4,13.1,13.099922115384567
S2324-G0984,P. Pritchard,1,9.466666666666667,9.466666666666685
S2324-G0984,P. Pritchard,2,17.343956043956045,17.343246928071927
S2324-G0984,P. Pritchard,3,8.55,8.54999999999997
S2324-G0984,P. Pritchard,4,23.466666666666665,23.463329558307176
S2324-G0984,S. Mykhailiuk,1,7.864285714285715,7.871630952380945
S2324-G0984,S. Mykhailiuk,3,8.55,8.54999999999997
S2324-G0984,S. Mykhailiuk,4,10.736363636363636,10.736967532467533
S2324-G0984,S. Umude,1,10.804761904761905,10.804821428571486
S2324-G0984,S. Umude,2,6.246666666666667,6.246666666666669
S2324-G0984,S. Umude,3,5.155555555555555,5.155555555555563
S2324-G0984,S. Umude,4,7.666666666666667,7.666666666666682
S2324-G0984,T. Brown Jr.,2,7.5,7.5
S2324-G0984,T. Brown Jr.,3,0.8666666666666667,0.8666666666666677
S2324-G0984,T. Brown Jr.,4,0.8,0.7999999999999983
S2324-G0984,T. Evbuomwan,3,5.1,5.100000000000014
S2324-G0984,T. Evbuomwan,4,19.13650793650794,19.13571515233128
S2324-G0984,T. Gibson,2,0.9000000000000001,0.9000000000000038
S2324-G0984,T. Gibson,3,8.59,8.589999999999973
S2324-G0984,X. Tillman,2,0.8,0.7999999999999986
S2324-G0984,X. Tillman,3,7.614285714285715,7.614285714285704
S2324-G0988,A. Burks,1,3.1666666666666665,3.166666666666666
S2324-G0988,A. Burks,2,12.806666666666667,12.806711111111117
S2324-G0988,A. Burks,4,3.071428571428571,3.0714285714285636
S2324-G0988,A. Wiggins,1,7.825,7.825000000000028
S2324-G0988,A. Wiggins,2,0.8,0.7999999999999983
S2324-G0988,A. Wiggins,3,3.0,3.0
S2324-G0988,A. Wiggins,4,19.8075,19.786910495631805
S2324-G0988,B. Bogdanovic,1,3.25,3.25
S2324-G0988,B. Bogdanovic,2,9.799999999999999,9.800166666666636
S2324-G0988,B. Bogdanovic,4,7.438095238095238,7.43809523809523
S2324-G0988,B. Podziemski,1,0.8,0.8000000000000007
S2324-G0988,B. Podziemski,2,5.45,5.44818513153515
S2324-G0988,B. Podziemski,3,0.8,0.7999999999999983
S2324-G0988,C. Paul,1,8.65,8.650000000000027
S2324-G0988,C. Paul,2,19.10666666666667,19.106348576423514
S2324-G0988,C. Paul,3,3.35,3.350000000000013
S2324-G0988,C. Paul,4,7.495238095238095,7.495238095238105
S2324-G0988,D. Curry,2,1.2,1.200000000000001
S2324-G0988,D. DiVincenzo,1,15.155844155844155,15.155844155844111
S2324-G0988,D. DiVincenzo,2,8.466666666666667,8.466666666666692
S2324-G0988,D. DiVincenzo,3,27.15811965811966,27.17187621765493
S2324-G0988,D. Green,1,9.975,9.980512662337633
S2324-G0988,D. Green,2,3.1666666666666665,3.166666666666666
S2324-G0988,D. Green,3,7.8,7.799999999999972
S2324-G0988,D. Green,4,0.8499999999999999,0.8455592324342305
S2324-G0988,G. Payton II,1,6.1,6.099999999999995
S2324-G0988,G. Payton II,2,0.8666666666666667,0.8666666666666675
S2324-G0988,G. Payton II,3,6.275,6.275146103896108
S2324-G0988,G. Payton II,4,0.7714285714285714,0.7714285714285721
S2324-G0988,I. Hartenstein,1,18.27777777777778,18.277762665112704
S2324-G0988,I. Hartenstein,2,0.8666666666666667,0.866666666666668
S2324-G0988,I. Hartenstein,3,5.166666666666667,5.1666666666666465
S2324-G0988,I. Hartenstein,4,8.635897435897437,8.636588644688652
S2324-G0988,J. Brunson,1,18.755844155844155,18.75634590132084
S2324-G0988,J. Brunson,2,29.485714285714288,29.49292537728874
S2324-G0988,J. Brunson,3,32.175,32.15831211682622
S2324-G0988,J. Brunson,4,15.285714285714286,15.272607387057413
S2324-G0988,J. Hart,1,10.127272727272727,10.128632076257105
S2324-G0988,J. Hart,2,9.853333333333333,9.854833133533145
S2324-G0988,J. Hart,3,14.1,14.099999999999948
S2324-G0988,J. Hart,4,21.05873015873016,21.0590982367306
S2324-G0988,J. Kuminga,1,18.395238095238096,18.395356547619105
S2324-G0988,J. Kuminga,2,16.189999999999998,16.190000000000044
S2324-G0988,J. Kuminga,3,9.504761904761905,9.504761904761882
S2324-G0988,J. Kuminga,4,5.475,5.47500000000001
S2324-G0988,J. Sims,2,1.0333333333333334,1.033771825396824
S2324-G0988,K. Thompson,1,3.1,3.099999999999996
S2324-G0988,K. Thompson,2,13.214285714285714,13.214230158730189
S2324-G0988,K. Thompson,3,19.055555555555557,19.076823240648217
S2324-G0988,K. Thompson,4,20.666666666666668,20.67582268638221
S2324-G0988,M. McBride,1,23.4,23.402551731601744
S2324-G0988,M. McBride,2,15.775,15.775000000000057
S2324-G0988,M. McBride,3,9.506666666666666,9.506666666666662
S2324-G0988,M. McBride,4,13.89145299145299,13.891484493284542
S2324-G0988,M. Moody,2,8.425,8.424999999999972
S2324-G0988,P. Achiuwa,1,7.564285714285714,7.564285714285693
S2324-G0988,P. Achiuwa,2,5.264285714285714,5.2642857142857284
S2324-G0988,P. Achiuwa,3,5.366666666666667,5.366666666666669
S2324-G0988,P. Achiuwa,4,0.8,0.7999999999999983
S2324-G0988,S. Curry,1,9.842307692307692,9.84260714285716
S2324-G0988,S. Curry,2,30.016666666666666,30.045194264103642
S2324-G0988,S. Curry,3,19.486666666666668,19.486180952380952
S2324-G0988,S. Curry,4,17.32857142857143,17.343908725996187
S2324-G0988,S. Mitchell,3,1.2,1.200000000000001
S2324-G0988,T. Jackson-Davis,1,13.799999999999999,13.800000000000022
S2324-G0988,T. Jackson-Davis,2,0.9000000000000001,0.9000000000000038
S2324-G0988,T. Jackson-Davis,3,15.044444444444444,15.031493467643468
S2324-G0988,T. Jackson-Davis,4,13.725,13.72584597069599
S2324-G0989,A. Len,1,2.9,2.8999999999999893
S2324-G0989,A. Len,2,9.614285714285714,9.614230158730134
S2324-G0989,A. Len,3,0.8,0.7999999999999985
S2324-G0989,A. Len,4,0.9642857142857143,0.9642857142857153
S2324-G0989,C. Duarte,1,13.806666666666667,13.806666666666683
S2324-G0989,C. Duarte,2,5.366666666666667,5.3665833333333355
S2324-G0989,C. Duarte,3,5.071428571428571,5.0714285714285605
S2324-G0989,D. Bane,1,10.644444444444446,10.644957264957231
S2324-G0989,D. Bane,2,16.43939393939394,16.440695431447644
S2324-G0989,D. Bane,3,23.566666666666666,23.53833231898821
S2324-G0989,D. Bane,4,16.433333333333334,16.430331060606093
S2324-G0989,D. Bane,5,5.55,5.549999999999978
S2324-G0989,D. Fox,1,7.338095238095238,7.346480555555571
S2324-G0989,D. Fox,2,14.095238095238095,14.095523809523792
S2324-G0989,D. Fox,3,19.117307692307694,19.11610256965264
S2324-G0989,D. Fox,4,18.927272727272726,18.927010722610696
S2324-G0989,D. Fox,5,5.199999999999999,5.20000000000002
S2324-G0989,D. Jarreau,1,8.533333333333333,8.533333333333315
S2324-G0989,D. Jarreau,2,9.805555555555555,9.807375000000041
S2324-G0989,D. Jarreau,3,0.8666666666666667,0.8666666666666687
S2324-G0989,D. Jarreau,4,10.9,10.900000000000041
S2324-G0989,D. Mitchell,1,3.1,3.0999999999999948
S2324-G0989,D. Mitchell,2,0.8666666666666667,0.8666666666666675
S2324-G0989,D. Mitchell,3,3.071428571428571,3.0714285714285636
S2324-G0989,D. Sabonis,1,22.48333333333333,22.489169505790905
S2324-G0989,D. Sabonis,2,6.138095238095238,6.138095238095255
S2324-G0989,D. Sabonis,3,14.192857142857143,14.170674017649006
S2324-G0989,D. Sabonis,4,18.775,18.71104474969478
S2324-G0989,D. Sabonis,5,7.514285714285714,7.514285714285733
S2324-G0989,G. Jackson II,1,18.740000000000002,18.814011294261345
S2324-G0989,G. Jackson II,2,9.806666666666667,9.80666666666663
S2324-G0989,G. Jackson II,3,8.533333333333333,8.533333333333315
S2324-G0989,G. Jackson II,4,7.564285714285714,7.564285714285693
S2324-G0989,G. Jackson II,5,11.864285714285714,11.86428571428571
S2324-G0989,H. Barnes,1,11.725,11.72495192307688
S2324-G0989,H. Barnes,2,9.825,9.825000000000031
S2324-G0989,H. Barnes,3,1.0,1.0
S2324-G0989,H. Barnes,4,17.417307692307695,17.417637728937677
S2324-G0989,J. Jackson Jr.,1,22.113333333333333,22.10326430596407
S2324-G0989,J. Jackson Jr.,2,5.475,5.47500000000001
S2324-G0989,J. Jackson Jr.,3,24.105714285714285,24.105384648684712
S2324-G0989,J. Jackson Jr.,4,35.1275,35.213899423379395
S2324-G0989,J. Jackson Jr.,5,5.29,5.289999999999985
S2324-G0989,J. Konchar,1,0.9066666666666666,0.9066666666666664
S2324-G0989,J. Konchar,2,12.123809523809523,12.122081918081934
S2324-G0989,J. Konchar,3,2.975,2.9730018148518247
S2324-G0989,J. Konchar,4,7.552380952380953,7.552380952380934
S2324-G0989,J. LaRavia,1,17.475,17.47499999999994
S2324-G0989,J. LaRavia,2,8.371428571428572,8.371428571428606
S2324-G0989,J. LaRavia,3,8.806666666666667,8.811516450216425
S2324-G0989,J. LaRavia,4,10.903030303030302,10.911692496392531
S2324-G0989,J. LaRavia,5,0.8666666666666667,0.8666666666666685
S2324-G0989,K. Ellis,1,0.8,0.7999999999999986
S2324-G0989,K. Ellis,2,6.266666666666667,6.2680238095237995
S2324-G0989,K. Ellis,3,7.638095238095238,7.638529761904782
S2324-G0989,K. Ellis,4,3.2066666666666666,3.2066666666666697
S2324-G0989,K. Ellis,5,1.25,1.1710000000000038
S2324-G0989,K. Huerter,1,0.9333333333333332,0.9333333333333365
S2324-G0989,K. Murray,1,12.005128205128205,12.037301273726259
S2324-G0989,K. Murray,2,19.48333333333333,19.481017851592792
S2324-G0989,K. Murray,3,18.442307692307693,18.442125457875417
S2324-G0989,K. Murray,4,5.664285714285715,5.664297619047627
S2324-G0989,K. Murray,5,3.1666666666666665,3.166666666666666
S2324-G0989,L. Meyer,4,1.2,1.200000000000001
S2324-G0989,M. Monk,1,5.533333333333334,5.5333333333333234
S2324-G0989,M. Monk,2,18.485454545454548,18.511658583083598
S2324-G0989,M. Monk,3,12.1,12.084183405483373
S2324-G0989,M. Monk,4,18.42,18.421821109609393
S2324-G0989,M. Monk,5,22.28571428571429,22.252684199134166
S2324-G0989,M. Smart,5,1.2666666666666666,1.2658333333333396
S2324-G0989,N. McMillan,2,1.2,1.200000000000001
S2324-G0989,S. Aldama,1,8.371428571428572,8.371428571428606
S2324-G0989,S. Aldama,2,12.136363636363637,12.136875324675342
S2324-G0989,S. Aldama,3,12.823809523809523,12.823809523809507
S2324-G0989,S. Aldama,4,7.280952380952381,7.28067176989677
S2324-G0989,S. Aldama,5,3.3666666666666667,3.366666666666674
S2324-G0989,T. Jemison,1,0.8666666666666667,0.866666666666669
S2324-G0989,T. Jemison,2,3.05,3.0502439393939387
S2324-G0989,T. Jemison,3,1.15,1.1499166666666705
S2324-G0997,A. Nembhard,1,7.533333333333334,7.533333333333316
S2324-G0997,A. Nembhard,2,8.65,8.650000000000027
S2324-G0997,A. Nembhard,3,5.1,5.100000000000014
S2324-G0997,A. Nembhard,4,3.2,3.2000000000000024
S2324-G0997,A. Nesmith,1,5.438095238095238,5.438095238095232
S2324-G0997,A. Nesmith,2,26.755844155844155,26.747798472524167
S2324-G0997,A. Nesmith,3,7.4363636363636365,7.436363636363635
S2324-G0997,B. Boeheim,4,14.166666666666668,14.121074603174595
S2324-G0997,B. Sheppard,1,3.1,3.0999999999999948
S2324-G0997,B. Sheppard,2,10.438095238095238,10.438095238095231
S2324-G0997,B. Sheppard,3,5.166666666666667,5.1666666666666465
S2324-G0997,B. Sheppard,4,12.146666666666667,12.146872902097915
S2324-G0997,C. Cunningham,1,27.179166666666667,27.182775940236247
S2324-G0997,C. Cunningham,2,21.8,21.802062545787617
S2324-G0997,C. Cunningham,3,27.7,27.697147936785427
S2324-G0997,C. Cunningham,4,0.8,0.8000000000000006
S2324-G0997,C. Metu,1,5.4,5.39999999999999
S2324-G0997,C. Metu,2,0.8666666666666667,0.8666666666666675
S2324-G0997,C. Metu,3,16.4,16.39520000000005
S2324-G0997,C. Metu,4,7.267307692307693,7.265965903540893
S2324-G0997,D. McDermott,1,10.533333333333333,10.533333333333314
S2324-G0997,D. McDermott,2,0.8,0.7999999999999982
S2324-G0997,D. McDermott,4,14.066666666666666,14.070545985060683
S2324-G0997,E. Fournier,1,3.1666666666666665,3.166666666666666
S2324-G0997,E. Fournier,2,9.914285714285713,9.914285714285766
S2324-G0997,E. Fournier,3,6.25,6.25
S2324-G0997,E. Fournier,4,3.3,3.2999999999999967
S2324-G0997,I. Jackson,1,9.966666666666667,9.968345238095257
S2324-G0997,I. Jackson,2,0.8999999999999999,0.9000714285714317
S2324-G0997,I. Jackson,3,6.140000000000001,6.140000000000007
S2324-G0997,I. Jackson,4,12.791666666666666,12.789695568320568
S2324-G0997,J. Duren,1,5.335897435897436,5.346699999999993
S2324-G0997,J. Duren,2,7.566666666666667,7.566666666666664
S2324-G0997,J. Duren,3,5.614285714285715,5.614285714285725
S2324-G0997,J. Duren,4,14.917307692307691,14.922179859029855
S2324-G0997,J. Ivey,1,18.452380952380953,18.452396825396736
S2324-G0997,J. Ivey,2,9.742857142857142,9.753541832513896
S2324-G0997,J. Ivey,3,12.76969696969697,12.769696969697
S2324-G0997,J. Ivey,4,7.5,7.5
S2324-G0997,J. Johnson,4,0.95,0.9499999999999976
S2324-G0997,J. Walker,4,7.466666666666667,7.466666666666693
S2324-G0997,J. Wiseman,1,0.8666666666666667,0.866666666666668
S2324-G0997,J. Wiseman,2,5.455555555555556,5.455555555555541
S2324-G0997,J. Wiseman,3,16.236363636363635,16.234900011099946
S2324-G0997,J. Wiseman,4,5.1,5.100000000000014
S2324-G0997,K. Brown,4,7.466666666666667,7.466666666666693
S2324-G0997,M. Flynn,4,5.683333333333333,5.683333333333317
S2324-G0997,M. Sasser,1,0.8,0.7999999999999986
S2324-G0997,M. Sasser,2,13.655555555555555,13.659787479187488
S2324-G0997,M. Sasser,3,0.8666666666666667,0.8666666666666685
S2324-G0997,M. Sasser,4,5.504761904761905,5.504761904761916
S2324-G0997,M. Turner,1,8.968181818181819,8.972435317460308
S2324-G0997,M. Turner,2,3.1,3.100000000000011
S2324-G0997,M. Turner,3,7.640000000000001,7.654180627705629
S2324-G0997,M. Turner,4,6.4,6.400333333333339
S2324-G0997,O. Toppin,1,6.1,6.099999999999995
S2324-G0997,O. Toppin,2,5.175,5.174999999999982
S2324-G0997,O. Toppin,3,0.8666666666666667,0.8666666666666685
S2324-G0997,O. Toppin,4,3.233333333333333,3.233333333333346
S2324-G0997,P. Siakam,1,26.91111111111111,26.90370365430921
S2324-G0997,P. Siakam,2,4.175,4.174999999999987
S2324-G0997,P. Siakam,3,29.076923076923077,29.0848057086833
S2324-G0997,P. Siakam,4,3.1,3.099999999999996
S2324-G0997,S. Umude,1,11.886666666666667,11.886666666666722
S2324-G0997,S. Umude,2,5.366666666666667,5.366666666666669
S2324-G0997,S. Umude,3,7.506666666666667,7.5066666666666615
S2324-G0997,T. Brown Jr.,4,9.725,9.724999999999966
S2324-G0997,T. Evbuomwan,1,9.89,9.890000000000041
S2324-G0997,T. Evbuomwan,2,12.546666666666665,12.543083369081874
S2324-G0997,T. Evbuomwan,3,0.8,0.7999999999999992
S2324-G0997,T. Evbuomwan,4,7.514285714285714,7.514285714285733
S2324-G0997,T. Haliburton,1,14.186363636363637,14.188250164541364
S2324-G0997,T. Haliburton,2,9.65,9.650000000000034
S2324-G0997,T. Haliburton,3,28.975,28.971137669348256
S2324-G0997,T. McConnell,1,3.1666666666666665,3.166666666666666
S2324-G0997,T. McConnell,2,19.395238095238096,19.39465101294909
S2324-G0997,T. McConnell,3,0.8666666666666667,0.8666666666666678
S2324-G0997,T. McConnell,4,13.9,13.900045454545507
S2324-G1000,A. Wiggins,2,3.1666666666666665,3.166666666666666
S2324-G1000,A. Wiggins,4,11.657142857142858,11.655957215007206
S2324-G1000,B. Sensabaugh,1,9.89,9.890000000000041
S2324-G1000,B. Sensabaugh,2,3.0555555555555554,3.0555555555555456
S2324-G1000,B. Sensabaugh,3,3.344444444444444,3.3447777777777703
S2324-G1000,B. Sensabaugh,4,12.333333333333334,12.331433982683984
S2324-G1000,C. Holmgren,1,19.402597402597404,19.35670346320346
S2324-G1000,C. Holmgren,2,10.211111111111112,10.210369841269888
S2324-G1000,C. Holmgren,3,18.258119658119657,18.26017506202945
S2324-G1000,C. Holmgren,4,32.965714285714284,32.342496982949044
S2324-G1000,C. Sexton,1,18.53,18.529671428571504
S2324-G1000,C. Sexton,2,19.467307692307692,19.467376877289393
S2324-G1000,C. Sexton,3,22.784415584415584,22.780133477633466
S2324-G1000,C. Sexton,4,11.775,11.775000000000043
S2324-G1000,C. Wallace,1,3.3,3.2999999999999967
S2324-G1000,C. Wallace,2,3.2066666666666666,3.2066666666666697
S2324-G1000,C. Wallace,3,6.264285714285714,6.264285714285729
S2324-G1000,C. Wallace,4,5.125,5.125
S2324-G1000,G. Hayward,1,2.05,2.050500000000007
S2324-G1000,G. Hayward,2,11.514285714285714,11.513999999999989
S2324-G1000,G. Hayward,3,3.1,3.0999999999999943
S2324-G1000,H. Eisley,3,1.2,1.200000000000001
S2324-G1000,H. Grant,2,1.2,1.200000000000001
S2324-G1000,I. Joe,1,3.2,3.2000000000000095
S2324-G1000,I. Joe,2,3.1,3.099999999999994
S2324-G1000,I. Joe,3,5.5,5.5
S2324-G1000,J. Collins,1,10.926666666666666,10.926658333333359
S2324-G1000,J. Collins,2,16.57,16.56937590187594
S2324-G1000,J. Collins,3,16.941558441558442,16.956591871505672
S2324-G1000,J. Collins,4,3.1666666666666665,3.166666666666666
S2324-G1000,J. Giddey,1,12.268181818181818,12.273828823953824
S2324-G1000,J. Giddey,2,6.140000000000001,6.140000000000007
S2324-G1000,J. Giddey,3,5.466666666666667,5.46666666666669
S2324-G1000,J. Giddey,4,5.564285714285714,5.564285714285695
S2324-G1000,J. Juzang,2,21.395238095238096,21.39556913919419
S2324-G1000,J. Juzang,3,0.8666666666666667,0.8666666666666675
S2324-G1000,J. Juzang,4,3.2,3.2000000000000095
S2324-G1000,J. Preston,4,0.8666666666666667,0.8666666666666677
S2324-G1000,J. Williams,1,19.52857142857143,19.528630194805224
S2324-G1000,J. Williams,2,26.027058823529412,26.02722471923504
S2324-G1000,J. Williams,3,13.117857142857142,13.112325058275026
S2324-G1000,J. Williams,4,7.4399999999999995,7.440000000000035
S2324-G1000,K. Dunn,1,7.514285714285714,7.514285714285733
S2324-G1000,K. Dunn,2,8.371428571428572,8.371428571428606
S2324-G1000,K. Dunn,3,3.105555555555555,3.1055555555555645
S2324-G1000,K. George,1,16.812987012987012,16.811126909201864
S2324-G1000,K. George,2,8.466666666666667,8.466666666666692
S2324-G1000,K. George,3,5.466666666666667,5.466952380952404
S2324-G1000,K. George,4,14.12,14.119999999999932
S2324-G1000,K. Lewis Jr.,4,13.997142857142858,13.994264499389505
S2324-G1000,L. Dort,1,10.62857142857143,10.627819480519447
S2324-G1000,L. Dort,2,0.9333333333333332,0.9333333333333365
S2324-G1000,L. Dort,3,3.1666666666666665,3.166666666666666
S2324-G1000,L. Dort,4,9.564285714285713,9.564285714285694
S2324-G1000,L. Samanic,4,0.8666666666666667,0.866666666666669
S2324-G1000,L. Waters III,4,3.35,3.350000000000013
S2324-G1000,M. Potter,1,6.25,6.25
S2324-G1000,M. Potter,2,0.95,0.9493474025974001
S2324-G1000,M. Potter,3,0.95,0.9499999999999977
S2324-G1000,M. Potter,4,3.1,3.100000000000011
S2324-G1000,O. Dieng,4,3.3666666666666663,3.366666666666672
S2324-G1000,O. Yurtseven,4,11.783333333333333,11.780214935064917
S2324-G1000,S. Gilgeous-Alexander,1,24.143181818181816,24.134216863691854
S2324-G1000,S. Gilgeous-Alexander,2,14.164285714285713,14.16428571428572
S2324-G1000,S. Gilgeous-Alexander,3,29.793939393939393,29.815860401878854
S2324-G1000,S. Gilgeous-Alexander,4,17.403030303030302,17.403464504793497
S2324-G1000,T. Hendricks,1,5.255844155844156,5.255844155844133
S2324-G1000,T. Hendricks,2,6.166666666666667,6.166666666666664
S2324-G1000,T. Hendricks,3,9.52,9.519999999999985
S2324-G1000,T. Hendricks,4,8.425,8.424999999999972
S2324-G1000,T. Horton-Tucker,1,8.733333333333334,8.733333333333347
S2324-G1000,T. Horton-Tucker,2,5.466666666666667,5.46666666666669
S2324-G1000,T. Horton-Tucker,3,11.15,11.148554761904792
S2324-G1000,T. Horton-Tucker,4,9.864285714285714,9.864285714285689
S2324-G1000,W. Kessler,1,5.333333333333333,5.333333333333344
S2324-G1000,W. Kessler,2,0.8666666666666667,0.8666666666666678
S2324-G1000,W. Kessler,3,5.25,5.25
S2324-G1000,W. Kessler,4,0.8400000000000001,0.8400000000000027
S2324-G1005,A. Gill,1,7.475,7.474999999999983
S2324-G1005,A. Gill,2,7.155555555555555,7.154976479076488
S2324-G1005,A. Gill,3,5.45,5.450000000000021
S2324-G1005,A. Gill,4,0.8666666666666667,0.8666666666666683
S2324-G1005,A. Len,1,0.8,0.7999999999999986
S2324-G1005,A. Len,2,3.0,3.0001333333333333
S2324-G1005,A. Len,4,0.8666666666666667,0.8666666666666675
S2324-G1005,C. Duarte,1,3.1,3.0999999999999948
S2324-G1005,C. Duarte,2,13.104761904761904,13.105799494949478
S2324-G1005,C. Duarte,3,5.683333333333333,5.683507575757559
S2324-G1005,C. Duarte,4,3.155555555555556,3.1568888888888966
S2324-G1005,C. Kispert,1,9.525,9.525000000000034
S2324-G1005,C. Kispert,2,5.699999999999999,5.7000000000000215
S2324-G1005,C. Kispert,3,14.833333333333332,14.833173076923101
S2324-G1005,C. Kispert,4,9.6,9.599999999999966
S2324-G1005,D. Avdija,1,21.558119658119658,21.556884281568124
S2324-G1005,D. Avdija,2,5.4,5.400199999999989
S2324-G1005,D. Avdija,3,11.85,11.850124999999956
S2324-G1005,D. Avdija,4,14.314285714285713,14.318006493506477
S2324-G1005,D. Fox,1,14.85,14.832274553224524
S2324-G1005,D. Fox,2,33.94705882352941,33.93260720115795
S2324-G1005,D. Fox,3,14.5,14.509099272949278
S2324-G1005,D. Fox,4,34.61666666666667,34.62213056074898
S2324-G1005,D. Mitchell,1,5.1,5.100000000000014
S2324-G1005,D. Mitchell,2,0.8,0.7999999999999983
S2324-G1005,D. Mitchell,3,0.8,0.7999999999999985
S2324-G1005,D. Mitchell,4,8.4,8.400000000000027
S2324-G1005,D. Sabonis,1,7.155555555555555,7.15501616161617
S2324-G1005,D. Sabonis,2,9.503030303030302,9.49782996696287
S2324-G1005,D. Sabonis,3,20.813333333333333,20.815748031444805
S2324-G1005,D. Sabonis,4,0.825,0.8249999999999992
S2324-G1005,H. Barnes,1,12.842307692307692,12.842873460689653
S2324-G1005,H. Barnes,2,11.8010989010989,11.801063461538467
S2324-G1005,H. Barnes,3,6.066666666666666,6.07491818181819
S2324-G1005,H. Barnes,4,0.8,0.7999999999999992
S2324-G1005,J. Butler,2,0.825,0.8249999999999992
S2324-G1005,J. Butler,3,8.466666666666667,8.466666666666692
S2324-G1005,J. Butler,4,12.792307692307691,12.792766346153831
S2324-G1005,J. Champagnie,2,3.1666666666666665,3.166666666666666
S2324-G1005,J. Champagnie,4,3.2,3.2000000000000024
S2324-G1005,J. Davis,1,7.366666666666667,7.368066666666644
S2324-G1005,J. Davis,3,3.2,3.2000000000000095
S2324-G1005,J. Poole,1,15.123809523809523,15.12380952380954
S2324-G1005,J. Poole,2,0.8666666666666667,0.8666666666666671
S2324-G1005,J. Poole,3,11.775,11.775000000000043
S2324-G1005,J. Poole,4,15.192307692307692,15.19235362831609
S2324-G1005,K. Edwards,2,0.875,0.875
S2324-G1005,K. Edwards,3,8.514285714285714,8.514285714285732
S2324-G1005,K. Ellis,1,7.514285714285714,7.514285714285733
S2324-G1005,K. Ellis,2,3.1333333333333333,3.133333333333328
S2324-G1005,K. Ellis,3,0.9,0.9000000000000037
S2324-G1005,K. Ellis,4,0.9,0.9000000000000037
S2324-G1005,K. Kuzma,1,19.117307692307694,19.11628762210019
S2324-G1005,K. Kuzma,2,26.06761133603239,26.074285098123447
S2324-G1005,K. Kuzma,3,22.7475,22.744727313372888
S2324-G1005,K. Kuzma,4,17.433333333333334,17.43317307692311
S2324-G1005,K. Murray,1,22.825,22.82547636252629
S2324-G1005,K. Murray,2,0.8666666666666667,0.8666666666666675
S2324-G1005,K. Murray,3,7.371428571428571,7.371428571428604
S2324-G1005,K. Murray,4,13.766666666666666,13.76666666666671
S2324-G1005,L. Longley,1,1.2,1.200000000000001
S2324-G1005,M. Monk,1,9.27142857142857,9.288179256854246
S2324-G1005,M. Monk,2,11.683333333333334,11.68397619047621
S2324-G1005,M. Monk,3,23.084415584415584,23.08561938616939
S2324-G1005,M. Monk,4,9.483333333333334,9.478351465201477
S2324-G1005,P. Baldwin Jr.,2,11.517307692307691,11.511423840048858
S2324-G1005,P. Baldwin Jr.,4,3.071428571428571,3.071428571428564
S2324-G1005,R. Holmes,1,12.325,12.295206379731361
S2324-G1005,R. Holmes,2,5.246666666666667,5.246666666666669
S2324-G1005,R. Holmes,3,0.9333333333333332,0.9333333333333352
S2324-G1005,R. Holmes,4,12.233333333333333,12.233339202464178
S2324-G1011,B. Boeheim,4,3.1666666666666665,3.166666666666666
S2324-G1011,C. Cunningham,1,25.185714285714283,25.18845276813828
S2324-G1011,C. Cunningham,2,15.423809523809522,15.423342922918204
S2324-G1011,C. Cunningham,3,11.817307692307692,11.816937499999968
S2324-G1011,C. Cunningham,4,5.533333333333334,5.5333333333333234
S2324-G1011,C. Metu,1,0.8,0.7999999999999988
S2324-G1011,C. Metu,2,0.9,0.9000000000000037
S2324-G1011,C. Metu,3,5.125,5.125
S2324-G1011,C. Metu,4,5.67,5.670411111111102
S2324-G1011,D. White,1,8.6,8.599999999999973
S2324-G1011,D. White,2,19.522222222222222,19.51288903180155
S2324-G1011,D. White,3,7.525,7.525000000000018
S2324-G1011,D. White,4,19.34722222222222,19.349224972413218
S2324-G1011,E. Fournier,1,5.6,5.600000000000007
S2324-G1011,E. Fournier,2,3.1,3.0999999999999948
S2324-G1011,E. Fournier,3,0.7555555555555555,0.7563030303030323
S2324-G1011,E. Fournier,4,16.15,16.150000000000055
S2324-G1011,J. Brown,1,24.81818181818182,24.823945432019013
S2324-G1011,J. Brown,2,13.866666666666665,13.866265567765563
S2324-G1011,J. Brown,3,36.40714285714286,36.39919782298032
S2324-G1011,J. Brown,4,5.371428571428571,5.371428571428598
S2324-G1011,J. Davison,4,6.166666666666667,6.166666666666664
S2324-G1011,J. Ivey,1,9.766666666666666,9.766666666666653
S2324-G1011,J. Ivey,2,10.81111111111111,10.812945999635907
S2324-G1011,J. Ivey,3,28.033333333333335,28.051024738904925
S2324-G1011,J. Ivey,4,0.8666666666666667,0.8666666666666666
S2324-G1011,J. Rhoden,1,5.3,5.29999999999998
S2324-G1011,J. Rhoden,2,8.533333333333333,8.533333333333315
S2324-G1011,J. Rhoden,4,9.6,9.599733333333297
S2324-G1011,J. Walsh,4,7.65,7.650000000000019
S2324-G1011,J. Wiseman,1,26.87272727272727,26.866888379547053
S2324-G1011,J. Wiseman,2,13.683333333333334,13.702603368853353
S2324-G1011,J. Wiseman,3,5.236363636363636,5.236363636363646
S2324-G1011,J. Wiseman,4,11.799999999999999,11.799999999999997
S2324-G1011,K. Porzingis,1,14.89145299145299,14.874445352033595
S2324-G1011,K. Porzingis,2,8.817857142857143,8.810837204462196
S2324-G1011,K. Porzingis,3,21.8,21.8004903235654
S2324-G1011,K. Porzingis,4,11.75,11.75169728049728
S2324-G1011,L. Kornet,1,2.0,2.0
S2324-G1011,L. Kornet,2,0.8666666666666667,0.8666666666666683
S2324-G1011,L. Kornet,3,3.105555555555555,3.1055555555555645
S2324-G1011,L. Kornet,4,5.055555555555555,5.055555555555545
S2324-G1011,M. Sasser,1,6.3,6.299999999999978
S2324-G1011,M. Sasser,2,11.971428571428572,11.976411779886753
S2324-G1011,M. Sasser,3,8.4,8.400000000000027
S2324-G1011,M. Sasser,4,3.125,3.125
S2324-G1011,N. Queta,4,10.783333333333333,10.781112770562753
S2324-G1011,O. Brissett,1,1.9,1.8999999999999952
S2324-G1011,O. Brissett,2,6.1,6.100391025641022
S2324-G1011,O. Brissett,3,5.125,5.125
S2324-G1011,O. Brissett,4,0.8666666666666667,0.8666666666666683
S2324-G1011,P. Pritchard,1,20.406666666666666,20.40657857142863
S2324-G1011,P. Pritchard,2,18.036363636363635,18.038229062604035
S2324-G1011,P. Pritchard,3,14.036363636363637,14.036363636363612
S2324-G1011,P. Pritchard,4,5.35,5.352921067821078
S2324-G1011,S. Hauser,1,14.477777777777778,14.491682722832714
S2324-G1011,S. Hauser,2,23.692857142857143,23.684569388536303
S2324-G1011,S. Hauser,3,8.371428571428572,8.371428571428606
S2324-G1011,S. Hauser,4,3.4000000000000004,3.3999999999999875
S2324-G1011,S. Mykhailiuk,2,6.138095238095238,6.138095238095255
S2324-G1011,S. Mykhailiuk,4,0.8,0.799999999999998
S2324-G1011,T. Brown Jr.,1,11.533333333333333,11.533333333333314
S2324-G1011,T. Brown Jr.,2,12.05,12.05132569097569
S2324-G1011,T. Brown Jr.,3,3.1,3.0999999999999948
S2324-G1011,T. Evbuomwan,1,4.246666666666667,4.24815164835165
S2324-G1011,T. Evbuomwan,2,0.8666666666666667,0.8666666666666683
S2324-G1011,T. Evbuomwan,3,22.625,22.649718612291558
S2324-G1011,T. Evbuomwan,4,10.75,10.745350000000007
S2324-G1011,X. Tillman,1,0.825,0.8249999999999992
S2324-G1011,X. Tillman,3,1.05,1.0500000000000034
S2324-G1011,X. Tillman,4,7.371428571428571,7.371428571428604
S2324-G1014,A. Edwards,1,19.955844155844154,19.961060101010133
S2324-G1014,A. Edwards,2,7.614285714285715,7.614285714285704
S2324-G1014,A. Edwards,3,26.380952380952383,26.383708093295546
S2324-G1014,A. Edwards,4,5.25,5.25
S2324-G1014,C. LeVert,1,12.212987012987012,12.213303210678209
S2324-G1014,C. LeVert,2,15.103030303030303,15.102915151515095
S2324-G1014,C. LeVert,3,17.123809523809523,17.123809523809538
S2324-G1014,C. LeVert,4,12.166666666666666,12.166666666666668
S2324-G1014,D. Garland,1,23.45714285714286,23.48440492938432
S2324-G1014,D. Garland,2,10.775,10.77500000000004
S2324-G1014,D. Garland,3,14.452380952380953,14.452578643724639
S2324-G1014,D. Garland,4,22.44666666666667,22.447398998713695
S2324-G1014,G. Niang,1,8.59,8.589999999999973
S2324-G1014,G. Niang,2,6.140000000000001,6.140000000000007
S2324-G1014,G. Niang,3,3.2,3.2000000000000095
S2324-G1014,G. Niang,4,14.117307692307692,14.117325091575161
S2324-G1014,I. Okoro,1,6.575,6.574547619047642
S2324-G1014,I. Okoro,2,5.125,5.125
S2324-G1014,I. Okoro,3,7.371428571428571,7.371428571428604
S2324-G1014,I. Okoro,4,3.25,3.25
S2324-G1014,J. Allen,1,17.290909090909093,17.298831399319628
S2324-G1014,J. Allen,2,7.4363636363636365,7.436363636363635
S2324-G1014,J. Allen,3,11.825,11.824750000000005
S2324-G1014,J. Allen,4,5.314285714285714,5.314285714285695
S2324-G1014,J. McDaniels,1,7.517307692307693,7.516682692307675
S2324-G1014,J. McDaniels,2,5.533333333333334,5.5333333333333234
S2324-G1014,J. McDaniels,3,17.16,17.157794585806307
S2324-G1014,J. McDaniels,4,11.523809523809524,11.523638095238152
S2324-G1014,J. McLaughlin,1,6.166666666666667,6.166666666666664
S2324-G1014,J. McLaughlin,2,16.65555555555556,16.691426136363596
S2324-G1014,J. McLaughlin,4,0.7555555555555555,0.7555555555555578
S2324-G1014,K. Anderson,2,12.066666666666666,12.062846819846797
S2324-G1014,K. Anderson,3,9.586666666666666,9.586837499999971
S2324-G1014,K. Anderson,4,11.74,11.739999999999979
S2324-G1014,M. Conley,1,9.833333333333332,9.833333333333304
S2324-G1014,M. Conley,2,15.04,15.039999999999973
S2324-G1014,M. Conley,3,9.586666666666666,9.586666666666638
S2324-G1014,M. Conley,4,24.672527472527474,24.670111964789566
S2324-G1014,M. Morris,1,3.1666666666666665,3.166666666666666
S2324-G1014,M. Morris,2,13.0,13.000314102564102
S2324-G1014,M. Morris Sr.,1,12.266666666666666,12.26714285714288
S2324-G1014,M. Morris Sr.,2,9.472527472527473,9.472506227106187
S2324-G1014,M. Morris Sr.,3,0.875,0.875
S2324-G1014,M. Morris Sr.,4,15.04,15.03994285714283
S2324-G1014,N. Alexander-Walker,1,1.0,1.0
S2324-G1014,N. Alexander-Walker,2,0.9,0.9000000000000037
S2324-G1014,N. Alexander-Walker,3,3.1666666666666665,3.166666666666666
S2324-G1014,N. Alexander-Walker,4,3.2,3.2000000000000095
S2324-G1014,N. Reid,1,27.2,27.18098647186153
S2324-G1014,N. Reid,2,5.614285714285715,5.614285714285725
S2324-G1014,N. Reid,3,5.466666666666667,5.46666666666669
S2324-G1014,N. Reid,4,18.040000000000003,18.04077794427792
S2324-G1014,R. Gobert,1,6.414285714285714,6.406980677655668
S2324-G1014,R. Gobert,2,5.558241758241758,5.559504945054936
S2324-G1014,R. Gobert,3,11.886666666666667,11.886666666666722
S2324-G1014,R. Gobert,4,7.475,7.474999999999983
S2324-G1014,S. Merrill,2,26.9875,27.01023127529077
S2324-G1014,S. Merrill,3,0.8,0.8000000000000006
S2324-G1014,S. Merrill,4,0.8666666666666667,0.8666666666666676
S2324-G1014,T. Thompson,1,2.3000000000000003,2.1675999999999984
S2324-G1014,T. Thompson,2,3.1380952380952376,3.1380952380952376
S2324-G1014,T. Thompson,3,5.214285714285714,5.214285714285694
S2324-G1014,T. Thompson,4,5.125,5.125
S2324-G1025,B. Beal,1,9.846666666666666,9.846666666666634
S2324-G1025,B. Beal,2,9.371428571428572,9.371428571428607
S2324-G1025,B. Beal,3,15.15,15.150000000000055
S2324-G1025,B. Beal,4,5.1,5.100000000000014
S2324-G1025,B. Bol,2,10.626666666666667,10.627329864579915
S2324-G1025,B. Bol,4,15.869696969696971,15.871879112554124
S2324-G1025,B. Wesley,2,10.664285714285713,10.66428571428576
S2324-G1025,B. Wesley,4,14.742857142857142,14.758008616383627
S2324-G1025,C. Osman,1,3.2642857142857142,3.264285714285725
S2324-G1025,C. Osman,2,5.199999999999999,5.20000000000002
S2324-G1025,C. Osman,3,8.55,8.54999999999997
S2324-G1025,C. Osman,4,3.1,3.099999999999994
S2324-G1025,D. Barlow,4,11.886666666666667,11.886666666666722
S2324-G1025,D. Booker,1,33.75333333333333,33.74830473570549
S2324-G1025,D. Booker,2,11.799999999999999,11.798696428571425
S2324-G1025,D. Booker,3,44.72888888888889,44.34693608248044
S2324-G1025,D. Eubanks,1,0.8,0.799999999999999
S2324-G1025,D. Eubanks,2,2.933333333333333,2.933399999999996
S2324-G1025,D. Eubanks,3,5.25,5.25
S2324-G1025,D. Eubanks,4,13.94155844155844,13.941681890331877
S2324-G1025,D. Graham,4,20.825,20.8245487734487
S2324-G1025,D. Roddy,4,7.666666666666667,7.666666666666682
S2324-G1025,D. Vassell,1,14.369696969696971,14.369696969696966
S2324-G1025,D. Vassell,2,5.371428571428571,5.371428571428598
S2324-G1025,D. Vassell,3,3.1666666666666665,3.166666666666666
S2324-G1025,E. Gordon,1,3.25,3.25
S2324-G1025,E. Gordon,2,16.736363636363638,16.73175719696963
S2324-G1025,E. Gordon,3,6.166666666666667,6.166666666666664
S2324-G1025,E. Gordon,4,3.1,3.100000000000011
S2324-G1025,G. Allen,1,14.095238095238095,14.095380952380935
S2324-G1025,G. Allen,2,5.25,5.25
S2324-G1025,G. Allen,3,5.166666666666667,5.1666666666666465
S2324-G1025,J. Champagnie,1,3.1666666666666665,3.166666666666666
S2324-G1025,J. Champagnie,2,7.55,7.549999999999972
S2324-G1025,J. Champagnie,3,0.9272727272727272,0.9422489177489176
S2324-G1025,J. Champagnie,4,5.300000000000001,5.29999999999998
S2324-G1025,J. Nurkic,1,7.586666666666667,7.586666666666649
S2324-G1025,J. Nurkic,2,9.933333333333334,9.9334155844156
S2324-G1025,J. Nurkic,3,7.668181818181818,7.67247613775115
S2324-G1025,J. Okogie,4,5.475,5.47500000000001
S2324-G1025,J. Sochan,1,9.7,9.700000000000031
S2324-G1025,J. Sochan,2,3.2142857142857144,3.2142857142857086
S2324-G1025,J. Sochan,3,12.886666666666667,12.886666666666724
S2324-G1025,K. Durant,1,18.49,18.49006227400042
S2324-G1025,K. Durant,2,28.073333333333334,28.073153337593798
S2324-G1025,K. Durant,3,18.2,18.19986551226545
S2324-G1025,K. Johnson,1,5.475,5.47500000000001
S2324-G1025,K. Johnson,2,12.833333333333332,12.83333333333334
S2324-G1025,K. Johnson,3,19.2,19.19940681818175
S2324-G1025,K. Johnson,4,5.7,5.700500000000021
S2324-G1025,M. Branham,1,7.4,7.400000000000017
S2324-G1025,M. Branham,2,12.1,12.100461538461493
S2324-G1025,M. Branham,3,3.1666666666666665,3.166666666666666
S2324-G1025,M. Branham,4,6.071428571428571,6.071428571428578
S2324-G1025,N. Little,4,7.466666666666667,7.466666666666693
S2324-G1025,R. O'Neale,1,5.5,5.5
S2324-G1025,R. O'Neale,2,0.8666666666666667,0.8666666666666675
S2324-G1025,R. O'Neale,3,3.35,3.350694444444457
S2324-G1025,R. O'Neale,4,11.82,11.82008003663004
S2324-G1025,S. Mamukelashvili,4,28.125,28.127342279942276
S2324-G1025,T. Jones,1,5.105555555555555,5.105555555555583
S2324-G1025,T. Jones,2,9.55,9.549999999999969
S2324-G1025,T. Jones,3,9.514285714285714,9.51428571428573
S2324-G1025,T. Young,4,14.22857142857143,14.228428571428559
S2324-G1025,V. Wembanyama,1,16.3025641025641,16.307407905982924
S2324-G1025,V. Wembanyama,2,10.6,10.60004761904758
S2324-G1025,V. Wembanyama,3,5.25,5.25
S2324-G1025,Z. Collins,1,10.964285714285714,10.964285714285738
S2324-G1025,Z. Collins,2,12.766666666666666,12.766666666666698
S2324-G1025,Z. Collins,3,2.2666666666666666,2.2666666666666635
S2324-G1025,Z. Collins,4,9.933333333333334,9.933456709956726
S2324-G1036,B. Brown,1,3.1,3.0999999999999948
S2324-G1036,B. Brown,2,9.805555555555555,9.807676587301629
S2324-G1036,B. Brown,3,14.814285714285713,14.814396825396802
S2324-G1036,B. Brown,4,1.8045454545454547,1.873509235209233
S2324-G1036,D. Finney-Smith,1,14.799999999999999,14.800000000000034
S2324-G1036,D. Finney-Smith,2,3.1666666666666665,3.166666666666666
S2324-G1036,D. Finney-Smith,3,7.475,7.474999999999983
S2324-G1036,D. Finney-Smith,4,2.8400000000000003,2.841581035631029
S2324-G1036,D. Schroder,1,9.775,9.775000000000036
S2324-G1036,D. Schroder,2,19.436507936507937,19.4350107970461
S2324-G1036,D. Schroder,3,13.866666666666665,13.86666666666666
S2324-G1036,D. Schroder,4,14.155844155844155,14.155844155844113
S2324-G1036,D. Sharpe,1,14.31,14.307980402930363
S2324-G1036,D. Sharpe,3,5.175,5.174999999999982
S2324-G1036,G. Dick,1,14.213675213675213,14.21256111111115
S2324-G1036,G. Dick,2,5.4,5.400199999999989
S2324-G1036,G. Dick,3,12.133333333333333,12.133349206349228
S2324-G1036,G. Dick,4,5.1,5.100000000000014
S2324-G1036,G. Temple,1,0.8666666666666667,0.866666666666669
S2324-G1036,G. Temple,2,5.071428571428571,5.0714285714285605
S2324-G1036,G. Temple,3,0.95,0.9499999999999976
S2324-G1036,G. Temple,4,3.2,3.2000000000000095
S2324-G1036,G. Trent Jr.,1,15.075,15.074999999999964
S2324-G1036,G. Trent Jr.,2,20.511111111111113,20.51102349784712
S2324-G1036,G. Trent Jr.,3,16.36969696969697,16.36958484848486
S2324-G1036,G. Trent Jr.,4,8.877777777777778,8.916778263729727
S2324-G1036,J. Freeman-Liberty,1,7.475,7.474999999999983
S2324-G1036,J. Freeman-Liberty,2,11.864285714285714,11.86428571428571
S2324-G1036,J. Freeman-Liberty,3,14.106666666666666,14.106666666666609
S2324-G1036,J. Freeman-Liberty,4,12.75,12.75023538961039
S2324-G1036,J. Gilyard,1,3.233333333333333,3.233333333333346
S2324-G1036,J. Gilyard,4,3.1666666666666665,3.166666666666666
S2324-G1036,J. Nwora,1,4.397142857142857,4.381349386724386
S2324-G1036,J. Nwora,2,7.475,7.474999999999983
S2324-G1036,J. Nwora,3,5.35,5.350000000000011
S2324-G1036,J. Nwora,4,7.733333333333333,7.735951825951836
S2324-G1036,J. Wilson,1,6.166666666666667,6.166666666666664
S2324-G1036,J. Wilson,2,10.806666666666667,10.80666666666664
S2324-G1036,J. Wilson,3,11.803030303030303,11.803030303030297
S2324-G1036,J. Wilson,4,9.864285714285714,9.864285714285689
S2324-G1036,K. Olynyk,1,9.977777777777778,9.977777777777819
S2324-G1036,K. Olynyk,2,3.2,3.2000000000000095
S2324-G1036,K. Olynyk,3,7.527272727272727,7.527272727272708
S2324-G1036,K. Olynyk,4,13.884415584415583,13.88441558441553
S2324-G1036,K. Simmons,1,3.1666666666666665,3.166666666666666
S2324-G1036,K. Simmons,2,12.875,12.875071969696972
S2324-G1036,K. Simmons,3,0.8666666666666667,0.8666666666666685
S2324-G1036,K. Simmons,4,7.564285714285714,7.564285714285693
S2324-G1036,L. Walker IV,1,10.104761904761904,10.10462500000002
S2324-G1036,L. Walker IV,3,5.4,5.39999999999999
S2324-G1036,L. Williams,1,1.2,1.200000000000001
S2324-G1036,M. Bridges,1,17.395238095238096,17.395238095238145
S2324-G1036,M. Bridges,2,3.125,3.125
S2324-G1036,M. Bridges,3,13.155844155844155,13.155986111111071
S2324-G1036,M. Bridges,4,17.395238095238096,17.39566984126989
S2324-G1036,M. Gueye,1,5.25,5.25
S2324-G1036,M. Gueye,2,5.355555555555555,5.355404040404069
S2324-G1036,M. Gueye,4,0.8666666666666667,0.8666666666666683
S2324-G1036,N. Claxton,1,2.003030303030303,1.973364682539682
S2324-G1036,N. Claxton,2,5.166666666666667,5.166666666666648
S2324-G1036,N. Claxton,3,7.6571428571428575,7.657340909090898
S2324-G1036,N. Claxton,4,9.6,9.596977869352841
S2324-G1036,N. Clowney,1,1.0,1.0
S2324-G1036,N. Clowney,2,11.866666666666665,11.86666666666664
S2324-G1036,N. Clowney,3,7.833333333333333,7.826499999999986
S2324-G1036,N. Clowney,4,6.204761904761904,6.204761904761886
S2324-G1036,O. Agbaji,1,18.75824175824176,18.755605154077973
S2324-G1036,O. Agbaji,2,5.166666666666667,5.1666666666666465
S2324-G1036,O. Agbaji,3,8.525,8.525000000000027
S2324-G1036,O. Agbaji,4,7.4,7.400000000000017
S2324-G1036,T. Watford,1,0.8,0.7999999999999986
S2324-G1036,T. Watford,2,25.927272727272726,25.896685389855246
S2324-G1036,T. Watford,3,0.925,0.9250000000000022
S2324-G1036,T. Watford,4,18.209523809523812,18.210616849816883
S2324-G1042,A. Len,1,1.0666666666666667,1.0666666666666644
S2324-G1042,A. Len,2,0.9000000000000001,0.9000000000000038
S2324-G1042,A. Len,3,10.65,10.650177777777817
S2324-G1042,A. Len,4,5.366666666666667,5.366666666666669
S2324-G1042,B. Hield,1,3.25,3.25
S2324-G1042,B. Hield,2,8.6,8.603380952380931
S2324-G1042,B. Hield,3,12.114285714285714,12.114464285714286
S2324-G1042,B. Hield,4,7.383333333333333,7.384011904761933
S2324-G1042,C. Duarte,1,3.0666666666666664,3.0666666666666726
S2324-G1042,C. Duarte,2,10.4,10.492291666666677
S2324-G1042,C. Duarte,3,5.166666666666667,5.1666666666666465
S2324-G1042,C. Payne,1,5.166666666666667,5.1666666666666465
S2324-G1042,C. Payne,2,7.74,7.741059174159181
S2324-G1042,C. Payne,3,8.61111111111111,8.611111111111091
S2324-G1042,C. Payne,4,13.095238095238095,13.095263492063475
S2324-G1042,D. Fox,1,14.212987012987012,14.212987012987012
S2324-G1042,D. Fox,2,14.903030303030302,14.90470244755249
S2324-G1042,D. Fox,3,14.266666666666666,14.26547110389615
S2324-G1042,D. Fox,4,25.0,25.005136239250945
S2324-G1042,D. Mitchell,1,0.8666666666666667,0.8666666666666686
S2324-G1042,D. Mitchell,2,22.477777777777778,22.47233802112917
S2324-G1042,D. Mitchell,3,5.25,5.25
S2324-G1042,D. Mitchell,4,13.86,13.873763630813642
S2324-G1042,D. Sabonis,1,9.65811965811966,9.667670758919458
S2324-G1042,D. Sabonis,2,9.566666666666666,9.566666666666652
S2324-G1042,D. Sabonis,3,6.427272727272728,6.408588888888899
S2324-G1042,D. Sabonis,4,0.825,0.8249999999999992
S2324-G1042,D. Wilson,3,11.55,11.549999999999994
S2324-G1042,D. Wilson,4,14.123809523809523,14.123789262371627
S2324-G1042,H. Barnes,1,7.85,7.849999999999978
S2324-G1042,H. Barnes,2,0.8666666666666667,0.8666666666666683
S2324-G1042,H. Barnes,3,6.614285714285715,6.624931385281385
S2324-G1042,H. Barnes,4,12.725,12.724999999999952
S2324-G1042,J. McGee,4,3.1666666666666665,3.166666666666666
S2324-G1042,J. Slawson,4,0.8666666666666667,0.866666666666669
S2324-G1042,K. Edwards,4,3.25,3.25
S2324-G1042,K. Ellis,1,7.564285714285714,7.564285714285693
S2324-G1042,K. Ellis,2,8.475,8.474999999999973
S2324-G1042,K. Ellis,3,3.25,3.25
S2324-G1042,K. Ellis,4,0.8,0.7999999999999987
S2324-G1042,K. Lowry,1,3.1666666666666665,3.166666666666666
S2324-G1042,K. Lowry,2,0.825,0.8249999999999992
S2324-G1042,K. Lowry,3,8.5,8.5
S2324-G1042,K. Lowry,4,3.2,3.2000000000000095
S2324-G1042,K. Martin,1,3.2555555555555555,3.2381085858585847
S2324-G1042,K. Martin,2,0.9000000000000001,0.9000000000000038
S2324-G1042,K. Martin,3,7.614285714285715,7.614285714285704
S2324-G1042,K. Martin,4,9.775,9.775000000000036
S2324-G1042,K. Murray,1,36.43636363636363,36.45153604565369
S2324-G1042,K. Murray,2,12.15,12.12951190476192
S2324-G1042,K. Murray,3,14.486666666666666,14.486936038961048
S2324-G1042,K. Murray,4,9.74,9.740000000000007
S2324-G1042,M. Bamba,1,1.0,1.0
S2324-G1042,M. Bamba,2,8.246666666666666,8.246875030525032
S2324-G1042,M. Bamba,3,5.677777777777778,5.67784603174604
S2324-G1042,M. Monk,1,7.466666666666667,7.466666666666693
S2324-G1042,M. Monk,2,13.133333333333333,13.13022571872573
S2324-G1042,M. Monk,3,14.19,14.190000000000044
S2324-G1042,M. Monk,4,5.175,5.174999999999982
S2324-G1042,N. Batum,1,0.8,0.7999999999999986
S2324-G1042,N. Batum,2,5.475,5.47500000000001
S2324-G1042,N. Batum,3,3.1,3.0999999999999943
S2324-G1042,P. Reed,1,7.475,7.474999999999983
S2324-G1042,P. Reed,2,11.957142857142857,11.957363636363647
S2324-G1042,P. Reed,3,2.903030303030303,2.90142300199799
S2324-G1042,P. Reed,4,1.0,1.0
S2324-G1042,R. Council IV,1,3.1666666666666665,3.166666666666666
S2324-G1042,R. Council IV,4,20.2987012987013,20.298194433344484
S2324-G1042,T. Harris,1,12.343956043956043,12.359432683982691
S2324-G1042,T. Harris,2,16.242307692307694,16.233311105071433
S2324-G1042,T. Harris,3,12.175,12.176847619047619
S2324-G1042,T. Harris,4,9.425,9.424999999999969
S2324-G1042,T. Maxey,1,47.25757575757576,47.270005944296365
S2324-G1042,T. Maxey,2,10.629999999999999,10.630000000000054
S2324-G1042,T. Maxey,3,5.514285714285714,5.51428571428573
S2324-G1042,T. Maxey,4,6.264285714285714,6.264285714285729
S2324-G1049,A. Black,1,3.1666666666666665,3.166666666666666
S2324-G1049,A. Black,2,3.4000000000000004,3.3999999999999875
S2324-G1049,A. Black,3,8.664285714285715,8.663752380952424
S2324-G1049,A. Black,4,6.1,6.099999999999995
S2324-G1049,A. Wiggins,1,12.846666666666666,12.846780952380955
S2324-G1049,A. Wiggins,2,14.285454545454545,14.306351792651826
S2324-G1049,A. Wiggins,3,6.236363636363636,6.235220238095248
S2324-G1049,A. Wiggins,4,32.330769230769235,32.35732209112698
S2324-G1049,B. Podziemski,1,16.293181818181818,16.292247113997156
S2324-G1049,B. Podziemski,2,3.2285714285714286,3.222767857142859
S2324-G1049,B. Podziemski,3,10.025454545454545,10.02919363969362
S2324-G1049,B. Podziemski,4,3.1,3.0999999999999943
S2324-G1049,C. Anthony,1,5.4,5.39999999999999
S2324-G1049,C. Anthony,2,18.05,18.054742260517276
S2324-G1049,C. Anthony,3,21.526666666666667,21.5285452047952
S2324-G1049,C. Anthony,4,23.736507936507937,23.735533670006568
S2324-G1049,C. Paul,1,3.25,3.25
S2324-G1049,C. Paul,2,7.371428571428571,7.371428571428604
S2324-G1049,C. Paul,3,6.5055555555555555,6.508130602730597
S2324-G1049,C. Paul,4,0.8666666666666667,0.8666666666666686
S2324-G1049,D. Green,1,3.45,3.4175055555555565
S2324-G1049,F. Wagner,1,7.55,7.549999999999972
S2324-G1049,F. Wagner,2,18.736507936507937,18.74256411268473
S2324-G1049,F. Wagner,3,9.877777777777778,9.87777777777775
S2324-G1049,F. Wagner,4,13.705555555555556,13.70678622313362
S2324-G1049,G. Payton II,2,13.766666666666666,13.76666666666671
S2324-G1049,G. Payton II,3,0.8666666666666667,0.8666666666666663
S2324-G1049,G. Payton II,4,9.425,9.424999999999969
S2324-G1049,G. Santos,2,3.1,3.0999999999999948
S2324-G1049,G. Santos,3,6.166666666666667,6.166666666666664
S2324-G1049,J. Ingles,2,0.8666666666666667,0.8666666666666686
S2324-G1049,J. Ingles,3,3.1666666666666665,3.166666666666666
S2324-G1049,J. Ingles,4,7.564285714285714,7.564285714285693
S2324-G1049,J. Isaac,1,6.714285714285714,6.668353282828301
S2324-G1049,J. Isaac,2,11.571428571428571,11.560380952380957
S2324-G1049,J. Isaac,3,5.214285714285714,5.214285714285694
S2324-G1049,J. Isaac,4,0.7714285714285714,0.7714285714285721
S2324-G1049,J. Suggs,1,8.855555555555556,8.847963159063172
S2324-G1049,J. Suggs,2,3.1333333333333333,3.133333333333328
S2324-G1049,J. Suggs,3,5.564285714285714,5.564285714285695
S2324-G1049,J. Suggs,4,6.166666666666667,6.166666666666664
S2324-G1049,K. Looney,1,0.9333333333333332,0.9333333333333352
S2324-G1049,K. Looney,2,5.199999999999999,5.20000000000002
S2324-G1049,K. Looney,3,0.8666666666666667,0.8666666666666681
S2324-G1049,K. Looney,4,5.300000000000001,5.29999999999998
S2324-G1049,K. Thompson,1,19.349999999999998,19.367357092907067
S2324-G1049,K. Thompson,2,5.4,5.399772727272717
S2324-G1049,K. Thompson,3,12.715384615384615,12.732092032967024
S2324-G1049,K. Thompson,4,10.655555555555555,10.655555555555564
S2324-G1049,M. Fultz,1,9.911111111111111,9.910416666666643
S2324-G1049,M. Fultz,2,3.3666666666666667,3.366666666666674
S2324-G1049,M. Fultz,3,5.166666666666667,5.1666666666666465
S2324-G1049,M. Moody,1,12.905555555555555,12.905498304473312
S2324-G1049,M. Moody,2,3.1666666666666665,3.166666666666666
S2324-G1049,M. Moody,3,15.072527472527472,15.072613095238074
S2324-G1049,M. Moody,4,5.25,5.25
S2324-G1049,M. Wagner,2,3.2066666666666666,3.2066666666666697
S2324-G1049,M. Wagner,3,13.85,13.84999999999995
S2324-G1049,M. Wagner,4,3.1666666666666665,3.166666666666666
S2324-G1049,P. Banchero,1,22.202564102564104,22.190495043845075
S2324-G1049,P. Banchero,2,16.392307692307693,16.39568239628024
S2324-G1049,P. Banchero,3,7.611111111111111,7.61111111111109
S2324-G1049,P. Banchero,4,11.866666666666665,11.86666666666664
S2324-G1049,S. Curry,1,7.725454545454545,7.72712579642581
S2324-G1049,S. Curry,2,20.812987012987012,20.815869264069207
S2324-G1049,S. Curry,3,18.392307692307693,18.39233066239323
S2324-G1049,S. Curry,4,15.08,15.079709829059793
S2324-G1049,T. Jackson-Davis,1,11.884415584415583,11.88441558441556
S2324-G1049,T. Jackson-Davis,2,5.5,5.5
S2324-G1049,T. Jackson-Davis,3,11.775,11.785006776556779
S2324-G1049,T. Jackson-Davis,4,0.8,0.8000000000000006
S2324-G1049,W. Carter Jr.,1,5.633333333333334,5.631219025419029
S2324-G1049,W. Carter Jr.,2,11.93,11.929999999999996
S2324-G1049,W. Carter Jr.,3,8.59,8.589999999999973
S2324-G1050,A. Gill,1,0.8666666666666667,0.8666666666666686
S2324-G1050,A. Gill,3,12.846666666666666,12.846657142857145
S2324-G1050,A. Gill,4,3.3333333333333335,3.3333333333333366
S2324-G1050,A. Gill,5,0.838095238095238,0.8380952380952358
S2324-G1050,C. Kispert,1,12.85,12.849999999999952
S2324-G1050,C. Kispert,2,14.042857142857143,14.044170804685473
S2324-G1050,C. Kispert,3,19.755844155844155,19.756154220779152
S2324-G1050,C. Kispert,4,3.1666666666666665,3.166666666666666
S2324-G1050,C. Kispert,5,4.35,4.350000000000015
S2324-G1050,C. Thomas,1,38.66042780748663,38.68616104016374
S2324-G1050,C. Thomas,2,19.54155844155844,19.541938233988322
S2324-G1050,C. Thomas,3,18.466666666666665,18.466475000000024
S2324-G1050,C. Thomas,4,16.372527472527473,16.366031288156307
S2324-G1050,C. Thomas,5,12.033333333333335,12.040011291486273
S2324-G1050,D. Avdija,1,17.245714285714286,17.243720033561193
S2324-G1050,D. Avdija,2,8.326666666666666,8.329906884781868
S2324-G1050,D. Avdija,3,12.926666666666666,12.927256043956074
S2324-G1050,D. Avdija,4,5.666666666666667,5.666666666666661
S2324-G1050,D. Avdija,5,0.838095238095238,0.8380952380952358
S2324-G1050,D. Finney-Smith,1,9.914285714285713,9.914285714285766
S2324-G1050,D. Finney-Smith,2,9.89,9.890000000000041
S2324-G1050,D. Finney-Smith,3,3.1,3.0999999999999948
S2324-G1050,D. Finney-Smith,4,3.2142857142857144,3.2142857142857086
S2324-G1050,D. Finney-Smith,5,3.5,3.495166666666668
S2324-G1050,D. Schroder,1,16.392307692307693,16.39682433073468
S2324-G1050,D. Schroder,2,10.4,10.399916666666705
S2324-G1050,D. Schroder,3,23.033333333333335,23.06645083772438
S2324-G1050,D. Schroder,4,14.175,14.175752164502187
S2324-G1050,D. Schroder,5,5.766666666666667,5.710666666666669
S2324-G1050,D. Sharpe,1,5.1,5.100000000000014
S2324-G1050,D. Sharpe,2,4.3,4.301599999999986
S2324-G1050,D. Sharpe,3,8.423809523809524,8.378314094239096
S2324-G1050,D. Sharpe,4,0.8666666666666667,0.8666666666666687
S2324-G1050,J. Butler,1,0.95,0.9499999999999977
S2324-G1050,J. Butler,2,3.14,3.139999999999989
S2324-G1050,J. Butler,3,3.3666666666666667,3.366666666666674
S2324-G1050,J. Butler,4,0.8,0.799999999999998
S2324-G1050,J. Davis,1,5.166666666666667,5.1666666666666465
S2324-G1050,J. Davis,3,3.2,3.2000000000000095
S2324-G1050,J. Davis,4,3.1,3.0999999999999943
S2324-G1050,J. Gilyard,3,0.8666666666666667,0.8666666666666686
S2324-G1050,J. Gilyard,4,0.8666666666666667,0.8666666666666675
S2324-G1050,J. Poole,1,22.68888888888889,22.69063957648388
S2324-G1050,J. Poole,2,7.564285714285714,7.564285714285693
S2324-G1050,J. Poole,3,26.78095238095238,26.788311477656283
S2324-G1050,J. Poole,4,31.211688311688313,31.19288953570945
S2324-G1050,J. Poole,5,9.733333333333334,9.734055555555567
S2324-G1050,J. Wilson,2,3.2,3.2000000000000095
S2324-G1050,J. Wilson,4,5.2,5.20000000000002
S2324-G1050,K. Kuzma,1,21.423809523809524,21.423839743589834
S2324-G1050,K. Kuzma,2,3.1666666666666665,3.166666666666666
S2324-G1050,K. Kuzma,3,18.436363636363637,18.441093173493172
S2324-G1050,K. Kuzma,4,17.257142857142856,17.257295382395313
S2324-G1050,K. Kuzma,5,12.166666666666666,12.179850396825397
S2324-G1050,M. Bagley III,1,5.166666666666667,5.1666666666666465
S2324-G1050,M. Bagley III,2,20.2,20.1971846303206
S2324-G1050,M. Bagley III,3,11.833333333333332,11.833333333333329
S2324-G1050,M. Bagley III,4,3.2,3.2000000000000095
S2324-G1050,M. Bagley III,5,5.383333333333333,5.383333333333331
S2324-G1050,M. Bridges,1,8.514285714285714,8.514285714285732
S2324-G1050,M. Bridges,2,16.136507936507936,16.136174603174556
S2324-G1050,M. Bridges,3,8.4,8.400000000000027
S2324-G1050,M. Bridges,4,21.692857142857143,21.685079012653986
S2324-G1050,M. Bridges,5,5.55,5.549999999999978
S2324-G1050,N. Claxton,1,3.2142857142857144,3.2142857142857086
S2324-G1050,N. Claxton,2,21.547619047619047,21.539103133751397
S2324-G1050,N. Claxton,3,9.62857142857143,9.628649350649315
S2324-G1050,N. Claxton,4,3.125,3.125
S2324-G1050,N. Claxton,5,9.737142857142857,9.736923809523782
S2324-G1050,N. Clowney,1,4.271428571428571,4.270590079365083
S2324-G1050,N. Clowney,2,5.504761904761905,5.504761904761916
S2324-G1050,N. Clowney,3,3.175,3.1749999999999985
S2324-G1050,P. Baldwin Jr.,2,3.1,3.0999999999999948
S2324-G1050,R. Holmes,1,0.9333333333333332,0.9333333333333365
S2324-G1050,R. Holmes,2,3.233333333333333,3.233333333333346
S2324-G1050,T. Vukcevic,2,5.677777777777778,5.677504761904771
S2324-G1050,T. Watford,1,7.5,7.5
S2324-G1050,T. Watford,2,0.8666666666666667,0.8666666666666675
S2324-G1050,T. Watford,3,14.85,14.850042016806672
S2324-G1050,T. Watford,4,8.425454545454546,8.42575555555557
S2324-G1055,A. Reaves,1,6.175,6.174999999999978
S2324-G1055,A. Reaves,2,14.314285714285713,14.323626329226327
S2324-G1055,A. Reaves,3,7.804761904761905,7.804761904761944
S2324-G1055,A. Reaves,4,16.080000000000002,16.079771428571384
S2324-G1055,B. Clarke,1,11.775,11.775000000000043
S2324-G1055,B. Clarke,2,3.1666666666666665,3.166666666666666
S2324-G1055,B. Clarke,3,7.514285714285714,7.514285714285733
S2324-G1055,B. Clarke,4,3.1666666666666665,3.166666666666666
S2324-G1055,C. Reddish,1,3.1666666666666665,3.166666666666666
S2324-G1055,C. Reddish,2,3.1666666666666665,3.166666666666666
S2324-G1055,D. Bane,1,23.433333333333334,23.4328876618308
S2324-G1055,D. Bane,2,5.628571428571428,5.628539682539656
S2324-G1055,D. Bane,3,30.033333333333335,30.046634842346403
S2324-G1055,D. Bane,4,9.685454545454546,9.694047052947067
S2324-G1055,D. Jarreau,1,5.1,5.100000000000014
S2324-G1055,D. Jarreau,2,13.914285714285713,13.913968975468983
S2324-G1055,D. Russell,1,17.395238095238096,17.395238095238145
S2324-G1055,D. Russell,2,15.133333333333333,15.133333333333328
S2324-G1055,D. Russell,3,28.185714285714283,28.177693153660012
S2324-G1055,D. Russell,4,2.925,2.9251159673659686
S2324-G1055,G. Jackson II,1,5.59,5.5900000000000025
S2324-G1055,G. Jackson II,2,0.7714285714285714,0.7714285714285721
S2324-G1055,G. Jackson II,3,17.50952380952381,17.512184160284146
S2324-G1055,G. Jackson II,4,10.438095238095238,10.438095238095231
S2324-G1055,H. Giles III,1,3.35,3.350000000000013
S2324-G1055,H. Giles III,2,3.1,3.099999999999994
S2324-G1055,H. Giles III,4,3.1666666666666665,3.166666666666666
S2324-G1055,J. Hayes,1,15.8275,15.832953151260519
S2324-G1055,J. Hayes,2,5.233333333333333,5.233333333333346
S2324-G1055,J. Hayes,3,3.2272727272727275,3.227558441558453
S2324-G1055,J. Hayes,4,9.506666666666666,9.506666666666662
S2324-G1055,J. Jackson Jr.,1,8.516666666666667,8.51592848401597
S2324-G1055,J. Jackson Jr.,2,19.53,19.529527092352172
S2324-G1055,J. Jackson Jr.,3,7.8933333333333335,7.877114757464755
S2324-G1055,J. Jackson Jr.,4,21.825,21.80687340349706
S2324-G1055,J. LaRavia,1,8.504761904761905,8.505095238095222
S2324-G1055,J. LaRavia,2,3.2,3.2000000000000095
S2324-G1055,J. LaRavia,3,18.244444444444444,18.246617941535625
S2324-G1055,J. LaRavia,4,31.042245989304813,31.03557535307841
S2324-G1055,L. James,1,13.94155844155844,13.941725649350635
S2324-G1055,L. James,2,14.933333333333334,14.931336471861492
S2324-G1055,L. James,3,10.892307692307691,10.89133390220894
S2324-G1055,L. James,4,19.624786324786324,19.616792560217576
S2324-G1055,L. Stevens,2,30.717307692307692,30.725965439136015
S2324-G1055,L. Stevens,3,5.166666666666667,5.1666666666666465
S2324-G1055,L. Stevens,4,7.766666666666667,7.766666666666656
S2324-G1055,M. Christie,2,0.8666666666666667,0.8666666666666686
S2324-G1055,M. Christie,4,5.166666666666667,5.1666666666666465
S2324-G1055,M. Pereira,4,9.600000000000001,9.599999999999966
S2324-G1055,R. Hachimura,1,13.944444444444445,13.944444444444384
S2324-G1055,R. Hachimura,2,22.433333333333334,22.43326904712938
S2324-G1055,R. Hachimura,3,20.15824175824176,20.15356940386752
S2324-G1055,R. Hachimura,4,11.546666666666665,11.54659999999997
S2324-G1055,S. Aldama,1,18.417307692307695,18.41703557692302
S2324-G1055,S. Aldama,2,0.7714285714285714,0.7714285714285721
S2324-G1055,S. Aldama,3,0.8,0.7999999999999997
S2324-G1055,S. Aldama,4,3.1,3.0999999999999943
S2324-G1055,S. Dinwiddie,1,15.9,15.882004914693173
S2324-G1055,S. Dinwiddie,2,3.25,3.25
S2324-G1055,S. Dinwiddie,3,8.59,8.589999999999973
S2324-G1055,S. Dinwiddie,4,6.195238095238095,6.195036156000846
S2324-G1055,S. Pippen Jr.,1,24.036507936507938,24.023625604950563
S2324-G1055,S. Pippen Jr.,2,8.564285714285713,8.565174603174581
S2324-G1055,S. Pippen Jr.,3,1.9714285714285713,1.9713714285714317
S2324-G1055,S. Pippen Jr.,4,0.8363636363636364,0.8363636363636404
S2324-G1055,T. Prince,1,2.0,2.0
S2324-G1055,T. Prince,2,7.175,7.174999999999974
S2324-G1055,T. Prince,3,13.705555555555556,13.706243610191006
S2324-G1055,T. Prince,4,7.314285714285714,7.314285714285694
S2324-G1056,A. Edwards,1,19.723809523809525,19.72088070679316
S2324-G1056,A. Edwards,2,5.4,5.39999999999999
S2324-G1056,A. Edwards,3,11.926666666666666,11.927666666666694
S2324-G1056,B. Boeheim,4,5.65,5.649999999999994
S2324-G1056,C. Cunningham,1,31.391452991452994,31.3991156581293
S2324-G1056,C. Cunningham,2,15.57,15.573775901875926
S2324-G1056,C. Cunningham,3,27.145714285714284,27.147384447509857
S2324-G1056,C. Cunningham,4,14.914285714285713,14.91293574481075
S2324-G1056,C. Metu,1,3.233333333333333,3.233333333333346
S2324-G1056,C. Metu,2,5.575,5.574973484848506
S2324-G1056,C. Metu,3,12.977777777777778,12.978993795093794
S2324-G1056,C. Metu,4,8.514285714285714,8.513952423393613
S2324-G1056,E. Fournier,1,3.1666666666666665,3.166666666666666
S2324-G1056,E. Fournier,2,3.1666666666666665,3.166666666666666
S2324-G1056,E. Fournier,3,7.975,7.970636904761899
S2324-G1056,E. Fournier,4,3.1666666666666665,3.166666666666666
S2324-G1056,J. Duren,1,10.629999999999999,10.630004487179542
S2324-G1056,J. Duren,2,9.67,9.669901298701324
S2324-G1056,J. Duren,3,3.385714285714286,3.3731632756132774
S2324-G1056,J. Duren,4,5.166666666666667,5.1666666666666465
S2324-G1056,J. McDaniels,1,20.45,20.450124999999925
S2324-G1056,J. McDaniels,2,7.533333333333334,7.533333333333316
S2324-G1056,J. McDaniels,3,15.133333333333333,15.133333333333328
S2324-G1056,J. McDaniels,4,12.964285714285714,12.96390216450218
S2324-G1056,J. McLaughlin,2,3.1,3.0999999999999948
S2324-G1056,J. McLaughlin,4,15.74,15.738081593406525
S2324-G1056,J. Minott,4,0.8666666666666667,0.8666666666666677
S2324-G1056,J. Rhoden,4,3.25,3.25
S2324-G1056,J. Wiseman,1,8.799999999999999,8.8103357142857
S2324-G1056,J. Wiseman,2,7.6000000000000005,7.599999999999982
S2324-G1056,J. Wiseman,3,2.8,2.8000000000000034
S2324-G1056,J. Wiseman,4,4.9714285714285715,4.938349025974027
S2324-G1056,K. Anderson,2,8.714285714285714,8.713011688311703
S2324-G1056,K. Anderson,3,19.173333333333336,19.176265212075467
S2324-G1056,K. Anderson,4,7.425,7.424999999999971
S2324-G1056,L. Garza,4,7.65,7.650000000000019
S2324-G1056,L. Miller,4,0.8666666666666667,0.866666666666669
S2324-G1056,M. Conley,1,7.233333333333333,7.233333333333344
S2324-G1056,M. Conley,2,7.806666666666667,7.806666666666633
S2324-G1056,M. Conley,3,7.666666666666667,7.664333333333347
S2324-G1056,M. Conley,4,8.475,8.474999999999973
S2324-G1056,M. Flynn,1,5.166666666666667,5.1666666666666465
S2324-G1056,M. Flynn,2,12.966666666666667,12.96844801587303
S2324-G1056,M. Flynn,3,3.3333333333333335,3.3333333333333366
S2324-G1056,M. Flynn,4,17.123809523809523,17.123797619047636
S2324-G1056,M. Morris,1,4.204761904761905,4.204380952380938
S2324-G1056,M. Morris,3,3.3333333333333335,3.3333333333333366
S2324-G1056,M. Morris,4,0.8,0.7999999999999983
S2324-G1056,M. Sasser,1,5.546666666666667,5.546666666666649
S2324-G1056,M. Sasser,2,10.814285714285713,10.814285714285694
S2324-G1056,M. Sasser,3,9.6,9.599999999999966
S2324-G1056,M. Sasser,4,10.226666666666667,10.228876190476205
S2324-G1056,N. Alexander-Walker,1,0.8666666666666667,0.866666666666669
S2324-G1056,N. Alexander-Walker,2,10.705555555555556,10.705553418803404
S2324-G1056,N. Alexander-Walker,3,10.65,10.650138888888927
S2324-G1056,N. Alexander-Walker,4,13.04,13.039924999999974
S2324-G1056,N. Reid,1,27.036507936507938,27.036678004348634
S2324-G1056,N. Reid,2,17.46,17.47713919413919
S2324-G1056,N. Reid,3,16.417857142857144,16.412787444499916
S2324-G1056,N. Reid,4,5.314285714285714,5.314285714285695
S2324-G1056,R. Gobert,1,5.309523809523809,5.309667823842822
S2324-G1056,R. Gobert,2,9.6,9.596960012209985
S2324-G1056,R. Gobert,3,5.2,5.20000000000002
S2324-G1056,R. Gobert,4,6.195238095238095,6.194977014651996
S2324-G1056,S. Smith,1,1.2,1.200000000000001
S2324-G1056,T. Brown Jr.,1,3.3,3.2999999999999967
S2324-G1056,T. Brown Jr.,2,13.177777777777779,13.178299145299151
S2324-G1056,T. Brown Jr.,3,0.8666666666666667,0.866666666666668
S2324-G1056,T. Brown Jr.,4,9.766666666666666,9.766666666666653
S2324-G1056,T. Evbuomwan,1,6.264285714285714,6.264285714285729
S2324-G1056,T. Evbuomwan,2,0.8666666666666667,0.8666666666666686
S2324-G1056,T. Evbuomwan,3,5.514285714285714,5.51428571428573
S2324-G1056,T. Warren,2,0.8,0.7999999999999986
S2324-G1056,T. Warren,4,0.8666666666666667,0.8666666666666677
S2324-G1056,W. Moore Jr.,4,3.1666666666666665,3.166666666666666
S2324-G1062,A. Bailey,4,3.1666666666666665,3.166666666666666
S2324-G1062,A. Pokusevski,1,8.825,8.825734595959624
S2324-G1062,A. Pokusevski,2,3.2,3.2000000000000095
S2324-G1062,A. Pokusevski,3,12.85,12.849999999999952
S2324-G1062,A. Pokusevski,4,3.3666666666666667,3.366666666666674
S2324-G1062,A. Wiggins,1,17.466666666666665,17.46666666666669
S2324-G1062,A. Wiggins,2,11.867307692307692,11.867432692307755
S2324-G1062,A. Wiggins,3,14.94155844155844,14.94042659007657
S2324-G1062,A. Wiggins,4,18.752380952380953,18.74587361527358
S2324-G1062,B. McGowens,4,5.45,5.450000000000021
S2324-G1062,B. Miller,1,10.146666666666667,10.146866666666705
S2324-G1062,B. Miller,2,17.349999999999998,17.348992157842112
S2324-G1062,B. Miller,3,17.475,17.475078940667114
S2324-G1062,B. Miller,4,5.071428571428571,5.0714285714285605
S2324-G1062,B. Podziemski,1,7.814285714285714,7.814285714285693
S2324-G1062,B. Podziemski,2,5.214285714285714,5.214285714285694
S2324-G1062,B. Podziemski,3,0.8666666666666667,0.8666666666666686
S2324-G1062,B. Podziemski,4,5.136363636363637,5.136455891330883
S2324-G1062,C. Paul,1,0.95,0.9499999999999976
S2324-G1062,C. Paul,2,8.575,8.57500000000003
S2324-G1062,C. Paul,3,9.575,9.575000000000031
S2324-G1062,C. Paul,4,9.425,9.424999999999969
S2324-G1062,D. Bertans,1,6.166666666666667,6.166666666666664
S2324-G1062,D. Bertans,2,23.41111111111111,23.412386366084924
S2324-G1062,D. Bertans,4,5.35,5.352980591630601
S2324-G1062,D. Green,1,11.884415584415583,11.88441558441556
S2324-G1062,D. Green,2,3.1696969696969695,3.169696969696966
S2324-G1062,D. Green,3,5.175,5.174999999999982
S2324-G1062,D. Green,4,7.5777777777777775,7.577777777777782
S2324-G1062,G. Payton II,2,11.806666666666667,11.806666666666658
S2324-G1062,G. Payton II,3,7.733333333333333,7.733583333333345
S2324-G1062,G. Williams,1,3.233333333333333,3.233333333333346
S2324-G1062,G. Williams,2,11.858333333333334,11.867984628116957
S2324-G1062,G. Williams,3,3.1666666666666665,3.166666666666666
S2324-G1062,G. Williams,4,20.385714285714286,20.382480982351794
S2324-G1062,J. Robinson,4,12.333333333333334,12.332198881673888
S2324-G1062,J. Thor,4,0.8666666666666667,0.866666666666669
S2324-G1062,K. Looney,1,11.664285714285713,11.664314285714319
S2324-G1062,K. Looney,3,7.8,7.800085714285687
S2324-G1062,K. Looney,4,1.0666666666666667,1.0666666666666644
S2324-G1062,L. Quinones,2,5.533333333333334,5.5333333333333234
S2324-G1062,M. Bridges,1,16.095238095238095,16.095238095238077
S2324-G1062,M. Bridges,2,16.233333333333334,16.233333333333263
S2324-G1062,M. Bridges,3,25.169683257918553,25.177077188081107
S2324-G1062,M. Bridges,4,7.475,7.474999999999983
S2324-G1062,M. Moody,1,3.2,3.2000000000000095
S2324-G1062,M. Moody,2,16.166666666666668,16.16687301587298
S2324-G1062,M. Moody,3,7.35,7.349999999999984
S2324-G1062,M. Moody,4,10.475,10.47499999999996
S2324-G1062,N. Richards,1,5.214285714285714,5.214285714285694
S2324-G1062,N. Richards,2,5.166666666666667,5.1666666666666465
S2324-G1062,N. Richards,3,7.566666666666667,7.566666666666664
S2324-G1062,N. Richards,4,13.806666666666667,13.806666666666683
S2324-G1062,N. Smith Jr.,4,3.1666666666666665,3.166666666666666
S2324-G1062,S. Curry,1,12.705555555555556,12.702777777777797
S2324-G1062,S. Curry,2,13.036363636363637,13.036363636363612
S2324-G1062,S. Curry,3,29.075,29.087064605329278
S2324-G1062,S. Curry,4,13.066666666666666,13.06666666666664
S2324-G1062,T. Jackson-Davis,1,16.27,16.270099999999985
S2324-G1062,T. Jackson-Davis,2,5.071428571428571,5.0714285714285605
S2324-G1062,T. Jackson-Davis,3,20.88034188034188,20.866240741203196
S2324-G1062,T. Jackson-Davis,4,9.533333333333333,9.533333333333314
S2324-G1062,T. Mann,1,7.814285714285714,7.814285714285693
S2324-G1062,T. Mann,2,0.825,0.8249999999999992
S2324-G1062,T. Mann,3,13.155844155844155,13.155986111111071
S2324-G1062,T. Mann,4,9.371428571428572,9.369542496392528
S2324-G1062,V. Micic,1,10.405555555555555,10.405555555555564
S2324-G1062,V. Micic,2,3.1666666666666665,3.166666666666666
S2324-G1062,V. Micic,3,10.912987012987012,10.912506493506513
S2324-G1062,V. Micic,4,5.155555555555555,5.155555555555563
S2324-G1064,A. Coffey,1,0.8666666666666667,0.866666666666669
S2324-G1064,A. Coffey,2,10.825,10.824880494505514
S2324-G1064,A. Coffey,3,6.25,6.25
S2324-G1064,A. Coffey,4,0.8666666666666667,0.8666666666666683
S2324-G1064,B. Shaw,2,1.2,1.200000000000001
S2324-G1064,C. Anthony,1,7.514285714285714,7.514285714285733
S2324-G1064,C. Anthony,2,16.06969696969697,16.069696969696935
S2324-G1064,C. Anthony,3,3.1666666666666665,3.166666666666666
S2324-G1064,C. Anthony,4,7.93,7.930000000000008
S2324-G1064,C. Houstan,1,6.1,6.099999999999995
S2324-G1064,C. Houstan,2,6.1,6.099999999999995
S2324-G1064,C. Houstan,3,5.25,5.25
S2324-G1064,C. Houstan,4,3.2,3.2000000000000024
S2324-G1064,F. Wagner,1,9.833333333333332,9.833333333333306
S2324-G1064,F. Wagner,2,9.44,9.440000000000039
S2324-G1064,F. Wagner,3,14.218181818181819,14.22519819624815
S2324-G1064,F. Wagner,4,13.133333333333333,13.133333333333347
S2324-G1064,G. Harris,1,9.514285714285714,9.51428571428573
S2324-G1064,G. Harris,2,1.05,1.0500000000000034
S2324-G1064,G. Harris,3,14.146666666666667,14.146666666666658
S2324-G1064,I. Zubac,1,3.2777777777777777,3.277982905982912
S2324-G1064,I. Zubac,2,16.23,16.230000000000015
S2324-G1064,I. Zubac,3,20.49145299145299,20.491206196581235
S2324-G1064,I. Zubac,4,0.8666666666666667,0.8666666666666678
S2324-G1064,J. Harden,1,12.911111111111111,12.911111111111076
S2324-G1064,J. Harden,2,14.216666666666667,14.2282368992119
S2324-G1064,J. Harden,3,5.5777777777777775,5.577777777777782
S2324-G1064,J. Harden,4,9.885714285714286,9.895715903540923
S2324-G1064,J. Ingles,1,3.1,3.0999999999999948
S2324-G1064,J. Ingles,2,12.705555555555556,12.705250000000019
S2324-G1064,J. Ingles,4,3.1,3.0999999999999956
S2324-G1064,J. Isaac,1,6.275,6.275321969696973
S2324-G1064,J. Isaac,2,0.8666666666666667,0.8666666666666681
S2324-G1064,J. Isaac,4,5.467857142857143,5.462776917526926
S2324-G1064,J. Suggs,1,17.433333333333334,17.4375688078262
S2324-G1064,J. Suggs,2,10.533333333333333,10.533333333333314
S2324-G1064,J. Suggs,3,14.511111111111113,14.504478654841858
S2324-G1064,J. Suggs,4,8.55,8.54999999999997
S2324-G1064,J. Williams,3,1.2,1.200000000000001
S2324-G1064,K. Leonard,1,14.193333333333333,14.19272168387167
S2324-G1064,K. Leonard,2,16.066666666666666,16.066666666666634
S2324-G1064,K. Leonard,3,34.43421052631579,34.43297053893378
S2324-G1064,K. Leonard,4,16.641666666666666,16.605809018759004
S2324-G1064,M. Plumlee,1,0.8,0.7999999999999986
S2324-G1064,M. Plumlee,2,11.875,11.874925000000001
S2324-G1064,M. Plumlee,3,5.166666666666667,5.1666666666666465
S2324-G1064,M. Plumlee,4,7.533333333333334,7.533333333333316
S2324-G1064,M. Wagner,1,3.1666666666666665,3.166666666666666
S2324-G1064,M. Wagner,2,9.733333333333334,9.733666666666679
S2324-G1064,M. Wagner,4,24.927272727272726,24.92579953657452
S2324-G1064,N. Powell,1,11.833333333333332,11.833333333333329
S2324-G1064,N. Powell,2,9.425,9.424999999999969
S2324-G1064,N. Powell,3,7.4,7.400000000000017
S2324-G1064,N. Powell,4,3.125,3.125
S2324-G1064,P. Banchero,1,7.795238095238095,7.795179487179507
S2324-G1064,P. Banchero,2,11.94155844155844,11.941435064935071
S2324-G1064,P. Banchero,3,34.54545454545454,34.50499867498356
S2324-G1064,P. Banchero,4,14.175,14.173640706515734
S2324-G1064,P. George,1,12.106666666666666,12.106666666666616
S2324-G1064,P. George,2,5.506666666666667,5.5066666666666615
S2324-G1064,P. George,3,6.203030303030303,6.202914418914439
S2324-G1064,P. George,4,24.2,24.204443073429854
S2324-G1064,R. Westbrook,1,6.264285714285714,6.264285714285729
S2324-G1064,R. Westbrook,2,7.475,7.474999999999983
S2324-G1064,R. Westbrook,3,5.466666666666667,5.46666666666669
S2324-G1064,R. Westbrook,4,3.2,3.2000000000000024
S2324-G1064,T. Mann,1,12.877777777777778,12.877777777777746
S2324-G1064,T. Mann,2,3.1666666666666665,3.166666666666666
S2324-G1064,T. Mann,3,0.8666666666666667,0.8666666666666683
S2324-G1064,W. Carter Jr.,1,5.59,5.5900000000000025
S2324-G1064,W. Carter Jr.,2,5.175,5.174999999999982
S2324-G1064,W. Carter Jr.,3,0.9000000000000001,0.9000000000000038
S2324-G1067,B. Hield,1,10.944444444444445,10.94477777777773
S2324-G1067,B. Hield,2,0.8666666666666667,0.8666666666666678
S2324-G1067,B. Hield,3,10.514285714285714,10.514285714285725
S2324-G1067,B. Hield,4,5.166666666666667,5.1666666666666465
S2324-G1067,C. Payne,2,5.166666666666667,5.1666666666666465
S2324-G1067,D. Garland,1,17.316666666666666,17.31470858585859
S2324-G1067,D. Garland,2,7.4,7.400000000000017
S2324-G1067,D. Garland,3,3.2066666666666666,3.2066666666666697
S2324-G1067,D. Garland,4,17.095238095238095,17.095197198879532
S2324-G1067,D. Mitchell,1,17.2,17.200035650623832
S2324-G1067,D. Mitchell,2,9.655555555555555,9.65572886002887
S2324-G1067,D. Mitchell,3,8.799999999999999,8.844622186147166
S2324-G1067,D. Mitchell,4,9.7,9.700433311133336
S2324-G1067,E. Mobley,1,0.8750000000000001,0.8776169413919406
S2324-G1067,E. Mobley,2,2.9555555555555557,2.9547545010545035
S2324-G1067,E. Mobley,3,15.836363636363636,15.834750036075063
S2324-G1067,E. Mobley,4,27.17012987012987,27.171937218337263
S2324-G1067,G. Niang,1,7.371428571428571,7.371428571428604
S2324-G1067,G. Niang,2,25.643956043956045,25.674471180865925
S2324-G1067,G. Niang,3,5.1,5.100000000000014
S2324-G1067,G. Niang,4,22.3,22.314371932234476
S2324-G1067,I. Okoro,1,5.466666666666667,5.46666666666669
S2324-G1067,I. Okoro,2,3.3,3.3000238095238057
S2324-G1067,I. Okoro,3,5.1,5.100000000000014
S2324-G1067,I. Okoro,4,0.9,0.9000000000000036
S2324-G1067,J. Allen,1,9.875,9.876756132756134
S2324-G1067,J. Allen,2,14.755555555555555,14.77883114663115
S2324-G1067,J. Allen,3,11.858730158730157,11.86361176046174
S2324-G1067,J. Allen,4,1.1333333333333333,1.178333333333332
S2324-G1067,K. Lowry,1,3.0,3.0
S2324-G1067,K. Lowry,2,8.2,8.20798520923523
S2324-G1067,K. Lowry,3,23.78095238095238,23.780021139807864
S2324-G1067,K. Lowry,4,19.36969696969697,19.36768341658345
S2324-G1067,K. Oubre Jr.,1,14.480952380952381,14.480027763249831
S2324-G1067,K. Oubre Jr.,2,5.666666666666667,5.666666666666661
S2324-G1067,K. Oubre Jr.,3,9.814285714285713,9.814285714285694
S2324-G1067,K. Oubre Jr.,4,3.2,3.1928571428571444
S2324-G1067,M. Bamba,1,0.8666666666666667,0.8666666666666686
S2324-G1067,M. Bamba,2,9.514285714285714,9.51428571428573
S2324-G1067,M. Bamba,3,8.618181818181817,8.642846320346328
S2324-G1067,M. Bamba,4,14.975,14.972342118992076
S2324-G1067,M. Morris Sr.,2,3.105555555555555,3.1055555555555645
S2324-G1067,M. Morris Sr.,4,6.175,6.174999999999978
S2324-G1067,M. Strus,1,12.76969696969697,12.769696969697
S2324-G1067,M. Strus,2,7.503030303030304,7.503030303030301
S2324-G1067,M. Strus,3,18.15,18.150000000000063
S2324-G1067,M. Strus,4,0.8666666666666667,0.8666666666666685
S2324-G1067,N. Batum,1,7.733333333333333,7.733333333333344
S2324-G1067,N. Batum,2,3.125,3.125
S2324-G1067,N. Batum,3,6.25,6.25
S2324-G1067,N. Batum,4,6.2,6.200000000000022
S2324-G1067,P. Reed,1,12.217307692307692,12.20359716345746
S2324-G1067,P. Reed,2,15.639999999999999,15.684514235764233
S2324-G1067,P. Reed,3,3.2466666666666666,3.2466666666666693
S2324-G1067,P. Reed,4,0.8666666666666667,0.8666666666666687
S2324-G1067,R. Council IV,2,7.175,7.174999999999974
S2324-G1067,R. Council IV,4,3.1,3.0999999999999943
S2324-G1067,S. Merrill,1,14.825,14.825046703296671
S2324-G1067,S. Merrill,2,6.125,6.125
S2324-G1067,S. Merrill,3,8.533333333333333,8.533333333333315
S2324-G1067,S. Merrill,4,5.514285714285714,5.51428571428573
S2324-G1067,T. Harris,1,21.42967032967033,21.427563494838555
S2324-G1067,T. Harris,2,19.720000000000002,19.727577909182266
S2324-G1067,T. Harris,3,10.85,10.84999999999996
S2324-G1067,T. Harris,4,11.997142857142858,11.997473809523795
S2324-G1067,T. Maxey,1,24.267857142857142,24.330056330923984
S2324-G1067,T. Maxey,2,10.06969696969697,10.068530303030284
S2324-G1067,T. Maxey,3,26.413675213675216,26.428099880674846
S2324-G1067,T. Maxey,4,18.642857142857142,18.651444842657373
S2324-G1067,T. Thompson,4,3.1666666666666665,3.166666666666666
S2324-G1071,A. Edwards,1,25.33650793650794,25.325492563288933
S2324-G1071,A. Edwards,2,14.186666666666666,14.186771428571392
S2324-G1071,A. Edwards,3,24.7275,24.72644678821781
S2324-G1071,A. Edwards,4,8.245454545454546,8.253428210678202
S2324-G1071,A. Gordon,1,19.3,19.29358351648357
S2324-G1071,A. Gordon,2,6.16969696969697,6.169696969696968
S2324-G1071,A. Gordon,3,7.546666666666667,7.546666666666642
S2324-G1071,A. Gordon,4,5.525,5.524999999999992
S2324-G1071,C. Braun,1,7.55,7.549999999999972
S2324-G1071,C. Braun,2,5.564285714285714,5.564285714285695
S2324-G1071,C. Braun,3,5.5,5.5
S2324-G1071,C. Braun,4,16.29230769230769,16.27858222006752
S2324-G1071,C. Gillespie,1,3.2,3.2000000000000095
S2324-G1071,D. Jordan,2,5.271428571428571,5.271428571428577
S2324-G1071,D. Jordan,4,23.97142857142857,23.942521729659163
S2324-G1071,H. Tyson,4,5.166666666666667,5.1666666666666465
S2324-G1071,J. Holiday,1,0.8666666666666667,0.866666666666669
S2324-G1071,J. Holiday,2,3.25,3.25
S2324-G1071,J. Holiday,3,6.366666666666667,6.366666666666651
S2324-G1071,J. Holiday,4,9.736363636363636,9.736863636363648
S2324-G1071,J. McDaniels,1,16.833333333333332,16.82714617049621
S2324-G1071,J. McDaniels,2,14.15,14.150000000000052
S2324-G1071,J. McDaniels,3,5.204761904761904,5.204761904761888
S2324-G1071,J. McDaniels,4,7.514285714285714,7.514285714285733
S2324-G1071,J. McLaughlin,2,10.46969696969697,10.4698154761905
S2324-G1071,J. McLaughlin,4,0.8,0.7999999999999997
S2324-G1071,J. Minott,4,0.8666666666666667,0.8666666666666677
S2324-G1071,J. Strawther,4,3.1666666666666665,3.166666666666666
S2324-G1071,K. Anderson,1,7.514285714285714,7.514285714285733
S2324-G1071,K. Anderson,2,1.838095238095238,1.8370476190476248
S2324-G1071,K. Anderson,3,3.204761904761905,3.2047619047618925
S2324-G1071,K. Anderson,4,2.8400000000000003,2.8413509490509425
S2324-G1071,K. Caldwell-Pope,1,5.514285714285714,5.51428571428573
S2324-G1071,K. Caldwell-Pope,2,0.8666666666666667,0.8666666666666686
S2324-G1071,K. Caldwell-Pope,3,3.233333333333333,3.233333333333346
S2324-G1071,M. Conley,1,10.55,10.549999999999976
S2324-G1071,M. Conley,2,7.371428571428571,7.371428571428604
S2324-G1071,M. Conley,3,21.244444444444444,21.23967673576421
S2324-G1071,M. Conley,4,15.116666666666667,15.116749315716959
S2324-G1071,M. Morris,1,3.1,3.0999999999999948
S2324-G1071,M. Morris,3,5.25,5.25
S2324-G1071,M. Porter Jr.,1,13.536363636363637,13.522626948051943
S2324-G1071,M. Porter Jr.,2,7.355555555555555,7.355555555555592
S2324-G1071,M. Porter Jr.,3,14.486666666666666,14.486466666666677
S2324-G1071,M. Porter Jr.,4,5.18,5.179999999999978
S2324-G1071,N. Alexander-Walker,2,13.775,13.77500000000005
S2324-G1071,N. Alexander-Walker,3,7.95,7.948871428571454
S2324-G1071,N. Alexander-Walker,4,0.8666666666666667,0.8666666666666665
S2324-G1071,N. Jokic,1,16.392857142857142,16.394741494616554
S2324-G1071,N. Jokic,2,23.099999999999998,23.085231784765796
S2324-G1071,N. Jokic,3,21.693333333333335,21.532909190809143
S2324-G1071,N. Jokic,4,30.247008547008548,30.212907603507645
S2324-G1071,N. Reid,1,11.836363636363636,11.836363636363629
S2324-G1071,N. Reid,2,13.225,13.208928391053384
S2324-G1071,N. Reid,3,12.503030303030304,12.482801634476635
S2324-G1071,N. Reid,4,0.9142857142857144,0.9142857142857117
S2324-G1071,P. Watson,1,3.1,3.100000000000011
S2324-G1071,P. Watson,2,0.8666666666666667,0.8666666666666671
S2324-G1071,P. Watson,3,3.3666666666666667,3.366666666666674
S2324-G1071,R. Gobert,1,17.3,17.29806529581534
S2324-G1071,R. Gobert,2,9.506666666666666,9.506666666666662
S2324-G1071,R. Gobert,3,0.8696969696969696,0.8698653429903456
S2324-G1071,R. Gobert,4,15.73611111111111,15.688022560772573
S2324-G1071,R. Jackson,1,10.833333333333332,10.833445887445867
S2324-G1071,R. Jackson,2,21.080952380952382,21.089317735287622
S2324-G1071,R. Jackson,3,8.225,8.224713095238073
S2324-G1071,R. Jackson,4,10.258119658119657,10.24660804473304
S2324-G1071,W. Moore Jr.,4,0.8666666666666667,0.866666666666669
S2324-G1073,A. Len,1,1.1,1.0999999999999963
S2324-G1073,A. Len,2,3.4000000000000004,3.3999999999999875
S2324-G1073,A. Len,4,0.8666666666666667,0.8666666666666668
S2324-G1073,C. Duarte,1,8.4,8.156202380952402
S2324-G1073,C. Duarte,2,3.1,3.0999999999999948
S2324-G1073,C. Duarte,3,0.8666666666666667,0.8666666666666676
S2324-G1073,C. Ward,3,1.2,1.200000000000001
S2324-G1073,D. Exum,1,0.7714285714285714,0.7714285714285721
S2324-G1073,D. Exum,2,0.8666666666666667,0.8666666666666683
S2324-G1073,D. Exum,3,5.085454545454546,5.085206460206473
S2324-G1073,D. Exum,4,18.614285714285714,18.61871498501496
S2324-G1073,D. Fox,1,12.095238095238095,12.092790542790524
S2324-G1073,D. Fox,2,24.812987012987012,24.82426758519262
S2324-G1073,D. Fox,3,17.55,17.551076690139954
S2324-G1073,D. Fox,4,23.02967032967033,23.04388486961094
S2324-G1073,D. Gafford,1,5.214285714285714,5.214285714285694
S2324-G1073,D. Gafford,2,5.203030303030303,5.203020646020662
S2324-G1073,D. Gafford,3,5.71,5.709598412698427
S2324-G1073,D. Gafford,4,5.214285714285714,5.214285714285694
S2324-G1073,D. Jones Jr.,1,6.166666666666667,6.166666666666664
S2324-G1073,D. Jones Jr.,2,12.125,12.125
S2324-G1073,D. Jones Jr.,3,5.199999999999999,5.20000000000002
S2324-G1073,D. Jones Jr.,4,3.1380952380952376,3.1380952380952376
S2324-G1073,D. Lively II,1,9.733333333333334,9.73404166666668
S2324-G1073,D. Lively II,2,10.469444444444445,10.465197710622709
S2324-G1073,D. Lively II,3,6.425454545454546,6.437994838494841
S2324-G1073,D. Lively II,4,5.2,5.20000000000002
S2324-G1073,D. Mitchell,1,7.466666666666667,7.466666666666693
S2324-G1073,D. Mitchell,2,5.166666666666667,5.1666666666666465
S2324-G1073,D. Mitchell,3,9.466666666666667,9.466666666666685
S2324-G1073,D. Mitchell,4,3.1,3.0999999999999943
S2324-G1073,D. Sabonis,1,18.436507936507937,18.437614032699344
S2324-G1073,D. Sabonis,2,7.65,7.643243165168178
S2324-G1073,D. Sabonis,3,12.8675,12.866056669719178
S2324-G1073,D. Sabonis,4,5.6000000000000005,5.600000000000007
S2324-G1073,H. Barnes,1,25.775,25.776317776667785
S2324-G1073,H. Barnes,2,25.380952380952383,25.382445596362643
S2324-G1073,H. Barnes,3,5.475,5.47500000000001
S2324-G1073,H. Barnes,4,10.823809523809523,10.823994505494516
S2324-G1073,K. Edwards,3,11.5,11.501153221778225
S2324-G1073,K. Edwards,4,6.125,6.12509478021978
S2324-G1073,K. Ellis,1,25.78666666666667,25.783105977355955
S2324-G1073,K. Ellis,2,5.5809523809523816,5.575559637584654
S2324-G1073,K. Ellis,3,5.233333333333333,5.233333333333343
S2324-G1073,K. Ellis,4,10.833333333333332,10.833333333333313
S2324-G1073,K. Irving,1,16.106666666666666,16.106666666666605
S2324-G1073,K. Irving,2,20.32857142857143,20.33798904119615
S2324-G1073,K. Irving,3,9.74,9.740000000000007
S2324-G1073,K. Irving,4,24.192307692307693,24.239547097347085
S2324-G1073,K. Murray,1,0.838095238095238,0.8380952380952358
S2324-G1073,K. Murray,2,16.133333333333333,16.133333333333322
S2324-G1073,K. Murray,3,7.926666666666667,7.930191991342002
S2324-G1073,K. Murray,4,16.106666666666666,16.106666666666605
S2324-G1073,L. Doncic,1,12.867307692307692,12.867312500000066
S2324-G1073,L. Doncic,2,18.236363636363638,18.233951923076862
S2324-G1073,L. Doncic,3,13.858333333333334,13.868038278388296
S2324-G1073,L. Doncic,4,17.2,17.199999999999946
S2324-G1073,M. Kleber,1,0.8666666666666667,0.866666666666669
S2324-G1073,M. Kleber,2,0.8666666666666667,0.8666666666666678
S2324-G1073,M. Kleber,3,11.4,11.400000000000043
S2324-G1073,M. Monk,1,7.800000000000001,7.809571428571408
S2324-G1073,P. Washington,1,8.82,8.829151082251073
S2324-G1073,P. Washington,2,7.716666666666666,7.714127572427587
S2324-G1073,P. Washington,3,8.6,8.599999999999973
S2324-G1073,P. Washington,4,8.577777777777778,8.577777777777781
S2324-G1073,T. Hardaway Jr.,1,12.825,12.824999999999989
S2324-G1073,T. Hardaway Jr.,2,5.345454545454546,5.346046853146869
S2324-G1073,T. Hardaway Jr.,3,5.4,5.39999999999999
S2324-G1075,A. Black,4,7.466666666666667,7.466666666666693
S2324-G1075,A. Schofield,4,8.633333333333333,8.633333333333372
S2324-G1075,B. Clarke,1,5.55,5.549999999999978
S2324-G1075,B. Clarke,2,16.1,16.09988461538456
S2324-G1075,B. Clarke,3,6.3,6.29983333333331
S2324-G1075,B. Clarke,4,9.514285714285714,9.51428571428573
S2324-G1075,B. Shaw,2,1.2,1.200000000000001
S2324-G1075,C. Anthony,1,5.5,5.5
S2324-G1075,C. Anthony,2,16.185714285714287,16.189854428904447
S2324-G1075,C. Anthony,3,8.55,8.54999999999997
S2324-G1075,C. Anthony,4,13.814285714285713,13.814285714285694
S2324-G1075,C. Houstan,1,3.233333333333333,3.233333333333346
S2324-G1075,C. Houstan,2,0.8666666666666667,0.8666666666666685
S2324-G1075,C. Houstan,3,16.814285714285717,16.81317987012986
S2324-G1075,C. Okeke,4,7.697142857142857,7.6972547619047305
S2324-G1075,F. Wagner,1,11.846666666666666,11.846666666666657
S2324-G1075,F. Wagner,2,10.566666666666666,10.566666666666647
S2324-G1075,F. Wagner,3,14.243181818181819,14.249406295093756
S2324-G1075,G. Bitadze,4,12.043181818181818,12.042596536796552
S2324-G1075,G. Jackson II,1,9.74,9.740000000000007
S2324-G1075,G. Jackson II,2,10.443956043956044,10.445262504162475
S2324-G1075,G. Jackson II,3,11.866666666666665,11.86666666666664
S2324-G1075,J. Goodwin,1,9.899999999999999,9.900000000000036
S2324-G1075,J. Goodwin,2,3.225,3.225000000000012
S2324-G1075,J. Goodwin,4,40.45378151260504,40.60221479662842
S2324-G1075,J. Ingles,1,18.89,19.026329985292477
S2324-G1075,J. Ingles,2,3.1666666666666665,3.166666666666666
S2324-G1075,J. Ingles,3,0.8666666666666667,0.8666666666666686
S2324-G1075,J. Ingles,4,0.8666666666666667,0.8666666666666675
S2324-G1075,J. Jackson Jr.,1,9.867307692307692,9.8533643689644
S2324-G1075,J. Jackson Jr.,2,10.175,10.174902813852787
S2324-G1075,J. Jackson Jr.,3,7.533333333333333,7.533333333333318
S2324-G1075,J. LaRavia,1,10.766666666666666,10.766666666666662
S2324-G1075,J. LaRavia,2,7.4363636363636365,7.436363636363635
S2324-G1075,J. LaRavia,3,15.095238095238095,15.095238095238075
S2324-G1075,J. Suggs,1,20.268181818181816,20.258593448218424
S2324-G1075,J. Suggs,2,0.8666666666666667,0.866666666666667
S2324-G1075,J. Suggs,3,8.385714285714286,8.362275577200586
S2324-G1075,L. Kennard,1,7.846666666666667,7.846666666666648
S2324-G1075,L. Kennard,2,11.846666666666666,11.846666666666657
S2324-G1075,L. Kennard,3,12.855844155844155,12.85584415584418
S2324-G1075,L. Kennard,4,3.1,3.0999999999999956
S2324-G1075,L. Stevens,1,5.533333333333334,5.5333333333333234
S2324-G1075,L. Stevens,2,5.514285714285714,5.51428571428573
S2324-G1075,L. Stevens,4,21.843181818181815,21.842983942446445
S2324-G1075,M. Fultz,2,15.16,15.15771170218668
S2324-G1075,M. Fultz,3,7.8999999999999995,7.900000000000022
S2324-G1075,M. Fultz,4,21.785714285714285,21.794390143533814
S2324-G1075,M. Pereira,1,5.264285714285714,5.2642857142857284
S2324-G1075,M. Pereira,2,7.56969696969697,7.569706782106781
S2324-G1075,M. Pereira,3,5.214285714285714,5.214285714285694
S2324-G1075,M. Pereira,4,4.385714285714286,4.3752173881673855
S2324-G1075,M. Wagner,2,0.8666666666666667,0.866666666666668
S2324-G1075,M. Wagner,3,0.8666666666666667,0.8666666666666685
S2324-G1075,M. Wagner,4,7.286666666666667,7.291381127206109
S2324-G1075,P. Banchero,1,14.204545454545455,14.204355215862563
S2324-G1075,P. Banchero,2,21.90666666666667,21.865359013209044
S2324-G1075,P. Banchero,3,7.564285714285714,7.564285714285693
S2324-G1075,S. Pippen Jr.,1,9.97,9.970000000000024
S2324-G1075,S. Pippen Jr.,2,3.0,3.0
S2324-G1075,S. Pippen Jr.,3,3.233333333333333,3.233333333333346
S2324-G1075,S. Pippen Jr.,4,21.924999999999997,21.879546607559085
S2324-G1075,W. Carter Jr.,1,12.0008547008547,12.011404240204236
S2324-G1075,W. Carter Jr.,2,9.804761904761905,9.804761904761959
S2324-G1075,W. Carter Jr.,3,19.243181818181817,19.225786002885943
S2324-G1075,Z. Simpson,4,3.357142857142857,3.3565654761904757
S2324-G1093,A. Wiggins,1,11.823809523809523,11.824114285714279
S2324-G1093,A. Wiggins,2,13.8,13.802899494949513
S2324-G1093,A. Wiggins,3,3.1380952380952376,3.1380952380952376
S2324-G1093,A. Wiggins,4,19.69111111111111,19.70709306575774
S2324-G1093,B. Hield,1,7.699999999999999,7.694273809523834
S2324-G1093,B. Hield,2,8.506666666666666,8.506666666666662
S2324-G1093,B. Hield,3,5.264285714285714,5.2642857142857284
S2324-G1093,B. Hield,4,3.1,3.100000000000011
S2324-G1093,C. Drexler,1,1.2,1.200000000000001
S2324-G1093,C. Holmgren,1,18.066666666666666,18.06666666666663
S2324-G1093,C. Holmgren,2,5.614285714285715,5.614285714285725
S2324-G1093,C. Holmgren,3,19.45873015873016,19.45853065398659
S2324-G1093,C. Holmgren,4,14.833333333333334,14.870801945276948
S2324-G1093,C. Payne,1,10.803030303030303,10.80303030303028
S2324-G1093,C. Payne,2,10.914285714285713,10.914285714285759
S2324-G1093,C. Payne,3,16.433333333333334,16.425110470085457
S2324-G1093,C. Payne,4,0.8666666666666667,0.866666666666668
S2324-G1093,C. Wallace,1,18.366666666666667,18.373886844467883
S2324-G1093,C. Wallace,2,5.6,5.600000000000007
S2324-G1093,C. Wallace,3,3.3000000000000003,3.2999999999999967
S2324-G1093,E. Johnson,4,1.2,1.200000000000001
S2324-G1093,G. Hayward,1,3.1666666666666665,3.166666666666666
S2324-G1093,G. Hayward,2,9.438095238095238,9.438095238095231
S2324-G1093,G. Hayward,3,3.35,3.350000000000013
S2324-G1093,G. Hayward,4,6.071428571428571,6.071428571428578
S2324-G1093,G. Sutton,3,1.2,1.200000000000001
S2324-G1093,I. Joe,1,3.2,3.2000000000000024
S2324-G1093,I. Joe,2,23.755844155844155,23.75903509911138
S2324-G1093,I. Joe,3,7.71,7.7118010239760455
S2324-G1093,I. Joe,4,12.99047619047619,13.027958907758912
S2324-G1093,J. Coker,4,1.2,1.200000000000001
S2324-G1093,J. Embiid,1,13.904545454545454,13.902540119821717
S2324-G1093,J. Embiid,2,20.716666666666665,20.724999254911754
S2324-G1093,J. Embiid,3,5.175,5.174999999999982
S2324-G1093,J. Embiid,4,20.30588235294118,20.30922455828487
S2324-G1093,J. Giddey,1,11.877777777777778,11.877777777777748
S2324-G1093,J. Giddey,2,5.199999999999999,5.20000000000002
S2324-G1093,J. Giddey,3,8.899999999999999,8.899535062160078
S2324-G1093,J. Giddey,4,6.08,6.078632442067735
S2324-G1093,J. Williams,1,5.46969696969697,5.469824675324695
S2324-G1093,J. Williams,2,11.846666666666666,11.846666666666657
S2324-G1093,J. Williams,3,3.2142857142857144,3.2142857142857086
S2324-G1093,J. Williams,4,7.4375,7.436771969696962
S2324-G1093,K. Lowry,1,0.8,0.7999999999999986
S2324-G1093,K. Lowry,2,0.8666666666666667,0.8666666666666675
S2324-G1093,K. Lowry,3,6.166666666666667,6.166666666666664
S2324-G1093,K. Lowry,4,2.05,2.050000000000007
S2324-G1093,K. Martin,2,5.166666666666667,5.1666666666666465
S2324-G1093,K. Martin,3,3.1666666666666665,3.166666666666666
S2324-G1093,K. Martin,4,0.8666666666666667,0.8666666666666675
S2324-G1093,K. Oubre Jr.,1,12.066666666666666,12.075795371295353
S2324-G1093,K. Oubre Jr.,2,9.766666666666666,9.766666666666653
S2324-G1093,K. Oubre Jr.,3,9.639999999999999,9.64263073593075
S2324-G1093,K. Oubre Jr.,4,34.05555555555555,34.06924251810284
S2324-G1093,K. Williams,1,3.125,3.125
S2324-G1093,K. Williams,3,15.85,15.850199999999946
S2324-G1093,L. Dort,1,5.455555555555556,5.455555555555541
S2324-G1093,L. Dort,2,12.9,12.896539177489199
S2324-G1093,L. Dort,3,15.816666666666668,15.79653462648463
S2324-G1093,L. Dort,4,7.573333333333333,7.575625072150064
S2324-G1093,L. Waters III,2,9.846666666666666,9.846666666666634
S2324-G1093,M. Muscala,1,3.1,3.0999999999999948
S2324-G1093,M. Muscala,2,0.8,0.799999999999998
S2324-G1093,N. Batum,1,3.1666666666666665,3.166666666666666
S2324-G1093,N. Batum,2,5.506666666666667,5.5066666666666615
S2324-G1093,N. Batum,3,5.140000000000001,5.13999999999999
S2324-G1093,N. Batum,4,10.514285714285714,10.514285714285725
S2324-G1093,P. Reed,1,16.2987012987013,16.29907744755246
S2324-G1093,P. Reed,2,0.8,0.8000000000000003
S2324-G1093,P. Reed,3,11.966666666666667,11.966666666666688
S2324-G1093,P. Reed,4,5.1,5.100000000000014
S2324-G1093,T. Harris,1,16.1,16.099999999999945
S2324-G1093,T. Harris,2,10.836363636363636,10.836363636363615
S2324-G1093,T. Harris,3,13.503030303030304,13.510087878787878
S2324-G1093,T. Harris,4,13.526666666666666,13.514250338550353
S2324-G1094,A. Davis,1,25.14090909090909,25.151541419201767
S2324-G1094,A. Davis,2,11.875,11.875
S2324-G1094,A. Davis,3,33.08888888888889,33.084404929281185
S2324-G1094,A. Reaves,1,9.875,9.876756132756134
S2324-G1094,A. Reaves,2,5.466666666666667,5.46666666666669
S2324-G1094,A. Reaves,3,15.167307692307691,15.167291666666632
S2324-G1094,B. Brown,1,5.46969696969697,5.46969696969699
S2324-G1094,B. Brown,2,8.546666666666667,8.54666666666664
S2324-G1094,B. Brown,3,7.46969696969697,7.469696969696992
S2324-G1094,B. Brown,4,0.8,0.7999999999999998
S2324-G1094,C. Castleton,4,3.25,3.25
S2324-G1094,D. Alston,2,1.2,1.200000000000001
S2324-G1094,D. Russell,1,20.366666666666667,20.366547619047655
S2324-G1094,D. Russell,2,10.736363636363636,10.736944444444443
S2324-G1094,D. Russell,3,8.438095238095238,8.438095238095231
S2324-G1094,D. Russell,4,28.105714285714285,28.109610880545343
S2324-G1094,G. Dick,1,18.666666666666668,18.68146680680427
S2324-G1094,G. Dick,2,11.85,11.849999999999957
S2324-G1094,G. Dick,3,18.28333333333333,18.31011356519297
S2324-G1094,G. Dick,4,0.8666666666666667,0.8666666666666683
S2324-G1094,G. Temple,1,10.075,10.075000000000031
S2324-G1094,G. Temple,2,3.2,3.2000000000000095
S2324-G1094,G. Temple,3,0.8666666666666667,0.8666666666666676
S2324-G1094,G. Temple,4,14.011111111111113,14.008959813797286
S2324-G1094,I. Quickley,1,13.564285714285713,13.576448701298693
S2324-G1094,I. Quickley,2,15.19,15.190000000000046
S2324-G1094,I. Quickley,3,14.06969696969697,14.069696969696938
S2324-G1094,I. Quickley,4,8.555844155844156,8.555701298701312
S2324-G1094,J. Freeman-Liberty,1,0.925,0.9250000000000022
S2324-G1094,J. Freeman-Liberty,2,12.926666666666666,12.926733333333363
S2324-G1094,J. Freeman-Liberty,3,5.425,5.424999999999979
S2324-G1094,J. Hayes,1,8.733333333333334,8.733488095238108
S2324-G1094,J. Hayes,2,0.825,0.8249999999999992
S2324-G1094,J. Hayes,4,11.766666666666666,11.774429288766784
S2324-G1094,J. McDaniels,4,3.0666666666666664,3.0666666666666726
S2324-G1094,J. Nwora,1,0.8666666666666667,0.866666666666668
S2324-G1094,J. Nwora,2,5.466666666666667,5.46666666666669
S2324-G1094,J. Nwora,3,3.175,3.1749999999999985
S2324-G1094,J. Nwora,4,13.966666666666667,13.966261904761929
S2324-G1094,K. Olynyk,1,7.552380952380953,7.552380952380934
S2324-G1094,K. Olynyk,2,11.536507936507936,11.534628285113559
S2324-G1094,K. Olynyk,3,7.664285714285715,7.663509157509191
S2324-G1094,K. Olynyk,4,14.106666666666666,14.106666666666609
S2324-G1094,K. Simmons,3,0.8,0.7999999999999986
S2324-G1094,K. Simmons,4,13.017460317460317,13.013545634920659
S2324-G1094,L. James,1,9.466666666666667,9.466666666666685
S2324-G1094,L. James,2,22.723809523809525,22.723611183261173
S2324-G1094,L. James,3,16.9,16.899345726495778
S2324-G1094,L. James,4,5.071428571428571,5.0714285714285605
S2324-G1094,M. Christie,1,3.35,3.350000000000013
S2324-G1094,M. Christie,2,3.233333333333333,3.233333333333346
S2324-G1094,M. Christie,3,10.5,10.5
S2324-G1094,M. Christie,4,21.835897435897436,21.84219912007926
S2324-G1094,M. Gueye,1,7.664285714285715,7.66428571428575
S2324-G1094,M. Gueye,2,3.2142857142857144,3.2142857142857086
S2324-G1094,M. Gueye,3,3.2,3.2000000000000024
S2324-G1094,M. Gueye,4,12.017460317460317,11.983687373737357
S2324-G1094,M. Lewis,4,12.257142857142858,12.246972619047602
S2324-G1094,R. Barrett,1,21.543181818181818,21.53967911255414
S2324-G1094,R. Barrett,2,22.484415584415583,22.48484978354984
S2324-G1094,R. Barrett,3,21.803174603174604,21.807348846986386
S2324-G1094,R. Barrett,4,7.533333333333333,7.533333333333318
S2324-G1094,R. Hachimura,1,6.166666666666667,6.166666666666664
S2324-G1094,R. Hachimura,2,18.366666666666667,18.36700877192985
S2324-G1094,R. Hachimura,3,12.799999999999999,12.80000000000001
S2324-G1094,R. Hachimura,4,0.9142857142857144,0.9142857142857117
S2324-G1094,S. Dinwiddie,1,10.67142857142857,10.671190476190473
S2324-G1094,S. Dinwiddie,2,11.466666666666667,11.466666666666686
S2324-G1094,S. Dinwiddie,3,1.0666666666666667,1.0666666666666644
S2324-G1094,S. Dinwiddie,4,3.105555555555555,3.1055555555555645
S2324-G1094,T. Prince,1,8.5,8.5
S2324-G1094,T. Prince,2,6.166666666666667,6.166666666666664
S2324-G1094,T. Prince,3,0.8666666666666667,0.866666666666668
S2324-G1094,T. Prince,4,14.48095238095238,14.478375764676484
S2324-G1095,A. Gill,1,0.8666666666666667,0.866666666666668
S2324-G1095,A. Gill,2,11.766666666666666,11.766666666666682
S2324-G1095,A. Gill,3,9.912987012987012,9.913961052836083
S2324-G1095,A. Gill,4,18.557142857142857,18.559362914862966
S2324-G1095,A. Green,1,0.8666666666666667,0.866666666666669
S2324-G1095,A. Green,2,3.2,3.2000000000000095
S2324-G1095,A. Green,3,6.166666666666667,6.166666666666664
S2324-G1095,A. Green,4,8.371428571428572,8.371428571428606
S2324-G1095,B. Lopez,1,18.755844155844155,18.75484709179703
S2324-G1095,B. Lopez,2,5.233333333333333,5.233333333333343
S2324-G1095,B. Lopez,3,5.425,5.424999999999979
S2324-G1095,B. Portis,1,14.146666666666667,14.146666666666658
S2324-G1095,B. Portis,2,11.825,11.824898809523813
S2324-G1095,B. Portis,3,5.233333333333333,5.233333333333346
S2324-G1095,B. Portis,4,16.97142857142857,16.918775645433012
S2324-G1095,C. Kispert,1,10.586666666666666,10.586666666666634
S2324-G1095,C. Kispert,2,31.685714285714283,31.691294077164557
S2324-G1095,C. Kispert,3,21.436507936507937,21.43409422799424
S2324-G1095,C. Kispert,4,8.475,8.474874999999974
S2324-G1095,D. Avdija,1,21.585067873303167,21.585653421578428
S2324-G1095,D. Avdija,2,9.736363636363636,9.740207792207801
S2324-G1095,D. Avdija,3,23.82857142857143,23.82824076479082
S2324-G1095,D. Avdija,4,10.933333333333334,10.933558982684001
S2324-G1095,D. Gallinari,1,6.214285714285714,6.214285714285707
S2324-G1095,D. Gallinari,2,1.0142857142857142,1.0142857142857122
S2324-G1095,E. Omoruyi,1,3.25,3.25
S2324-G1095,E. Omoruyi,2,8.475,8.474999999999973
S2324-G1095,E. Omoruyi,3,5.533333333333334,5.5333333333333234
S2324-G1095,G. Antetokounmpo,1,12.942307692307692,12.934235159285137
S2324-G1095,G. Antetokounmpo,2,16.166666666666668,16.166604278074832
S2324-G1095,G. Antetokounmpo,3,26.0675,26.058730672634045
S2324-G1095,G. Antetokounmpo,4,32.18506787330317,32.17055580265965
S2324-G1095,G. Sutton,2,1.2,1.200000000000001
S2324-G1095,J. Butler,2,11.76969696969697,11.769803030303047
S2324-G1095,J. Butler,3,10.55,10.549999999999976
S2324-G1095,J. Butler,4,20.455844155844154,20.455844155844233
S2324-G1095,J. Crowder,1,0.8666666666666667,0.8666666666666677
S2324-G1095,J. Crowder,2,7.6,7.599999999999981
S2324-G1095,J. Crowder,3,8.65,8.650000000000027
S2324-G1095,J. Crowder,4,7.775,7.774987637362657
S2324-G1095,J. Davis,1,4.383333333333333,4.383819480519474
S2324-G1095,J. Davis,2,0.9333333333333332,0.9333333333333365
S2324-G1095,J. Davis,3,0.8666666666666667,0.8666666666666687
S2324-G1095,J. Davis,4,3.1666666666666665,3.166666666666666
S2324-G1095,J. Poole,1,19.87,19.865148809523802
S2324-G1095,J. Poole,2,5.214285714285714,5.214285714285694
S2324-G1095,J. Poole,3,15.2,15.199999999999962
S2324-G1095,J. Poole,4,11.912987012987012,11.912987012987017
S2324-G1095,K. Middleton,1,10.79,10.783615079365061
S2324-G1095,K. Middleton,2,29.41470588235294,29.417353667432423
S2324-G1095,K. Middleton,3,18.80952380952381,18.803805907980937
S2324-G1095,K. Middleton,4,13.033333333333333,13.032996825396808
S2324-G1095,M. Bagley III,1,3.311111111111111,3.3109444444444556
S2324-G1095,M. Bagley III,2,14.19,14.190000000000044
S2324-G1095,M. Beasley,1,9.806666666666667,9.80666666666663
S2324-G1095,M. Beasley,2,5.55,5.549999999999978
S2324-G1095,M. Beasley,3,17.793333333333333,17.766998159846676
S2324-G1095,M. Beasley,4,5.55,5.549999999999978
S2324-G1095,P. Beverley,1,3.125,3.125
S2324-G1095,P. Beverley,2,7.697142857142857,7.697310714285684
S2324-G1095,P. Beverley,3,3.233333333333333,3.233333333333346
S2324-G1095,P. Connaughton,1,10.479999999999999,10.479850000000015
S2324-G1095,P. Connaughton,2,3.1666666666666665,3.166666666666666
S2324-G1095,P. Connaughton,3,15.875,15.872853510378508
S2324-G1095,P. Connaughton,4,14.541558441558442,14.539039127539183
S2324-G1095,T. Vukcevic,1,14.925,14.930022727272755
S2324-G1095,T. Vukcevic,2,12.306666666666667,12.312438600288623
S2324-G1095,T. Vukcevic,3,6.311111111111111,6.310706349206364
S2324-G1095,T. Vukcevic,4,9.725,9.724999999999966
S2324-G1095,X. Tong,1,1.2,1.200000000000001
S2324-G1099,A. Gordon,1,12.575,12.579744019869013
S2324-G1099,A. Gordon,2,18.61,18.625956621156657
S2324-G1099,A. Gordon,3,14.799999999999999,14.800000000000033
S2324-G1099,A. Gordon,4,8.469696969696969,8.469696969696992
S2324-G1099,B. Wesley,1,3.25,3.25
S2324-G1099,B. Wesley,2,5.525,5.524999999999992
S2324-G1099,B. Wesley,3,5.233333333333333,5.233333333333346
S2324-G1099,B. Wesley,4,3.1,3.0999999999999943
S2324-G1099,C. Braun,1,8.4,8.400000000000027
S2324-G1099,C. Braun,2,2.904761904761905,2.904761904761915
S2324-G1099,C. Braun,3,5.533333333333334,5.5333333333333234
S2324-G1099,C. Braun,4,3.071428571428571,3.0714285714285636
S2324-G1099,C. Osman,1,9.89,9.890000000000041
S2324-G1099,C. Osman,2,17.97142857142857,17.981230124042675
S2324-G1099,D. Graham,1,3.2642857142857142,3.264285714285725
S2324-G1099,D. Graham,3,9.833333333333332,9.833333333333304
S2324-G1099,D. Graham,4,3.2,3.2000000000000095
S2324-G1099,D. Jordan,2,0.838095238095238,0.8380952380952358
S2324-G1099,J. Champagnie,1,11.93,11.930099999999996
S2324-G1099,J. Champagnie,2,3.204761904761905,3.2047619047618925
S2324-G1099,J. Champagnie,3,21.857142857142858,21.860597181984645
S2324-G1099,J. Champagnie,4,0.8666666666666667,0.8666666666666688
S2324-G1099,J. Holiday,1,0.8666666666666667,0.866666666666669
S2324-G1099,J. Holiday,2,5.425,5.424999999999979
S2324-G1099,J. Holiday,3,6.3,6.299999999999978
S2324-G1099,J. Holiday,4,9.846666666666666,9.846966666666635
S2324-G1099,K. Caldwell-Pope,1,10.04,10.042418389943368
S2324-G1099,K. Caldwell-Pope,2,3.1666666666666665,3.166666666666666
S2324-G1099,K. Caldwell-Pope,3,11.875,11.875
S2324-G1099,K. Caldwell-Pope,4,0.8666666666666667,0.8666666666666673
S2324-G1099,M. Branham,1,7.466666666666667,7.466666666666693
S2324-G1099,M. Branham,2,26.42967032967033,26.44155579026235
S2324-G1099,M. Branham,3,21.135897435897437,21.141355183705155
S2324-G1099,M. Branham,4,16.4,16.401673659673715
S2324-G1099,M. Porter Jr.,1,15.558119658119658,15.546362118437141
S2324-G1099,M. Porter Jr.,2,21.62222222222222,21.61987652902654
S2324-G1099,M. Porter Jr.,3,8.014285714285714,7.993411904761919
S2324-G1099,M. Porter Jr.,4,10.795238095238094,10.79549130036631
S2324-G1099,N. Jokic,1,45.992753623188406,44.71405104230991
S2324-G1099,N. Jokic,2,14.257142857142858,14.269925613275598
S2324-G1099,N. Jokic,3,39.14877192982456,39.15087228621041
S2324-G1099,N. Jokic,4,20.38705882352941,20.38696603596787
S2324-G1099,P. Watson,1,5.199999999999999,5.20000000000002
S2324-G1099,P. Watson,2,7.506666666666667,7.5066666666666615
S2324-G1099,P. Watson,4,10.925,10.925077350427332
S2324-G1099,R. Jackson,1,3.125,3.125
S2324-G1099,R. Jackson,2,12.106666666666666,12.106666666666616
S2324-G1099,R. Jackson,3,9.814285714285713,9.814285714285694
S2324-G1099,R. Jackson,4,17.392857142857142,17.39248261183268
S2324-G1099,S. Cissoko,3,0.8666666666666667,0.866666666666669
S2324-G1099,S. Cissoko,4,0.8,0.7999999999999983
S2324-G1099,S. Mamukelashvili,1,3.1666666666666665,3.166666666666666
S2324-G1099,S. Mamukelashvili,2,3.3,3.2999999999999967
S2324-G1099,S. Mamukelashvili,3,10.629999999999999,10.630000000000054
S2324-G1099,S. Mamukelashvili,4,15.27,15.270024999999984
S2324-G1099,T. Jones,1,0.8666666666666667,0.866666666666668
S2324-G1099,T. Jones,2,10.355555555555556,10.355634920634959
S2324-G1099,T. Jones,3,10.011111111111113,10.011100432900454
S2324-G1099,T. Jones,4,17.825714285714284,17.798569968919942
S2324-G1099,V. Wembanyama,1,40.79276018099547,41.35670836727965
S2324-G1099,V. Wembanyama,2,14.367857142857142,14.360700491175535
S2324-G1099,V. Wembanyama,3,12.985714285714286,12.98671232933734
S2324-G1099,V. Wembanyama,4,25.860427807486634,25.286414187141535
S2324-G1099,Z. Collins,1,8.6,8.599999999999973
S2324-G1099,Z. Collins,2,9.846666666666666,9.846666666666634
S2324-G1099,Z. Collins,3,11.988888888888889,11.975517857142826
S2324-G1099,Z. Collins,4,11.905555555555555,11.891361255411262
S2324-G1102,A. Hagans,1,3.3666666666666667,3.366666666666674
S2324-G1102,A. Hagans,2,3.1,3.099999999999996
S2324-G1102,A. Hagans,3,5.75,5.75
S2324-G1102,A. Hagans,4,0.8666666666666667,0.8666666666666686
S2324-G1102,A. Pokusevski,1,9.666666666666666,9.666666666666694
S2324-G1102,A. Pokusevski,2,8.733333333333333,8.737633333333342
S2324-G1102,A. Pokusevski,3,7.364285714285715,7.36602142857142
S2324-G1102,A. Pokusevski,4,3.1666666666666665,3.166666666666666
S2324-G1102,B. McGowens,1,5.65,5.649999999999994
S2324-G1102,B. McGowens,2,3.25,3.25
S2324-G1102,B. McGowens,4,21.833333333333332,21.835882575757616
S2324-G1102,B. Miller,1,20.692307692307693,20.702628128815615
S2324-G1102,B. Miller,2,7.63,7.630000000000033
S2324-G1102,B. Miller,3,18.868181818181817,18.85869741059588
S2324-G1102,B. Miller,4,23.755844155844155,23.757924706141743
S2324-G1102,D. Ayton,1,32.105714285714285,32.00291868152058
S2324-G1102,D. Ayton,2,3.2066666666666666,3.2064726190476223
S2324-G1102,D. Ayton,3,27.11818181818182,27.12144157268605
S2324-G1102,D. Ayton,4,16.243181818181817,16.24326488095231
S2324-G1102,D. Banton,1,15.19,15.190000000000046
S2324-G1102,D. Banton,2,6.416666666666666,6.429079897879915
S2324-G1102,D. Banton,3,3.25,3.25
S2324-G1102,D. Banton,4,20.692307692307693,20.702412713675198
S2324-G1102,D. Bertans,1,7.55,7.549999999999972
S2324-G1102,D. Bertans,2,3.1,3.0999999999999956
S2324-G1102,D. Bertans,3,12.884415584415583,12.884415584415544
S2324-G1102,D. Bertans,4,3.3666666666666663,3.366666666666672
S2324-G1102,D. Reath,1,7.666666666666667,7.666666666666682
S2324-G1102,D. Reath,2,8.504761904761905,8.503985119047602
S2324-G1102,D. Reath,3,12.333333333333334,12.334186616161618
S2324-G1102,D. Reath,4,5.564285714285714,5.564285714285695
S2324-G1102,G. Williams,1,10.836507936507935,10.85146611558376
S2324-G1102,G. Williams,2,3.125,3.125
S2324-G1102,G. Williams,3,0.9142857142857144,0.9142857142857117
S2324-G1102,G. Williams,4,7.614285714285715,7.614285714285704
S2324-G1102,J. Thor,1,9.611111111111112,9.611111111111091
S2324-G1102,J. Thor,2,12.914285714285713,12.914285714285734
S2324-G1102,J. Thor,3,0.8,0.7999999999999992
S2324-G1102,J. Thor,4,0.8,0.8000000000000007
S2324-G1102,J. Walker,1,13.225714285714286,13.223181049995754
S2324-G1102,J. Walker,2,14.7275,14.780096545121532
S2324-G1102,J. Walker,3,17.272727272727273,17.277710747177654
S2324-G1102,J. Walker,4,12.157142857142858,12.127620346320354
S2324-G1102,K. Murray,1,7.527272727272727,7.527272727272708
S2324-G1102,K. Murray,2,5.125,5.125
S2324-G1102,K. Murray,3,5.425,5.424999999999979
S2324-G1102,K. Murray,4,5.138095238095238,5.138095238095252
S2324-G1102,L. Black,2,9.533333333333333,9.533333333333314
S2324-G1102,L. Black,4,1.0,1.0013333333333332
S2324-G1102,M. Bolden,1,0.8666666666666667,0.866666666666669
S2324-G1102,M. Bolden,2,9.555844155844156,9.55570129870131
S2324-G1102,M. Bolden,3,2.0666666666666664,2.0666666666666633
S2324-G1102,M. Bolden,4,5.175,5.174999999999982
S2324-G1102,N. Smith Jr.,1,7.766666666666667,7.766666666666655
S2324-G1102,N. Smith Jr.,2,7.525,7.525000000000018
S2324-G1102,N. Smith Jr.,3,7.533333333333334,7.533333333333316
S2324-G1102,N. Smith Jr.,4,5.466666666666667,5.46666666666669
S2324-G1102,R. Rupert,1,9.738095238095237,9.738095238095198
S2324-G1102,R. Rupert,2,2.8654545454545453,2.8738786768786806
S2324-G1102,R. Rupert,3,3.2642857142857142,3.264285714285725
S2324-G1102,R. Rupert,4,3.3642857142857143,3.364535714285721
S2324-G1102,S. Henderson,1,18.127272727272725,18.12720779220771
S2324-G1102,S. Henderson,2,19.436363636363637,19.433567428649834
S2324-G1102,S. Henderson,3,10.833333333333332,10.833333333333313
S2324-G1102,S. Henderson,4,14.22857142857143,14.228571428571415
S2324-G1102,T. Mann,1,9.85,9.849999999999964
S2324-G1102,T. Mann,2,8.555844155844156,8.555844155844168
S2324-G1102,T. Mann,3,16.175,16.174840909090957
S2324-G1102,T. Mann,4,5.525,5.524999999999992
S2324-G1119,A. Burks,2,5.416666666666666,5.4175347985347875
S2324-G1119,A. Caruso,1,3.2,3.2000000000000095
S2324-G1119,A. Caruso,2,10.466666666666667,10.466666666666688
S2324-G1119,A. Caruso,3,9.795238095238094,9.794602147852167
S2324-G1119,A. Caruso,4,0.8666666666666667,0.8666666666666676
S2324-G1119,A. Dosunmu,1,35.693333333333335,35.68367950657438
S2324-G1119,A. Dosunmu,2,6.166666666666667,6.166666666666664
S2324-G1119,A. Dosunmu,3,12.103030303030303,12.103030303030256
S2324-G1119,A. Dosunmu,4,19.84090909090909,19.831025953621538
S2324-G1119,A. Drummond,1,1.0,1.0
S2324-G1119,A. Drummond,2,7.292857142857143,7.274475033300044
S2324-G1119,A. Drummond,3,5.8,5.7916547619047485
S2324-G1119,A. Drummond,4,16.213765182186236,16.208935967627127
S2324-G1119,B. Bogdanovic,1,3.1666666666666665,3.166666666666666
S2324-G1119,B. Bogdanovic,2,16.47142857142857,16.524289754689775
S2324-G1119,B. Bogdanovic,3,8.6,8.599999999999973
S2324-G1119,B. Bogdanovic,4,5.246666666666667,5.246666666666669
S2324-G1119,C. White,1,3.233333333333333,3.233333333333346
S2324-G1119,C. White,2,9.685454545454546,9.678591258741275
S2324-G1119,D. DeRozan,1,7.475,7.474999999999983
S2324-G1119,D. DeRozan,2,10.89145299145299,10.898057315491501
S2324-G1119,D. DeRozan,3,20.700000000000003,20.72744183463596
S2324-G1119,D. DeRozan,4,26.033333333333335,26.034239694374275
S2324-G1119,D. DiVincenzo,1,15.5,15.507978249528247
S2324-G1119,D. DiVincenzo,2,0.8,0.8000000000000003
S2324-G1119,D. DiVincenzo,3,21.766666666666666,21.76777011599518
S2324-G1119,D. DiVincenzo,4,3.1380952380952376,3.1380952380952376
S2324-G1119,D. Terry,1,3.1,3.0999999999999948
S2324-G1119,D. Terry,2,3.4,3.3999999999999875
S2324-G1119,D. Terry,3,5.138095238095238,5.138095238095252
S2324-G1119,F. Roberts,1,1.2,1.200000000000001
S2324-G1119,I. Hartenstein,1,7.564285714285714,7.564285714285693
S2324-G1119,I. Hartenstein,2,3.2866666666666666,3.286439826839827
S2324-G1119,I. Hartenstein,3,4.118181818181818,4.0347049367299315
S2324-G1119,I. Hartenstein,4,10.555844155844156,10.554588744588754
S2324-G1119,J. Brunson,1,24.400000000000002,23.854655987485163
S2324-G1119,J. Brunson,2,40.0821052631579,40.070367874368465
S2324-G1119,J. Brunson,3,16.525,16.52690757853263
S2324-G1119,J. Brunson,4,22.6,22.610489902009725
S2324-G1119,J. Green,1,11.586666666666666,11.586780952380916
S2324-G1119,J. Green,2,25.846153846153847,25.84662930696756
S2324-G1119,J. Green,3,14.24155844155844,14.241298509823542
S2324-G1119,J. Green,4,9.472527472527473,9.472539835164795
S2324-G1119,J. Hart,1,5.571428571428571,5.57142857142857
S2324-G1119,J. Malone,1,1.2,1.200000000000001
S2324-G1119,M. McBride,1,10.85,10.84999999999996
S2324-G1119,M. McBride,2,15.886666666666667,15.886441933066983
S2324-G1119,M. McBride,3,13.884415584415583,13.88441558441553
S2324-G1119,M. McBride,4,7.371428571428571,7.371428571428604
S2324-G1119,M. Robinson,1,7.611111111111111,7.61111111111109
S2324-G1119,M. Robinson,3,8.704761904761904,8.721379761904746
S2324-G1119,M. Robinson,4,0.8666666666666667,0.8666666666666683
S2324-G1119,N. Vucevic,1,21.9,21.896566738816773
S2324-G1119,N. Vucevic,2,16.683333333333334,16.649014890664915
S2324-G1119,N. Vucevic,3,12.142857142857142,12.143867696029467
S2324-G1119,N. Vucevic,4,10.864285714285714,10.864285714285698
S2324-G1119,O. Anunoby,1,7.514285714285714,7.514285714285733
S2324-G1119,O. Anunoby,2,3.071428571428571,3.0714285714285636
S2324-G1119,O. Anunoby,3,12.775,12.775000000000048
S2324-G1119,O. Anunoby,4,10.633333333333335,10.633000000000044
S2324-G1119,O. Bitim,4,0.8666666666666667,0.8666666666666686
S2324-G1119,P. Achiuwa,2,1.0,1.0
S2324-G1119,P. Achiuwa,4,5.644444444444445,5.644192063492033
S2324-G1119,T. Craig,2,5.5,5.5
S2324-G1119,T. Craig,3,5.1,5.100000000000014
S2324-G1119,Z. Tabak,3,1.2,1.200000000000001
S2324-G1120,A. Holiday,1,3.1666666666666665,3.166666666666666
S2324-G1120,A. Holiday,2,0.8666666666666667,0.8666666666666675
S2324-G1120,A. Holiday,4,3.1,3.0999999999999948
S2324-G1120,B. Adebayo,1,7.546666666666667,7.546666666666642
S2324-G1120,B. Adebayo,2,22.2,22.137919411634083
S2324-G1120,B. Adebayo,3,7.55,7.549999999999972
S2324-G1120,B. Adebayo,4,12.293181818181818,12.292606782106818
S2324-G1120,C. Martin,1,11.799999999999999,11.798469780219778
S2324-G1120,C. Martin,2,7.6000000000000005,7.599999999999982
S2324-G1120,C. Martin,3,1.0,1.0
S2324-G1120,C. Martin,4,13.244444444444445,13.245286544011584
S2324-G1120,C. Whitmore,1,12.277777777777779,12.277500000000039
S2324-G1120,C. Whitmore,2,8.5,8.5
S2324-G1120,C. Whitmore,3,13.2,13.200809523809507
S2324-G1120,C. Whitmore,4,9.433333333333334,9.432333333333347
S2324-G1120,D. Brooks,1,31.125,31.111820794401705
S2324-G1120,D. Brooks,2,3.1666666666666665,3.166666666666666
S2324-G1120,D. Brooks,3,11.842307692307692,11.842307692307708
S2324-G1120,D. Brooks,4,5.371428571428571,5.371428571428598
S2324-G1120,D. Robinson,1,8.466666666666667,8.466666666666692
S2324-G1120,D. Robinson,2,0.8666666666666667,0.8666666666666687
S2324-G1120,D. Robinson,3,17.266666666666666,17.261757131757186
S2324-G1120,F. VanVleet,1,7.806666666666667,7.806666666666633
S2324-G1120,F. VanVleet,2,12.567307692307692,12.565926112123169
S2324-G1120,F. VanVleet,3,20.742857142857144,20.745453747069945
S2324-G1120,F. VanVleet,4,5.371428571428571,5.371428571428598
S2324-G1120,H. Highsmith,1,0.8666666666666667,0.8666666666666677
S2324-G1120,H. Highsmith,2,7.749999999999999,7.749514418914417
S2324-G1120,H. Highsmith,3,5.25,5.25
S2324-G1120,H. Highsmith,4,5.357142857142857,5.356631202131212
S2324-G1120,J. Butler,1,24.747058823529414,24.74801199925808
S2324-G1120,J. Butler,2,10.438095238095238,10.437880952380947
S2324-G1120,J. Butler,3,21.9,21.866878306415803
S2324-G1120,J. Green,1,15.953333333333333,15.972047882672864
S2324-G1120,J. Green,2,25.147222222222222,25.150745759632525
S2324-G1120,J. Green,3,24.142307692307693,24.13033962148967
S2324-G1120,J. Green,4,26.025000000000002,26.037437401487377
S2324-G1120,J. Jaquez Jr.,2,5.233333333333333,5.233333333333346
S2324-G1120,J. Jaquez Jr.,4,24.855555555555554,24.85022147729724
S2324-G1120,J. Landale,1,3.1666666666666665,3.166666666666666
S2324-G1120,J. Landale,2,13.825,13.823678174603153
S2324-G1120,J. Landale,3,5.233333333333333,5.233333333333346
S2324-G1120,J. Landale,4,7.465454545454545,7.465564772727289
S2324-G1120,J. Samuels Jr.,4,7.6,7.599999999999982
S2324-G1120,J. Smith Jr.,1,10.912987012987012,10.91275541125543
S2324-G1120,J. Smith Jr.,2,15.705128205128204,15.74055386933328
S2324-G1120,J. Smith Jr.,3,7.626666666666667,7.6266666666667025
S2324-G1120,J. Smith Jr.,4,12.083333333333334,12.083168069022472
S2324-G1120,K. Love,1,9.846666666666666,9.846666666666634
S2324-G1120,K. Love,2,9.533333333333333,9.533333333333314
S2324-G1120,K. Love,3,0.7714285714285714,0.7714285714285721
S2324-G1120,N. Hinton,4,5.8,5.797805555555535
S2324-G1120,N. Jovic,1,10.01,10.011087301587294
S2324-G1120,N. Jovic,3,13.977777777777778,13.979598051948056
S2324-G1120,N. Jovic,4,3.1666666666666665,3.166666666666666
S2324-G1120,N. Williams,4,5.166666666666667,5.1666666666666465
S2324-G1120,R. Bullock Jr.,2,0.7714285714285714,0.7714285714285721
S2324-G1120,R. Bullock Jr.,3,0.8666666666666667,0.8666666666666683
S2324-G1120,R. Bullock Jr.,4,5.475,5.47500000000001
S2324-G1120,T. Herro,1,7.425,7.424999999999971
S2324-G1120,T. Herro,2,14.066666666666666,14.066666666666638
S2324-G1120,T. Herro,3,7.55,7.549999999999972
S2324-G1120,T. Herro,4,23.966666666666665,23.96007523726267
S2324-G1120,T. Rozier,1,5.166666666666667,5.1666666666666465
S2324-G1120,T. Rozier,2,18.123809523809523,18.123452898735266
S2324-G1120,T. Rozier,3,15.512987012987013,15.513277652902689
S2324-G1121,A. McKie,2,1.2,1.200000000000001
S2324-G1121,B. Boeheim,2,3.1666666666666665,3.166666666666666
S2324-G1121,B. Boeheim,4,5.55,5.549772727272703
S2324-G1121,C. Metu,1,3.1666666666666665,3.166666666666666
S2324-G1121,C. Metu,2,0.9142857142857144,0.9142857142857117
S2324-G1121,C. Metu,3,0.95,0.9499999999999977
S2324-G1121,C. Metu,4,18.503759398496243,18.49870562272697
S2324-G1121,G. Jackson II,1,22.395238095238096,22.398532366244872
S2324-G1121,G. Jackson II,2,12.164285714285713,12.164285714285741
S2324-G1121,G. Jackson II,3,10.76969696969697,10.769696969696966
S2324-G1121,J. Duren,1,7.59,7.589999999999979
S2324-G1121,J. Duren,2,12.05,12.049924933399936
S2324-G1121,J. Duren,3,27.965714285714284,27.921970866358432
S2324-G1121,J. Goodwin,1,7.569230769230769,7.572687301587284
S2324-G1121,J. Goodwin,2,14.516666666666667,14.570112291874777
S2324-G1121,J. Goodwin,3,8.438095238095238,8.438154761904755
S2324-G1121,J. Goodwin,4,7.871428571428571,7.872689574314604
S2324-G1121,J. Ivey,1,29.814705882352943,29.82330091347857
S2324-G1121,J. Ivey,2,10.546666666666665,10.546666666666635
S2324-G1121,J. Ivey,3,23.484415584415583,23.484332065157123
S2324-G1121,J. Ivey,4,5.466666666666667,5.46666666666669
S2324-G1121,J. LaRavia,1,17.825714285714284,17.795483125208108
S2324-G1121,J. LaRavia,2,10.8,10.789626512376508
S2324-G1121,J. LaRavia,3,12.095238095238095,12.091582251082231
S2324-G1121,J. LaRavia,4,9.46969696969697,9.469696969696992
S2324-G1121,J. Nowell,2,9.567307692307692,9.569950763125753
S2324-G1121,J. Nowell,4,25.1,25.10044803252304
S2324-G1121,J. Rhoden,1,7.5,7.5
S2324-G1121,J. Rhoden,4,11.846666666666666,11.846666666666657
S2324-G1121,J. Wiseman,1,0.9333333333333332,0.9333333333333365
S2324-G1121,J. Wiseman,2,0.9000000000000001,0.9000000000000038
S2324-G1121,J. Wiseman,3,3.3666666666666667,3.366666666666674
S2324-G1121,J. Wiseman,4,0.9,0.9000000000000037
S2324-G1121,L. Stevens,1,28.145714285714284,28.14276066849815
S2324-G1121,L. Stevens,2,12.125,12.126028113553113
S2324-G1121,L. Stevens,3,5.504761904761905,5.5052380952381075
S2324-G1121,L. Stevens,4,9.78,9.780358441558418
S2324-G1121,M. Flynn,1,5.55,5.549999999999978
S2324-G1121,M. Flynn,2,10.903030303030302,10.912510678210714
S2324-G1121,M. Flynn,3,14.786666666666667,14.760632029082
S2324-G1121,M. Flynn,4,3.1,3.0999999999999956
S2324-G1121,M. Pereira,1,0.8666666666666667,0.866666666666669
S2324-G1121,M. Pereira,2,21.425,21.427157030714426
S2324-G1121,M. Pereira,3,8.438095238095238,8.438095238095231
S2324-G1121,M. Pereira,4,12.795238095238094,12.795238095238071
S2324-G1121,M. Sasser,1,5.466666666666667,5.46666666666669
S2324-G1121,M. Sasser,2,0.8,0.7999999999999992
S2324-G1121,M. Sasser,3,0.8,0.7999999999999983
S2324-G1121,M. Sasser,4,9.827272727272726,9.827272727272703
S2324-G1121,S. Pippen Jr.,1,7.533333333333334,7.533333333333316
S2324-G1121,S. Pippen Jr.,2,0.9066666666666666,0.9066666666666664
S2324-G1121,S. Pippen Jr.,3,20.212987012987014,20.215318965142178
S2324-G1121,S. Pippen Jr.,4,14.2,14.200035042735017
S2324-G1121,T. Brown Jr.,1,3.175,3.1749999999999985
S2324-G1121,T. Brown Jr.,2,5.2,5.20000000000002
S2324-G1121,T. Brown Jr.,3,13.133333333333333,13.133333333333347
S2324-G1121,T. Evbuomwan,1,8.503030303030304,8.503030303030302
S2324-G1121,T. Evbuomwan,2,3.233333333333333,3.233333333333346
S2324-G1121,T. Evbuomwan,3,10.475,10.47499999999996
S2324-G1121,T. Jemison,1,7.341558441558441,7.329983621933596
S2324-G1121,T. Jemison,2,3.325,3.3291638888888913
S2324-G1121,T. Jemison,3,19.233333333333334,19.234573409270485
S2324-G1121,T. Jemison,4,11.846666666666666,11.846666666666657
S2324-G1121,Z. Simpson,2,10.066666666666666,10.066209956709939
S2324-G1121,Z. Simpson,3,7.371428571428571,7.371428571428604
S2324-G1121,Z. Simpson,4,7.767857142857142,7.7739868881119
S2324-G1132,A. Coffey,1,3.1666666666666665,3.166666666666666
S2324-G1132,A. Coffey,2,10.106666666666666,10.106206722689036
S2324-G1132,A. Coffey,4,6.166666666666667,6.166666666666664
S2324-G1132,C. LeVert,1,21.475,21.47433766233762
S2324-G1132,C. LeVert,2,19.125,19.125246126585814
S2324-G1132,C. LeVert,3,5.475,5.47500000000001
S2324-G1132,C. LeVert,4,10.043956043956044,10.037056232656244
S2324-G1132,D. Garland,1,13.103030303030303,13.103030303030252
S2324-G1132,D. Garland,2,24.47860962566845,24.481422733149202
S2324-G1132,D. Garland,3,14.11111111111111,14.111146321733859
S2324-G1132,D. Garland,4,30.581818181818182,30.632837385103713
S2324-G1132,E. Mobley,1,28.05873015873016,28.06106812076815
S2324-G1132,E. Mobley,2,15.186666666666666,15.18666666666662
S2324-G1132,E. Mobley,3,11.805454545454545,11.817352376708259
S2324-G1132,E. Mobley,4,7.719047619047618,7.7429165612165605
S2324-G1132,G. Niang,1,3.1666666666666665,3.166666666666666
S2324-G1132,G. Niang,2,9.875,9.87575
S2324-G1132,G. Niang,3,3.2,3.2000000000000095
S2324-G1132,I. Okoro,1,6.228571428571429,6.248742063492063
S2324-G1132,I. Okoro,2,9.466666666666667,9.466666666666685
S2324-G1132,I. Okoro,3,0.8666666666666667,0.8666666666666686
S2324-G1132,I. Okoro,4,7.18,7.182609823509828
S2324-G1132,I. Zubac,1,9.85,9.850499999999965
S2324-G1132,I. Zubac,2,11.944444444444445,11.944444444444391
S2324-G1132,I. Zubac,3,18.192307692307693,18.192384615384572
S2324-G1132,I. Zubac,4,0.8666666666666667,0.8666666666666671
S2324-G1132,J. Allen,1,12.06969696969697,12.069696969696942
S2324-G1132,J. Allen,2,3.1678571428571427,3.1623752081252023
S2324-G1132,J. Allen,3,22.395238095238096,22.397938256188276
S2324-G1132,J. Allen,4,10.542857142857143,10.531556318681298
S2324-G1132,J. Harden,1,18.228571428571428,18.228610389610346
S2324-G1132,J. Harden,2,18.980341880341882,18.985706611444115
S2324-G1132,J. Harden,3,13.314285714285713,13.332266810966793
S2324-G1132,M. Blaylock,2,1.2,1.200000000000001
S2324-G1132,M. Morris Sr.,2,5.204761904761904,5.204761904761888
S2324-G1132,M. Morris Sr.,3,0.8666666666666667,0.8666666666666683
S2324-G1132,M. Morris Sr.,4,0.9,0.9000000000000037
S2324-G1132,M. Plumlee,1,5.264285714285714,5.2642857142857284
S2324-G1132,M. Plumlee,2,7.504761904761905,7.504761904761895
S2324-G1132,M. Plumlee,3,0.95,0.9499999999999977
S2324-G1132,M. Plumlee,4,5.225,5.224880494505507
S2324-G1132,M. Strus,1,19.855555555555558,19.91161757686761
S2324-G1132,M. Strus,2,11.466666666666667,11.466666666666686
S2324-G1132,M. Strus,3,10.19,10.19005000000004
S2324-G1132,M. Strus,4,7.443956043956044,7.444108211233193
S2324-G1132,N. Powell,1,10.55,10.549999999999976
S2324-G1132,N. Powell,2,7.806666666666667,7.806933333333301
S2324-G1132,N. Powell,3,11.4,11.400000000000043
S2324-G1132,N. Powell,4,17.78095238095238,17.771326043074577
S2324-G1132,P. George,1,18.248039215686276,18.249092470438047
S2324-G1132,P. George,2,16.557142857142857,16.557445418470465
S2324-G1132,P. George,3,16.512987012987015,16.514417407592447
S2324-G1132,P. George,4,47.20476190476191,45.9996006369447
S2324-G1132,P. Tucker,1,3.071428571428571,3.071428571428564
S2324-G1132,P. Tucker,3,0.8,0.799999999999998
S2324-G1132,R. Westbrook,1,7.364285714285715,7.36677142857142
S2324-G1132,R. Westbrook,2,5.504761904761905,5.504761904761916
S2324-G1132,R. Westbrook,3,14.225,14.22566168831166
S2324-G1132,R. Westbrook,4,5.55,5.549999999999978
S2324-G1132,S. Merrill,1,0.8666666666666667,0.866666666666668
S2324-G1132,S. Merrill,2,3.2,3.2000000000000024
S2324-G1132,T. Mann,1,9.475,9.474999999999968
S2324-G1132,T. Mann,2,10.57777777777778,10.577777777777774
S2324-G1132,T. Mann,3,5.286666666666667,5.286666666666655
S2324-G1132,T. Mann,4,6.1,6.099999999999995
S2324-G1133,A. Nembhard,1,11.864285714285714,11.86428571428571
S2324-G1133,A. Nembhard,2,0.7714285714285714,0.7714285714285721
S2324-G1133,A. Nembhard,3,16.211111111111112,16.2110841269842
S2324-G1133,A. Nembhard,4,0.8055555555555556,0.805555555555554
S2324-G1133,A. Nesmith,1,10.475,10.47499999999996
S2324-G1133,A. Nesmith,2,12.105454545454545,12.094685320235307
S2324-G1133,A. Nesmith,3,5.525,5.524999999999992
S2324-G1133,A. Nesmith,4,19.155555555555555,19.154704760598882
S2324-G1133,B. Adebayo,1,8.614285714285714,8.614285714285694
S2324-G1133,B. Adebayo,2,21.826666666666668,21.802009415584454
S2324-G1133,B. Adebayo,3,14.018181818181818,14.017400638250626
S2324-G1133,B. Adebayo,4,21.192063492063493,21.197451048951034
S2324-G1133,B. Sheppard,1,0.8666666666666667,0.866666666666669
S2324-G1133,B. Sheppard,2,5.4,5.4000999999999895
S2324-G1133,B. Sheppard,4,3.155555555555556,3.1555555555555634
S2324-G1133,C. Martin,1,13.725,13.72499999999995
S2324-G1133,C. Martin,2,9.443956043956044,9.443101101676072
S2324-G1133,C. Martin,3,13.944444444444445,13.944444444444384
S2324-G1133,C. Martin,4,9.425,9.424999999999969
S2324-G1133,D. Robinson,1,7.89,7.890000000000027
S2324-G1133,D. Robinson,2,3.6,3.6005000000000127
S2324-G1133,D. Robinson,3,0.9642857142857143,0.9642857142857153
S2324-G1133,D. Robinson,4,0.8666666666666667,0.8666666666666681
S2324-G1133,H. Highsmith,1,0.8666666666666667,0.866666666666669
S2324-G1133,H. Highsmith,2,3.3,3.3001428571428533
S2324-G1133,H. Highsmith,3,0.8,0.7999999999999983
S2324-G1133,H. Highsmith,4,0.8,0.7999999999999983
S2324-G1133,I. Jackson,4,0.8666666666666667,0.8666666666666686
S2324-G1133,J. Butler,1,21.48095238095238,21.48262703742337
S2324-G1133,J. Butler,2,11.89,11.89000000000002
S2324-G1133,J. Butler,3,22.78095238095238,22.78059671855918
S2324-G1133,J. Butler,4,11.677777777777779,11.67676665556665
S2324-G1133,J. Jaquez Jr.,2,0.7666666666666666,0.7666666666666682
S2324-G1133,J. Jaquez Jr.,4,8.638095238095238,8.63505165945167
S2324-G1133,J. Smith,1,11.9,11.900000000000043
S2324-G1133,J. Smith,2,5.371428571428571,5.371428571428598
S2324-G1133,J. Smith,3,3.1666666666666665,3.166666666666666
S2324-G1133,J. Smith,4,0.8666666666666667,0.8666666666666675
S2324-G1133,K. Love,1,12.233333333333334,12.233681818181795
S2324-G1133,K. Love,2,0.8666666666666667,0.8666666666666678
S2324-G1133,K. Love,4,0.8,0.8000000000000007
S2324-G1133,M. Turner,1,11.742857142857144,11.741566475191462
S2324-G1133,M. Turner,2,15.155555555555555,15.153436336457696
S2324-G1133,M. Turner,3,12.855844155844155,12.85584415584418
S2324-G1133,M. Turner,4,13.823809523809523,13.823753246753222
S2324-G1133,N. Jovic,1,7.564285714285714,7.564285714285693
S2324-G1133,N. Jovic,3,22.526666666666667,22.517966645446045
S2324-G1133,N. Jovic,4,13.866666666666665,13.866669871794867
S2324-G1133,O. Toppin,1,12.85,12.849999999999952
S2324-G1133,O. Toppin,2,5.233333333333333,5.233333333333346
S2324-G1133,O. Toppin,3,13.89,13.89
S2324-G1133,O. Toppin,4,0.8666666666666667,0.8666666666666681
S2324-G1133,P. Siakam,1,12.277777777777779,12.277460317460356
S2324-G1133,P. Siakam,2,11.479999999999999,11.480000000000013
S2324-G1133,P. Siakam,3,19.82857142857143,19.828516924741965
S2324-G1133,P. Siakam,4,12.933333333333334,12.933217948717974
S2324-G1133,T. Haliburton,1,13.806666666666667,13.806666666666683
S2324-G1133,T. Haliburton,2,7.664285714285715,7.66428571428575
S2324-G1133,T. Haliburton,3,2.905555555555556,2.903018967143974
S2324-G1133,T. Haliburton,4,14.455555555555556,14.492037301587313
S2324-G1133,T. Herro,1,3.25,3.25
S2324-G1133,T. Herro,2,17.486666666666668,17.4864888888889
S2324-G1133,T. Herro,3,5.199999999999999,5.20000000000002
S2324-G1133,T. Herro,4,26.572527472527472,26.473079174261414
S2324-G1133,T. McConnell,1,16.133333333333333,16.133419047619036
S2324-G1133,T. McConnell,2,18.095238095238095,18.09511034798533
S2324-G1133,T. McConnell,3,9.55,9.549999999999969
S2324-G1133,T. McConnell,4,14.095238095238095,14.095348443223427
S2324-G1133,T. Rozier,1,9.814285714285713,9.814285714285694
S2324-G1133,T. Rozier,2,12.23,12.229671428571443
S2324-G1133,T. Rozier,3,0.8,0.7999999999999988
S2324-G1140,B. Hield,1,6.125,6.125
S2324-G1140,B. Hield,2,17.083333333333332,17.079711874236907
S2324-G1140,B. Hield,3,5.371428571428571,5.371428571428598
S2324-G1140,B. Wesley,1,5.3,5.29999999999998
S2324-G1140,B. Wesley,2,0.8666666666666667,0.8666666666666683
S2324-G1140,B. Wesley,3,7.425,7.4249999999999705
S2324-G1140,B. Wesley,4,5.214285714285714,5.214285714285694
S2324-G1140,C. Payne,1,13.036363636363637,13.036363636363612
S2324-G1140,C. Payne,2,7.779999999999999,7.779999999999977
S2324-G1140,C. Payne,3,3.1,3.0999999999999956
S2324-G1140,D. Graham,1,8.55,8.54999999999997
S2324-G1140,D. Graham,2,7.792307692307692,7.792998168498177
S2324-G1140,D. Graham,3,3.1666666666666665,3.166666666666666
S2324-G1140,D. Graham,4,10.743956043956043,10.744587759462792
S2324-G1140,D. Graham,5,6.166666666666667,6.166666666666664
S2324-G1140,D. Graham,6,3.25,3.25
S2324-G1140,D. Wingate,6,1.2,1.200000000000001
S2324-G1140,J. Champagnie,1,10.711111111111112,10.715309523809573
S2324-G1140,J. Champagnie,2,6.199999999999999,6.200000000000022
S2324-G1140,J. Champagnie,3,14.066666666666666,14.066919871794845
S2324-G1140,J. Champagnie,4,6.214285714285714,6.214285714285707
S2324-G1140,J. Champagnie,5,3.1666666666666665,3.166666666666666
S2324-G1140,J. Champagnie,6,5.433333333333333,5.433333333333313
S2324-G1140,J. Dowtin Jr.,1,3.25,3.25
S2324-G1140,J. Dowtin Jr.,2,0.7714285714285714,0.7714285714285721
S2324-G1140,J. Dowtin Jr.,3,3.3666666666666667,3.366666666666674
S2324-G1140,J. Dowtin Jr.,4,0.8666666666666667,0.8666666666666675
S2324-G1140,K. Johnson,1,6.25,6.25
S2324-G1140,K. Johnson,2,7.16969696969697,7.1641573593073655
S2324-G1140,K. Johnson,3,12.446666666666665,12.451351914751932
S2324-G1140,K. Johnson,4,3.338095238095238,3.3371428571428585
S2324-G1140,K. Martin,1,5.071428571428571,5.0714285714285605
S2324-G1140,K. Martin,2,3.1666666666666665,3.166666666666666
S2324-G1140,K. Martin,3,0.8666666666666667,0.8666666666666683
S2324-G1140,K. Martin,4,0.8666666666666667,0.8666666666666675
S2324-G1140,K. Martin,5,9.65,9.650000000000034
S2324-G1140,K. Martin,6,5.25,5.25
S2324-G1140,K. Oubre Jr.,1,26.78095238095238,26.778689898336925
S2324-G1140,K. Oubre Jr.,2,18.68,18.694959920634886
S2324-G1140,K. Oubre Jr.,3,3.29,3.2899999999999987
S2324-G1140,K. Oubre Jr.,4,22.866666666666667,22.869896303696336
S2324-G1140,K. Oubre Jr.,5,9.933333333333334,9.93363636363638
S2324-G1140,K. Oubre Jr.,6,0.95,0.9499999999999977
S2324-G1140,M. Bamba,1,10.78,10.77833492063491
S2324-G1140,M. Bamba,2,5.52,5.518716666666654
S2324-G1140,M. Bamba,3,3.3666666666666667,3.366666666666673
S2324-G1140,M. Bamba,4,0.8,0.7999999999999983
S2324-G1140,M. Branham,1,3.1666666666666665,3.166666666666666
S2324-G1140,M. Branham,2,22.433333333333334,22.432679688775316
S2324-G1140,M. Branham,3,7.514285714285714,7.514285714285733
S2324-G1140,M. Branham,4,14.08,14.079999999999961
S2324-G1140,M. Branham,5,6.166666666666667,6.166666666666664
S2324-G1140,M. Branham,6,8.633333333333333,8.633333333333372
S2324-G1140,N. Batum,1,3.2142857142857144,3.2142857142857086
S2324-G1140,N. Batum,2,5.5,5.4995
S2324-G1140,N. Batum,3,0.95,0.9499999999999976
S2324-G1140,N. Batum,4,13.814285714285713,13.814285714285694
S2324-G1140,N. Batum,5,0.95,0.9499999999999977
S2324-G1140,N. Batum,6,6.25,6.25
S2324-G1140,P. Reed,1,12.466666666666667,12.392371825396856
S2324-G1140,P. Reed,2,11.766666666666666,11.766666666666682
S2324-G1140,P. Reed,3,12.9,12.89596883116884
S2324-G1140,P. Reed,4,3.3,3.2989777722277687
S2324-G1140,R. Childress,5,1.2,1.200000000000001
S2324-G1140,R. Council IV,4,16.288888888888888,16.28503968253965
S2324-G1140,R. Council IV,5,0.8666666666666667,0.8666666666666673
S2324-G1140,R. Council IV,6,8.483333333333334,8.49225476190477
S2324-G1140,S. Mamukelashvili,1,3.25,3.25
S2324-G1140,S. Mamukelashvili,2,7.326666666666667,7.330360728160722
S2324-G1140,S. Mamukelashvili,3,6.066666666666667,6.065000000000011
S2324-G1140,S. Mamukelashvili,4,7.504761904761905,7.504761904761895
S2324-G1140,T. Jones,1,13.226666666666667,13.231384373959349
S2324-G1140,T. Jones,2,9.575,9.575082264957295
S2324-G1140,T. Jones,3,5.166666666666667,5.1666666666666465
S2324-G1140,T. Jones,4,18.366666666666667,18.3676687230898
S2324-G1140,T. Jones,5,9.997142857142858,9.996942857142818
S2324-G1140,T. Jones,6,5.6,5.600000000000007
S2324-G1140,T. Maxey,1,16.166666666666668,16.166666666666632
S2324-G1140,T. Maxey,2,22.711111111111112,22.709993037518064
S2324-G1140,T. Maxey,3,47.26470588235294,43.6688746040208
S2324-G1140,T. Maxey,4,39.84444444444445,39.81911319049883
S2324-G1140,T. Maxey,5,14.283333333333333,14.272791161616148
S2324-G1140,T. Maxey,6,12.533333333333333,12.44584487734489
S2324-G1140,V. Divac,1,1.2,1.200000000000001
S2324-G1140,V. Wembanyama,1,21.0,20.94635157143341
S2324-G1140,V. Wembanyama,2,22.58034188034188,22.582852573815067
S2324-G1140,V. Wembanyama,3,11.873333333333333,11.874471428571404
S2324-G1140,V. Wembanyama,4,18.8275,18.860747451159945
S2324-G1140,V. Wembanyama,5,9.988888888888889,9.994183802308802
S2324-G1140,V. Wembanyama,6,1.1833333333333333,1.1993452380952372
S2324-G1140,Z. Collins,1,9.95,9.94932142857146
S2324-G1140,Z. Collins,2,10.612987012987013,10.612790764790805
S2324-G1140,Z. Collins,3,7.883333333333333,7.850104761904763
S2324-G1140,Z. Collins,4,0.7714285714285714,0.7714285714285721
S2324-G1145,B. Boeheim,4,3.1666666666666665,3.166666666666666
S2324-G1145,B. Hield,1,4.383333333333333,4.3856337662337594
S2324-G1145,B. Hield,2,10.564285714285713,10.564285714285694
S2324-G1145,B. Hield,3,10.775,10.77500000000004
S2324-G1145,B. Hield,4,23.742307692307694,23.746997871083217
S2324-G1145,C. Metu,1,10.16,10.157202164502184
S2324-G1145,C. Metu,2,5.166666666666667,5.1666666666666465
S2324-G1145,C. Metu,3,9.836507936507935,9.842342185592225
S2324-G1145,C. Metu,4,8.506666666666666,8.506666666666662
S2324-G1145,C. Payne,1,7.506666666666667,7.5066666666666615
S2324-G1145,C. Payne,2,6.166666666666667,6.166666666666664
S2324-G1145,C. Payne,3,0.825,0.8249999999999992
S2324-G1145,C. Payne,4,0.8055555555555556,0.805555555555554
S2324-G1145,D. Melton,2,13.1,13.099999999999952
S2324-G1145,D. Melton,4,14.480952380952381,14.476250072231695
S2324-G1145,E. Fournier,1,6.166666666666667,6.166666666666664
S2324-G1145,E. Fournier,2,24.375,24.411785711347505
S2324-G1145,E. Fournier,3,9.6,9.599999999999966
S2324-G1145,E. Fournier,4,9.74,9.739827777777785
S2324-G1145,H. Olajuwon,1,1.2,1.200000000000001
S2324-G1145,J. Dowtin Jr.,2,14.066666666666666,14.066666666666638
S2324-G1145,J. Dowtin Jr.,3,12.033333333333335,12.037543001442984
S2324-G1145,J. Dowtin Jr.,4,0.8666666666666667,0.8666666666666681
S2324-G1145,J. Duren,1,3.5000000000000004,3.4995
S2324-G1145,J. Duren,2,18.51298701298701,18.512288600288656
S2324-G1145,J. Duren,3,8.477777777777778,8.425867388167397
S2324-G1145,J. Duren,4,16.392857142857142,16.393878811466365
S2324-G1145,J. Embiid,1,22.59206349206349,22.596521867593214
S2324-G1145,J. Embiid,2,27.05873015873016,27.056833314234822
S2324-G1145,J. Embiid,3,20.577272727272728,20.579262282325523
S2324-G1145,J. Embiid,4,21.56984126984127,21.55440448293536
S2324-G1145,J. Ivey,1,23.403030303030302,23.408037460497034
S2324-G1145,J. Ivey,2,16.23,16.230000000000015
S2324-G1145,J. Ivey,3,19.847619047619048,19.829943023153312
S2324-G1145,J. Ivey,4,8.425,8.424999999999972
S2324-G1145,J. Nowell,2,5.2,5.20000000000002
S2324-G1145,J. Nowell,3,3.1666666666666665,3.166666666666666
S2324-G1145,J. Nowell,4,0.8,0.7999999999999983
S2324-G1145,J. Rhoden,1,5.438095238095238,5.438095238095232
S2324-G1145,J. Rhoden,2,0.8666666666666667,0.8666666666666683
S2324-G1145,J. Rhoden,3,3.3,3.2999999999999967
S2324-G1145,J. Rhoden,4,7.475,7.474999999999983
S2324-G1145,J. Wiseman,1,9.516666666666667,9.516511355311343
S2324-G1145,J. Wiseman,2,0.8666666666666667,0.8666666666666676
S2324-G1145,J. Wiseman,3,5.300000000000001,5.29999999999998
S2324-G1145,J. Wiseman,4,7.575,7.575000000000028
S2324-G1145,K. Oubre Jr.,1,16.42,16.42209541569546
S2324-G1145,K. Oubre Jr.,2,10.766666666666666,10.766666666666662
S2324-G1145,K. Oubre Jr.,3,27.44090909090909,27.442419786714844
S2324-G1145,K. Oubre Jr.,4,3.0,2.9998
S2324-G1145,M. Bamba,4,5.5,5.549347619047626
S2324-G1145,M. Flynn,1,5.166666666666667,5.1666666666666465
S2324-G1145,M. Flynn,2,9.715384615384615,9.73089225774229
S2324-G1145,M. Flynn,3,0.8666666666666667,0.8666666666666686
S2324-G1145,M. Flynn,4,20.28333333333333,20.32016317669255
S2324-G1145,M. Sasser,1,9.7,9.700000000000031
S2324-G1145,M. Sasser,2,3.3,3.2999999999999967
S2324-G1145,M. Sasser,3,20.513675213675214,20.51344090354082
S2324-G1145,M. Sasser,4,3.1380952380952376,3.1380952380952376
S2324-G1145,N. Batum,1,0.9142857142857144,0.9142857142857117
S2324-G1145,N. Batum,2,7.438095238095238,7.43809523809523
S2324-G1145,N. Batum,3,5.55,5.549999999999978
S2324-G1145,N. Batum,4,0.8666666666666667,0.8666666666666681
S2324-G1145,P. Reed,1,14.337142857142858,14.33609535187033
S2324-G1145,P. Reed,2,3.2,3.2000000000000095
S2324-G1145,P. Reed,3,5.29,5.289999999999985
S2324-G1145,P. Reed,4,5.166666666666667,5.1666666666666465
S2324-G1145,R. Council IV,1,10.9,10.900000000000041
S2324-G1145,R. Council IV,3,3.1666666666666665,3.166666666666666
S2324-G1145,T. Brown Jr.,1,3.0555555555555554,3.0555555555555456
S2324-G1145,T. Brown Jr.,2,0.8,0.7999999999999983
S2324-G1145,T. Brown Jr.,3,3.2777777777777777,3.2777777777777843
S2324-G1145,T. Brown Jr.,4,0.8666666666666667,0.8666666666666681
S2324-G1145,T. Harris,1,25.524786324786326,25.471503183173056
S2324-G1145,T. Harris,2,7.246666666666667,7.247331601731603
S2324-G1145,T. Harris,3,4.271428571428571,4.283601587301586
S2324-G1145,T. Harris,4,11.725,11.724999999999957
S2324-G1145,T. Smith,4,0.8666666666666667,0.866666666666669
S2324-G1147,B. Adebayo,1,6.166666666666667,6.166666666666664
S2324-G1147,B. Adebayo,2,10.492307692307692,10.492019813519857
S2324-G1147,B. Adebayo,3,7.5,7.5
S2324-G1147,B. Adebayo,4,3.1833333333333336,3.185779304029298
S2324-G1147,B. Adebayo,5,3.25,3.25
S2324-G1147,B. Adebayo,6,3.25,3.25
S2324-G1147,B. Bogdanovic,1,23.05,23.056659188850425
S2324-G1147,B. Bogdanovic,2,10.825,10.82500000000002
S2324-G1147,B. Bogdanovic,3,7.914285714285715,7.914285714285752
S2324-G1147,B. Bogdanovic,4,3.2066666666666666,3.2066666666666697
S2324-G1147,B. Bogdanovic,5,3.2666666666666666,3.26666666666666
S2324-G1147,B. Bogdanovic,6,7.966666666666666,7.966563131313148
S2324-G1147,B. Fernando,1,18.177777777777777,18.17777777777782
S2324-G1147,B. Fernando,2,3.2,3.2000000000000095
S2324-G1147,B. Fernando,3,3.05,3.0499999999999994
S2324-G1147,B. Fernando,4,3.0,3.0001333333333333
S2324-G1147,C. Capela,1,0.9142857142857144,0.9142857142857117
S2324-G1147,C. Capela,2,0.8666666666666667,0.8666666666666686
S2324-G1147,C. Capela,3,7.564285714285714,7.564285714285693
S2324-G1147,C. Capela,4,7.733333333333333,7.733333333333344
S2324-G1147,C. Capela,5,1.05,1.0500000000000034
S2324-G1147,C. Capela,6,12.417142857142858,12.395596825396838
S2324-G1147,C. Martin,1,7.806666666666667,7.8044833333333035
S2324-G1147,C. Martin,2,5.438095238095238,5.438095238095232
S2324-G1147,C. Martin,3,5.55,5.549999999999978
S2324-G1147,C. Martin,4,5.5,5.5
S2324-G1147,D. Hunter,1,9.5,9.5
S2324-G1147,D. Hunter,2,16.746666666666666,16.747110302197758
S2324-G1147,D. Hunter,3,30.145833333333332,30.143129667717922
S2324-G1147,D. Hunter,4,8.074603174603174,8.030369372294386
S2324-G1147,D. Hunter,5,9.9,9.900000000000036
S2324-G1147,D. Hunter,6,7.666666666666667,7.666666666666682
S2324-G1147,D. Murray,1,16.513675213675214,16.51507662615157
S2324-G1147,D. Murray,2,15.211111111111112,15.211111111111183
S2324-G1147,D. Murray,3,28.78210526315789,28.809556289217333
S2324-G1147,D. Murray,4,28.214285714285715,28.220425190903885
S2324-G1147,D. Murray,5,12.377142857142857,12.380508982683988
S2324-G1147,D. Murray,6,5.75,5.75
S2324-G1147,D. Wright,2,17.066666666666666,17.06666666666663
S2324-G1147,D. Wright,3,0.9333333333333332,0.9333333333333365
S2324-G1147,D. Wright,4,0.8666666666666667,0.8666666666666681
S2324-G1147,G. Mathews,1,0.8,0.7999999999999986
S2324-G1147,G. Mathews,2,16.05,16.095443967143932
S2324-G1147,G. Mathews,3,13.23,13.231076709401723
S2324-G1147,G. Mathews,4,7.6000000000000005,7.599999999999982
S2324-G1147,G. Sutton,3,1.2,1.200000000000001
S2324-G1147,H. Highsmith,2,13.314285714285715,13.293456277056286
S2324-G1147,H. Highsmith,3,5.5,5.5
S2324-G1147,H. Highsmith,4,6.203030303030303,6.202914418914439
S2324-G1147,H. Highsmith,5,6.366666666666667,6.366666666666651
S2324-G1147,H. Highsmith,6,9.55,9.549999999999969
S2324-G1147,J. Butler,1,20.15824175824176,20.156706712396623
S2324-G1147,J. Butler,2,5.166666666666667,5.1666666666666465
S2324-G1147,J. Butler,3,13.2,13.198404040404032
S2324-G1147,J. Butler,4,17.94,17.92665615079369
S2324-G1147,J. Butler,5,5.683333333333333,5.684445238095219
S2324-G1147,J. Butler,6,1.05,1.0500000000000034
S2324-G1147,J. Jaquez Jr.,2,3.1,3.0999999999999948
S2324-G1147,J. Jaquez Jr.,3,6.233333333333333,6.233333333333344
S2324-G1147,J. Jaquez Jr.,4,0.9000000000000001,0.9000000000000038
S2324-G1147,J. Johnson,1,12.914285714285713,12.914285714285734
S2324-G1147,J. Johnson,2,5.2272727272727275,5.227272727272743
S2324-G1147,J. Johnson,3,13.875,13.87516452991453
S2324-G1147,K. Bufkin,1,5.666666666666667,5.666666666666661
S2324-G1147,K. Bufkin,2,10.025,10.024358549783559
S2324-G1147,K. Bufkin,4,12.19,12.190316666666709
S2324-G1147,K. Love,1,13.2,13.199283120147813
S2324-G1147,N. Jovic,1,17.036363636363635,17.036515151515125
S2324-G1147,N. Jovic,2,6.1,6.099999999999995
S2324-G1147,N. Jovic,3,15.803030303030303,15.805250685425726
S2324-G1147,N. Jovic,4,0.8666666666666667,0.8666666666666678
S2324-G1147,N. Jovic,5,8.733333333333334,8.733333333333347
S2324-G1147,N. Jovic,6,7.65,7.650000000000019
S2324-G1147,T. Herro,1,17.133333333333333,17.133333333333315
S2324-G1147,T. Herro,2,23.717307692307692,23.717197686545436
S2324-G1147,T. Herro,3,15.155844155844155,15.155844155844111
S2324-G1147,T. Herro,4,27.3675,27.369778472404786
S2324-G1147,T. Herro,6,12.133333333333335,12.11993178210678
S2324-G1147,T. Porter,3,1.2,1.200000000000001
S2324-G1147,V. Krejci,1,0.9142857142857144,0.9142857142857117
S2324-G1147,V. Krejci,2,3.0666666666666664,3.0666666666666726
S2324-G1147,V. Krejci,3,3.25,3.25
S2324-G1147,V. Krejci,4,0.8666666666666667,0.8666666666666685
S2324-G1147,V. Krejci,5,1.05,1.0500000000000034
S2324-G1147,V. Krejci,6,3.1666666666666665,3.166666666666666
S2324-G1147,W. Matthews,4,2.9,2.8999999999999893
S2324-G1153,A. Len,1,1.2666666666666666,1.2658333333333396
S2324-G1153,A. Len,2,0.8055555555555556,0.805555555555554
S2324-G1153,A. Len,3,0.9142857142857144,0.9142857142857117
S2324-G1153,A. Wiggins,2,11.804761904761905,11.804761904761968
S2324-G1153,A. Wiggins,3,0.8,0.7999999999999985
S2324-G1153,A. Wiggins,4,6.264285714285714,6.264285714285729
S2324-G1153,C. Holmgren,1,11.877777777777778,11.877777777777748
S2324-G1153,C. Holmgren,2,6.501098901098901,6.5183957015207055
S2324-G1153,C. Holmgren,3,18.13650793650794,18.134106920856894
S2324-G1153,C. Holmgren,4,2.96,2.961343686868685
S2324-G1153,C. Jones,1,5.666666666666667,5.666666666666661
S2324-G1153,C. Jones,2,0.8666666666666667,0.8666666666666668
S2324-G1153,C. Jones,3,0.9000000000000001,0.9000000000000038
S2324-G1153,C. Jones,4,2.838095238095238,2.8380952380952453
S2324-G1153,C. Wallace,1,5.6,5.600000000000007
S2324-G1153,C. Wallace,2,5.466666666666667,5.46666666666669
S2324-G1153,C. Wallace,3,0.8666666666666667,0.8666666666666681
S2324-G1153,C. Wallace,4,6.138095238095238,6.138095238095255
S2324-G1153,D. Fox,1,33.42916666666667,33.409240031373876
S2324-G1153,D. Fox,2,21.669444444444444,21.672153039525806
S2324-G1153,D. Fox,3,25.642307692307693,25.51728403083843
S2324-G1153,D. Fox,4,22.750877192982458,22.750136658748875
S2324-G1153,D. Mitchell,1,3.1,3.0999999999999948
S2324-G1153,D. Mitchell,2,20.404545454545453,20.48981576479072
S2324-G1153,D. Mitchell,3,0.8666666666666667,0.8666666666666683
S2324-G1153,D. Mitchell,4,10.092307692307692,10.103324571506914
S2324-G1153,D. Sabonis,1,3.3,3.2989777722277687
S2324-G1153,D. Sabonis,2,5.203030303030303,5.202877788877805
S2324-G1153,D. Sabonis,3,12.980341880341879,12.964505111555109
S2324-G1153,D. Sabonis,4,6.666666666666667,6.64382835497837
S2324-G1153,H. Barnes,1,6.366666666666667,6.36468333333332
S2324-G1153,H. Barnes,2,5.205454545454545,5.211342929292937
S2324-G1153,H. Barnes,3,6.55,6.570484343434333
S2324-G1153,H. Barnes,4,14.266666666666666,14.265858333333378
S2324-G1153,H. Miner,1,1.2,1.200000000000001
S2324-G1153,I. Joe,1,5.175,5.174999999999982
S2324-G1153,I. Joe,2,10.806666666666667,10.80666666666664
S2324-G1153,I. Joe,3,3.1,3.0999999999999948
S2324-G1153,I. Joe,4,10.436363636363637,10.437340909090944
S2324-G1153,J. Giddey,1,5.29,5.289999999999985
S2324-G1153,J. Giddey,2,5.433333333333334,5.43319999999998
S2324-G1153,J. Giddey,3,5.527272727272727,5.52727272727271
S2324-G1153,J. Giddey,4,7.75,7.736457142857148
S2324-G1153,J. Williams,1,8.48,8.480000000000015
S2324-G1153,J. Williams,2,14.043956043956044,14.044070054945026
S2324-G1153,J. Williams,3,11.74,11.739764285714267
S2324-G1153,J. Williams,4,16.4675,16.46526810036373
S2324-G1153,K. Ellis,1,26.695238095238096,26.713094474969456
S2324-G1153,K. Ellis,2,15.858730158730157,15.859410173160116
S2324-G1153,K. Ellis,3,17.742307692307694,17.73342695245931
S2324-G1153,K. Ellis,4,8.625,8.626130106005114
S2324-G1153,K. Murray,1,9.866666666666665,9.86666666666662
S2324-G1153,K. Murray,2,16.06969696969697,16.069696969696935
S2324-G1153,K. Murray,3,24.053333333333335,24.054634689785615
S2324-G1153,K. Murray,4,5.533333333333334,5.5333333333333234
S2324-G1153,K. Williams,2,5.525,5.524999999999992
S2324-G1153,L. Dort,1,18.442307692307693,18.442182692307647
S2324-G1153,L. Dort,2,7.504761904761905,7.504761904761895
S2324-G1153,L. Dort,3,20.092307692307692,20.092457802818092
S2324-G1153,L. Dort,4,0.8666666666666667,0.8666666666666685
S2324-G1153,M. Muscala,1,0.8666666666666667,0.866666666666669
S2324-G1153,R. Jordan,4,1.2,1.200000000000001
S2324-G1153,S. Gilgeous-Alexander,1,25.767307692307693,25.76500111138863
S2324-G1153,S. Gilgeous-Alexander,2,13.142857142857142,13.140015706515724
S2324-G1153,S. Gilgeous-Alexander,3,34.1,34.07023446275949
S2324-G1153,S. Gilgeous-Alexander,4,19.317857142857143,19.3537377303252
S2324-G1153,T. Lyles,1,5.85,5.850000000000003
S2324-G1153,T. Lyles,2,3.1,3.099999999999994
S2324-G1153,T. Lyles,3,10.977777777777778,10.974447105672123
S2324-G1153,T. Lyles,4,3.14,3.139999999999989
S2324-G1161,A. Lawson,4,0.95,0.9499999999999977
S2324-G1161,A. Williams,4,3.1666666666666665,3.166666666666666
S2324-G1161,B. Adebayo,1,14.423809523809522,14.423809523809563
S2324-G1161,B. Adebayo,2,10.214285714285714,10.214164285714308
S2324-G1161,B. Adebayo,3,13.914285714285713,13.91427922077923
S2324-G1161,B. Adebayo,4,3.2,3.2000000000000095
S2324-G1161,B. Williams,4,5.166666666666667,5.1666666666666465
S2324-G1161,C. Martin,1,15.244444444444445,15.244444444444493
S2324-G1161,C. Martin,2,21.78095238095238,21.782654625929617
S2324-G1161,C. Martin,3,0.9066666666666666,0.9066666666666664
S2324-G1161,C. Martin,4,12.005555555555555,12.009225135975099
S2324-G1161,C. Swider,4,3.1666666666666665,3.166666666666666
S2324-G1161,D. Exum,1,8.5,8.5
S2324-G1161,D. Exum,2,0.8666666666666667,0.8666666666666675
S2324-G1161,D. Exum,3,0.9000000000000001,0.9000000000000038
S2324-G1161,D. Exum,4,0.8,0.7999999999999986
S2324-G1161,D. Gafford,1,0.8,0.7999999999999986
S2324-G1161,D. Gafford,2,22.367857142857144,22.37041111395917
S2324-G1161,D. Gafford,3,0.8,0.7999999999999993
S2324-G1161,D. Gafford,4,5.140000000000001,5.139990476190466
S2324-G1161,D. Jones Jr.,1,7.466666666666667,7.466666666666693
S2324-G1161,D. Jones Jr.,2,9.806666666666667,9.80666666666663
S2324-G1161,D. Jones Jr.,3,15.184415584415584,15.1844714285714
S2324-G1161,D. Jones Jr.,4,10.899999999999999,10.899564935064975
S2324-G1161,H. Highsmith,2,5.2,5.201022727272746
S2324-G1161,H. Highsmith,3,5.533333333333334,5.5333333333333234
S2324-G1161,H. Highsmith,4,0.9238095238095239,0.920621353646354
S2324-G1161,J. Butler,1,8.5,8.500214285714286
S2324-G1161,J. Butler,2,12.823809523809523,12.823809523809507
S2324-G1161,J. Butler,3,7.514285714285714,7.514285714285733
S2324-G1161,J. Butler,4,5.166666666666667,5.1666666666666465
S2324-G1161,J. Green,1,0.8666666666666667,0.866666666666669
S2324-G1161,J. Green,2,3.2142857142857144,3.2142857142857086
S2324-G1161,J. Green,3,10.914285714285713,10.91421428571433
S2324-G1161,J. Green,4,3.2,3.2000000000000095
S2324-G1161,J. Hardy,4,3.45,3.4500000000000055
S2324-G1161,J. Jaquez Jr.,1,6.166666666666667,6.166666666666664
S2324-G1161,J. Jaquez Jr.,2,0.9,0.9000000000000037
S2324-G1161,J. Jaquez Jr.,3,3.1,3.0999999999999943
S2324-G1161,J. Jaquez Jr.,4,8.514285714285714,8.514285714285732
S2324-G1161,K. Irving,1,27.04285714285714,27.04143170949276
S2324-G1161,K. Irving,2,21.067857142857143,21.082208849483823
S2324-G1161,K. Irving,3,3.1,3.0999999999999956
S2324-G1161,K. Irving,4,11.655555555555555,11.656009912309921
S2324-G1161,K. Love,1,0.8666666666666667,0.866666666666669
S2324-G1161,K. Love,2,6.3,6.300095238095215
S2324-G1161,K. Love,3,20.25,20.252032511563105
S2324-G1161,K. Love,4,13.24155844155844,13.244989105339132
S2324-G1161,L. Doncic,1,30.122222222222224,30.117645946030265
S2324-G1161,L. Doncic,2,16.136363636363637,16.136363636363622
S2324-G1161,L. Doncic,3,27.71470588235294,27.77193383063011
S2324-G1161,L. Doncic,4,11.823809523809523,11.823809523809519
S2324-G1161,M. Kleber,1,0.8666666666666667,0.8666666666666677
S2324-G1161,M. Kleber,2,3.2666666666666666,3.26666666666666
S2324-G1161,M. Kleber,3,5.166666666666667,5.1666666666666465
S2324-G1161,M. Kleber,4,0.8666666666666667,0.8666666666666675
S2324-G1161,N. Jovic,1,9.806666666666667,9.80666666666663
S2324-G1161,N. Jovic,2,5.466666666666667,5.46666666666669
S2324-G1161,N. Jovic,3,14.24155844155844,14.240551573426604
S2324-G1161,O. Prosper,4,9.55,9.549999999999969
S2324-G1161,P. Mills,1,8.55,8.54999999999997
S2324-G1161,P. Mills,2,2.9,2.8999999999999893
S2324-G1161,P. Mills,4,7.475,7.474999999999983
S2324-G1161,P. Washington,1,12.864285714285714,12.864285714285725
S2324-G1161,P. Washington,2,3.225,3.225000000000012
S2324-G1161,P. Washington,3,13.1,13.099961538461491
S2324-G1161,P. Washington,4,11.725,11.727563416648698
S2324-G1161,T. Hardaway Jr.,1,3.2,3.2000000000000095
S2324-G1161,T. Hardaway Jr.,2,15.005555555555555,15.004151018589212
S2324-G1161,T. Hardaway Jr.,3,7.833333333333333,7.833333333333317
S2324-G1161,T. Herro,1,14.006666666666666,14.009227489177482
S2324-G1161,T. Herro,2,14.127272727272727,14.127415584415592
S2324-G1161,T. Herro,3,12.926666666666666,12.927139377289407
S2324-G1161,T. Herro,4,18.347058823529412,18.348080223826763
S2324-G1165,A. Coffey,1,5.466666666666667,5.46666666666669
S2324-G1165,A. Coffey,2,8.56,8.575196212121188
S2324-G1165,A. Coffey,3,19.87,19.864012698412694
S2324-G1165,A. Coffey,4,10.736363636363636,10.737
S2324-G1165,B. Beal,1,8.206666666666667,8.20715992340994
S2324-G1165,B. Beal,2,24.011111111111113,24.007897261209724
S2324-G1165,B. Beal,3,24.717307692307692,24.713665858663987
S2324-G1165,B. Beal,4,11.8010989010989,11.800938461538466
S2324-G1165,B. Boston Jr.,1,10.938095238095238,10.944841774891767
S2324-G1165,B. Boston Jr.,2,21.75,21.751561499611498
S2324-G1165,B. Boston Jr.,3,21.818181818181817,21.82264964217073
S2324-G1165,B. Boston Jr.,4,27.713765182186236,27.724780331922947
S2324-G1165,B. Hyland,1,32.166666666666664,31.903245790578545
S2324-G1165,B. Hyland,2,21.597142857142856,21.590782284382318
S2324-G1165,B. Hyland,3,35.136538461538464,35.033108762101385
S2324-G1165,B. Hyland,4,19.10952380952381,19.09190763958264
S2324-G1165,D. Booker,1,37.67333333333333,37.718354300257786
S2324-G1165,D. Booker,2,5.666666666666667,5.666666666666661
S2324-G1165,D. Booker,3,28.364705882352943,28.36680649001408
S2324-G1165,D. Booker,4,24.452380952380953,24.456274808851262
S2324-G1165,D. Roddy,4,3.1666666666666665,3.166666666666666
S2324-G1165,D. Theis,1,7.571428571428571,7.571428571428596
S2324-G1165,D. Theis,2,0.95,0.9499999999999976
S2324-G1165,E. Gordon,1,7.800000000000001,7.800166666666639
S2324-G1165,E. Gordon,2,18.155844155844154,18.154904473304427
S2324-G1165,E. Gordon,3,6.166666666666667,6.166666666666664
S2324-G1165,E. Gordon,4,5.425,5.424999999999979
S2324-G1165,G. Allen,1,5.85,5.850500000000003
S2324-G1165,G. Allen,2,6.204761904761904,6.204738095238078
S2324-G1165,G. Allen,3,3.4000000000000004,3.3999999999999875
S2324-G1165,G. Allen,4,6.066666666666666,6.0655287878787965
S2324-G1165,J. Nurkic,1,2.175,2.151233333333335
S2324-G1165,J. Nurkic,2,0.8400000000000001,0.8400000000000027
S2324-G1165,J. Nurkic,3,0.9272727272727272,0.9415594821844825
S2324-G1165,J. Nurkic,4,5.223809523809524,5.223809523809539
S2324-G1165,J. Okogie,4,1.0666666666666667,1.0666666666666644
S2324-G1165,K. Brown,1,5.199999999999999,5.20000000000002
S2324-G1165,K. Brown,2,9.705555555555556,9.70555555555553
S2324-G1165,K. Brown,3,0.8666666666666667,0.8666666666666675
S2324-G1165,K. Brown,4,3.3333333333333335,3.3333333333333366
S2324-G1165,K. Durant,1,21.092307692307692,21.084647398190054
S2324-G1165,K. Durant,2,16.343956043956045,16.346411593961594
S2324-G1165,K. Durant,3,21.46818181818182,21.46530093925675
S2324-G1165,K. Durant,4,17.0875,17.095301578486893
S2324-G1165,M. Plumlee,1,3.2642857142857142,3.264285714285725
S2324-G1165,M. Plumlee,2,11.866666666666665,11.86666666666664
S2324-G1165,M. Plumlee,3,11.67,11.678332611832642
S2324-G1165,M. Plumlee,4,9.842245989304812,9.823301412639637
S2324-G1165,N. Little,4,3.1666666666666665,3.166666666666666
S2324-G1165,P. Tucker,1,7.514285714285714,7.514285714285733
S2324-G1165,P. Tucker,2,0.8666666666666667,0.8666666666666686
S2324-G1165,P. Tucker,3,15.918181818181818,15.944915490065519
S2324-G1165,R. O'Neale,1,9.957142857142857,9.961568542568552
S2324-G1165,R. O'Neale,2,15.028571428571428,15.02975110445113
S2324-G1165,R. O'Neale,3,13.827272727272726,13.827272727272748
S2324-G1165,R. O'Neale,4,7.4363636363636365,7.436363636363635
S2324-G1165,S. Lee,4,5.166666666666667,5.1666666666666465
S2324-G1165,T. Mann,1,11.004761904761905,10.982419155844143
S2324-G1165,T. Young,1,5.564285714285714,5.564285714285695
S2324-G1165,T. Young,2,0.8666666666666667,0.8666666666666676
S2324-G1165,T. Young,4,0.8,0.7999999999999983
S2324-G1165,X. Moon,2,9.436363636363637,9.436696969697012
S2324-G1165,X. Moon,4,9.738095238095237,9.738095238095198
S2324-G1168,A. Holiday,3,16.297142857142855,16.295266848429318
S2324-G1168,A. Holiday,4,3.1,3.0999999999999948
S2324-G1168,A. Thompson,1,18.484415584415583,18.48441558441563
S2324-G1168,A. Thompson,2,11.886666666666667,11.886666666666722
S2324-G1168,A. Thompson,3,3.2,3.200000000000003
S2324-G1168,A. Thompson,4,12.886666666666667,12.88669487179493
S2324-G1168,B. Sensabaugh,1,7.633333333333333,7.633333333333363
S2324-G1168,B. Sensabaugh,2,25.84155844155844,25.841483440170965
S2324-G1168,B. Sensabaugh,3,8.65,8.650000000000027
S2324-G1168,B. Sensabaugh,4,6.800000000000001,6.794211904761888
S2324-G1168,C. Whitmore,1,5.45,5.450000000000021
S2324-G1168,C. Whitmore,2,33.35873015873016,33.37258407874798
S2324-G1168,C. Whitmore,3,3.2066666666666666,3.2066666666666697
S2324-G1168,C. Whitmore,4,5.4,5.39999999999999
S2324-G1168,D. Bazley,1,0.8666666666666667,0.8666666666666677
S2324-G1168,D. Bazley,2,5.246666666666667,5.246666666666669
S2324-G1168,D. Bazley,3,7.657142857142857,7.657278021978011
S2324-G1168,D. Bazley,4,9.44,9.440000000000039
S2324-G1168,D. Brooks,1,5.214285714285714,5.214285714285694
S2324-G1168,D. Brooks,2,9.966666666666667,9.966666666666686
S2324-G1168,D. Brooks,3,0.8,0.7999999999999983
S2324-G1168,D. Brooks,4,28.02914979757085,28.470003982210628
S2324-G1168,F. VanVleet,1,46.28636363636364,46.37259743094793
S2324-G1168,F. VanVleet,2,3.1666666666666665,3.166666666666666
S2324-G1168,F. VanVleet,3,37.84571428571429,37.80992650829125
S2324-G1168,F. VanVleet,4,27.78770053475936,27.741223231098974
S2324-G1168,J. Green,1,16.066666666666666,16.066214285714256
S2324-G1168,J. Green,2,7.875,7.874952272727273
S2324-G1168,J. Green,3,17.136363636363637,17.13627110389608
S2324-G1168,J. Green,4,10.8,10.798649503274493
S2324-G1168,J. Juzang,1,12.985714285714286,12.98824555999557
S2324-G1168,J. Juzang,3,0.9642857142857143,0.9642857142857153
S2324-G1168,J. Juzang,4,10.425,10.424999999999972
S2324-G1168,J. Landale,1,5.166666666666667,5.1666666666666465
S2324-G1168,J. Landale,2,5.246666666666667,5.246666666666669
S2324-G1168,J. Landale,3,0.9,0.9000000000000036
S2324-G1168,J. Landale,4,8.138095238095238,8.138037878787902
S2324-G1168,J. Smith Jr.,1,3.1363636363636362,3.1363636363636282
S2324-G1168,J. Smith Jr.,2,17.155844155844154,17.155844155844107
S2324-G1168,J. Smith Jr.,3,3.1,3.0999999999999956
S2324-G1168,J. Smith Jr.,4,0.8666666666666667,0.8666666666666683
S2324-G1168,K. George,1,5.55,5.549999999999978
S2324-G1168,K. George,2,17.986153846153847,18.01906692196695
S2324-G1168,K. George,3,15.1,15.099999999999945
S2324-G1168,K. George,4,17.677777777777777,17.652963098013135
S2324-G1168,K. Lofton Jr.,1,11.933333333333334,11.933257575757601
S2324-G1168,K. Lofton Jr.,2,6.233333333333333,6.233333333333344
S2324-G1168,K. Lofton Jr.,3,10.803174603174604,10.766038922188923
S2324-G1168,K. Lofton Jr.,4,5.192857142857143,5.185102806915305
S2324-G1168,L. Samanic,1,25.85,25.855246888160874
S2324-G1168,L. Samanic,2,9.100000000000001,9.036458333333341
S2324-G1168,L. Samanic,3,20.614285714285714,20.60761503753818
S2324-G1168,L. Samanic,4,9.9,9.902985031635058
S2324-G1168,M. Potter,1,5.1,5.100000000000014
S2324-G1168,M. Potter,2,3.2,3.2000000000000095
S2324-G1168,O. Yurtseven,1,14.200000000000001,14.20081096681094
S2324-G1168,O. Yurtseven,2,5.566666666666667,5.544533333333345
S2324-G1168,O. Yurtseven,3,14.211111111111112,14.211111111111181
S2324-G1168,R. Bullock Jr.,2,0.8666666666666667,0.866666666666668
S2324-G1168,T. Hendricks,1,0.9066666666666666,0.9066666666666664
S2324-G1168,T. Hendricks,2,3.25,3.25
S2324-G1168,T. Hendricks,3,10.57777777777778,10.577777777777774
S2324-G1168,T. Horton-Tucker,1,5.466666666666667,5.46666666666669
S2324-G1168,T. Horton-Tucker,2,14.9,14.900477466977513
S2324-G1168,T. Horton-Tucker,3,12.233333333333334,12.23383333333331
S2324-G1168,T. Horton-Tucker,4,17.225396825396828,17.225188492389904
S2324-G1174,A. Nembhard,1,0.8,0.7999999999999986
S2324-G1174,A. Nembhard,2,5.166666666666667,5.1666666666666465
S2324-G1174,A. Nembhard,3,7.546666666666667,7.546666666666642
S2324-G1174,A. Nembhard,4,18.566666666666666,18.567003823953787
S2324-G1174,A. Nesmith,1,5.199999999999999,5.20000000000002
S2324-G1174,A. Nesmith,2,10.033333333333335,10.032141774891759
S2324-G1174,A. Nesmith,3,16.933333333333334,16.932760668090108
S2324-G1174,A. Nesmith,4,5.25,5.25
S2324-G1174,B. Sheppard,1,0.95,0.9499999999999977
S2324-G1174,B. Sheppard,2,8.564285714285713,8.564285714285694
S2324-G1174,B. Sheppard,3,0.8666666666666667,0.8666666666666685
S2324-G1174,B. Sheppard,4,3.2,3.2000000000000095
S2324-G1174,C. LeVert,1,9.766666666666666,9.766666666666653
S2324-G1174,C. LeVert,2,21.367857142857144,21.36898459457214
S2324-G1174,C. LeVert,3,9.8,9.799438888888861
S2324-G1174,C. LeVert,4,6.55,6.5661436008436
S2324-G1174,D. Garland,1,3.125,3.125
S2324-G1174,D. Garland,2,12.9,12.899928571428621
S2324-G1174,D. Garland,3,9.766666666666666,9.766666666666653
S2324-G1174,D. Garland,4,19.054545454545455,19.089392291042238
S2324-G1174,D. McDermott,1,0.8666666666666667,0.8666666666666686
S2324-G1174,D. McDermott,2,3.1666666666666665,3.166666666666666
S2324-G1174,D. Mitchell,1,34.66042780748663,34.66371757634343
S2324-G1174,D. Mitchell,2,17.633333333333333,17.624741498194755
S2324-G1174,D. Mitchell,3,34.68421052631579,34.68506069212431
S2324-G1174,D. Mitchell,4,12.025454545454545,12.024315612165601
S2324-G1174,E. Mobley,1,9.59,9.589999999999968
S2324-G1174,E. Mobley,2,13.875,13.87516452991453
S2324-G1174,E. Mobley,3,0.9000000000000001,0.9000000000000038
S2324-G1174,E. Mobley,4,7.425454545454546,7.425342857142864
S2324-G1174,G. Niang,1,6.366666666666667,6.366666666666651
S2324-G1174,G. Niang,2,8.546666666666667,8.546382738095211
S2324-G1174,G. Niang,3,5.405555555555555,5.4060436507936585
S2324-G1174,G. Niang,4,15.42,15.419525219225259
S2324-G1174,I. Okoro,1,5.166666666666667,5.1666666666666465
S2324-G1174,I. Okoro,2,3.2,3.2000000000000095
S2324-G1174,I. Okoro,3,3.1380952380952376,3.1380952380952376
S2324-G1174,I. Okoro,4,8.1,8.152934498834513
S2324-G1174,J. Allen,1,21.593333333333334,21.601379359529332
S2324-G1174,J. Allen,2,14.825,14.824722619047586
S2324-G1174,J. Allen,3,18.095238095238095,18.09504689754688
S2324-G1174,J. Allen,4,10.503030303030304,10.503030303030302
S2324-G1174,J. Smith,1,7.504761904761905,7.504761904761895
S2324-G1174,J. Smith,2,9.55,9.549999999999969
S2324-G1174,J. Smith,3,10.533333333333333,10.533333333333314
S2324-G1174,J. Smith,4,5.6,5.601166666666674
S2324-G1174,M. Strus,1,9.864285714285714,9.864285714285689
S2324-G1174,M. Strus,2,7.833333333333333,7.833333333333317
S2324-G1174,M. Strus,3,3.233333333333333,3.233333333333346
S2324-G1174,M. Strus,4,12.771794871794873,12.793925296925325
S2324-G1174,M. Turner,1,18.643181818181816,18.63022840003133
S2324-G1174,M. Turner,2,10.533333333333333,10.533333333333314
S2324-G1174,M. Turner,3,9.714285714285714,9.71794163059165
S2324-G1174,M. Turner,4,7.6,7.599999999999982
S2324-G1174,O. Toppin,1,3.1666666666666665,3.166666666666666
S2324-G1174,O. Toppin,2,9.586666666666666,9.586361904761874
S2324-G1174,O. Toppin,3,18.544444444444444,18.54459829059822
S2324-G1174,O. Toppin,4,0.8,0.7999999999999997
S2324-G1174,P. Siakam,1,15.200000000000001,15.200419913419875
S2324-G1174,P. Siakam,2,16.417142857142856,16.384268678543673
S2324-G1174,P. Siakam,3,6.666666666666667,6.659646825396834
S2324-G1174,P. Siakam,4,19.557142857142857,19.557216848940588
S2324-G1174,T. Haliburton,1,12.836507936507935,12.83478414640919
S2324-G1174,T. Haliburton,2,10.933333333333334,10.934380952380973
S2324-G1174,T. Haliburton,3,18.16923076923077,18.177682362082322
S2324-G1174,T. Haliburton,4,10.997142857142858,10.996698484848459
S2324-G1174,T. McConnell,1,18.366666666666667,18.36683333333336
S2324-G1174,T. McConnell,2,14.177777777777779,14.177777777777795
S2324-G1174,T. McConnell,3,3.2142857142857144,3.2142857142857086
S2324-G1174,T. McConnell,4,16.105555555555558,16.10590510600507
S2324-G1177,A. Davis,1,32.531221719457015,32.528801943309475
S2324-G1177,A. Davis,2,5.138095238095238,5.138095238095252
S2324-G1177,A. Davis,3,34.76951871657754,34.74493118503442
S2324-G1177,A. Davis,4,18.2475,18.246159869297397
S2324-G1177,A. Reaves,1,18.2,18.200121489621427
S2324-G1177,A. Reaves,2,7.405555555555555,7.405555555555565
S2324-G1177,A. Reaves,3,8.475,8.474999999999973
S2324-G1177,A. Reaves,4,0.825,0.8249999999999992
S2324-G1177,D. Russell,1,9.799999999999999,9.799999999999969
S2324-G1177,D. Russell,2,3.083333333333333,3.083333333333333
S2324-G1177,D. Russell,3,12.106666666666666,12.106666666666616
S2324-G1177,D. Russell,4,3.1363636363636362,3.1363636363636282
S2324-G1177,G. Jackson II,1,24.475,24.428687437072707
S2324-G1177,G. Jackson II,2,24.315384615384616,24.34279837262413
S2324-G1177,G. Jackson II,3,13.795238095238094,13.794824675324637
S2324-G1177,G. Jackson II,4,25.023809523809526,25.014189917272287
S2324-G1177,G. Vincent,1,7.666666666666667,7.666666666666682
S2324-G1177,G. Vincent,2,0.8666666666666667,0.8666666666666675
S2324-G1177,G. Vincent,3,3.1,3.0999999999999948
S2324-G1177,G. Vincent,4,8.466666666666667,8.466666666666692
S2324-G1177,J. Goodwin,1,30.5158371040724,30.520690972391854
S2324-G1177,J. Goodwin,2,3.3666666666666667,3.366666666666674
S2324-G1177,J. Goodwin,3,28.77518796992481,28.774868852797518
S2324-G1177,J. Goodwin,4,17.467058823529413,17.47068526244997
S2324-G1177,J. Hayes,2,7.614285714285715,7.614285714285704
S2324-G1177,J. LaRavia,1,3.233333333333333,3.233333333333346
S2324-G1177,J. LaRavia,2,34.03421052631579,34.07332007698187
S2324-G1177,J. LaRavia,3,12.566666666666666,12.634316108891102
S2324-G1177,J. LaRavia,4,11.884415584415583,11.88441558441556
S2324-G1177,J. White,2,3.2142857142857144,3.2142857142857086
S2324-G1177,J. White,4,3.1104575163398693,3.106683394383403
S2324-G1177,L. James,1,11.9,11.900000000000043
S2324-G1177,L. James,2,25.721212121212123,25.710592992933286
S2324-G1177,L. James,3,17.772527472527475,17.772428353509248
S2324-G1177,L. James,4,31.434210526315788,31.374048748482352
S2324-G1177,R. Hachimura,1,5.264285714285714,5.2642857142857284
S2324-G1177,R. Hachimura,2,15.725,15.724701923076868
S2324-G1177,R. Hachimura,3,7.475,7.474999999999983
S2324-G1177,R. Hachimura,4,3.0,2.996019841269843
S2324-G1177,S. Dinwiddie,1,0.8666666666666667,0.866666666666669
S2324-G1177,S. Dinwiddie,2,6.225,6.226370129870128
S2324-G1177,S. Dinwiddie,3,0.8666666666666667,0.8666666666666676
S2324-G1177,S. Pippen Jr.,1,23.146153846153847,23.140572379173115
S2324-G1177,S. Pippen Jr.,2,24.05757575757576,24.04335351708408
S2324-G1177,S. Pippen Jr.,3,19.228571428571428,19.21760977633474
S2324-G1177,S. Pippen Jr.,4,16.192307692307693,16.193964819902277
S2324-G1177,T. Allen,1,3.35,3.350000000000013
S2324-G1177,T. Allen,2,3.143956043956044,3.1408076923076895
S2324-G1177,T. Allen,3,5.25,5.25
S2324-G1177,T. Allen,4,3.071428571428571,3.0714285714285636
S2324-G1177,T. Jemison,1,5.266666666666667,5.266666666666657
S2324-G1177,T. Jemison,2,5.1,5.100000000000014
S2324-G1177,T. Jemison,3,7.6,7.598405194805175
S2324-G1177,T. Jemison,4,0.8055555555555556,0.805555555555554
S2324-G1177,T. Prince,1,8.466666666666667,8.466666666666692
S2324-G1177,T. Prince,2,11.57777777777778,11.580561111111088
S2324-G1177,T. Prince,3,0.95,0.9499999999999977
S2324-G1177,T. Prince,4,10.055555555555555,10.057572240259779
S2324-G1177,Z. Simpson,1,7.5,7.5
S2324-G1177,Z. Simpson,2,0.8,0.799999999999998
S2324-G1177,Z. Simpson,3,5.466666666666667,5.46666666666669
S2324-G1180,A. Gordon,1,0.8,0.7999999999999987
S2324-G1180,A. Gordon,2,10.466666666666667,10.466666666666688
S2324-G1180,A. Gordon,3,13.827272727272726,13.827070707070723
S2324-G1180,A. Gordon,4,5.25,5.25
S2324-G1180,B. Wesley,1,5.175,5.174999999999982
S2324-G1180,B. Wesley,2,3.1666666666666665,3.166666666666666
S2324-G1180,B. Wesley,3,0.9000000000000001,0.9000000000000038
S2324-G1180,C. Braun,1,7.814285714285714,7.814285714285693
S2324-G1180,C. Braun,2,6.233333333333333,6.233333333333344
S2324-G1180,C. Braun,3,10.600000000000001,10.59999999999996
S2324-G1180,C. Braun,4,6.166666666666667,6.166666666666664
S2324-G1180,D. Duke Jr.,2,0.8,0.7999999999999986
S2324-G1180,D. Duke Jr.,3,5.166666666666667,5.1666666666666465
S2324-G1180,D. Duke Jr.,4,0.8666666666666667,0.8666666666666676
S2324-G1180,D. Graham,1,7.833333333333333,7.833333333333317
S2324-G1180,D. Graham,2,3.1333333333333333,3.133333333333328
S2324-G1180,D. Graham,3,8.514285714285714,8.514285714285732
S2324-G1180,D. Graham,4,20.540000000000003,20.526212670662645
S2324-G1180,J. Champagnie,1,6.166666666666667,6.166666666666664
S2324-G1180,J. Champagnie,2,5.066666666666666,5.066666666666691
S2324-G1180,J. Champagnie,3,9.475,9.474999999999968
S2324-G1180,J. Champagnie,4,8.225,8.225339285714263
S2324-G1180,J. Holiday,1,3.25,3.25
S2324-G1180,J. Holiday,2,13.266666666666666,13.267697294372326
S2324-G1180,J. Holiday,3,10.55,10.549999999999976
S2324-G1180,J. Holiday,4,0.8,0.7999999999999982
S2324-G1180,J. Murray,1,27.11818181818182,27.130510217070537
S2324-G1180,J. Murray,2,28.15714285714286,28.178629331208
S2324-G1180,J. Murray,3,19.82857142857143,19.828420820845828
S2324-G1180,J. Murray,4,23.857142857142858,23.850174048990226
S2324-G1180,K. Caldwell-Pope,1,10.725,10.72499999999996
S2324-G1180,K. Caldwell-Pope,2,5.25,5.25
S2324-G1180,K. Caldwell-Pope,3,5.371428571428571,5.371428571428598
S2324-G1180,K. Caldwell-Pope,4,0.8666666666666667,0.8666666666666685
S2324-G1180,L. Ellis,1,1.2,1.200000000000001
S2324-G1180,M. Porter Jr.,1,9.97,9.970000000000024
S2324-G1180,M. Porter Jr.,2,14.944444444444445,14.944444444444382
S2324-G1180,M. Porter Jr.,3,17.4,17.40038194158788
S2324-G1180,M. Porter Jr.,4,7.800000000000001,7.800166666666639
S2324-G1180,N. Jokic,1,31.186153846153847,31.16405997311516
S2324-G1180,N. Jokic,2,0.9142857142857144,0.9142857142857117
S2324-G1180,N. Jokic,3,11.591452991452993,11.601951909631486
S2324-G1180,N. Jokic,4,12.233333333333334,12.235351010100981
S2324-G1180,P. Watson,1,7.59,7.589999999999979
S2324-G1180,P. Watson,2,7.614285714285715,7.614285714285704
S2324-G1180,P. Watson,3,3.1666666666666665,3.166666666666666
S2324-G1180,P. Watson,4,9.966666666666667,9.9345880952381
S2324-G1180,R. Jackson,2,16.557142857142857,16.555756818181866
S2324-G1180,R. Jackson,3,3.25,3.25
S2324-G1180,R. Jackson,4,9.864285714285714,9.864285714285689
S2324-G1180,S. Cissoko,1,7.564285714285714,7.564285714285693
S2324-G1180,S. Cissoko,2,5.228571428571429,5.2184285714285625
S2324-G1180,S. Cissoko,3,9.514285714285714,9.51428571428573
S2324-G1180,S. Cissoko,4,0.9000000000000001,0.9000000000000038
S2324-G1180,S. Mamukelashvili,1,19.225,19.22657573260068
S2324-G1180,S. Mamukelashvili,2,3.1254545454545455,3.125951337551337
S2324-G1180,S. Mamukelashvili,3,15.095238095238095,15.095238095238075
S2324-G1180,S. Mamukelashvili,4,19.48137254901961,19.481012840590804
S2324-G1180,T. Jones,1,5.166666666666667,5.1666666666666465
S2324-G1180,T. Jones,2,10.783333333333333,10.782667277167258
S2324-G1180,T. Jones,3,5.199999999999999,5.20000000000002
S2324-G1180,T. Jones,4,21.773333333333333,21.771224313594953
S2324-G1180,V. Wembanyama,1,27.505714285714284,27.511197807163594
S2324-G1180,V. Wembanyama,2,21.796103896103897,21.794601317322986
S2324-G1180,V. Wembanyama,3,36.404545454545456,36.405980974911756
S2324-G1180,V. Wembanyama,4,14.458730158730157,14.45733540103688
S2324-G1180,Z. Collins,1,11.514285714285714,11.514285714285704
S2324-G1180,Z. Collins,2,14.0875,14.091849251238996
S2324-G1180,Z. Collins,3,3.1,3.0999999999999956
S2324-G1180,Z. Collins,4,10.775,10.716424062049045
S2324-G1180,Z. Nnaji,2,0.8,0.7999999999999986
S2324-G1180,Z. Nnaji,4,3.4,3.3999999999999875
S2324-G1193,A. Gordon,1,6.286666666666667,6.286609523809509
S2324-G1193,A. Gordon,2,9.514285714285714,9.51428571428573
S2324-G1193,A. Gordon,3,15.903174603174602,15.91919213841712
S2324-G1193,B. Key,4,3.4666666666666663,3.463666666666666
S2324-G1193,C. Braun,1,9.814285714285713,9.814285714285694
S2324-G1193,C. Braun,2,23.847619047619048,23.83274000443995
S2324-G1193,C. Braun,3,8.438095238095238,8.438095238095231
S2324-G1193,C. Braun,4,13.100000000000001,13.0881004329004
S2324-G1193,G. Jackson II,1,28.745714285714286,28.7671036920596
S2324-G1193,G. Jackson II,2,30.153333333333336,30.15157657707356
S2324-G1193,G. Jackson II,3,39.40877192982456,39.40287739134764
S2324-G1193,G. Jackson II,4,32.82727272727273,32.69747920878137
S2324-G1193,H. Miner,1,1.2,1.200000000000001
S2324-G1193,J. Goodwin,1,13.209523809523809,13.210569114219116
S2324-G1193,J. Goodwin,2,11.244444444444445,11.231422102897106
S2324-G1193,J. Goodwin,3,12.155844155844155,12.1543636363636
S2324-G1193,J. Goodwin,4,5.3,5.29999999999998
S2324-G1193,J. Holiday,1,6.166666666666667,6.166666666666664
S2324-G1193,J. Holiday,2,3.2142857142857144,3.2142857142857086
S2324-G1193,J. Holiday,3,3.1,3.0999999999999948
S2324-G1193,J. Holiday,4,5.514285714285714,5.51428571428573
S2324-G1193,J. LaRavia,1,18.877777777777776,18.868086069077926
S2324-G1193,J. LaRavia,2,12.933333333333334,12.93333333333336
S2324-G1193,J. LaRavia,3,14.184415584415584,14.184415584415556
S2324-G1193,J. LaRavia,4,33.086363636363636,33.098023971861565
S2324-G1193,J. Murray,1,25.818181818181817,25.82001800560556
S2324-G1193,J. Murray,2,22.902564102564103,22.89645790320789
S2324-G1193,J. Murray,3,7.63,7.63002948717952
S2324-G1193,J. Strawther,4,0.8666666666666667,0.866666666666669
S2324-G1193,J. White,2,5.6,5.600000000000007
S2324-G1193,J. White,4,5.438095238095238,5.438095238095232
S2324-G1193,K. Caldwell-Pope,1,5.246666666666667,5.246666666666669
S2324-G1193,K. Caldwell-Pope,2,11.933333333333334,11.933574314574336
S2324-G1193,K. Caldwell-Pope,3,10.5,10.5
S2324-G1193,M. Porter Jr.,1,9.9,9.900000000000036
S2324-G1193,M. Porter Jr.,2,17.486666666666668,17.486684523809537
S2324-G1193,M. Porter Jr.,3,15.22857142857143,15.228738636363614
S2324-G1193,N. Jokic,1,18.564705882352943,18.56919163871906
S2324-G1193,N. Jokic,2,9.657142857142858,9.656120670995662
S2324-G1193,N. Jokic,3,15.344444444444445,15.34426161616161
S2324-G1193,P. Watson,1,3.1666666666666665,3.166666666666666
S2324-G1193,P. Watson,2,6.1,6.099999999999999
S2324-G1193,P. Watson,3,0.95,0.9499999999999976
S2324-G1193,P. Watson,4,20.518181818181816,20.52589661588411
S2324-G1193,R. Jackson,2,3.2,3.2000000000000024
S2324-G1193,R. Jackson,3,5.4,5.39999999999999
S2324-G1193,R. Jackson,4,25.9,25.880181264568755
S2324-G1193,S. Pippen Jr.,1,16.27,16.26995779220778
S2324-G1193,S. Pippen Jr.,2,8.733333333333333,8.735083333333343
S2324-G1193,S. Pippen Jr.,3,5.6,5.600000000000007
S2324-G1193,S. Pippen Jr.,4,13.85,13.851863026189463
S2324-G1193,T. Allen,1,5.5,5.5
S2324-G1193,T. Allen,2,0.8,0.8000000000000007
S2324-G1193,T. Allen,3,0.8,0.7999999999999993
S2324-G1193,T. Allen,4,2.0,2.0
S2324-G1193,T. Jemison,1,14.2625,14.267259387834372
S2324-G1193,T. Jemison,2,5.246666666666667,5.246666666666669
S2324-G1193,T. Jemison,3,3.2,3.2000000000000095
S2324-G1193,T. Jemison,4,0.8666666666666667,0.866666666666668
S2324-G1193,Z. Nnaji,2,3.3142857142857145,3.314285714285699
S2324-G1193,Z. Nnaji,4,16.30909090909091,16.291734126984068
S2324-G1193,Z. Simpson,1,7.55,7.549999999999972
S2324-G1193,Z. Simpson,2,16.4,16.400166666666724
S2324-G1193,Z. Simpson,3,5.166666666666667,5.1666666666666465
S2324-G1193,Z. Simpson,4,0.8,0.7999999999999983
S2324-G1199,A. Coffey,1,19.349999999999998,19.367357092907067
S2324-G1199,A. Coffey,2,7.666666666666667,7.666666666666682
S2324-G1199,A. Coffey,3,17.417307692307695,17.415736782661746
S2324-G1199,A. Coffey,4,16.53,16.528960714285766
S2324-G1199,A. Holiday,1,5.566666666666667,5.566670833333351
S2324-G1199,A. Holiday,3,12.933333333333334,12.93333333333336
S2324-G1199,A. Holiday,4,16.38,16.380579736929807
S2324-G1199,A. Thompson,1,9.533333333333333,9.533333333333314
S2324-G1199,A. Thompson,2,6.3,6.300071428571406
S2324-G1199,A. Thompson,3,21.53931623931624,21.541505837463188
S2324-G1199,A. Thompson,4,5.195238095238095,5.194966269841269
S2324-G1199,B. Boston Jr.,1,5.466666666666667,5.46666666666669
S2324-G1199,B. Boston Jr.,2,13.027272727272727,13.021231795981782
S2324-G1199,B. Boston Jr.,3,12.264285714285714,12.264285714285693
S2324-G1199,B. Boston Jr.,4,25.243181818181817,25.212154472651534
S2324-G1199,B. Marjanovic,4,32.45319693094629,32.462516079564594
S2324-G1199,C. Whitmore,1,7.405555555555555,7.405555555555565
S2324-G1199,C. Whitmore,2,18.391666666666666,18.4006502474134
S2324-G1199,C. Whitmore,3,28.036507936507938,28.044922827172883
S2324-G1199,C. Whitmore,4,9.804761904761905,9.804761904761959
S2324-G1199,D. Theis,1,5.166666666666667,5.1666666666666465
S2324-G1199,D. Theis,2,16.241558441558443,16.241796821152732
S2324-G1199,D. Theis,3,10.638095238095238,10.645081890331905
S2324-G1199,D. Theis,4,15.618181818181819,15.589736377511404
S2324-G1199,J. Green,1,29.66042780748663,29.679821930803897
S2324-G1199,J. Green,2,28.628205128205128,28.684764542565308
S2324-G1199,J. Green,3,10.57777777777778,10.577777777777774
S2324-G1199,J. Landale,1,12.833333333333332,12.83333333333334
S2324-G1199,J. Landale,2,3.2142857142857144,3.2142857142857086
S2324-G1199,J. Landale,3,7.846666666666667,7.846666666666648
S2324-G1199,J. Samuels Jr.,3,0.9,0.9000000000000036
S2324-G1199,J. Samuels Jr.,4,0.8666666666666667,0.8666666666666678
S2324-G1199,J. Smith Jr.,1,19.805714285714284,19.81621160506156
S2324-G1199,J. Smith Jr.,2,9.806666666666667,9.80666666666663
S2324-G1199,J. Smith Jr.,3,15.475,15.476880061605014
S2324-G1199,J. Smith Jr.,4,17.380000000000003,17.379309401709474
S2324-G1199,K. Brown,1,9.825,9.825000000000031
S2324-G1199,K. Brown,2,0.9000000000000001,0.9000000000000038
S2324-G1199,K. Brown,3,11.884415584415583,11.88441558441556
S2324-G1199,K. Brown,4,13.19,13.18947824675329
S2324-G1199,M. Plumlee,1,20.905714285714286,20.89629314384443
S2324-G1199,M. Plumlee,2,6.246666666666667,6.24688415750916
S2324-G1199,M. Plumlee,3,5.633333333333333,5.647476370851372
S2324-G1199,M. Plumlee,4,10.4,10.309979903429895
S2324-G1199,N. Hinton,2,7.4399999999999995,7.440000000000035
S2324-G1199,N. Hinton,3,0.8,0.7999999999999993
S2324-G1199,N. Hinton,4,3.071428571428571,3.0714285714285636
S2324-G1199,N. Williams,1,3.566666666666667,3.5666666666666793
S2324-G1199,N. Williams,2,9.475,9.474999999999968
S2324-G1199,N. Williams,3,11.846666666666666,11.846533333333323
S2324-G1199,N. Williams,4,12.74,12.739999999999963
S2324-G1199,P. Tucker,1,0.8666666666666667,0.8666666666666686
S2324-G1199,R. Bullock Jr.,1,0.8666666666666667,0.866666666666669
S2324-G1199,R. Bullock Jr.,2,3.3666666666666667,3.3682316017316065
S2324-G1199,T. Mann,1,14.166666666666666,14.166666666666647
S2324-G1199,T. Mann,2,11.855844155844155,11.855844155844165
S2324-G1199,T. Mann,3,33.093333333333334,33.109778427128504
S2324-G1199,X. Moon,1,12.367857142857142,12.369309360084392
S2324-G1199,X. Moon,2,27.06923076923077,27.07719977522474
S2324-G1199,X. Moon,3,10.1,10.099999999999964
S2324-G1199,X. Moon,4,18.942857142857143,18.945760589410543
S2324-G1207,C. Boucher,2,0.8,0.7999999999999986
S2324-G1207,C. Boucher,4,5.586666666666667,5.586581818181823
S2324-G1207,C. Martin,1,34.45454545454545,34.46799634932054
S2324-G1207,C. Martin,2,22.835897435897436,22.83628402847155
S2324-G1207,C. Martin,3,4.3,4.300738095238082
S2324-G1207,C. Martin,4,3.311111111111111,3.3111111111111224
S2324-G1207,D. Robinson,1,8.514285714285714,8.514285714285732
S2324-G1207,D. Robinson,2,16.544444444444444,16.544444444444387
S2324-G1207,D. Robinson,3,16.568181818181817,16.566295923520943
S2324-G1207,D. Robinson,4,27.12857142857143,27.12462138384495
S2324-G1207,D. Schroder,1,17.5,17.498895798645805
S2324-G1207,D. Schroder,2,18.784415584415584,18.784509956709925
S2324-G1207,D. Schroder,3,10.192307692307692,10.191617746142773
S2324-G1207,D. Schroder,4,7.864285714285715,7.864285714285702
S2324-G1207,G. Trent Jr.,1,10.55,10.549999999999976
S2324-G1207,G. Trent Jr.,2,7.59,7.589916666666646
S2324-G1207,G. Trent Jr.,3,18.117307692307694,18.116997169497246
S2324-G1207,G. Trent Jr.,4,7.725,7.724999999999979
S2324-G1207,J. Butler,1,17.349999999999998,17.350385664335636
S2324-G1207,J. Butler,2,7.425,7.424999999999971
S2324-G1207,J. Butler,3,22.467307692307692,22.46726384310132
S2324-G1207,J. Butler,4,12.233333333333334,12.23383333333331
S2324-G1207,J. Jaquez Jr.,1,18.336363636363636,18.336363636363682
S2324-G1207,J. Jaquez Jr.,2,9.766666666666666,9.766666666666653
S2324-G1207,J. Jaquez Jr.,3,10.614285714285714,10.614285714285693
S2324-G1207,J. Jaquez Jr.,4,9.766666666666666,9.766666666666653
S2324-G1207,J. Poeltl,1,3.37,3.3712555555555594
S2324-G1207,J. Poeltl,2,5.199999999999999,5.20000000000002
S2324-G1207,J. Poeltl,3,0.825,0.8249999999999992
S2324-G1207,J. Poeltl,4,0.9066666666666666,0.9066666666666664
S2324-G1207,J. Richardson,1,5.1,5.100000000000014
S2324-G1207,J. Richardson,2,8.355555555555556,8.355590277777816
S2324-G1207,J. Richardson,3,3.2,3.2000000000000095
S2324-G1207,J. Richardson,4,7.628571428571428,7.6285428571428255
S2324-G1207,K. Love,1,6.271428571428571,6.271170634920625
S2324-G1207,K. Love,2,10.466666666666667,10.466666666666688
S2324-G1207,K. Love,3,5.6,5.600000000000007
S2324-G1207,K. Lowry,1,5.425,5.424999999999979
S2324-G1207,K. Lowry,2,6.35,6.349999999999995
S2324-G1207,K. Lowry,3,3.2363636363636363,3.236363636363646
S2324-G1207,M. Flynn,1,0.8666666666666667,0.866666666666669
S2324-G1207,M. Flynn,2,6.166666666666667,6.166666666666664
S2324-G1207,N. Jovic,2,3.5,3.396785714285702
S2324-G1207,O. Anunoby,1,15.866666666666665,15.866666666666676
S2324-G1207,O. Anunoby,2,17.184415584415582,17.184415584415554
S2324-G1207,O. Anunoby,3,12.742857142857142,12.743402139527191
S2324-G1207,O. Anunoby,4,10.7,10.700000000000022
S2324-G1207,O. Porter Jr.,2,0.8666666666666667,0.8666666666666686
S2324-G1207,O. Porter Jr.,3,5.6000000000000005,5.60016883116884
S2324-G1207,O. Porter Jr.,4,0.8666666666666667,0.8666666666666686
S2324-G1207,O. Robinson,1,6.264285714285714,6.264285714285729
S2324-G1207,O. Robinson,2,0.9,0.9000000000000036
S2324-G1207,O. Robinson,3,10.884415584415583,10.884132034632028
S2324-G1207,O. Robinson,4,21.650000000000002,21.63724231879236
S2324-G1207,P. Achiuwa,1,5.166666666666667,5.1666666666666465
S2324-G1207,P. Achiuwa,2,19.511111111111113,19.51090981828623
S2324-G1207,P. Achiuwa,4,3.2066666666666666,3.2066666666666697
S2324-G1207,P. Siakam,1,22.525396825396825,22.52215750475016
S2324-G1207,P. Siakam,2,16.89,16.890886022311
S2324-G1207,P. Siakam,3,8.22,8.218852380952402
S2324-G1207,P. Siakam,4,16.164285714285715,16.164285714285707
S2324-G1207,S. Barnes,1,7.612987012987014,7.612987012987033
S2324-G1207,S. Barnes,2,5.425,5.424999999999979
S2324-G1207,S. Barnes,3,5.55,5.549999999999978
S2324-G1207,S. Barnes,4,36.32222222222222,37.18112317642794
S2324-G1216,B. McGowens,2,0.8666666666666667,0.8666666666666686
S2324-G1216,B. McGowens,4,0.8666666666666667,0.8666666666666675
S2324-G1216,B. Miller,1,13.7,13.699999999999978
S2324-G1216,B. Miller,2,16.49145299145299,16.48994020701522
S2324-G1216,B. Miller,3,15.117857142857142,15.117689033189096
S2324-G1216,B. Miller,4,13.033333333333333,13.032939682539663
S2324-G1216,C. Boucher,2,8.67,8.67000000000002
S2324-G1216,C. Boucher,4,23.15811965811966,23.15841760895626
S2324-G1216,D. Schroder,1,7.8,7.799999999999972
S2324-G1216,D. Schroder,2,9.766666666666666,9.766666666666653
S2324-G1216,D. Schroder,3,10.827272727272726,10.827272727272709
S2324-G1216,D. Schroder,4,5.3,5.29999999999998
S2324-G1216,G. Hayward,1,25.06969696969697,25.06822878959274
S2324-G1216,G. Hayward,2,10.633333333333335,10.633555735930777
S2324-G1216,G. Hayward,3,16.1,16.099999999999945
S2324-G1216,G. Hayward,4,10.633333333333333,10.633701298701345
S2324-G1216,G. Trent Jr.,1,10.055555555555555,10.05607635281389
S2324-G1216,G. Trent Jr.,2,3.1,3.0999999999999943
S2324-G1216,G. Trent Jr.,3,3.1666666666666665,3.166666666666666
S2324-G1216,G. Trent Jr.,4,3.2,3.2000000000000024
S2324-G1216,I. Smith,2,0.8,0.7999999999999986
S2324-G1216,I. Smith,3,5.166666666666667,5.1666666666666465
S2324-G1216,J. Poeltl,1,13.855844155844155,13.855844155844192
S2324-G1216,J. Poeltl,2,5.214285714285714,5.214285714285694
S2324-G1216,J. Poeltl,3,0.9333333333333332,0.9333333333333365
S2324-G1216,J. Poeltl,4,0.8666666666666667,0.8666666666666686
S2324-G1216,M. Bridges,1,11.873333333333333,11.874471428571404
S2324-G1216,M. Bridges,2,22.76969696969697,22.75944956868468
S2324-G1216,M. Bridges,3,12.806666666666667,12.806666666666672
S2324-G1216,M. Bridges,4,12.864285714285714,12.864285714285725
S2324-G1216,M. Flynn,1,0.9,0.9000000000000036
S2324-G1216,M. Flynn,2,5.166666666666667,5.1666666666666465
S2324-G1216,M. Flynn,3,7.8999999999999995,7.900928571428592
S2324-G1216,M. Flynn,4,13.833333333333332,13.83333333333335
S2324-G1216,M. Williams,1,7.495238095238095,7.495238095238105
S2324-G1216,M. Williams,2,0.7714285714285714,0.7714285714285721
S2324-G1216,M. Williams,3,7.5055555555555555,7.505777777777761
S2324-G1216,N. Richards,1,7.6000000000000005,7.599999999999982
S2324-G1216,N. Richards,2,11.566666666666666,11.566642656363223
S2324-G1216,N. Richards,3,5.233333333333333,5.233333333333346
S2324-G1216,N. Richards,4,10.52967032967033,10.530712925962943
S2324-G1216,O. Anunoby,1,16.065454545454546,16.071042279942272
S2324-G1216,O. Anunoby,2,7.766666666666667,7.768316666666653
S2324-G1216,O. Anunoby,3,5.466666666666667,5.46666666666669
S2324-G1216,O. Anunoby,4,12.866666666666665,12.866666666666651
S2324-G1216,O. Porter Jr.,1,3.1666666666666665,3.166666666666666
S2324-G1216,O. Porter Jr.,2,0.8666666666666667,0.8666666666666675
S2324-G1216,P. Achiuwa,1,9.657142857142858,9.660868546365919
S2324-G1216,P. Achiuwa,2,15.795238095238094,15.793345487845436
S2324-G1216,P. Achiuwa,3,7.564285714285714,7.564285714285693
S2324-G1216,P. Achiuwa,4,10.766666666666666,10.773129988475562
S2324-G1216,P. Siakam,1,9.806666666666667,9.80666666666663
S2324-G1216,P. Siakam,2,31.243181818181817,31.197002445512016
S2324-G1216,P. Siakam,3,17.184415584415582,17.184415584415554
S2324-G1216,P. Siakam,4,5.166666666666667,5.1666666666666465
S2324-G1216,P. Washington,1,11.475,11.474815476190434
S2324-G1216,P. Washington,2,8.475,8.474999999999973
S2324-G1216,P. Washington,3,0.8,0.7999999999999986
S2324-G1216,P. Washington,4,9.683333333333334,9.68549734293486
S2324-G1216,S. Barnes,1,14.185714285714287,14.190013186813204
S2324-G1216,S. Barnes,2,4.12,4.158547630147627
S2324-G1216,S. Barnes,3,25.88034188034188,25.877656271669476
S2324-G1216,S. Barnes,4,32.08888888888889,32.10518726337735
S2324-G1216,T. Rozier,1,17.099999999999998,17.09999450549445
S2324-G1216,T. Rozier,2,8.204761904761904,8.205079365079346
S2324-G1216,T. Rozier,3,14.403030303030302,14.406026107226149
S2324-G1216,T. Rozier,4,19.46785714285714,19.4687544567275
S2324-G1217,A. Black,1,3.1666666666666665,3.166666666666666
S2324-G1217,A. Black,2,2.2666666666666666,2.2666666666666635
S2324-G1217,A. Black,3,12.852380952380951,12.851552380952391
S2324-G1217,A. Black,4,0.95,0.9499999999999977
S2324-G1217,A. Burks,2,13.836363636363636,13.83636363636365
S2324-G1217,A. Burks,3,18.12,18.132016554279
S2324-G1217,A. Schofield,4,7.817142857142857,7.807013492063507
S2324-G1217,A. Thompson,1,4.233333333333333,4.233333333333341
S2324-G1217,A. Thompson,2,10.12,10.119581468531418
S2324-G1217,A. Thompson,3,3.1666666666666665,3.166666666666666
S2324-G1217,A. Thompson,4,18.73333333333333,18.750572424634164
S2324-G1217,B. Bogdanovic,1,10.15,10.165240306915305
S2324-G1217,B. Bogdanovic,2,18.395238095238096,18.39515238095244
S2324-G1217,B. Bogdanovic,3,0.8,0.8000000000000004
S2324-G1217,B. Bogdanovic,4,6.166666666666667,6.166666666666664
S2324-G1217,C. Anthony,1,11.775,11.775000000000043
S2324-G1217,C. Anthony,2,14.158730158730158,14.159063492063467
S2324-G1217,C. Anthony,3,7.633333333333333,7.633333333333363
S2324-G1217,C. Anthony,4,13.914285714285713,13.91427922077923
S2324-G1217,C. Cunningham,1,10.55,10.549999999999976
S2324-G1217,C. Cunningham,2,15.117857142857142,15.117857142857208
S2324-G1217,C. Cunningham,3,9.766666666666666,9.766666666666653
S2324-G1217,C. Cunningham,4,23.843181818181815,23.84456157061883
S2324-G1217,C. Houstan,1,0.8666666666666667,0.866666666666669
S2324-G1217,C. Houstan,2,8.475,8.474999999999973
S2324-G1217,C. Houstan,3,6.1,6.099999999999995
S2324-G1217,C. Houstan,4,7.725,7.724999999999979
S2324-G1217,C. Okeke,1,1.0,1.0
S2324-G1217,C. Okeke,2,0.8,0.799999999999998
S2324-G1217,C. Okeke,4,5.125,5.125
S2324-G1217,F. Wagner,1,5.466666666666667,5.46666666666669
S2324-G1217,F. Wagner,2,24.96666666666667,24.994096579156132
S2324-G1217,F. Wagner,3,19.544444444444444,19.54435433455426
S2324-G1217,F. Wagner,4,26.755844155844155,26.7499830303683
S2324-G1217,G. Bitadze,1,23.4475,23.447411552465464
S2324-G1217,G. Bitadze,2,0.9642857142857143,0.9642857142857153
S2324-G1217,G. Bitadze,3,7.48,7.480000000000014
S2324-G1217,G. Harris,1,11.795238095238094,11.795095238095227
S2324-G1217,G. Harris,2,10.864285714285714,10.864285714285698
S2324-G1217,G. Harris,3,9.533333333333333,9.533333333333314
S2324-G1217,I. Livers,2,3.1,3.0999999999999948
S2324-G1217,I. Livers,4,10.2,10.200058333333365
S2324-G1217,I. Stewart,1,6.246666666666667,6.246666666666669
S2324-G1217,I. Stewart,2,0.8666666666666667,0.8666666666666688
S2324-G1217,I. Stewart,3,3.1,3.0999999999999943
S2324-G1217,I. Stewart,4,3.29,3.290049999999999
S2324-G1217,J. Harris,1,3.1,3.099999999999996
S2324-G1217,J. Howard,4,11.666666666666666,11.663833333333338
S2324-G1217,J. Ingles,1,8.436363636363636,8.436363636363643
S2324-G1217,J. Ingles,3,10.738095238095237,10.737761904761875
S2324-G1217,J. Ingles,4,3.2,3.2000000000000095
S2324-G1217,J. Ivey,1,5.55,5.549999999999978
S2324-G1217,J. Ivey,2,0.8666666666666667,0.8666666666666675
S2324-G1217,J. Ivey,3,15.975,15.971132001331993
S2324-G1217,J. Ivey,4,5.466666666666667,5.46666666666669
S2324-G1217,J. Wiseman,1,1.0,1.0
S2324-G1217,J. Wiseman,2,0.8666666666666667,0.8666666666666685
S2324-G1217,J. Wiseman,3,2.1333333333333333,2.1336666666666626
S2324-G1217,J. Wiseman,4,2.0,2.0002666666666666
S2324-G1217,K. Hayes,1,18.18095238095238,18.18185357142861
S2324-G1217,K. Hayes,2,11.842307692307692,11.842307692307708
S2324-G1217,K. Hayes,3,7.425,7.424999999999971
S2324-G1217,K. Hayes,4,7.425,7.424999999999971
S2324-G1217,K. Knox II,4,0.95,0.9499999999999977
S2324-G1217,M. Bagley III,1,16.155844155844157,16.155844155844107
S2324-G1217,M. Bagley III,2,3.2,3.2000000000000095
S2324-G1217,M. Bagley III,3,8.718181818181819,8.720898304473316
S2324-G1217,M. Sasser,4,11.9,11.900000000000043
S2324-G1217,M. Wagner,1,0.95,0.9499999999999977
S2324-G1217,M. Wagner,2,0.8666666666666667,0.8666666666666675
S2324-G1217,M. Wagner,3,5.166666666666667,5.166666666666648
S2324-G1217,M. Wagner,4,9.903030303030302,9.911614918414944
S2324-G1217,P. Banchero,1,18.484415584415583,18.48441558441563
S2324-G1217,P. Banchero,2,25.885714285714286,25.883323522310985
S2324-G1217,P. Banchero,3,21.742307692307694,21.74134574109473
S2324-G1219,A. Gill,4,12.377142857142857,12.381272727272734
S2324-G1219,B. Coulibaly,1,5.29,5.289999999999985
S2324-G1219,B. Coulibaly,2,4.338095238095238,4.334914682539681
S2324-G1219,B. Coulibaly,3,13.846666666666666,13.846666666666676
S2324-G1219,B. Coulibaly,4,5.166666666666667,5.1666666666666465
S2324-G1219,C. Johnson,1,7.506666666666667,7.5066666666666615
S2324-G1219,C. Johnson,2,10.226666666666667,10.228978030303045
S2324-G1219,C. Johnson,3,10.466666666666667,10.466666666666688
S2324-G1219,C. Kispert,1,5.666666666666667,5.666666666666661
S2324-G1219,C. Kispert,2,12.166666666666666,12.192019841269843
S2324-G1219,C. Kispert,3,3.1666666666666665,3.166666666666666
S2324-G1219,C. Kispert,4,15.06969696969697,15.069196969696934
S2324-G1219,C. Thomas,1,17.50952380952381,17.511036746586733
S2324-G1219,C. Thomas,2,12.103030303030303,12.103030303030256
S2324-G1219,C. Thomas,3,29.413675213675216,29.406135031471813
S2324-G1219,C. Thomas,4,5.65,5.649999999999994
S2324-G1219,D. Avdija,1,14.226666666666667,14.226666666666622
S2324-G1219,D. Avdija,2,12.586666666666666,12.583890379065345
S2324-G1219,D. Avdija,3,5.233333333333333,5.233333333333346
S2324-G1219,D. Avdija,4,7.492307692307692,7.492459615384649
S2324-G1219,D. Finney-Smith,1,6.35,6.349999999999995
S2324-G1219,D. Finney-Smith,2,2.875,2.8745862221112217
S2324-G1219,D. Finney-Smith,3,8.666666666666666,8.66666666666669
S2324-G1219,D. Finney-Smith,4,5.366666666666667,5.367104761904764
S2324-G1219,D. Gafford,1,9.814285714285713,9.814285714285694
S2324-G1219,D. Gafford,2,0.95,0.9499999999999977
S2324-G1219,D. Gafford,3,4.233333333333333,4.233333333333341
S2324-G1219,D. Gafford,4,3.225,3.225000000000012
S2324-G1219,D. Gallinari,1,5.5,5.5
S2324-G1219,D. Gallinari,2,7.614285714285715,7.614285714285704
S2324-G1219,D. Gallinari,3,3.25,3.25
S2324-G1219,D. Gallinari,4,12.164285714285713,12.164285714285741
S2324-G1219,D. Sharpe,1,14.186666666666666,14.186666666666632
S2324-G1219,D. Sharpe,2,19.61111111111111,19.611898634698715
S2324-G1219,D. Sharpe,3,3.4142857142857146,3.390680952380953
S2324-G1219,D. Sharpe,4,11.875,11.875
S2324-G1219,E. Omoruyi,4,8.741666666666667,8.740788203463175
S2324-G1219,H. Giles III,4,22.914285714285715,22.913610064935018
S2324-G1219,J. Bernard,4,3.1666666666666665,3.166666666666666
S2324-G1219,J. Butler,1,7.6,7.599999999999982
S2324-G1219,J. Butler,2,3.0142857142857142,3.0135634920635015
S2324-G1219,J. Butler,3,3.35,3.350000000000013
S2324-G1219,J. Butler,4,4.366666666666666,4.366391666666672
S2324-G1219,J. Poole,1,11.81111111111111,11.810937675070045
S2324-G1219,J. Poole,2,3.1666666666666665,3.166666666666666
S2324-G1219,J. Poole,3,11.766666666666666,11.766547619047635
S2324-G1219,K. Kuzma,1,9.766666666666666,9.766794871794858
S2324-G1219,K. Kuzma,2,20.784415584415584,20.784682683982645
S2324-G1219,K. Kuzma,3,21.8,21.80104407814415
S2324-G1219,K. Kuzma,4,7.533333333333334,7.533333333333316
S2324-G1219,M. Bridges,1,22.75873015873016,22.754504992229982
S2324-G1219,M. Bridges,2,11.738095238095237,11.739452380952368
S2324-G1219,M. Bridges,3,23.723809523809525,23.72371021756022
S2324-G1219,M. Muscala,2,8.3,8.299601731601705
S2324-G1219,M. Muscala,3,0.8666666666666667,0.8666666666666677
S2324-G1219,M. Muscala,4,8.466666666666667,8.466666666666692
S2324-G1219,N. Claxton,1,7.591452991452991,7.591078754578773
S2324-G1219,N. Claxton,2,11.846666666666666,11.846666666666657
S2324-G1219,N. Claxton,3,13.829670329670328,13.831643034743067
S2324-G1219,N. Claxton,4,1.96,1.9642805555555538
S2324-G1219,P. Baldwin Jr.,4,8.041666666666666,8.026489069264084
S2324-G1219,R. O'Neale,2,15.54,15.56447067377066
S2324-G1219,R. O'Neale,3,5.233333333333333,5.233333333333346
S2324-G1219,R. O'Neale,4,18.133333333333333,18.134161544011487
S2324-G1219,S. Dinwiddie,1,12.211111111111112,12.20875000000006
S2324-G1219,S. Dinwiddie,2,10.146666666666667,10.146558333333374
S2324-G1219,S. Dinwiddie,3,12.755555555555555,12.755555555555514
S2324-G1219,S. Dinwiddie,4,17.173333333333336,17.173790800865753
S2324-G1219,T. Jones,1,7.514285714285714,7.514285714285733
S2324-G1219,T. Jones,2,11.738095238095237,11.738269841269828
S2324-G1219,T. Jones,3,11.766666666666666,11.766666666666683
S2324-G1219,T. Jones,4,9.475,9.474999999999968
S2324-G1219,T. Watford,2,7.6,7.599999999999982
S2324-G1219,T. Watford,4,13.852380952380951,13.852557234432243
S2324-G1222,A. Wiggins,1,20.453333333333333,20.471951492951487
S2324-G1222,A. Wiggins,2,19.133333333333333,19.136481211843687
S2324-G1222,A. Wiggins,3,5.644444444444445,5.644444444444415
S2324-G1222,A. Wiggins,4,14.121212121212121,14.123924601868735
S2324-G1222,A. Wiggins,5,3.083333333333333,3.0827976190476187
S2324-G1222,B. Podziemski,1,4.166666666666667,4.187737301587298
S2324-G1222,B. Podziemski,2,3.0555555555555554,3.0555555555555456
S2324-G1222,B. Podziemski,3,14.2,14.199999999999973
S2324-G1222,B. Podziemski,4,12.736363636363636,12.73639610389607
S2324-G1222,B. Podziemski,5,7.65,7.650000000000019
S2324-G1222,C. Holmgren,1,7.368181818181818,7.381896717171731
S2324-G1222,C. Holmgren,2,7.425,7.424999999999971
S2324-G1222,C. Holmgren,3,9.45111111111111,9.45052549906235
S2324-G1222,C. Holmgren,4,15.12967032967033,15.129341977466938
S2324-G1222,C. Holmgren,5,14.008333333333333,13.998432209457219
S2324-G1222,C. Joseph,2,5.166666666666667,5.1666666666666465
S2324-G1222,C. Joseph,3,0.8666666666666667,0.8666666666666683
S2324-G1222,C. Joseph,4,5.466666666666667,5.46666666666669
S2324-G1222,C. Wallace,1,5.166666666666667,5.1666666666666465
S2324-G1222,C. Wallace,2,1.9333333333333331,1.933333333333336
S2324-G1222,C. Wallace,3,10.55,10.549999999999976
S2324-G1222,C. Wallace,4,7.425,7.4249999999999705
S2324-G1222,D. Bertans,3,0.8666666666666667,0.8666666666666686
S2324-G1222,D. Green,1,11.766666666666666,11.766666666666682
S2324-G1222,D. Green,2,7.33,7.330272222222212
S2324-G1222,D. Green,3,9.586666666666666,9.586666666666638
S2324-G1222,D. Green,4,3.1,3.100000000000011
S2324-G1222,D. Green,5,0.8333333333333333,0.8333888888888896
S2324-G1222,D. Reid,4,1.2,1.200000000000001
S2324-G1222,D. Saric,1,7.628571428571428,7.628571428571396
S2324-G1222,D. Saric,2,10.517307692307691,10.516800366300354
S2324-G1222,D. Saric,3,8.886666666666667,8.875580663780664
S2324-G1222,D. Saric,4,6.29,6.289999999999981
S2324-G1222,D. Saric,5,0.8666666666666667,0.8666666666666688
S2324-G1222,I. Joe,1,5.59,5.5900000000000025
S2324-G1222,I. Joe,2,5.125,5.125
S2324-G1222,I. Joe,3,0.8666666666666667,0.8666666666666683
S2324-G1222,I. Joe,4,0.7714285714285714,0.7714285714285721
S2324-G1222,I. Joe,5,6.205555555555556,6.207548440448425
S2324-G1222,J. Giddey,1,12.2,12.198639299589296
S2324-G1222,J. Giddey,2,11.833333333333332,11.833333333333329
S2324-G1222,J. Giddey,3,10.829670329670328,10.830152483627478
S2324-G1222,J. Giddey,4,5.438095238095238,5.438095238095232
S2324-G1222,J. Kuminga,1,12.23,12.230000000000016
S2324-G1222,J. Kuminga,2,9.886666666666667,9.886666666666711
S2324-G1222,J. Kuminga,3,17.5,17.5
S2324-G1222,J. Kuminga,4,21.424064171122996,21.424582225127793
S2324-G1222,J. Kuminga,5,16.30666666666667,16.300963636363683
S2324-G1222,J. Williams,1,8.514285714285714,8.514201298701312
S2324-G1222,J. Williams,2,22.72820512820513,22.74068401204915
S2324-G1222,J. Williams,3,6.225,6.224999999999997
S2324-G1222,J. Williams,4,29.014285714285716,29.05504899202111
S2324-G1222,J. Williams,5,5.25,5.25
S2324-G1222,K. Looney,1,5.344444444444444,5.344444444444437
S2324-G1222,K. Looney,2,0.8666666666666667,0.866666666666668
S2324-G1222,K. Looney,3,6.233333333333333,6.233333333333344
S2324-G1222,K. Thompson,1,10.93,10.930000000000009
S2324-G1222,K. Thompson,2,20.114285714285714,20.127003440513707
S2324-G1222,K. Thompson,3,5.314285714285714,5.314285714285695
S2324-G1222,K. Thompson,4,17.066666666666666,17.066396103896068
S2324-G1222,K. Thompson,5,7.775,7.775000000000021
S2324-G1222,K. Williams,1,3.1666666666666665,3.166666666666666
S2324-G1222,K. Williams,2,3.1,3.0999999999999948
S2324-G1222,K. Williams,3,7.525,7.525000000000018
S2324-G1222,L. Dort,1,14.04,14.039999999999973
S2324-G1222,L. Dort,2,9.533333333333333,9.533333333333314
S2324-G1222,L. Dort,3,7.286666666666667,7.289218073593055
S2324-G1222,L. Dort,4,3.175,3.1749999999999985
S2324-G1222,L. Dort,5,7.0777777777777775,7.136123160173163
S2324-G1222,M. Moody,1,3.2066666666666666,3.2066666666666697
S2324-G1222,M. Moody,2,5.140000000000001,5.13999999999999
S2324-G1222,M. Moody,3,7.725,7.724999999999979
S2324-G1222,M. Moody,5,3.3666666666666667,3.366666666666674
S2324-G1222,S. Curry,1,11.443956043956044,11.43589175269173
S2324-G1222,S. Curry,2,12.775,12.775000000000048
S2324-G1222,S. Curry,3,15.423809523809522,15.423945050030854
S2324-G1222,S. Curry,4,27.001098901098903,27.011231340881338
S2324-G1222,S. Curry,5,17.795238095238098,17.819228092332526
S2324-G1222,S. Gilgeous-Alexander,1,23.35,23.015155778045486
S2324-G1222,S. Gilgeous-Alexander,2,21.226666666666667,21.210790543525064
S2324-G1222,S. Gilgeous-Alexander,3,31.3675,31.362661271455618
S2324-G1222,S. Gilgeous-Alexander,4,23.004306220095696,23.011004042586265
S2324-G1222,S. Gilgeous-Alexander,5,12.911111111111111,12.911196947496911
S2324-G1223,A. Caruso,1,7.725,7.724999999999979
S2324-G1223,A. Caruso,2,0.825,0.8249999999999992
S2324-G1223,A. Caruso,3,9.600000000000001,9.600290909090878
S2324-G1223,A. Caruso,4,0.8,0.7999999999999997
S2324-G1223,A. Dosunmu,1,12.146666666666667,12.147266666666678
S2324-G1223,A. Dosunmu,2,0.7714285714285714,0.7714285714285721
S2324-G1223,A. Dosunmu,4,5.166666666666667,5.1666666666666465
S2324-G1223,A. Drummond,1,5.9,5.999166666666675
S2324-G1223,A. Drummond,2,11.805555555555555,11.806299836601358
S2324-G1223,A. Drummond,3,2.35,2.268116666666663
S2324-G1223,A. Drummond,4,7.525,7.525000000000018
S2324-G1223,C. Osman,1,9.833333333333332,9.833333333333304
S2324-G1223,C. Osman,2,0.8,0.7999999999999982
S2324-G1223,C. Osman,3,14.983333333333334,14.986947115384567
S2324-G1223,C. White,1,13.766666666666666,13.76666666666671
S2324-G1223,C. White,2,10.76969696969697,10.769696969696966
S2324-G1223,C. White,3,20.45,20.45020833333326
S2324-G1223,C. White,4,17.099999999999998,17.100221428571373
S2324-G1223,D. DeRozan,1,14.525,14.524752272727323
S2324-G1223,D. DeRozan,2,15.375,15.391515026713085
S2324-G1223,D. DeRozan,3,20.760427807486632,20.769968207957373
S2324-G1223,D. DeRozan,4,28.443956043956046,28.42748350489379
S2324-G1223,D. McDermott,1,5.6,5.600000000000007
S2324-G1223,D. McDermott,3,0.95,0.9499999999999977
S2324-G1223,D. McDermott,4,19.036363636363635,19.039232683982654
S2324-G1223,D. Vassell,1,3.2777777777777777,3.277982905982912
S2324-G1223,D. Vassell,2,22.91904761904762,22.989211065465316
S2324-G1223,D. Vassell,3,15.155844155844155,15.155844155844111
S2324-G1223,D. Vassell,4,7.864285714285715,7.864285714285702
S2324-G1223,J. Carter,1,13.45,13.436133982683968
S2324-G1223,J. Carter,2,0.8,0.799999999999998
S2324-G1223,J. Champagnie,2,0.9000000000000001,0.9000000000000038
S2324-G1223,J. Champagnie,3,1.0,1.001
S2324-G1223,J. Phillips,1,5.271428571428571,5.271428571428577
S2324-G1223,J. Sochan,1,11.803030303030303,11.803030303030297
S2324-G1223,J. Sochan,2,3.125,3.125
S2324-G1223,J. Sochan,3,3.2142857142857144,3.2142857142857086
S2324-G1223,J. Sochan,4,3.175,3.1749999999999985
S2324-G1223,K. Johnson,1,19.040000000000003,19.040645765345737
S2324-G1223,K. Johnson,2,8.425,8.424999999999972
S2324-G1223,K. Johnson,3,5.4399999999999995,5.440000000000027
S2324-G1223,K. Johnson,4,15.864285714285714,15.864285714285751
S2324-G1223,M. Branham,1,6.214285714285714,6.214285714285707
S2324-G1223,M. Branham,2,12.564285714285713,12.564452886002867
S2324-G1223,M. Branham,3,5.425,5.424999999999979
S2324-G1223,M. Branham,4,3.1,3.0999999999999943
S2324-G1223,N. Vucevic,1,14.225454545454545,14.2418066045066
S2324-G1223,N. Vucevic,2,27.036507936507938,27.03727491279795
S2324-G1223,N. Vucevic,3,28.7675,28.71951248645144
S2324-G1223,N. Vucevic,4,5.475,5.47500000000001
S2324-G1223,P. Williams,1,12.899999999999999,12.900064935064984
S2324-G1223,P. Williams,2,18.175,18.17481812354318
S2324-G1223,P. Williams,3,12.827272727272726,12.827303030303039
S2324-G1223,P. Williams,4,5.166666666666667,5.1666666666666465
S2324-G1223,T. Craig,1,5.504761904761905,5.504761904761916
S2324-G1223,T. Craig,2,0.7714285714285714,0.7714285714285721
S2324-G1223,T. Craig,3,7.397142857142857,7.39138253968254
S2324-G1223,T. Craig,4,24.473333333333333,24.47597325256443
S2324-G1223,T. Jones,1,7.233333333333333,7.233333333333344
S2324-G1223,T. Jones,2,15.792307692307691,15.794993116605596
S2324-G1223,T. Jones,3,7.300000000000001,7.303623015872995
S2324-G1223,T. Jones,4,7.506666666666667,7.5066666666666615
S2324-G1223,V. Wembanyama,1,9.745714285714287,9.730855591630613
S2324-G1223,V. Wembanyama,2,20.825396825396826,20.820067371680548
S2324-G1223,V. Wembanyama,3,23.105555555555554,23.12424223190385
S2324-G1223,V. Wembanyama,4,17.485454545454548,17.464773568098575
S2324-G1223,Z. Collins,1,12.56969696969697,12.56920555996289
S2324-G1223,Z. Collins,2,3.1725274725274724,3.172077577977571
S2324-G1223,Z. Collins,3,0.8666666666666667,0.8666666666666676
S2324-G1223,Z. Collins,4,10.438095238095238,10.438095238095231
